point,sample,calls,wall_ns,p_cycles,p_instructions,p_ns,e_cycles,e_instructions,e_ns
1 x 64 B,0,20353,1537956,0,0,0,5824856,15712881,1539145
1 x 64 B,1,20353,1537692,0,0,0,5832163,15712882,1538611
1 x 64 B,2,20353,1536929,0,0,0,5826057,15712882,1537825
1 x 64 B,3,20353,1533072,0,0,0,5819533,15712881,1533989
1 x 64 B,4,20353,1534490,0,0,0,5817632,15712882,1535387
1 x 64 B,5,20353,1533218,0,0,0,5823250,15712881,1534092
1 x 64 B,6,20353,1538063,0,0,0,5832541,15712882,1538946
1 x 64 B,7,20353,1535687,0,0,0,5832150,15712881,1536589
1 x 64 B,8,20353,1537633,0,0,0,5832443,15712882,1538505
1 x 64 B,9,20353,1536396,0,0,0,5832051,15712881,1537273
1 x 64 B,10,20353,1539474,0,0,0,5819356,15712882,1540472
1 x 64 B,11,20353,1535847,0,0,0,5832054,15712881,1536725
1 x 64 B,12,20353,1539450,0,0,0,5832448,15712882,1540380
1 x 64 B,13,20353,1535997,0,0,0,5831971,15712881,1536867
1 x 64 B,14,20353,1538625,0,0,0,5832429,15712882,1539511
1 x 64 B,15,20353,1536032,0,0,0,5817083,15712882,1536967
1 x 64 B,16,20353,1534534,0,0,0,5824191,15712881,1535409
1 x 64 B,17,20353,1534608,0,0,0,5819687,15712882,1535482
1 x 64 B,18,20353,1536278,0,0,0,5831960,15712881,1537139
1 x 64 B,19,20353,1537911,0,0,0,5832418,15712882,1538778
1 x 64 B,20,20353,1535905,0,0,0,5832010,15712881,1536761
1 x 64 B,21,20353,1538332,0,0,0,5832412,15712882,1539196
1 x 64 B,22,20353,1536219,0,0,0,5831914,15712881,1537075
1 x 64 B,23,20353,1537949,0,0,0,5832402,15712882,1538814
1 x 64 B,24,20353,1536118,0,0,0,5831919,15712881,1536985
1 x 64 B,25,20353,1537817,0,0,0,5832396,15712882,1538666
1 x 64 B,26,20353,1536128,0,0,0,5831963,15712881,1536977
1 x 64 B,27,20353,1609717,0,0,0,5833037,15712882,1546850
1 x 64 B,28,20353,1538722,0,0,0,5832422,15712882,1539651
1 x 64 B,29,20353,1534823,0,0,0,5823141,15712881,1535723
1 x 64 B,30,20353,1536587,0,0,0,5829780,15712882,1537473
1 x 64 B,31,20353,1533593,0,0,0,5822189,15712881,1534458
3 x 64 B,0,10560,1711280,0,0,0,6492005,12334446,1712257
3 x 64 B,1,10560,1721223,0,0,0,6527736,12334446,1722097
3 x 64 B,2,10560,1724738,0,0,0,6548317,12334445,1726090
3 x 64 B,3,10560,1704546,0,0,0,6458065,12334446,1705953
3 x 64 B,4,10560,1732056,0,0,0,6548844,12334446,1733857
3 x 64 B,5,10560,1716471,0,0,0,6502330,12334446,1718059
3 x 64 B,6,10560,1703801,0,0,0,6467091,12334445,1704980
3 x 64 B,7,10560,1716927,0,0,0,6504221,12334446,1718534
3 x 64 B,8,10560,1724714,0,0,0,6536908,12334446,1726207
3 x 64 B,9,10560,1721664,0,0,0,6535630,12334445,1722654
3 x 64 B,10,10560,1721798,0,0,0,6528394,12334446,1722707
3 x 64 B,11,10560,1723008,0,0,0,6530592,12334446,1723905
3 x 64 B,12,10560,1719471,0,0,0,6521869,12334446,1720355
3 x 64 B,13,10560,1714548,0,0,0,6509155,12334445,1715414
3 x 64 B,14,10560,1708631,0,0,0,6477148,12334446,1709526
3 x 64 B,15,10560,1724608,0,0,0,6542907,12334446,1725493
3 x 64 B,16,10560,1707542,0,0,0,6484117,12334445,1708417
3 x 64 B,17,10560,1719080,0,0,0,6518232,12334446,1719959
3 x 64 B,18,10560,1714945,0,0,0,6505778,12334446,1715822
3 x 64 B,19,10560,1711531,0,0,0,6490073,12334446,1712436
3 x 64 B,20,10560,1711174,0,0,0,6497352,12334445,1712058
3 x 64 B,21,10560,1723526,0,0,0,6539396,12334446,1724445
3 x 64 B,22,10560,1708054,0,0,0,6479245,12334446,1708907
3 x 64 B,23,10560,1707519,0,0,0,6483630,12334445,1708487
3 x 64 B,24,10560,1721927,0,0,0,6531508,12334446,1722922
3 x 64 B,25,10560,1721878,0,0,0,6529024,12334446,1723368
3 x 64 B,26,10560,1719499,0,0,0,6521747,12334446,1720875
3 x 64 B,27,10560,1703388,0,0,0,6464286,12334445,1705148
3 x 64 B,28,10560,1699655,0,0,0,6441432,12334446,1700957
3 x 64 B,29,10560,1723004,0,0,0,6531039,12334446,1724132
3 x 64 B,30,10560,1711793,0,0,0,6477124,12334446,1714015
3 x 64 B,31,10560,1718784,0,0,0,6524080,12334445,1719859
4 x 64 B,0,9666,1775476,0,0,0,6730857,12063534,1776492
4 x 64 B,1,9666,1739439,0,0,0,6599516,12063534,1740418
4 x 64 B,2,9666,1746437,0,0,0,6625865,12063534,1747321
4 x 64 B,3,9666,1758781,0,0,0,6678925,12063533,1759644
4 x 64 B,4,9666,1763947,0,0,0,6683279,12063534,1764906
4 x 64 B,5,9666,1762263,0,0,0,6682302,12063534,1763152
4 x 64 B,6,9666,1761805,0,0,0,6682086,12063534,1762687
4 x 64 B,7,9666,1750429,0,0,0,6642314,12063533,1751323
4 x 64 B,8,9666,1759343,0,0,0,6674414,12063534,1760258
4 x 64 B,9,9666,1756208,0,0,0,6662567,12063534,1757075
4 x 64 B,10,9666,2140876,0,0,0,6672968,12063534,2141842
4 x 64 B,11,9666,1757678,0,0,0,6667673,12063534,1758560
4 x 64 B,12,9666,1747696,0,0,0,6638048,12063533,1748573
4 x 64 B,13,9666,1749371,0,0,0,6635983,12063534,1750236
4 x 64 B,14,9666,1744360,0,0,0,6617348,12063534,1745226
4 x 64 B,15,9666,1753244,0,0,0,6648674,12063534,1754201
4 x 64 B,16,9666,1743330,0,0,0,6616889,12063533,1744675
4 x 64 B,17,9666,1745045,0,0,0,6617492,12063534,1746134
4 x 64 B,18,9666,1751099,0,0,0,6637423,12063534,1752787
4 x 64 B,19,9666,1761239,0,0,0,6679438,12063534,1762451
4 x 64 B,20,9666,1755124,0,0,0,6654858,12063534,1756256
4 x 64 B,21,9666,1766351,0,0,0,6683536,12063533,1768342
4 x 64 B,22,9666,1765372,0,0,0,6646205,12063534,1761324
4 x 64 B,23,9666,1759296,0,0,0,6630066,12063534,1752586
4 x 64 B,24,9666,1745521,0,0,0,6619400,12063534,1746424
4 x 64 B,25,9666,1752628,0,0,0,6656006,12063533,1753515
4 x 64 B,26,9666,1750991,0,0,0,6638864,12063534,1751892
4 x 64 B,27,9666,1758605,0,0,0,6672221,12063534,1759482
4 x 64 B,28,9666,1758863,0,0,0,6667121,12063534,1759792
4 x 64 B,29,9666,1755624,0,0,0,6666712,12063533,1756528
4 x 64 B,30,9666,1750963,0,0,0,6642312,12063534,1751850
4 x 64 B,31,9666,1748520,0,0,0,6631042,12063534,1749400
6 x 64 B,0,6597,1838409,0,0,0,6973944,11334012,1839332
6 x 64 B,1,6597,1838656,0,0,0,6975527,11334012,1839524
6 x 64 B,2,6597,1839300,0,0,0,6982894,11334011,1840185
6 x 64 B,3,6597,1835104,0,0,0,6963375,11334012,1835979
6 x 64 B,4,6597,1839851,0,0,0,6980753,11334012,1840727
6 x 64 B,5,6597,1839735,0,0,0,6978643,11334012,1840612
6 x 64 B,6,6597,1838668,0,0,0,6976800,11334012,1839539
6 x 64 B,7,6597,1839499,0,0,0,6979998,11334012,1840381
6 x 64 B,8,6597,1834318,0,0,0,6966358,11334011,1835176
6 x 64 B,9,6597,1836422,0,0,0,6967415,11334012,1837309
6 x 64 B,10,6597,1839483,0,0,0,6980280,11334012,1840358
6 x 64 B,11,6597,1836689,0,0,0,6969153,11334012,1837592
6 x 64 B,12,6597,1833263,0,0,0,6952498,11334012,1834150
6 x 64 B,13,6597,1833878,0,0,0,6955611,11334012,1834757
6 x 64 B,14,6597,1840168,0,0,0,6987908,11334011,1841037
6 x 64 B,15,6597,1832137,0,0,0,6953319,11334012,1833020
6 x 64 B,16,6597,1840219,0,0,0,6983378,11334012,1841103
6 x 64 B,17,6597,1840980,0,0,0,6984920,11334012,1841857
6 x 64 B,18,6597,1840816,0,0,0,6983761,11334012,1841899
6 x 64 B,19,6597,1837538,0,0,0,6968884,11334012,1838599
6 x 64 B,20,6597,1846458,0,0,0,6968525,11334011,1840938
6 x 64 B,21,6597,1837087,0,0,0,6966236,11334012,1838094
6 x 64 B,22,6597,1837796,0,0,0,6952512,11334012,1838969
6 x 64 B,23,6597,1832884,0,0,0,6953377,11334012,1833908
6 x 64 B,24,6597,1833266,0,0,0,6954364,11334012,1834266
6 x 64 B,25,6597,1841232,0,0,0,6983514,11334012,1842287
6 x 64 B,26,6597,1836435,0,0,0,6966411,11334012,1837566
6 x 64 B,27,6597,1827872,0,0,0,6937425,11334011,1829520
6 x 64 B,28,6597,1848696,0,0,0,7010565,11334012,1849804
6 x 64 B,29,6597,1837029,0,0,0,6965343,11334012,1839003
6 x 64 B,30,6597,1850805,0,0,0,7018640,11334012,1852097
6 x 64 B,31,6597,1854797,0,0,0,7032487,11334012,1856167
8 x 64 B,0,7877,1845442,0,0,0,6927884,12028545,1836060
8 x 64 B,1,7877,1825484,0,0,0,6927246,12028544,1826538
8 x 64 B,2,7877,1824147,0,0,0,6916108,12028545,1825178
8 x 64 B,3,7877,1826205,0,0,0,6919833,12028545,1827281
8 x 64 B,4,7877,1824078,0,0,0,6916138,12028545,1825103
8 x 64 B,5,7877,1826386,0,0,0,6926477,12028545,1827412
8 x 64 B,6,7877,1823131,0,0,0,6914677,12028545,1824145
8 x 64 B,7,7877,1824430,0,0,0,6927989,12028544,1825404
8 x 64 B,8,7877,1823847,0,0,0,6916017,12028545,1824872
8 x 64 B,9,7877,2204910,0,0,0,6927424,12028545,2205955
8 x 64 B,10,7877,1825558,0,0,0,6928026,12028545,1826555
8 x 64 B,11,7877,1825816,0,0,0,6927180,12028545,1826809
8 x 64 B,12,7877,1826351,0,0,0,6927234,12028545,1827334
8 x 64 B,13,7877,1825351,0,0,0,6924151,12028545,1826347
8 x 64 B,14,7877,1822418,0,0,0,6915584,12028545,1823415
8 x 64 B,15,7877,1824361,0,0,0,6926893,12028544,1825336
8 x 64 B,16,7877,1826736,0,0,0,6926878,12028545,1827745
8 x 64 B,17,7877,1826437,0,0,0,6928368,12028545,1827554
8 x 64 B,18,7877,1825544,0,0,0,6927021,12028545,1826511
8 x 64 B,19,7877,1822397,0,0,0,6913735,12028545,1823404
8 x 64 B,20,7877,1827481,0,0,0,6928126,12028545,1828519
8 x 64 B,21,7877,1821684,0,0,0,6916990,12028544,1822667
8 x 64 B,22,7877,1822749,0,0,0,6915793,12028545,1823754
8 x 64 B,23,7877,1823164,0,0,0,6915260,12028545,1824140
8 x 64 B,24,7877,1824065,0,0,0,6920620,12028545,1825035
8 x 64 B,25,7877,1825731,0,0,0,6928041,12028545,1826726
8 x 64 B,26,7877,1824319,0,0,0,6927530,12028544,1825291
8 x 64 B,27,7877,1825615,0,0,0,6927366,12028545,1826592
8 x 64 B,28,7877,1820737,0,0,0,6908187,12028545,1821720
8 x 64 B,29,7877,1826250,0,0,0,6927570,12028545,1827219
8 x 64 B,30,7877,1825341,0,0,0,6924522,12028545,1826324
8 x 64 B,31,7877,1825525,0,0,0,6926937,12028545,1826516
12 x 64 B,0,4717,1900138,0,0,0,7210161,11854187,1901223
12 x 64 B,1,4717,1895011,0,0,0,7196558,11854186,1895997
12 x 64 B,2,4717,1904389,0,0,0,7224640,11854187,1905375
12 x 64 B,3,4717,1897217,0,0,0,7199030,11854187,1898370
12 x 64 B,4,4717,1900653,0,0,0,7209638,11854187,1902215
12 x 64 B,5,4717,1918155,0,0,0,7205904,11854187,1908067
12 x 64 B,6,4717,1904270,0,0,0,7217434,11854187,1906609
12 x 64 B,7,4717,1905353,0,0,0,7223983,11854187,1906814
12 x 64 B,8,4717,1899913,0,0,0,7201414,11854187,1901174
12 x 64 B,9,4717,1907896,0,0,0,7225628,11854187,1909878
12 x 64 B,10,4717,1905203,0,0,0,7224758,11854187,1906208
12 x 64 B,11,4717,1899189,0,0,0,7211458,11854186,1900331
12 x 64 B,12,4717,1903318,0,0,0,7224287,11854186,1907115
12 x 64 B,13,4717,1904017,0,0,0,7223994,11854187,1905016
12 x 64 B,14,4717,1903243,0,0,0,7221948,11854187,1904299
12 x 64 B,15,4717,1901942,0,0,0,7215288,11854187,1902938
12 x 64 B,16,4717,1904002,0,0,0,7223789,11854187,1905013
12 x 64 B,17,4717,1904939,0,0,0,7224679,11854187,1905980
12 x 64 B,18,4717,1902978,0,0,0,7219214,11854187,1903971
12 x 64 B,19,4717,1902288,0,0,0,7220179,11854187,1903274
12 x 64 B,20,4717,2269736,0,0,0,7204233,11854187,2270776
12 x 64 B,21,4717,1897902,0,0,0,7203700,11854187,1898895
12 x 64 B,22,4717,1900242,0,0,0,7209982,11854187,1901220
12 x 64 B,23,4717,1896911,0,0,0,7199589,11854187,1897881
12 x 64 B,24,4717,1903815,0,0,0,7223011,11854187,1904795
12 x 64 B,25,4717,1899617,0,0,0,7210096,11854187,1900606
12 x 64 B,26,4717,1899072,0,0,0,7210603,11854186,1900050
12 x 64 B,27,4717,1904180,0,0,0,7224455,11854187,1905154
12 x 64 B,28,4717,1900587,0,0,0,7213559,11854187,1901592
12 x 64 B,29,4717,1901650,0,0,0,7215188,11854187,1902625
12 x 64 B,30,4717,1901441,0,0,0,7216178,11854187,1902466
12 x 64 B,31,4717,1896901,0,0,0,7196859,11854187,1897904
16 x 64 B,0,4281,1906617,0,0,0,7235047,11944356,1907699
16 x 64 B,1,4281,1906772,0,0,0,7236020,11944356,1907752
16 x 64 B,2,4281,1905625,0,0,0,7231077,11944356,1906605
16 x 64 B,3,4281,1908160,0,0,0,7241410,11944356,1909152
16 x 64 B,4,4281,1907085,0,0,0,7241340,11944355,1908132
16 x 64 B,5,4281,1908231,0,0,0,7241003,11944356,1909206
16 x 64 B,6,4281,1906835,0,0,0,7233300,11944356,1907817
16 x 64 B,7,4281,1907987,0,0,0,7241596,11944356,1908955
16 x 64 B,8,4281,1905831,0,0,0,7231446,11944356,1906803
16 x 64 B,9,4281,1909177,0,0,0,7239650,11944356,1910202
16 x 64 B,10,4281,1908417,0,0,0,7241133,11944356,1909412
16 x 64 B,11,4281,1906839,0,0,0,7235670,11944356,1907816
16 x 64 B,12,4281,1907546,0,0,0,7236662,11944356,1908593
16 x 64 B,13,4281,1907858,0,0,0,7235864,11944356,1909383
16 x 64 B,14,4281,1908188,0,0,0,7237524,11944356,1909325
16 x 64 B,15,4281,1909473,0,0,0,7236916,11944356,1911057
16 x 64 B,16,4281,1906040,0,0,0,7236363,11944355,1907493
16 x 64 B,17,4281,1908334,0,0,0,7236101,11944356,1909860
16 x 64 B,18,4281,1911602,0,0,0,7240374,11944356,1913545
16 x 64 B,19,4281,1908459,0,0,0,7239736,11944356,1909513
16 x 64 B,20,4281,1924077,0,0,0,7239639,11944356,1915778
16 x 64 B,21,4281,1908968,0,0,0,7239726,11944356,1910005
16 x 64 B,22,4281,1907211,0,0,0,7237279,11944356,1908192
16 x 64 B,23,4281,1909065,0,0,0,7241445,11944356,1910030
16 x 64 B,24,4281,1908093,0,0,0,7240605,11944356,1909068
16 x 64 B,25,4281,1909122,0,0,0,7241495,11944356,1910154
16 x 64 B,26,4281,1907557,0,0,0,7236842,11944356,1908562
16 x 64 B,27,4281,1906015,0,0,0,7233587,11944355,1907044
16 x 64 B,28,4281,1907381,0,0,0,7235909,11944356,1908369
16 x 64 B,29,4281,1907828,0,0,0,7237948,11944356,1908810
16 x 64 B,30,4281,2286197,0,0,0,7237129,11944357,2287222
16 x 64 B,31,4281,1906180,0,0,0,7235115,11944355,1907153
24 x 64 B,0,2937,1934303,0,0,0,7337801,11904027,1935419
24 x 64 B,1,2937,1936300,0,0,0,7348447,11904027,1937280
24 x 64 B,2,2937,1936016,0,0,0,7344217,11904027,1936987
24 x 64 B,3,2937,1933156,0,0,0,7336867,11904027,1934143
24 x 64 B,4,2937,1934688,0,0,0,7339537,11904027,1935657
24 x 64 B,5,2937,1943289,0,0,0,7335824,11904027,1938333
24 x 64 B,6,2937,1927954,0,0,0,7311231,11904027,1928967
24 x 64 B,7,2937,1931202,0,0,0,7326337,11904027,1932210
24 x 64 B,8,2937,1935020,0,0,0,7340921,11904027,1936006
24 x 64 B,9,2937,1936707,0,0,0,7349590,11904027,1937694
24 x 64 B,10,2937,1932225,0,0,0,7330495,11904027,1933179
24 x 64 B,11,2937,1928554,0,0,0,7319012,11904027,1929528
24 x 64 B,12,2937,1932765,0,0,0,7332105,11904027,1933723
24 x 64 B,13,2937,1936889,0,0,0,7348458,11904027,1937856
24 x 64 B,14,2937,1924870,0,0,0,7300874,11904027,1925856
24 x 64 B,15,2937,1932581,0,0,0,7339917,11904026,1933542
24 x 64 B,16,2937,1937878,0,0,0,7352606,11904027,1938839
24 x 64 B,17,2937,1932916,0,0,0,7334488,11904027,1933875
24 x 64 B,18,2937,1931441,0,0,0,7327706,11904027,1932396
24 x 64 B,19,2937,1930196,0,0,0,7324347,11904027,1931178
24 x 64 B,20,2937,1934338,0,0,0,7337730,11904027,1935294
24 x 64 B,21,2937,1931411,0,0,0,7326927,11904027,1932699
24 x 64 B,22,2937,1933695,0,0,0,7330290,11904027,1935151
24 x 64 B,23,2937,1927301,0,0,0,7309354,11904027,1928846
24 x 64 B,24,2937,1930002,0,0,0,7312767,11904027,1931501
24 x 64 B,25,2937,1934973,0,0,0,7337852,11904027,1936197
24 x 64 B,26,2937,1937525,0,0,0,7334880,11904027,1939416
24 x 64 B,27,2937,1932558,0,0,0,7330696,11904027,1933561
24 x 64 B,28,2937,1929285,0,0,0,7318323,11904027,1930326
24 x 64 B,29,2937,1931767,0,0,0,7326863,11904027,1932760
24 x 64 B,30,2937,1927010,0,0,0,7308826,11904026,1928100
24 x 64 B,31,2937,1925224,0,0,0,7304185,11904027,1926207
64 x 64 B,0,1137,1974500,0,0,0,7490192,11788782,1975606
64 x 64 B,1,1137,1973100,0,0,0,7487714,11788782,1974069
64 x 64 B,2,1137,1973924,0,0,0,7488970,11788782,1974967
64 x 64 B,3,1137,1974928,0,0,0,7492299,11788782,1975941
64 x 64 B,4,1137,1974442,0,0,0,7488580,11788782,1975475
64 x 64 B,5,1137,1975685,0,0,0,7490456,11788782,1976800
64 x 64 B,6,1137,1982910,0,0,0,7489945,11788782,1978684
64 x 64 B,7,1137,1974583,0,0,0,7490592,11788782,1975602
64 x 64 B,8,1137,1974914,0,0,0,7487740,11788782,1975970
64 x 64 B,9,1137,1974199,0,0,0,7490196,11788782,1975201
64 x 64 B,10,1137,1974054,0,0,0,7490256,11788782,1975038
64 x 64 B,11,1137,1973875,0,0,0,7489973,11788782,1974870
64 x 64 B,12,1137,1974461,0,0,0,7491312,11788782,1975457
64 x 64 B,13,1137,1973975,0,0,0,7490487,11788782,1974975
64 x 64 B,14,1137,1974529,0,0,0,7491944,11788782,1975509
64 x 64 B,15,1137,1973566,0,0,0,7488108,11788782,1974546
64 x 64 B,16,1137,1975229,0,0,0,7490908,11788782,1976206
64 x 64 B,17,1137,1974217,0,0,0,7491061,11788782,1975212
64 x 64 B,18,1137,1974167,0,0,0,7489863,11788788,1975158
64 x 64 B,19,1137,1974210,0,0,0,7492190,11788788,1975212
64 x 64 B,20,1137,1974112,0,0,0,7489231,11788782,1975079
64 x 64 B,21,1137,1973939,0,0,0,7491158,11788782,1974935
64 x 64 B,22,1137,1974180,0,0,0,7490283,11788782,1975164
64 x 64 B,23,1137,1973895,0,0,0,7488966,11788782,1974864
64 x 64 B,24,1137,1975372,0,0,0,7493514,11788782,1976345
64 x 64 B,25,1137,1973104,0,0,0,7488413,11788782,1974077
64 x 64 B,26,1137,1973774,0,0,0,7487807,11788782,1974750
64 x 64 B,27,1137,1973991,0,0,0,7489268,11788782,1974984
64 x 64 B,28,1137,1973632,0,0,0,7488077,11788782,1974601
64 x 64 B,29,1137,1973659,0,0,0,7488763,11788782,1975162
64 x 64 B,30,1137,1976000,0,0,0,7491158,11788782,1977225
64 x 64 B,31,1137,1975689,0,0,0,7491311,11788782,1977547
128 x 64 B,0,578,1989167,0,0,0,7540408,11833182,1990551
128 x 64 B,1,578,1989322,0,0,0,7536330,11833182,1991360
128 x 64 B,2,578,1987935,0,0,0,7537788,11833182,1989078
128 x 64 B,3,578,1985060,0,0,0,7529732,11833182,1986055
128 x 64 B,4,578,2000572,0,0,0,7540614,11833182,1992853
128 x 64 B,5,578,1988429,0,0,0,7540874,11833182,1989500
128 x 64 B,6,578,1986874,0,0,0,7534919,11833182,1987899
128 x 64 B,7,578,1986629,0,0,0,7536840,11833182,1987618
128 x 64 B,8,578,1988168,0,0,0,7538704,11833182,1989243
128 x 64 B,9,578,1988492,0,0,0,7541822,11833182,1989525
128 x 64 B,10,578,1986305,0,0,0,7534188,11833182,1987319
128 x 64 B,11,578,1988529,0,0,0,7544390,11833182,1989532
128 x 64 B,12,578,1988166,0,0,0,7540045,11833182,1989196
128 x 64 B,13,578,1984986,0,0,0,7530607,11833182,1985990
128 x 64 B,14,578,1987553,0,0,0,7540807,11833182,1988556
128 x 64 B,15,578,1985367,0,0,0,7530845,11833182,1986364
128 x 64 B,16,578,1987056,0,0,0,7534751,11833182,1988111
128 x 64 B,17,578,1986140,0,0,0,7535511,11833182,1987142
128 x 64 B,18,578,1982305,0,0,0,7527714,11833181,1985333
128 x 64 B,19,578,1984991,0,0,0,7538092,11833181,1986034
128 x 64 B,20,578,1984538,0,0,0,7529607,11833182,1985535
128 x 64 B,21,578,1985424,0,0,0,7534406,11833182,1986407
128 x 64 B,22,578,1985972,0,0,0,7533291,11833182,1986963
128 x 64 B,23,578,1986720,0,0,0,7538035,11833182,1987716
128 x 64 B,24,578,1985704,0,0,0,7533277,11833182,1986705
128 x 64 B,25,578,1986439,0,0,0,7538110,11833182,1987417
128 x 64 B,26,578,1985694,0,0,0,7534085,11833182,1986686
128 x 64 B,27,578,1985946,0,0,0,7536449,11833182,1986935
128 x 64 B,28,578,1985706,0,0,0,7533534,11833182,1986703
128 x 64 B,29,578,1986294,0,0,0,7537679,11833182,1987280
128 x 64 B,30,578,1986446,0,0,0,7535062,11833182,1987424
128 x 64 B,31,578,1986638,0,0,0,7538421,11833182,1987616
129 x 64 B,0,568,1988892,0,0,0,7546355,11966422,1990004
129 x 64 B,1,568,1988350,0,0,0,7543405,11966422,1989356
129 x 64 B,2,568,1988227,0,0,0,7542734,11966422,1989323
129 x 64 B,3,568,1990491,0,0,0,7550716,11966422,1991655
129 x 64 B,4,568,1999876,0,0,0,7549780,11966422,1996751
129 x 64 B,5,568,1992579,0,0,0,7555724,11966422,1994010
129 x 64 B,6,568,1991897,0,0,0,7544300,11966422,1993685
129 x 64 B,7,568,1989922,0,0,0,7546555,11966422,1991188
129 x 64 B,8,568,2007548,0,0,0,7544652,11966422,2008966
129 x 64 B,9,568,1989790,0,0,0,7544063,11966422,1991230
129 x 64 B,10,568,2007118,0,0,0,7552091,11966422,1998152
129 x 64 B,11,568,1990265,0,0,0,7545501,11966422,1991452
129 x 64 B,12,568,1988810,0,0,0,7542289,11966422,1989855
129 x 64 B,13,568,1992383,0,0,0,7538720,11966422,1993485
129 x 64 B,14,568,1989126,0,0,0,7541228,11966422,1990225
129 x 64 B,15,568,1988959,0,0,0,7545329,11966422,1989959
129 x 64 B,16,568,1988476,0,0,0,7543305,11966422,1989481
129 x 64 B,17,568,2368553,0,0,0,7544707,11966423,2369614
129 x 64 B,18,568,1987396,0,0,0,7539397,11966422,1988422
129 x 64 B,19,568,1986841,0,0,0,7538681,11966422,1987838
129 x 64 B,20,568,1987722,0,0,0,7541609,11966422,1988725
129 x 64 B,21,568,1987562,0,0,0,7538596,11966422,1988569
129 x 64 B,22,568,1987148,0,0,0,7539642,11966422,1988157
129 x 64 B,23,568,1990140,0,0,0,7546372,11966422,1991197
129 x 64 B,24,568,1997374,0,0,0,7551332,11966422,1993834
129 x 64 B,25,568,1989852,0,0,0,7545708,11966422,1990874
129 x 64 B,26,568,1986428,0,0,0,7536860,11966422,1987446
129 x 64 B,27,568,1987757,0,0,0,7541007,11966422,1988770
129 x 64 B,28,568,1987644,0,0,0,7541147,11966422,1988659
129 x 64 B,29,568,1988277,0,0,0,7540935,11966422,1989287
129 x 64 B,30,568,1987995,0,0,0,7540310,11966422,1989016
129 x 64 B,31,568,1987352,0,0,0,7536123,11966422,1988442
1024 x 64 B,0,72,1999527,0,0,0,7582549,11738310,2000694
1024 x 64 B,1,72,2000000,0,0,0,7588613,11738310,2001068
1024 x 64 B,2,72,2008190,0,0,0,7587219,11738310,2004257
1024 x 64 B,3,72,1997453,0,0,0,7576996,11738310,1998552
1024 x 64 B,4,72,1998557,0,0,0,7579879,11738310,1999596
1024 x 64 B,5,72,1997898,0,0,0,7580417,11738310,1998954
1024 x 64 B,6,72,2007170,0,0,0,7584958,11738310,2003911
1024 x 64 B,7,72,1998851,0,0,0,7582836,11738310,1999939
1024 x 64 B,8,72,1999518,0,0,0,7583343,11738310,2000556
1024 x 64 B,9,72,1998672,0,0,0,7581672,11738310,1999717
1024 x 64 B,10,72,2001102,0,0,0,7587794,11738310,2002537
1024 x 64 B,11,72,1999531,0,0,0,7582302,11738310,2000646
1024 x 64 B,12,72,2001075,0,0,0,7585429,11738310,2002492
1024 x 64 B,13,72,1999995,0,0,0,7583509,11738310,2001481
1024 x 64 B,14,72,1999107,0,0,0,7580776,11738310,2000432
1024 x 64 B,15,72,2011747,0,0,0,7583522,11738310,2010457
1024 x 64 B,16,72,2004106,0,0,0,7582916,11738310,2005473
1024 x 64 B,17,72,1999859,0,0,0,7582929,11738310,2001019
1024 x 64 B,18,72,1997580,0,0,0,7579739,11738310,1998649
1024 x 64 B,19,72,1998135,0,0,0,7581619,11738310,1999179
1024 x 64 B,20,72,1999924,0,0,0,7585730,11738310,2001010
1024 x 64 B,21,72,1998548,0,0,0,7580517,11738310,1999608
1024 x 64 B,22,72,2000303,0,0,0,7585252,11738310,2001408
1024 x 64 B,23,72,2000196,0,0,0,7588410,11738310,2001249
1024 x 64 B,24,72,1998081,0,0,0,7581507,11738310,1999134
1024 x 64 B,25,72,2376882,0,0,0,7582939,11738310,2377988
1024 x 64 B,26,72,1998259,0,0,0,7582159,11738310,1999312
1024 x 64 B,27,72,1998914,0,0,0,7584475,11738310,1999950
1024 x 64 B,28,72,1998838,0,0,0,7582012,11738310,1999894
1024 x 64 B,29,72,1999953,0,0,0,7586704,11738310,2001014
1024 x 64 B,30,72,1998472,0,0,0,7581469,11738310,1999513
1024 x 64 B,31,72,1998524,0,0,0,7582544,11738310,1999581
1 x 128 B,0,12612,1687011,0,0,0,6398952,16522086,1688151
1 x 128 B,1,12612,1680875,0,0,0,6382726,16522085,1681816
1 x 128 B,2,12612,1699242,0,0,0,6398521,16522086,1695120
1 x 128 B,3,12612,1688601,0,0,0,6405061,16522086,1689591
1 x 128 B,4,12612,1673086,0,0,0,6337990,16522086,1674105
1 x 128 B,5,12612,1689351,0,0,0,6414868,16522085,1690327
1 x 128 B,6,12612,1672911,0,0,0,6343881,16522086,1673872
1 x 128 B,7,12612,1687917,0,0,0,6403774,16522086,1688874
1 x 128 B,8,12612,1688025,0,0,0,6408829,16522085,1688983
1 x 128 B,9,12612,1673376,0,0,0,6344098,16522086,1674370
1 x 128 B,10,12612,1688470,0,0,0,6404566,16522086,1689501
1 x 128 B,11,12612,1674648,0,0,0,6357592,16522085,1675585
1 x 128 B,12,12612,1678415,0,0,0,6367829,16522086,1679382
1 x 128 B,13,12612,1690571,0,0,0,6412169,16522086,1691564
1 x 128 B,14,12612,1682739,0,0,0,6389630,16522085,1683681
1 x 128 B,15,12612,1689108,0,0,0,6404941,16522086,1690067
1 x 128 B,16,12612,1689320,0,0,0,6409064,16522086,1690294
1 x 128 B,17,12612,1672409,0,0,0,6349680,16522085,1673362
1 x 128 B,18,12612,1679547,0,0,0,6369117,16522086,1680501
1 x 128 B,19,12612,1666489,0,0,0,6319965,16522086,1667518
1 x 128 B,20,12612,1688435,0,0,0,6409601,16522085,1689684
1 x 128 B,21,12612,1690709,0,0,0,6410822,16522086,1692099
1 x 128 B,22,12612,1672723,0,0,0,6341599,16522086,1673968
1 x 128 B,23,12612,1672351,0,0,0,6335675,16522086,1674101
1 x 128 B,24,12612,1669764,0,0,0,6338428,16522085,1671256
1 x 128 B,25,12612,1684903,0,0,0,6384571,16522086,1686426
1 x 128 B,26,12612,1684680,0,0,0,6373755,16522086,1687065
1 x 128 B,27,12612,1672550,0,0,0,6349512,16522085,1673599
1 x 128 B,28,12612,1692984,0,0,0,6362016,16522086,1684789
1 x 128 B,29,12612,1686038,0,0,0,6390544,16522086,1687049
1 x 128 B,30,12612,1659587,0,0,0,6301274,16522085,1660539
1 x 128 B,31,12612,1685908,0,0,0,6394769,16522086,1686865
3 x 128 B,0,5333,1908282,0,0,0,7240496,12932891,1909372
3 x 128 B,1,5333,1896880,0,0,0,7195747,12932891,1897887
3 x 128 B,2,5333,1892492,0,0,0,7178588,12932891,1893477
3 x 128 B,3,5333,1894178,0,0,0,7181146,12932891,1895198
3 x 128 B,4,5333,1888538,0,0,0,7171658,12932890,1889506
3 x 128 B,5,5333,1905996,0,0,0,7230330,12932891,1906954
3 x 128 B,6,5333,2287816,0,0,0,7213049,12932892,2283117
3 x 128 B,7,5333,1906018,0,0,0,7230213,12932891,1907015
3 x 128 B,8,5333,1903324,0,0,0,7221326,12932891,1904288
3 x 128 B,9,5333,1903474,0,0,0,7228710,12932890,1904441
3 x 128 B,10,5333,1908961,0,0,0,7242697,12932891,1909922
3 x 128 B,11,5333,1894888,0,0,0,7186512,12932891,1895849
3 x 128 B,12,5333,1893849,0,0,0,7185605,12932891,1894788
3 x 128 B,13,5333,1908980,0,0,0,7243201,12932891,1909920
3 x 128 B,14,5333,1899009,0,0,0,7205960,12932891,1899957
3 x 128 B,15,5333,1906245,0,0,0,7232165,12932891,1907186
3 x 128 B,16,5333,1907550,0,0,0,7236327,12932891,1908503
3 x 128 B,17,5333,1908323,0,0,0,7237801,12932891,1909269
3 x 128 B,18,5333,1911229,0,0,0,7251854,12932891,1912171
3 x 128 B,19,5333,1905049,0,0,0,7233836,12932890,1906010
3 x 128 B,20,5333,1878636,0,0,0,7128377,12932891,1879585
3 x 128 B,21,5333,1905939,0,0,0,7231376,12932891,1906900
3 x 128 B,22,5333,1907974,0,0,0,7239019,12932891,1908924
3 x 128 B,23,5333,1905333,0,0,0,7229929,12932891,1906299
3 x 128 B,24,5333,1902383,0,0,0,7216411,12932891,1903336
3 x 128 B,25,5333,1891408,0,0,0,7176708,12932891,1892357
3 x 128 B,26,5333,1899854,0,0,0,7206900,12932891,1900808
3 x 128 B,27,5333,1893674,0,0,0,7185985,12932891,1894618
3 x 128 B,28,5333,1905227,0,0,0,7228937,12932891,1906186
3 x 128 B,29,5333,1892491,0,0,0,7185821,12932890,1893443
3 x 128 B,30,5333,1895535,0,0,0,7190590,12932891,1896551
3 x 128 B,31,5333,1892899,0,0,0,7178305,12932891,1894671
4 x 128 B,0,5446,1893863,0,0,0,7176651,12357340,1895902
4 x 128 B,1,5446,1890965,0,0,0,7170264,12357340,1892699
4 x 128 B,2,5446,1894654,0,0,0,7182942,12357340,1896649
4 x 128 B,3,5446,1888023,0,0,0,7155891,12357340,1889482
4 x 128 B,4,5446,1893712,0,0,0,7181396,12357340,1894764
4 x 128 B,5,5446,1895977,0,0,0,7187183,12357340,1896966
4 x 128 B,6,5446,1894114,0,0,0,7187252,12357340,1895103
4 x 128 B,7,5446,1893689,0,0,0,7190387,12357339,1894639
4 x 128 B,8,5446,1891557,0,0,0,7169769,12357340,1892569
4 x 128 B,9,5446,1892128,0,0,0,7179939,12357340,1893108
4 x 128 B,10,5446,1893206,0,0,0,7182757,12357340,1894162
4 x 128 B,11,5446,1894667,0,0,0,7189270,12357340,1895691
4 x 128 B,12,5446,1891922,0,0,0,7175813,12357340,1892903
4 x 128 B,13,5446,1895810,0,0,0,7189530,12357340,1896809
4 x 128 B,14,5446,1895625,0,0,0,7190158,12357340,1896631
4 x 128 B,15,5446,1888235,0,0,0,7159513,12357340,1889231
4 x 128 B,16,5446,1891972,0,0,0,7182982,12357339,1892960
4 x 128 B,17,5446,1891980,0,0,0,7184522,12357339,1895009
4 x 128 B,18,5446,1895668,0,0,0,7190956,12357340,1896645
4 x 128 B,19,5446,1898687,0,0,0,7205352,12357340,1899644
4 x 128 B,20,5446,1906772,0,0,0,7233612,12357340,1907730
4 x 128 B,21,5446,1892572,0,0,0,7182378,12357340,1893544
4 x 128 B,22,5446,1897975,0,0,0,7200297,12357340,1898953
4 x 128 B,23,5446,1894077,0,0,0,7186255,12357340,1895025
4 x 128 B,24,5446,1891872,0,0,0,7175937,12357340,1892847
4 x 128 B,25,5446,1897409,0,0,0,7198753,12357340,1898375
4 x 128 B,26,5446,1888063,0,0,0,7167320,12357339,1889087
4 x 128 B,27,5446,1889545,0,0,0,7169549,12357340,1890498
4 x 128 B,28,5446,1888181,0,0,0,7163855,12357340,1889136
4 x 128 B,29,5446,1894695,0,0,0,7189640,12357340,1895648
4 x 128 B,30,5446,1892022,0,0,0,7178642,12357340,1892977
4 x 128 B,31,5446,1895190,0,0,0,7190194,12357340,1896172
6 x 128 B,0,3617,1922623,0,0,0,7293551,11430086,1923660
6 x 128 B,1,3617,1902846,0,0,0,7219447,11430086,1903802
6 x 128 B,2,3617,1907441,0,0,0,7237626,11430086,1908395
6 x 128 B,3,3617,1912366,0,0,0,7256208,11430086,1913332
6 x 128 B,4,3617,1913711,0,0,0,7262016,11430086,1914662
6 x 128 B,5,3617,1901922,0,0,0,7221465,11430085,1902915
6 x 128 B,6,3617,1923259,0,0,0,7296910,11430086,1924226
6 x 128 B,7,3617,1918756,0,0,0,7250039,11430086,1917980
6 x 128 B,8,3617,1913409,0,0,0,7255161,11430086,1914500
6 x 128 B,9,3617,1915842,0,0,0,7265030,11430086,1917617
6 x 128 B,10,3617,1914146,0,0,0,7259330,11430086,1915685
6 x 128 B,11,3617,1915014,0,0,0,7262276,11430086,1917032
6 x 128 B,12,3617,1917695,0,0,0,7225104,11430086,1916635
6 x 128 B,13,3617,1912000,0,0,0,7226767,11430086,1911001
6 x 128 B,14,3617,1911492,0,0,0,7250252,11430086,1912499
6 x 128 B,15,3617,1912455,0,0,0,7251663,11430086,1913475
6 x 128 B,16,3617,1912135,0,0,0,7253881,11430086,1913133
6 x 128 B,17,3617,1899531,0,0,0,7213132,11430085,1900494
6 x 128 B,18,3617,1902154,0,0,0,7216980,11430086,1903114
6 x 128 B,19,3617,2295089,0,0,0,7243563,11430087,2296137
6 x 128 B,20,3617,1916170,0,0,0,7269743,11430086,1917127
6 x 128 B,21,3617,1926093,0,0,0,7312950,11430085,1927039
6 x 128 B,22,3617,1910033,0,0,0,7241550,11430086,1911049
6 x 128 B,23,3617,1925441,0,0,0,7303843,11430086,1926417
6 x 128 B,24,3617,1910817,0,0,0,7249960,11430086,1911792
6 x 128 B,25,3617,1916171,0,0,0,7269790,11430086,1917141
6 x 128 B,26,3617,1918663,0,0,0,7280748,11430086,1919645
6 x 128 B,27,3617,1904173,0,0,0,7224761,11430086,1905134
6 x 128 B,28,3617,1910666,0,0,0,7250619,11430086,1911643
6 x 128 B,29,3617,1910030,0,0,0,7246238,11430086,1910980
6 x 128 B,30,3617,1917384,0,0,0,7274818,11430086,1918346
6 x 128 B,31,3617,1905289,0,0,0,7228861,11430086,1906250
8 x 128 B,0,4342,1909299,0,0,0,7243386,12127572,1910346
8 x 128 B,1,4342,1909097,0,0,0,7249181,12127571,1910087
8 x 128 B,2,4342,1912958,0,0,0,7256110,12127572,1913929
8 x 128 B,3,4342,1909990,0,0,0,7248509,12127572,1910949
8 x 128 B,4,4342,1913067,0,0,0,7255943,12127572,1914049
8 x 128 B,5,4342,1909205,0,0,0,7245275,12127572,1910169
8 x 128 B,6,4342,1919500,0,0,0,7279772,12127572,1920702
8 x 128 B,7,4342,1918237,0,0,0,7277531,12127572,1919240
8 x 128 B,8,4342,1920314,0,0,0,7278425,12127572,1921348
8 x 128 B,9,4342,1918735,0,0,0,7281322,12127572,1919743
8 x 128 B,10,4342,1918642,0,0,0,7277647,12127572,1919624
8 x 128 B,11,4342,1917939,0,0,0,7277387,12127572,1918908
8 x 128 B,12,4342,1918106,0,0,0,7277189,12127572,1919082
8 x 128 B,13,4342,1918085,0,0,0,7276538,12127572,1919056
8 x 128 B,14,4342,1902398,0,0,0,7223614,12127571,1903358
8 x 128 B,15,4342,1910501,0,0,0,7248896,12127572,1911690
8 x 128 B,16,4342,1911761,0,0,0,7249942,12127572,1913193
8 x 128 B,17,4342,1911672,0,0,0,7252259,12127572,1913823
8 x 128 B,18,4342,1919279,0,0,0,7269624,12127572,1921092
8 x 128 B,19,4342,1916214,0,0,0,7268481,12127572,1918444
8 x 128 B,20,4342,1914055,0,0,0,7251833,12127572,1916516
8 x 128 B,21,4342,1917801,0,0,0,7269527,12127572,1919332
8 x 128 B,22,4342,1911165,0,0,0,7242675,12127572,1912204
8 x 128 B,23,4342,1912225,0,0,0,7252197,12127572,1913267
8 x 128 B,24,4342,1905141,0,0,0,7224831,12127572,1906142
8 x 128 B,25,4342,1907401,0,0,0,7242369,12127571,1910513
8 x 128 B,26,4342,1910106,0,0,0,7250553,12127571,1911177
8 x 128 B,27,4342,1918799,0,0,0,7277232,12127572,1919810
8 x 128 B,28,4342,1910501,0,0,0,7245668,12127572,1911489
8 x 128 B,29,4342,1903976,0,0,0,7223066,12127572,1904960
8 x 128 B,30,4342,1917245,0,0,0,7270988,12127572,1918251
8 x 128 B,31,4342,1916401,0,0,0,7268972,12127572,1917401
12 x 128 B,0,2535,1947648,0,0,0,7389100,11919936,1948709
12 x 128 B,1,2535,1945449,0,0,0,7383220,11919936,1946440
12 x 128 B,2,2535,1940460,0,0,0,7361341,11919936,1941451
12 x 128 B,3,2535,1941429,0,0,0,7368454,11919936,1942405
12 x 128 B,4,2535,1944419,0,0,0,7375928,11919936,1945391
12 x 128 B,5,2535,1944247,0,0,0,7375149,11919936,1945246
12 x 128 B,6,2535,1946004,0,0,0,7382619,11919936,1946993
12 x 128 B,7,2535,2003606,0,0,0,7353810,11919936,1943502
12 x 128 B,8,2535,1942157,0,0,0,7367500,11919936,1943138
12 x 128 B,9,2535,1938116,0,0,0,7352657,11919936,1939086
12 x 128 B,10,2535,1943998,0,0,0,7380662,11919935,1944973
12 x 128 B,11,2535,1943617,0,0,0,7372898,11919936,1944612
12 x 128 B,12,2535,1945180,0,0,0,7381276,11919936,1946161
12 x 128 B,13,2535,1945630,0,0,0,7382758,11919936,1946653
12 x 128 B,14,2535,1943593,0,0,0,7372356,11919936,1944639
12 x 128 B,15,2535,1941857,0,0,0,7366856,11919936,1942882
12 x 128 B,16,2535,1942641,0,0,0,7366231,11919936,1943668
12 x 128 B,17,2535,1944016,0,0,0,7375865,11919936,1945024
12 x 128 B,18,2535,1948594,0,0,0,7389218,11919936,1949638
12 x 128 B,19,2535,1945347,0,0,0,7379077,11919936,1946354
12 x 128 B,20,2535,1943338,0,0,0,7369244,11919936,1944429
12 x 128 B,21,2535,1946604,0,0,0,7384371,11919936,1948233
12 x 128 B,22,2535,1946698,0,0,0,7374615,11919936,1947870
12 x 128 B,23,2535,1939360,0,0,0,7353723,11919936,1941086
12 x 128 B,24,2535,1948367,0,0,0,7387807,11919936,1949973
12 x 128 B,25,2535,1942857,0,0,0,7367803,11919936,1944260
12 x 128 B,26,2535,1948158,0,0,0,7380705,11919936,1949901
12 x 128 B,27,2535,1945382,0,0,0,7376447,11919936,1946693
12 x 128 B,28,2535,1941694,0,0,0,7364284,11919936,1943455
12 x 128 B,29,2535,1942464,0,0,0,7375435,11919935,1944066
12 x 128 B,30,2535,1948246,0,0,0,7389339,11919936,1949348
12 x 128 B,31,2535,1936871,0,0,0,7348266,11919936,1937867
16 x 128 B,0,2264,1949386,0,0,0,7394741,11827502,1950466
16 x 128 B,1,2264,1954138,0,0,0,7411117,11827502,1955232
16 x 128 B,2,2264,1952821,0,0,0,7401278,11827502,1954411
16 x 128 B,3,2264,1953807,0,0,0,7399701,11827502,1955044
16 x 128 B,4,2264,1949577,0,0,0,7394698,11827502,1950575
16 x 128 B,5,2264,1953575,0,0,0,7410306,11827502,1954580
16 x 128 B,6,2264,1949199,0,0,0,7394229,11827502,1950185
16 x 128 B,7,2264,1965885,0,0,0,7394095,11827502,1958682
16 x 128 B,8,2264,1966764,0,0,0,7415641,11827502,1964762
16 x 128 B,9,2264,1952644,0,0,0,7404496,11827502,1953704
16 x 128 B,10,2264,1949414,0,0,0,7394221,11827502,1950412
16 x 128 B,11,2264,1968396,0,0,0,7402095,11827503,1958630
16 x 128 B,12,2264,1952076,0,0,0,7405864,11827502,1952997
16 x 128 B,13,2264,1952110,0,0,0,7403225,11827502,1953028
16 x 128 B,14,2264,1949343,0,0,0,7396663,11827502,1950229
16 x 128 B,15,2264,1951872,0,0,0,7405890,11827502,1952752
16 x 128 B,16,2264,1952287,0,0,0,7405883,11827502,1953169
16 x 128 B,17,2264,1951432,0,0,0,7398333,11827502,1952342
16 x 128 B,18,2264,1952210,0,0,0,7405650,11827502,1953095
16 x 128 B,19,2264,1950160,0,0,0,7406622,11827501,1951025
16 x 128 B,20,2264,1948902,0,0,0,7396382,11827502,1949763
16 x 128 B,21,2264,1948208,0,0,0,7392203,11827502,1949088
16 x 128 B,22,2264,1947826,0,0,0,7392392,11827502,1948685
16 x 128 B,23,2264,1950710,0,0,0,7401426,11827502,1951586
16 x 128 B,24,2264,1950803,0,0,0,7403373,11827502,1951664
16 x 128 B,25,2264,1953368,0,0,0,7411176,11827502,1954239
16 x 128 B,26,2264,1949181,0,0,0,7396786,11827502,1950040
16 x 128 B,27,2264,1953953,0,0,0,7404439,11827502,1954945
16 x 128 B,28,2264,1951453,0,0,0,7405461,11827502,1952326
16 x 128 B,29,2264,1952677,0,0,0,7410066,11827502,1953542
16 x 128 B,30,2264,1951075,0,0,0,7402814,11827502,1951947
16 x 128 B,31,2264,1952278,0,0,0,7407876,11827502,1953154
24 x 128 B,0,1538,1970525,0,0,0,7473670,11773756,1971933
24 x 128 B,1,1538,1969505,0,0,0,7468815,11773756,1970598
24 x 128 B,2,1538,1969304,0,0,0,7464076,11773756,1970704
24 x 128 B,3,1538,1970275,0,0,0,7471570,11773756,1971652
24 x 128 B,4,1538,1968185,0,0,0,7463986,11773756,1969457
24 x 128 B,5,1538,1969247,0,0,0,7464951,11773756,1971134
24 x 128 B,6,1538,1969840,0,0,0,7472343,11773756,1970783
24 x 128 B,7,1538,1982480,0,0,0,7464274,11773756,1974721
24 x 128 B,8,1538,1968004,0,0,0,7463974,11773756,1969111
24 x 128 B,9,1538,1970755,0,0,0,7475230,11773756,1971630
24 x 128 B,10,1538,1969714,0,0,0,7470093,11773756,1970682
24 x 128 B,11,1538,1966312,0,0,0,7455589,11773756,1967341
24 x 128 B,12,1538,1971403,0,0,0,7475225,11773756,1972318
24 x 128 B,13,1538,1967778,0,0,0,7464191,11773756,1968676
24 x 128 B,14,1538,1970512,0,0,0,7475063,11773756,1971432
24 x 128 B,15,1538,1967409,0,0,0,7455601,11773755,1968379
24 x 128 B,16,1538,1968903,0,0,0,7471756,11773756,1969775
24 x 128 B,17,1538,1969062,0,0,0,7471397,11773756,1969926
24 x 128 B,18,1538,1966513,0,0,0,7463427,11773756,1967409
24 x 128 B,19,1538,1968266,0,0,0,7466704,11773756,1969132
24 x 128 B,20,1538,1969033,0,0,0,7471416,11773756,1969927
24 x 128 B,21,1538,1969403,0,0,0,7470135,11773756,1970333
24 x 128 B,22,1538,1969392,0,0,0,7469576,11773756,1970344
24 x 128 B,23,1538,1964328,0,0,0,7450014,11773756,1965381
24 x 128 B,24,1538,1964499,0,0,0,7452066,11773756,1965480
24 x 128 B,25,1538,1969649,0,0,0,7468610,11773756,1970551
24 x 128 B,26,1538,1970025,0,0,0,7475271,11773756,1970893
24 x 128 B,27,1538,1969093,0,0,0,7468884,11773756,1969978
24 x 128 B,28,1538,1963195,0,0,0,7449402,11773756,1964088
24 x 128 B,29,1538,1967793,0,0,0,7463192,11773756,1968687
24 x 128 B,30,1538,1962924,0,0,0,7449261,11773756,1963791
24 x 128 B,31,1538,1965095,0,0,0,7453819,11773756,1966004
64 x 128 B,0,590,1989719,0,0,0,7549898,11688266,1990689
64 x 128 B,1,590,1989567,0,0,0,7547575,11688266,1990490
64 x 128 B,2,590,1987956,0,0,0,7544145,11688266,1988856
64 x 128 B,3,590,1988700,0,0,0,7546384,11688266,1989608
64 x 128 B,4,590,1989042,0,0,0,7548713,11688266,1989940
64 x 128 B,5,590,1989221,0,0,0,7547341,11688266,1990120
64 x 128 B,6,590,1997731,0,0,0,7548516,11688266,1995243
64 x 128 B,7,590,1992664,0,0,0,7556534,11688266,1994183
64 x 128 B,8,590,1992105,0,0,0,7556538,11688266,1993084
64 x 128 B,9,590,1992990,0,0,0,7556496,11688266,1994838
64 x 128 B,10,590,1992508,0,0,0,7557134,11688266,1993949
64 x 128 B,11,590,1992173,0,0,0,7552870,11688266,1993686
64 x 128 B,12,590,1994270,0,0,0,7557079,11688266,1996025
64 x 128 B,13,590,2011344,0,0,0,7557838,11688266,2001442
64 x 128 B,14,590,1992847,0,0,0,7556979,11688266,1993891
64 x 128 B,15,590,1992034,0,0,0,7556682,11688266,1993041
64 x 128 B,16,590,1991843,0,0,0,7556874,11688266,1992878
64 x 128 B,17,590,1991626,0,0,0,7556704,11688266,1992625
64 x 128 B,18,590,1987159,0,0,0,7541224,11688266,1988160
64 x 128 B,19,590,1987302,0,0,0,7537943,11688266,1988363
64 x 128 B,20,590,1986789,0,0,0,7537679,11688266,1987801
64 x 128 B,21,590,1988493,0,0,0,7539596,11688266,1989532
64 x 128 B,22,590,1986905,0,0,0,7539000,11688266,1987951
64 x 128 B,23,590,1987763,0,0,0,7538164,11688266,1988808
64 x 128 B,24,590,1987017,0,0,0,7539044,11688266,1988014
64 x 128 B,25,590,1986183,0,0,0,7536784,11688266,1987187
64 x 128 B,26,590,1986478,0,0,0,7536705,11688266,1987496
64 x 128 B,27,590,1986206,0,0,0,7537252,11688266,1987214
64 x 128 B,28,590,1986906,0,0,0,7538510,11688266,1987899
64 x 128 B,29,590,1987139,0,0,0,7539191,11688266,1988162
64 x 128 B,30,590,1987232,0,0,0,7539326,11688266,1988248
64 x 128 B,31,590,1986896,0,0,0,7538192,11688266,1987912
128 x 128 B,0,297,2003194,0,0,0,7600856,11659992,2004302
128 x 128 B,1,297,2003494,0,0,0,7601929,11659992,2004532
128 x 128 B,2,297,2002272,0,0,0,7598137,11659992,2003296
128 x 128 B,3,297,2000328,0,0,0,7589373,11659992,2001372
128 x 128 B,4,297,2001353,0,0,0,7593127,11659992,2002386
128 x 128 B,5,297,2001707,0,0,0,7594128,11659992,2002773
128 x 128 B,6,297,2001955,0,0,0,7594782,11659992,2002981
128 x 128 B,7,297,2001985,0,0,0,7595859,11659992,2003016
128 x 128 B,8,297,2003180,0,0,0,7600346,11659992,2004226
128 x 128 B,9,297,2002856,0,0,0,7599318,11659992,2003950
128 x 128 B,10,297,2002123,0,0,0,7597309,11659992,2003153
128 x 128 B,11,297,2004925,0,0,0,7606215,11659992,2005954
128 x 128 B,12,297,2004182,0,0,0,7604023,11659992,2005214
128 x 128 B,13,297,2004228,0,0,0,7603750,11659992,2005282
128 x 128 B,14,297,2004698,0,0,0,7603624,11659992,2005941
128 x 128 B,15,297,2004801,0,0,0,7603011,11659992,2006146
128 x 128 B,16,297,2005209,0,0,0,7602821,11659992,2006949
128 x 128 B,17,297,2005947,0,0,0,7603564,11659992,2007627
128 x 128 B,18,297,2004838,0,0,0,7602054,11659992,2006177
128 x 128 B,19,297,2005363,0,0,0,7601011,11659992,2007092
128 x 128 B,20,297,2003142,0,0,0,7595858,11659992,2004309
128 x 128 B,21,297,2018198,0,0,0,7603572,11659992,2010094
128 x 128 B,22,297,2007562,0,0,0,7613272,11659992,2008637
128 x 128 B,23,297,2005243,0,0,0,7609244,11659992,2006278
128 x 128 B,24,297,2005271,0,0,0,7609462,11659992,2006302
128 x 128 B,25,297,2004108,0,0,0,7604093,11659992,2005241
128 x 128 B,26,297,2006132,0,0,0,7609924,11659992,2007167
128 x 128 B,27,297,2005456,0,0,0,7610482,11659992,2006553
128 x 128 B,28,297,2007358,0,0,0,7612513,11659992,2008417
128 x 128 B,29,297,2007345,0,0,0,7614976,11659992,2008382
128 x 128 B,30,297,2007929,0,0,0,7613897,11659992,2008990
128 x 128 B,31,297,2005202,0,0,0,7608992,11659992,2006241
129 x 128 B,0,291,1998799,0,0,0,7584600,11738724,2000000
129 x 128 B,1,291,1999164,0,0,0,7583645,11738724,2000226
129 x 128 B,2,291,1998456,0,0,0,7582056,11738724,1999528
129 x 128 B,3,291,2000284,0,0,0,7583749,11738724,2001362
129 x 128 B,4,291,1998657,0,0,0,7583939,11738724,1999666
129 x 128 B,5,291,2000799,0,0,0,7591930,11738724,2001829
129 x 128 B,6,291,1997613,0,0,0,7579062,11738724,1998665
129 x 128 B,7,291,2001181,0,0,0,7593794,11738724,2002205
129 x 128 B,8,291,2001675,0,0,0,7594831,11738724,2002699
129 x 128 B,9,291,2000979,0,0,0,7591631,11738724,2002018
129 x 128 B,10,291,2001230,0,0,0,7593180,11738724,2002260
129 x 128 B,11,291,2001331,0,0,0,7592821,11738724,2002367
129 x 128 B,12,291,1999390,0,0,0,7586470,11738724,2000409
129 x 128 B,13,291,2002118,0,0,0,7597240,11738724,2003140
129 x 128 B,14,291,2002948,0,0,0,7599604,11738724,2003959
129 x 128 B,15,291,2003542,0,0,0,7602935,11738724,2004580
129 x 128 B,16,291,2002619,0,0,0,7598608,11738724,2003638
129 x 128 B,17,291,2001070,0,0,0,7591385,11738724,2002131
129 x 128 B,18,291,2001368,0,0,0,7592309,11738724,2002440
129 x 128 B,19,291,2000740,0,0,0,7591712,11738724,2001767
129 x 128 B,20,291,2000496,0,0,0,7588191,11738724,2001588
129 x 128 B,21,291,2000466,0,0,0,7585787,11738724,2001987
129 x 128 B,22,291,1999241,0,0,0,7580850,11738724,2000430
129 x 128 B,23,291,2000359,0,0,0,7583623,11738724,2002238
129 x 128 B,24,291,1998501,0,0,0,7579271,11738724,1999991
129 x 128 B,25,291,2001429,0,0,0,7590951,11738724,2004110
129 x 128 B,26,291,2014498,0,0,0,7592940,11738724,2013077
129 x 128 B,27,291,2015472,0,0,0,7604079,11738724,2009053
129 x 128 B,28,291,2000532,0,0,0,7585870,11738724,2001707
129 x 128 B,29,291,2002244,0,0,0,7594456,11738724,2003304
129 x 128 B,30,291,2001104,0,0,0,7589643,11738724,2002179
129 x 128 B,31,291,2000478,0,0,0,7588328,11738724,2001551
1024 x 128 B,0,37,2028599,0,0,0,7694147,11585510,2029833
1024 x 128 B,1,37,2027105,0,0,0,7690999,11585510,2028164
1024 x 128 B,2,37,2028583,0,0,0,7694929,11585510,2029633
1024 x 128 B,3,37,2040598,0,0,0,7700226,11585511,2036294
1024 x 128 B,4,37,2027482,0,0,0,7693697,11585510,2028524
1024 x 128 B,5,37,2027243,0,0,0,7692475,11585510,2028284
1024 x 128 B,6,37,2027456,0,0,0,7694429,11585510,2028522
1024 x 128 B,7,37,2028629,0,0,0,7696647,11585510,2029667
1024 x 128 B,8,37,2027659,0,0,0,7693334,11585510,2028727
1024 x 128 B,9,37,2028588,0,0,0,7693861,11585510,2029623
1024 x 128 B,10,37,2027860,0,0,0,7695873,11585510,2028918
1024 x 128 B,11,37,2029235,0,0,0,7698247,11585510,2030276
1024 x 128 B,12,37,2027431,0,0,0,7694673,11585510,2028477
1024 x 128 B,13,37,2028473,0,0,0,7695673,11585510,2029522
1024 x 128 B,14,37,2028429,0,0,0,7697746,11585510,2029473
1024 x 128 B,15,37,2028343,0,0,0,7695498,11585510,2029401
1024 x 128 B,16,37,2028118,0,0,0,7695706,11585510,2029169
1024 x 128 B,17,37,2028983,0,0,0,7696570,11585510,2030034
1024 x 128 B,18,37,2027288,0,0,0,7692783,11585510,2028332
1024 x 128 B,19,37,2028038,0,0,0,7694274,11585510,2029082
1024 x 128 B,20,37,2026682,0,0,0,7691169,11585510,2027744
1024 x 128 B,21,37,2027230,0,0,0,7691597,11585510,2028267
1024 x 128 B,22,37,2026188,0,0,0,7689465,11585510,2027254
1024 x 128 B,23,37,2027909,0,0,0,7691616,11585510,2028963
1024 x 128 B,24,37,2027094,0,0,0,7690540,11585510,2028155
1024 x 128 B,25,37,2027171,0,0,0,7691378,11585510,2028242
1024 x 128 B,26,37,2028826,0,0,0,7697768,11585510,2029896
1024 x 128 B,27,37,2033229,0,0,0,7712773,11585510,2034462
1024 x 128 B,28,37,2051050,0,0,0,7780762,11585510,2052572
1024 x 128 B,29,37,2048198,0,0,0,7768372,11585510,2049758
1024 x 128 B,30,37,2034961,0,0,0,7712965,11585510,2036819
1024 x 128 B,31,37,2029244,0,0,0,7695626,11585510,2030601
1 x 256 B,0,7324,1821155,0,0,0,6900310,16625846,1822623
1 x 256 B,1,7324,1817737,0,0,0,6892903,16625846,1818731
1 x 256 B,2,7324,1821191,0,0,0,6905180,16625852,1822208
1 x 256 B,3,7324,1814597,0,0,0,6883151,16625852,1815621
1 x 256 B,4,7324,1819214,0,0,0,6899247,16625846,1820208
1 x 256 B,5,7324,1816407,0,0,0,6896902,16625845,1817360
1 x 256 B,6,7324,1820208,0,0,0,6901081,16625846,1821226
1 x 256 B,7,7324,1820685,0,0,0,6907746,16625846,1821681
1 x 256 B,8,7324,1817400,0,0,0,6890540,16625846,1818386
1 x 256 B,9,7324,1815430,0,0,0,6886204,16625846,1816412
1 x 256 B,10,7324,1820471,0,0,0,6911957,16625845,1821426
1 x 256 B,11,7324,1819256,0,0,0,6899178,16625846,1820240
1 x 256 B,12,7324,1818508,0,0,0,6899070,16625846,1819470
1 x 256 B,13,7324,1816088,0,0,0,6890461,16625846,1817054
1 x 256 B,14,7324,1817451,0,0,0,6896043,16625846,1818390
1 x 256 B,15,7324,1821638,0,0,0,6910853,16625846,1822588
1 x 256 B,16,7324,1812576,0,0,0,6882434,16625845,1813514
1 x 256 B,17,7324,1813993,0,0,0,6883124,16625846,1814937
1 x 256 B,18,7324,1817584,0,0,0,6892030,16625846,1818545
1 x 256 B,19,7324,1821998,0,0,0,6912359,16625846,1822936
1 x 256 B,20,7324,1818203,0,0,0,6896383,16625846,1819149
1 x 256 B,21,7324,1817457,0,0,0,6896037,16625846,1818411
1 x 256 B,22,7324,1812599,0,0,0,6882558,16625845,1813540
1 x 256 B,23,7324,1820817,0,0,0,6909472,16625846,1821780
1 x 256 B,24,7324,1819458,0,0,0,6902040,16625846,1820393
1 x 256 B,25,7324,1813838,0,0,0,6883029,16625846,1814775
1 x 256 B,26,7324,1819171,0,0,0,6901018,16625846,1820130
1 x 256 B,27,7324,1820415,0,0,0,6911778,16625845,1821364
1 x 256 B,28,7324,1817779,0,0,0,6895999,16625846,1818750
1 x 256 B,29,7324,1822447,0,0,0,6912376,16625846,1823416
1 x 256 B,30,7324,1820110,0,0,0,6906106,16625846,1821079
1 x 256 B,31,7324,1818572,0,0,0,6899179,16625846,1819515
3 x 256 B,0,2843,1930261,0,0,0,7323381,12091645,1931345
3 x 256 B,1,2843,1919366,0,0,0,7283572,12091645,1920328
3 x 256 B,2,2843,1911811,0,0,0,7259766,12091644,1914834
3 x 256 B,3,2843,1922126,0,0,0,7298354,12091644,1923268
3 x 256 B,4,2843,1925045,0,0,0,7302862,12091645,1926102
3 x 256 B,5,2843,1929559,0,0,0,7319107,12091645,1931235
3 x 256 B,6,2843,1915864,0,0,0,7265747,12091645,1917256
3 x 256 B,7,2843,1919210,0,0,0,7224511,12091646,1917406
3 x 256 B,8,2843,1919760,0,0,0,7277801,12091645,1921385
3 x 256 B,9,2843,1918588,0,0,0,7272934,12091645,1920572
3 x 256 B,10,2843,1917871,0,0,0,7269726,12091645,1919350
3 x 256 B,11,2843,1928826,0,0,0,7262667,12091645,1920384
3 x 256 B,12,2843,1910159,0,0,0,7241062,12091645,1911200
3 x 256 B,13,2843,1931880,0,0,0,7331414,12091645,1932855
3 x 256 B,14,2843,1932480,0,0,0,7331732,12091645,1933446
3 x 256 B,15,2843,1919349,0,0,0,7280666,12091645,1920371
3 x 256 B,16,2843,1920313,0,0,0,7290837,12091644,1921295
3 x 256 B,17,2843,1928839,0,0,0,7314893,12091645,1929876
3 x 256 B,18,2843,1922836,0,0,0,7293460,12091645,1923819
3 x 256 B,19,2843,1913146,0,0,0,7258751,12091645,1914112
3 x 256 B,20,2843,2292535,0,0,0,7268093,12091646,2293532
3 x 256 B,21,2843,1910156,0,0,0,7252622,12091644,1911118
3 x 256 B,22,2843,1924738,0,0,0,7302808,12091645,1925686
3 x 256 B,23,2843,1916039,0,0,0,7271380,12091645,1917012
3 x 256 B,24,2843,1902722,0,0,0,7219604,12091645,1903698
3 x 256 B,25,2843,1901211,0,0,0,7213630,12091645,1902179
3 x 256 B,26,2843,1919252,0,0,0,7282420,12091645,1920217
3 x 256 B,27,2843,1932484,0,0,0,7331316,12091645,1933458
3 x 256 B,28,2843,1923448,0,0,0,7299105,12091645,1924407
3 x 256 B,29,2843,1925199,0,0,0,7304795,12091645,1926161
3 x 256 B,30,2843,1914929,0,0,0,7266769,12091645,1915886
3 x 256 B,31,2843,1924807,0,0,0,7302795,12091645,1925756
4 x 256 B,0,2934,1941675,0,0,0,7365724,12047370,1942721
4 x 256 B,1,2934,1943322,0,0,0,7370146,12047370,1944353
4 x 256 B,2,2934,1946354,0,0,0,7389614,12047369,1947339
4 x 256 B,3,2934,1942937,0,0,0,7365426,12047370,1943987
4 x 256 B,4,2934,1951305,0,0,0,7370470,12047370,1946150
4 x 256 B,5,2934,1942512,0,0,0,7371186,12047370,1943467
4 x 256 B,6,2934,1941509,0,0,0,7366845,12047370,1942470
4 x 256 B,7,2934,1943509,0,0,0,7375912,12047370,1944472
4 x 256 B,8,2934,1942451,0,0,0,7367752,12047370,1943404
4 x 256 B,9,2934,1943848,0,0,0,7374979,12047370,1944794
4 x 256 B,10,2934,1943133,0,0,0,7371880,12047370,1944079
4 x 256 B,11,2934,1942925,0,0,0,7372487,12047370,1943876
4 x 256 B,12,2934,1945077,0,0,0,7377875,12047370,1946308
4 x 256 B,13,2934,1949272,0,0,0,7392097,12047370,1951089
4 x 256 B,14,2934,1944258,0,0,0,7370782,12047370,1946012
4 x 256 B,15,2934,1949533,0,0,0,7381483,12047370,1951271
4 x 256 B,16,2934,1945490,0,0,0,7375837,12047370,1946671
4 x 256 B,17,2934,1948739,0,0,0,7383217,12047370,1951220
4 x 256 B,18,2934,1952907,0,0,0,7377007,12047370,1951646
4 x 256 B,19,2934,1961426,0,0,0,7396138,12047370,1955119
4 x 256 B,20,2934,1945497,0,0,0,7377718,12047370,1946514
4 x 256 B,21,2934,1944472,0,0,0,7384268,12047369,1945408
4 x 256 B,22,2934,1942282,0,0,0,7373703,12047369,1943311
4 x 256 B,23,2934,1941532,0,0,0,7365934,12047370,1942476
4 x 256 B,24,2934,1943720,0,0,0,7374585,12047370,1944674
4 x 256 B,25,2934,1942271,0,0,0,7366593,12047370,1943297
4 x 256 B,26,2934,1944823,0,0,0,7375818,12047370,1945854
4 x 256 B,27,2934,1943735,0,0,0,7370518,12047370,1944730
4 x 256 B,28,2934,1946044,0,0,0,7381533,12047370,1947031
4 x 256 B,29,2934,1944112,0,0,0,7370036,12047370,1945109
4 x 256 B,30,2934,1949450,0,0,0,7394221,12047370,1950414
4 x 256 B,31,2934,1950975,0,0,0,7401946,12047370,1951933
6 x 256 B,0,1915,1943316,0,0,0,7368902,11182051,1944414
6 x 256 B,1,1915,1952473,0,0,0,7406384,11182051,1953462
6 x 256 B,2,1915,1937871,0,0,0,7353023,11182051,1938832
6 x 256 B,3,1915,1961256,0,0,0,7405418,11182051,1956702
6 x 256 B,4,1915,1954729,0,0,0,7413053,11182051,1955716
6 x 256 B,5,1915,1961245,0,0,0,7440426,11182051,1962190
6 x 256 B,6,1915,1965306,0,0,0,7443890,11182051,1966402
6 x 256 B,7,1915,1954798,0,0,0,7416521,11182051,1955733
6 x 256 B,8,1915,1955721,0,0,0,7417606,11182051,1956669
6 x 256 B,9,1915,1960205,0,0,0,7437502,11182051,1961159
6 x 256 B,10,1915,1964008,0,0,0,7451113,11182051,1964980
6 x 256 B,11,1915,1958993,0,0,0,7437995,11182050,1959929
6 x 256 B,12,1915,1953802,0,0,0,7413737,11182051,1954761
6 x 256 B,13,1915,1966270,0,0,0,7460048,11182051,1967214
6 x 256 B,14,1915,1960929,0,0,0,7438525,11182051,1961887
6 x 256 B,15,1915,1961926,0,0,0,7441111,11182051,1962877
6 x 256 B,16,1915,1954628,0,0,0,7415895,11182051,1955588
6 x 256 B,17,1915,1954276,0,0,0,7414295,11182051,1955219
6 x 256 B,18,1915,1960289,0,0,0,7438654,11182051,1961281
6 x 256 B,19,1915,1958913,0,0,0,7430303,11182051,1959868
6 x 256 B,20,1915,1958444,0,0,0,7430587,11182051,1959512
6 x 256 B,21,1915,1966024,0,0,0,7455988,11182051,1967553
6 x 256 B,22,1915,1959923,0,0,0,7431965,11182051,1961960
6 x 256 B,23,1915,1959049,0,0,0,7425416,11182051,1961221
6 x 256 B,24,1915,1956199,0,0,0,7414618,11182051,1957516
6 x 256 B,25,1915,1960277,0,0,0,7426467,11182051,1963045
6 x 256 B,26,1915,1955583,0,0,0,7416829,11182051,1957210
6 x 256 B,27,1915,1961814,0,0,0,7441557,11182051,1962771
6 x 256 B,28,1915,1959183,0,0,0,7431005,11182051,1960217
6 x 256 B,29,1915,1957755,0,0,0,7428451,11182051,1958707
6 x 256 B,30,1915,1960655,0,0,0,7438978,11182051,1961597
6 x 256 B,31,1915,1965530,0,0,0,7451796,11182051,1966510
8 x 256 B,0,2300,1956078,0,0,0,7417618,11776366,1957223
8 x 256 B,1,2300,1956063,0,0,0,7419121,11776366,1957066
8 x 256 B,2,2300,1949276,0,0,0,7392851,11776366,1950286
8 x 256 B,3,2300,1954495,0,0,0,7409789,11776366,1955506
8 x 256 B,4,2300,1950931,0,0,0,7401194,11776366,1951914
8 x 256 B,5,2300,1955299,0,0,0,7424625,11776365,1956261
8 x 256 B,6,2300,1956444,0,0,0,7422914,11776366,1957405
8 x 256 B,7,2300,1957613,0,0,0,7423515,11776366,1958594
8 x 256 B,8,2300,1955868,0,0,0,7421634,11776366,1956841
8 x 256 B,9,2300,1955972,0,0,0,7420215,11776366,1956962
8 x 256 B,10,2300,1956127,0,0,0,7422332,11776366,1957104
8 x 256 B,11,2300,1957835,0,0,0,7424507,11776366,1958845
8 x 256 B,12,2300,1956743,0,0,0,7424261,11776366,1957706
8 x 256 B,13,2300,1957144,0,0,0,7423945,11776366,1958120
8 x 256 B,14,2300,1956531,0,0,0,7423578,11776366,1957498
8 x 256 B,15,2300,1957651,0,0,0,7424817,11776366,1958629
8 x 256 B,16,2300,1956867,0,0,0,7424503,11776366,1957823
8 x 256 B,17,2300,1957831,0,0,0,7427900,11776366,1958810
8 x 256 B,18,2300,1956305,0,0,0,7422910,11776366,1957289
8 x 256 B,19,2300,1957096,0,0,0,7422625,11776366,1958082
8 x 256 B,20,2300,1958010,0,0,0,7426738,11776366,1959010
8 x 256 B,21,2300,1957168,0,0,0,7424718,11776366,1958129
8 x 256 B,22,2300,1956353,0,0,0,7423632,11776366,1957331
8 x 256 B,23,2300,1957725,0,0,0,7425048,11776366,1958707
8 x 256 B,24,2300,1958186,0,0,0,7428683,11776366,1959175
8 x 256 B,25,2300,1956921,0,0,0,7425273,11776366,1957883
8 x 256 B,26,2300,1956941,0,0,0,7423991,11776366,1957912
8 x 256 B,27,2300,1957796,0,0,0,7426420,11776366,1959058
8 x 256 B,28,2300,1957064,0,0,0,7424236,11776366,1958043
8 x 256 B,29,2300,1953588,0,0,0,7414217,11776365,1955085
8 x 256 B,30,2300,1957329,0,0,0,7424023,11776366,1958816
8 x 256 B,31,2300,1959681,0,0,0,7427482,11776366,1961814
12 x 256 B,0,1326,1980873,0,0,0,7509043,11768616,1984048
12 x 256 B,1,1326,1989683,0,0,0,7510324,11768616,1988147
12 x 256 B,2,1326,1981328,0,0,0,7512741,11768616,1982445
12 x 256 B,3,1326,1978431,0,0,0,7504204,11768616,1979432
12 x 256 B,4,1326,1979857,0,0,0,7510076,11768616,1980866
12 x 256 B,5,1326,1963551,0,0,0,7444988,11768616,1964598
12 x 256 B,6,1326,1973579,0,0,0,7487389,11768616,1974594
12 x 256 B,7,1326,1968360,0,0,0,7463369,11768616,1969411
12 x 256 B,8,1326,1962508,0,0,0,7445160,11768616,1963492
12 x 256 B,9,1326,1972530,0,0,0,7483211,11768616,1973503
12 x 256 B,10,1326,1960355,0,0,0,7436664,11768616,1961335
12 x 256 B,11,1326,1975388,0,0,0,7492812,11768616,1976369
12 x 256 B,12,1326,1960765,0,0,0,7439836,11768616,1961734
12 x 256 B,13,1326,1964076,0,0,0,7452003,11768616,1965041
12 x 256 B,14,1326,1976737,0,0,0,7498928,11768616,1977715
12 x 256 B,15,1326,1964037,0,0,0,7450194,11768616,1964996
12 x 256 B,16,1326,1967624,0,0,0,7466423,11768616,1968588
12 x 256 B,17,1326,1973457,0,0,0,7486063,11768616,1974419
12 x 256 B,18,1326,1974858,0,0,0,7492133,11768616,1975838
12 x 256 B,19,1326,1969792,0,0,0,7472045,11768616,1970767
12 x 256 B,20,1326,1971078,0,0,0,7479101,11768616,1972054
12 x 256 B,21,1326,1981982,0,0,0,7518774,11768616,1982966
12 x 256 B,22,1326,1980641,0,0,0,7513837,11768616,1981639
12 x 256 B,23,1326,1972565,0,0,0,7482134,11768616,1973548
12 x 256 B,24,1326,1958961,0,0,0,7432836,11768616,1959936
12 x 256 B,25,1326,1975549,0,0,0,7495259,11768616,1976527
12 x 256 B,26,1326,1955686,0,0,0,7419174,11768616,1956665
12 x 256 B,27,1326,1971568,0,0,0,7478585,11768616,1972565
12 x 256 B,28,1326,1969272,0,0,0,7471444,11768616,1970247
12 x 256 B,29,1326,1969328,0,0,0,7472981,11768616,1970292
12 x 256 B,30,1326,1967726,0,0,0,7463024,11768616,1968711
12 x 256 B,31,1326,1973501,0,0,0,7485931,11768616,1974476
16 x 256 B,0,1180,1974439,0,0,0,7491440,11667026,1975534
16 x 256 B,1,1180,1984149,0,0,0,7492158,11667026,1979295
16 x 256 B,2,1180,1975275,0,0,0,7491063,11667026,1976348
16 x 256 B,3,1180,1972762,0,0,0,7490542,11667026,1976886
16 x 256 B,4,1180,1972621,0,0,0,7488089,11667025,1973920
16 x 256 B,5,1180,1976617,0,0,0,7491985,11667026,1978373
16 x 256 B,6,1180,1976958,0,0,0,7494083,11667026,1978457
16 x 256 B,7,1180,1974699,0,0,0,7489195,11667026,1977243
16 x 256 B,8,1180,1987248,0,0,0,7491954,11667026,1985663
16 x 256 B,9,1180,1974892,0,0,0,7489201,11667026,1976132
16 x 256 B,10,1180,1976803,0,0,0,7492960,11667026,1977827
16 x 256 B,11,1180,1975698,0,0,0,7493809,11667026,1976769
16 x 256 B,12,1180,1974032,0,0,0,7489268,11667026,1975036
16 x 256 B,13,1180,1973293,0,0,0,7484993,11667026,1974285
16 x 256 B,14,1180,1976439,0,0,0,7493771,11667026,1977478
16 x 256 B,15,1180,1974306,0,0,0,7490319,11667026,1975282
16 x 256 B,16,1180,1974357,0,0,0,7491636,11667026,1975329
16 x 256 B,17,1180,2361450,0,0,0,7488431,11667027,2362483
16 x 256 B,18,1180,1975545,0,0,0,7494104,11667026,1976535
16 x 256 B,19,1180,1975018,0,0,0,7494164,11667026,1975987
16 x 256 B,20,1180,1973984,0,0,0,7488726,11667026,1974963
16 x 256 B,21,1180,1971549,0,0,0,7486540,11667025,1972517
16 x 256 B,22,1180,1976867,0,0,0,7496399,11667026,1977841
16 x 256 B,23,1180,1975070,0,0,0,7491669,11667026,1976065
16 x 256 B,24,1180,1972806,0,0,0,7485049,11667026,1973795
16 x 256 B,25,1180,1973964,0,0,0,7488909,11667026,1974936
16 x 256 B,26,1180,1975021,0,0,0,7491812,11667026,1975989
16 x 256 B,27,1180,1973927,0,0,0,7488964,11667026,1974922
16 x 256 B,28,1180,1974208,0,0,0,7490411,11667026,1975201
16 x 256 B,29,1180,1974956,0,0,0,7492519,11667026,1975957
16 x 256 B,30,1180,1973938,0,0,0,7487558,11667026,1974914
16 x 256 B,31,1180,1973048,0,0,0,7485763,11667026,1974015
24 x 256 B,0,794,1985347,0,0,0,7532962,11635642,1986438
24 x 256 B,1,794,1986385,0,0,0,7533552,11635642,1987455
24 x 256 B,2,794,1985104,0,0,0,7531196,11635642,1986087
24 x 256 B,3,794,1984868,0,0,0,7530631,11635642,1985864
24 x 256 B,4,794,1985600,0,0,0,7534247,11635642,1986603
24 x 256 B,5,794,1986178,0,0,0,7533880,11635642,1987163
24 x 256 B,6,794,1984679,0,0,0,7530543,11635642,1985666
24 x 256 B,7,794,1985809,0,0,0,7533702,11635642,1986816
24 x 256 B,8,794,1985275,0,0,0,7532047,11635642,1986273
24 x 256 B,9,794,1986045,0,0,0,7533537,11635642,1987112
24 x 256 B,10,794,1985629,0,0,0,7532995,11635642,1987553
24 x 256 B,11,794,1986050,0,0,0,7532694,11635642,1987188
24 x 256 B,12,794,1986511,0,0,0,7532172,11635642,1988301
24 x 256 B,13,794,1987175,0,0,0,7533215,11635642,1988892
24 x 256 B,14,794,1987256,0,0,0,7534912,11635642,1988746
24 x 256 B,15,794,1988079,0,0,0,7534092,11635642,1989886
24 x 256 B,16,794,2004388,0,0,0,7531752,11635642,1994985
24 x 256 B,17,794,1986970,0,0,0,7532574,11635642,1987982
24 x 256 B,18,794,1985659,0,0,0,7534333,11635642,1986657
24 x 256 B,19,794,1985520,0,0,0,7532763,11635642,1986507
24 x 256 B,20,794,1985231,0,0,0,7532120,11635642,1986235
24 x 256 B,21,794,1987463,0,0,0,7536020,11635642,1988646
24 x 256 B,22,794,1985880,0,0,0,7532441,11635642,1986892
24 x 256 B,23,794,1986120,0,0,0,7530482,11635642,1987182
24 x 256 B,24,794,1985361,0,0,0,7532385,11635642,1986358
24 x 256 B,25,794,1986198,0,0,0,7531144,11635642,1987245
24 x 256 B,26,794,1985894,0,0,0,7534000,11635642,1986937
24 x 256 B,27,794,1985503,0,0,0,7533667,11635642,1986491
24 x 256 B,28,794,1985343,0,0,0,7531546,11635642,1986361
24 x 256 B,29,794,1986346,0,0,0,7534438,11635642,1987361
24 x 256 B,30,794,1986193,0,0,0,7530381,11635642,1987226
24 x 256 B,31,794,1984759,0,0,0,7531154,11635642,1985758
64 x 256 B,0,302,1997813,0,0,0,7577852,11624044,1998970
64 x 256 B,1,302,1997974,0,0,0,7579585,11624044,1998980
64 x 256 B,2,302,1996752,0,0,0,7575876,11624044,1997789
64 x 256 B,3,302,1997177,0,0,0,7577010,11624044,1998197
64 x 256 B,4,302,1996221,0,0,0,7572157,11624044,1997256
64 x 256 B,5,302,1996609,0,0,0,7574505,11624044,1997606
64 x 256 B,6,302,1996078,0,0,0,7574059,11624044,1997100
64 x 256 B,7,302,1998115,0,0,0,7579291,11624044,1999179
64 x 256 B,8,302,1995303,0,0,0,7568366,11624044,1996327
64 x 256 B,9,302,1995436,0,0,0,7570420,11624044,1996449
64 x 256 B,10,302,1997207,0,0,0,7577795,11624044,1998203
64 x 256 B,11,302,1997899,0,0,0,7579596,11624044,1998904
64 x 256 B,12,302,1997463,0,0,0,7577867,11624044,1998491
64 x 256 B,13,302,1997239,0,0,0,7577829,11624044,1998255
64 x 256 B,14,302,1996690,0,0,0,7575039,11624044,1997707
64 x 256 B,15,302,1994934,0,0,0,7568799,11624044,1995935
64 x 256 B,16,302,1997542,0,0,0,7577007,11624044,1998626
64 x 256 B,17,302,1998081,0,0,0,7580208,11624044,1999591
64 x 256 B,18,302,1997057,0,0,0,7573622,11624044,1998308
64 x 256 B,19,302,1997116,0,0,0,7573400,11624044,1998729
64 x 256 B,20,302,1999151,0,0,0,7577964,11624044,2000593
64 x 256 B,21,302,1997431,0,0,0,7575199,11624044,1999064
64 x 256 B,22,302,1999440,0,0,0,7573242,11624044,2001445
64 x 256 B,23,302,2005025,0,0,0,7571913,11624044,2002774
64 x 256 B,24,302,1996104,0,0,0,7569147,11624044,1997168
64 x 256 B,25,302,1996669,0,0,0,7573210,11624044,1997716
64 x 256 B,26,302,1996292,0,0,0,7572712,11624044,1997307
64 x 256 B,27,302,1998695,0,0,0,7581886,11624044,1999925
64 x 256 B,28,302,1995990,0,0,0,7570742,11624044,1997036
64 x 256 B,29,302,1995516,0,0,0,7566716,11624044,1996574
64 x 256 B,30,302,1996055,0,0,0,7572175,11624044,1997075
64 x 256 B,31,302,1999699,0,0,0,7581759,11624044,2000767
128 x 256 B,0,144,1936800,0,0,0,7341677,11034366,1938330
128 x 256 B,1,144,1936443,0,0,0,7341967,11034366,1938130
128 x 256 B,2,144,1939033,0,0,0,7346669,11034366,1940408
128 x 256 B,3,144,1936489,0,0,0,7342578,11034366,1938728
128 x 256 B,4,144,1937446,0,0,0,7346120,11034366,1938762
128 x 256 B,5,144,1936445,0,0,0,7347136,11034366,1937477
128 x 256 B,6,144,1937387,0,0,0,7346204,11034366,1938420
128 x 256 B,7,144,1935461,0,0,0,7343190,11034366,1936501
128 x 256 B,8,144,1933800,0,0,0,7343345,11034365,1934828
128 x 256 B,9,144,1935370,0,0,0,7341690,11034366,1936401
128 x 256 B,10,144,1937065,0,0,0,7347780,11034366,1938105
128 x 256 B,11,144,1935666,0,0,0,7341426,11034366,1936763
128 x 256 B,12,144,1947960,0,0,0,7345486,11034366,1947489
128 x 256 B,13,144,1936474,0,0,0,7341589,11034366,1937654
128 x 256 B,14,144,1936481,0,0,0,7342400,11034366,1937575
128 x 256 B,15,144,1937364,0,0,0,7344446,11034366,1938474
128 x 256 B,16,144,1935192,0,0,0,7340232,11034366,1936257
128 x 256 B,17,144,1936701,0,0,0,7344434,11034366,1937796
128 x 256 B,18,144,1936279,0,0,0,7341695,11034366,1937356
128 x 256 B,19,144,1937228,0,0,0,7344727,11034366,1938334
128 x 256 B,20,144,1936368,0,0,0,7344561,11034366,1937447
128 x 256 B,21,144,1935900,0,0,0,7343820,11034366,1936978
128 x 256 B,22,144,1938603,0,0,0,7346210,11034366,1939699
128 x 256 B,23,144,1934968,0,0,0,7338890,11034366,1936017
128 x 256 B,24,144,1936440,0,0,0,7343776,11034366,1937476
128 x 256 B,25,144,1934090,0,0,0,7342189,11034365,1935650
128 x 256 B,26,144,1936049,0,0,0,7342885,11034366,1937195
128 x 256 B,27,144,1937596,0,0,0,7343333,11034366,1939212
128 x 256 B,28,144,1939295,0,0,0,7346507,11034366,1940809
128 x 256 B,29,144,1936165,0,0,0,7341199,11034366,1938376
128 x 256 B,30,144,1949664,0,0,0,7346743,11034366,1947680
128 x 256 B,31,144,1936672,0,0,0,7342268,11034366,1937790
129 x 256 B,0,146,1994401,0,0,0,7563007,11465454,1995654
129 x 256 B,1,146,1995139,0,0,0,7568154,11465454,1996197
129 x 256 B,2,146,1995782,0,0,0,7566452,11465454,1996896
129 x 256 B,3,146,1993830,0,0,0,7563288,11465454,1994930
129 x 256 B,4,146,1994712,0,0,0,7567611,11465454,1995772
129 x 256 B,5,146,1995610,0,0,0,7571054,11465454,1996670
129 x 256 B,6,146,1996752,0,0,0,7572483,11465454,1997831
129 x 256 B,7,146,1998977,0,0,0,7575125,11465454,2000076
129 x 256 B,8,146,1996614,0,0,0,7574705,11465454,1997667
129 x 256 B,9,146,1996557,0,0,0,7574319,11465454,1997607
129 x 256 B,10,146,1995680,0,0,0,7570551,11465454,1996748
129 x 256 B,11,146,1997080,0,0,0,7575007,11465454,1998153
129 x 256 B,12,146,1996201,0,0,0,7573732,11465454,1997250
129 x 256 B,13,146,1997214,0,0,0,7576963,11465454,1998289
129 x 256 B,14,146,1996211,0,0,0,7572434,11465454,1997273
129 x 256 B,15,146,1997066,0,0,0,7575338,11465454,1998144
129 x 256 B,16,146,1996949,0,0,0,7576659,11465454,1998007
129 x 256 B,17,146,1996599,0,0,0,7574278,11465454,1997646
129 x 256 B,18,146,1998822,0,0,0,7580523,11465454,1999902
129 x 256 B,19,146,1996228,0,0,0,7573195,11465454,1997280
129 x 256 B,20,146,1997206,0,0,0,7576283,11465454,1998280
129 x 256 B,21,146,1996217,0,0,0,7573794,11465454,1997292
129 x 256 B,22,146,1996836,0,0,0,7574515,11465454,1997882
129 x 256 B,23,146,1996986,0,0,0,7575536,11465454,1998063
129 x 256 B,24,146,1997969,0,0,0,7578872,11465454,1999070
129 x 256 B,25,146,1997086,0,0,0,7575868,11465454,1998151
129 x 256 B,26,146,1996931,0,0,0,7573920,11465454,1997979
129 x 256 B,27,146,1996382,0,0,0,7574619,11465454,1997455
129 x 256 B,28,146,2001231,0,0,0,7579482,11465454,2002407
129 x 256 B,29,146,1997215,0,0,0,7576053,11465454,1998260
129 x 256 B,30,146,1995985,0,0,0,7571036,11465454,1997053
129 x 256 B,31,146,1995857,0,0,0,7571182,11465454,1997063
1024 x 256 B,0,19,2064085,0,0,0,7820672,11629278,2065576
1024 x 256 B,1,19,2077130,0,0,0,7873811,11629278,2078802
1024 x 256 B,2,19,2056117,0,0,0,7795159,11629278,2057870
1024 x 256 B,3,19,2055439,0,0,0,7787546,11629278,2057754
1024 x 256 B,4,19,2055003,0,0,0,7788861,11629278,2056742
1024 x 256 B,5,19,2068957,0,0,0,7789402,11629278,2060510
1024 x 256 B,6,19,2054337,0,0,0,7788861,11629278,2055496
1024 x 256 B,7,19,2053717,0,0,0,7789716,11629278,2054797
1024 x 256 B,8,19,2054383,0,0,0,7788783,11629278,2055467
1024 x 256 B,9,19,2053496,0,0,0,7789848,11629278,2054594
1024 x 256 B,10,19,2054023,0,0,0,7787172,11629278,2055107
1024 x 256 B,11,19,2052837,0,0,0,7788424,11629278,2053888
1024 x 256 B,12,19,2053073,0,0,0,7787915,11629278,2054117
1024 x 256 B,13,19,2053155,0,0,0,7789305,11629278,2054199
1024 x 256 B,14,19,2052865,0,0,0,7788506,11629278,2053909
1024 x 256 B,15,19,2052336,0,0,0,7787119,11629278,2053388
1024 x 256 B,16,19,2055135,0,0,0,7788618,11629279,2056188
1024 x 256 B,17,19,2052628,0,0,0,7787292,11629278,2053682
1024 x 256 B,18,19,2052664,0,0,0,7786606,11629278,2053716
1024 x 256 B,19,19,2053681,0,0,0,7786466,11629278,2054775
1024 x 256 B,20,19,2053003,0,0,0,7786850,11629278,2054077
1024 x 256 B,21,19,2053196,0,0,0,7789167,11629278,2054249
1024 x 256 B,22,19,2052656,0,0,0,7787701,11629278,2053712
1024 x 256 B,23,19,2052791,0,0,0,7786168,11629278,2053852
1024 x 256 B,24,19,2052699,0,0,0,7787240,11629278,2053747
1024 x 256 B,25,19,2054193,0,0,0,7787917,11629278,2055297
1024 x 256 B,26,19,2052869,0,0,0,7788889,11629278,2053926
1024 x 256 B,27,19,2052959,0,0,0,7788906,11629278,2054021
1024 x 256 B,28,19,2052919,0,0,0,7788127,11629278,2053969
1024 x 256 B,29,19,2073431,0,0,0,7787296,11629278,2060895
1024 x 256 B,30,19,2052299,0,0,0,7786556,11629278,2053363
1024 x 256 B,31,19,2052883,0,0,0,7789016,11629278,2053941
1 x 512 B,0,4007,1915967,0,0,0,7269237,16741612,1916934
1 x 512 B,1,4007,1916912,0,0,0,7272049,16741612,1917762
1 x 512 B,2,4007,1917443,0,0,0,7274982,16741612,1918309
1 x 512 B,3,4007,1916421,0,0,0,7269753,16741612,1917276
1 x 512 B,4,4007,1918586,0,0,0,7278833,16741612,1919498
1 x 512 B,5,4007,1916668,0,0,0,7268677,16741612,1917946
1 x 512 B,6,4007,1915714,0,0,0,7267296,16741612,1916718
1 x 512 B,7,4007,1918458,0,0,0,7270285,16741612,1920013
1 x 512 B,8,4007,1916165,0,0,0,7265793,16741612,1917363
1 x 512 B,9,4007,1917767,0,0,0,7272404,16741612,1919473
1 x 512 B,10,4007,1920733,0,0,0,7278493,16741612,1923039
1 x 512 B,11,4007,1915371,0,0,0,7273213,16741611,1916621
1 x 512 B,12,4007,1917633,0,0,0,7273362,16741612,1918719
1 x 512 B,13,4007,1918179,0,0,0,7275381,16741612,1919134
1 x 512 B,14,4007,1918378,0,0,0,7277269,16741612,1919399
1 x 512 B,15,4007,1919523,0,0,0,7279449,16741612,1920514
1 x 512 B,16,4007,1918717,0,0,0,7277714,16741612,1919698
1 x 512 B,17,4007,1919222,0,0,0,7274204,16741612,1920248
1 x 512 B,18,4007,1915120,0,0,0,7265059,16741612,1916071
1 x 512 B,19,4007,1917762,0,0,0,7274391,16741612,1918710
1 x 512 B,20,4007,2297691,0,0,0,7265076,16741612,2298725
1 x 512 B,21,4007,1919305,0,0,0,7279352,16741612,1920258
1 x 512 B,22,4007,1915786,0,0,0,7269112,16741612,1916736
1 x 512 B,23,4007,1915874,0,0,0,7268324,16741612,1916814
1 x 512 B,24,4007,1918987,0,0,0,7279602,16741612,1919950
1 x 512 B,25,4007,1920174,0,0,0,7282982,16741612,1921110
1 x 512 B,26,4007,1919580,0,0,0,7282803,16741612,1920529
1 x 512 B,27,4007,1919706,0,0,0,7282469,16741612,1920660
1 x 512 B,28,4007,1915216,0,0,0,7273379,16741611,1916162
1 x 512 B,29,4007,1919346,0,0,0,7278280,16741612,1920308
1 x 512 B,30,4007,1914832,0,0,0,7264529,16741612,1915789
1 x 512 B,31,4007,1919305,0,0,0,7281403,16741612,1920260
3 x 512 B,0,1536,1992058,0,0,0,7559249,12203886,1993156
3 x 512 B,1,1536,2012913,0,0,0,7637179,12203886,2013885
3 x 512 B,2,1536,1998393,0,0,0,7581679,12203886,1999375
3 x 512 B,3,1536,2006547,0,0,0,7613778,12203886,2007495
3 x 512 B,4,1536,1996262,0,0,0,7575760,12203886,1997268
3 x 512 B,5,1536,1971592,0,0,0,7480049,12203886,1972547
3 x 512 B,6,1536,2005674,0,0,0,7611002,12203886,2006651
3 x 512 B,7,1536,2011887,0,0,0,7633196,12203886,2012849
3 x 512 B,8,1536,2012415,0,0,0,7636538,12203886,2013418
3 x 512 B,9,1536,1989418,0,0,0,7547714,12203886,1990372
3 x 512 B,10,1536,1994049,0,0,0,7567052,12203886,1995005
3 x 512 B,11,1536,2007772,0,0,0,7618019,12203886,2008745
3 x 512 B,12,1536,2012195,0,0,0,7634389,12203886,2013285
3 x 512 B,13,1536,1996979,0,0,0,7574313,12203886,1998555
3 x 512 B,14,1536,1992690,0,0,0,7557429,12203886,1993885
3 x 512 B,15,1536,1989079,0,0,0,7539499,12203886,1991055
3 x 512 B,16,1536,1977263,0,0,0,7498972,12203886,1978976
3 x 512 B,17,1536,1987425,0,0,0,7536051,12203886,1989295
3 x 512 B,18,1536,1997775,0,0,0,7573103,12203886,1999429
3 x 512 B,19,1536,2002699,0,0,0,7588017,12203886,2003982
3 x 512 B,20,1536,2002452,0,0,0,7538092,12203886,1992989
3 x 512 B,21,1536,1993008,0,0,0,7555648,12203886,1994025
3 x 512 B,22,1536,1975770,0,0,0,7497844,12203886,1976731
3 x 512 B,23,1536,1972693,0,0,0,7479658,12203886,1973748
3 x 512 B,24,1536,1972786,0,0,0,7484654,12203886,1973776
3 x 512 B,25,1536,1984754,0,0,0,7528994,12203886,1985711
3 x 512 B,26,1536,1992600,0,0,0,7557429,12203886,1993609
3 x 512 B,27,1536,1996199,0,0,0,7572750,12203886,1997151
3 x 512 B,28,1536,2004937,0,0,0,7608041,12203886,2005934
3 x 512 B,29,1536,2391447,0,0,0,7635019,12203887,2392447
3 x 512 B,30,1536,1968064,0,0,0,7467634,12203886,1969031
3 x 512 B,31,1536,1988209,0,0,0,7544785,12203886,1989178
4 x 512 B,0,1521,1965406,0,0,0,7463587,11861123,1966472
4 x 512 B,1,1521,1955245,0,0,0,7420609,11861124,1956215
4 x 512 B,2,1521,1967328,0,0,0,7463620,11861124,1968283
4 x 512 B,3,1521,1957306,0,0,0,7427150,11861124,1958290
4 x 512 B,4,1521,1951630,0,0,0,7403450,11861124,1952590
4 x 512 B,5,1521,1964202,0,0,0,7452608,11861124,1965148
4 x 512 B,6,1521,1958224,0,0,0,7429140,11861124,1959182
4 x 512 B,7,1521,1963075,0,0,0,7449182,11861124,1964048
4 x 512 B,8,1521,1978631,0,0,0,7508046,11861124,1979579
4 x 512 B,9,1521,1960554,0,0,0,7439891,11861124,1961513
4 x 512 B,10,1521,1963638,0,0,0,7451553,11861124,1964589
4 x 512 B,11,1521,1971495,0,0,0,7480488,11861124,1972454
4 x 512 B,12,1521,1965282,0,0,0,7457211,11861124,1966237
4 x 512 B,13,1521,1971745,0,0,0,7481237,11861124,1972694
4 x 512 B,14,1521,1961434,0,0,0,7440585,11861124,1962408
4 x 512 B,15,1521,1965173,0,0,0,7457051,11861124,1966138
4 x 512 B,16,1521,1958262,0,0,0,7430787,11861124,1959206
4 x 512 B,17,1521,1966832,0,0,0,7463777,11861124,1967783
4 x 512 B,18,1521,1963932,0,0,0,7451319,11861124,1964903
4 x 512 B,19,1521,1970162,0,0,0,7472997,11861124,1971336
4 x 512 B,20,1521,1965424,0,0,0,7452453,11861124,1967657
4 x 512 B,21,1521,1969471,0,0,0,7466706,11861124,1971891
4 x 512 B,22,1521,1972188,0,0,0,7453514,11861124,1973419
4 x 512 B,23,1521,1968718,0,0,0,7463184,11861124,1970361
4 x 512 B,24,1521,1979496,0,0,0,7507491,11861124,1980674
4 x 512 B,25,1521,1970089,0,0,0,7464070,11861124,1972708
4 x 512 B,26,1521,1988397,0,0,0,7509558,11861124,1986730
4 x 512 B,27,1521,1974595,0,0,0,7452020,11861124,1969883
4 x 512 B,28,1521,1956457,0,0,0,7420130,11861124,1957446
4 x 512 B,29,1521,1978289,0,0,0,7506365,11861124,1979256
4 x 512 B,30,1521,1963175,0,0,0,7448793,11861124,1964140
4 x 512 B,31,1521,1964161,0,0,0,7450692,11861124,1965122
6 x 512 B,0,991,2002587,0,0,0,7596783,11114431,2003736
6 x 512 B,1,991,1985869,0,0,0,7530447,11114431,1986876
6 x 512 B,2,991,1979678,0,0,0,7512075,11114431,1980669
6 x 512 B,3,991,1989811,0,0,0,7545743,11114431,1990835
6 x 512 B,4,991,1977793,0,0,0,7510088,11114430,1978750
6 x 512 B,5,991,1979317,0,0,0,7510475,11114431,1980278
6 x 512 B,6,991,1997398,0,0,0,7578323,11114431,1998353
6 x 512 B,7,991,1992835,0,0,0,7561314,11114431,1993797
6 x 512 B,8,991,1992698,0,0,0,7560914,11114431,1993668
6 x 512 B,9,991,1980019,0,0,0,7513155,11114431,1980979
6 x 512 B,10,991,1983800,0,0,0,7528013,11114431,1984754
6 x 512 B,11,991,2001884,0,0,0,7596098,11114431,2002830
6 x 512 B,12,991,1983459,0,0,0,7526356,11114431,1984406
6 x 512 B,13,991,1998253,0,0,0,7579829,11114431,1999205
6 x 512 B,14,991,1992895,0,0,0,7560815,11114431,1993843
6 x 512 B,15,991,1978839,0,0,0,7509062,11114437,1979801
6 x 512 B,16,991,1977609,0,0,0,7504114,11114437,1978572
6 x 512 B,17,991,1981499,0,0,0,7517617,11114431,1982469
6 x 512 B,18,991,1990915,0,0,0,7553826,11114431,1991883
6 x 512 B,19,991,1983452,0,0,0,7524485,11114431,1984441
6 x 512 B,20,991,1997610,0,0,0,7578504,11114431,1998587
6 x 512 B,21,991,1983094,0,0,0,7520183,11114431,1984138
6 x 512 B,22,991,1966671,0,0,0,7460152,11114431,1967655
6 x 512 B,23,991,1990004,0,0,0,7550675,11114431,1990960
6 x 512 B,24,991,1995901,0,0,0,7574451,11114431,1996853
6 x 512 B,25,991,1992231,0,0,0,7559040,11114431,1993191
6 x 512 B,26,991,1985695,0,0,0,7534405,11114431,1986654
6 x 512 B,27,991,1997905,0,0,0,7580332,11114431,1999087
6 x 512 B,28,991,1970241,0,0,0,7471696,11114431,1971494
6 x 512 B,29,991,1981133,0,0,0,7511978,11114431,1982895
6 x 512 B,30,991,1990597,0,0,0,7547895,11114431,1992325
6 x 512 B,31,991,1996742,0,0,0,7574460,11114431,1998026
8 x 512 B,0,1185,1974200,0,0,0,7488162,11603886,1975385
8 x 512 B,1,1185,1973054,0,0,0,7484524,11603886,1974040
8 x 512 B,2,1185,1974052,0,0,0,7489184,11603886,1975036
8 x 512 B,3,1185,1974921,0,0,0,7490847,11603886,1975935
8 x 512 B,4,1185,1973971,0,0,0,7489105,11603886,1974974
8 x 512 B,5,1185,1974099,0,0,0,7489357,11603886,1975095
8 x 512 B,6,1185,1974273,0,0,0,7491078,11603886,1975316
8 x 512 B,7,1185,1975087,0,0,0,7491810,11603886,1976101
8 x 512 B,8,1185,1973026,0,0,0,7486886,11603886,1974029
8 x 512 B,9,1185,1973630,0,0,0,7486809,11603886,1974610
8 x 512 B,10,1185,1973055,0,0,0,7487013,11603886,1974034
8 x 512 B,11,1185,1974315,0,0,0,7489420,11603886,1975316
8 x 512 B,12,1185,1973007,0,0,0,7487202,11603886,1973989
8 x 512 B,13,1185,1973157,0,0,0,7487099,11603886,1974131
8 x 512 B,14,1185,1973549,0,0,0,7489105,11603886,1974522
8 x 512 B,15,1185,1973741,0,0,0,7488997,11603886,1974720
8 x 512 B,16,1185,1973513,0,0,0,7488785,11603886,1974476
8 x 512 B,17,1185,1975475,0,0,0,7493981,11603886,1976459
8 x 512 B,18,1185,1973374,0,0,0,7487555,11603886,1974349
8 x 512 B,19,1185,1973863,0,0,0,7488857,11603886,1974846
8 x 512 B,20,1185,1975181,0,0,0,7493251,11603886,1976163
8 x 512 B,21,1185,1973406,0,0,0,7488219,11603886,1974407
8 x 512 B,22,1185,1973637,0,0,0,7488584,11603886,1974607
8 x 512 B,23,1185,1973043,0,0,0,7487996,11603886,1974029
8 x 512 B,24,1185,1974016,0,0,0,7488603,11603886,1975026
8 x 512 B,25,1185,1974942,0,0,0,7488862,11603886,1976014
8 x 512 B,26,1185,1983205,0,0,0,7488917,11603886,1978153
8 x 512 B,27,1185,1973332,0,0,0,7488924,11603886,1974338
8 x 512 B,28,1185,1974064,0,0,0,7488822,11603886,1975036
8 x 512 B,29,1185,1973319,0,0,0,7489127,11603886,1974315
8 x 512 B,30,1185,1972065,0,0,0,7488493,11603885,1973034
8 x 512 B,31,1185,1973969,0,0,0,7489213,11603886,1974942
12 x 512 B,0,677,1979973,0,0,0,7509647,11671169,1981132
12 x 512 B,1,677,1988316,0,0,0,7543580,11671169,1989375
12 x 512 B,2,677,1988895,0,0,0,7546281,11671169,1990580
12 x 512 B,3,677,1988646,0,0,0,7541545,11671169,1989890
12 x 512 B,4,677,1988495,0,0,0,7542620,11671169,1990404
12 x 512 B,5,677,1996709,0,0,0,7571207,11671169,1998385
12 x 512 B,6,677,1997741,0,0,0,7573565,11671169,1999899
12 x 512 B,7,677,2009660,0,0,0,7574026,11671169,2007901
12 x 512 B,8,677,2008136,0,0,0,7573647,11671169,2001490
12 x 512 B,9,677,1983625,0,0,0,7520802,11671169,1984703
12 x 512 B,10,677,1988422,0,0,0,7543162,11671169,1989436
12 x 512 B,11,677,1996575,0,0,0,7573757,11671169,1997582
12 x 512 B,12,677,1996840,0,0,0,7576044,11671169,1997835
12 x 512 B,13,677,1989268,0,0,0,7545082,11671169,1990291
12 x 512 B,14,677,1995339,0,0,0,7569280,11671169,1996322
12 x 512 B,15,677,2374254,0,0,0,7545891,11671170,2375278
12 x 512 B,16,677,1995735,0,0,0,7573004,11671169,1996719
12 x 512 B,17,677,1993747,0,0,0,7563385,11671169,1994756
12 x 512 B,18,677,1989920,0,0,0,7551472,11671169,1990922
12 x 512 B,19,677,1995133,0,0,0,7563890,11671169,1996189
12 x 512 B,20,677,1987268,0,0,0,7539551,11671169,1988248
12 x 512 B,21,677,1989809,0,0,0,7550071,11671169,1990791
12 x 512 B,22,677,1986634,0,0,0,7538640,11671169,1987594
12 x 512 B,23,677,1987597,0,0,0,7541765,11671169,1988566
12 x 512 B,24,677,1994263,0,0,0,7553977,11671169,1995318
12 x 512 B,25,677,2000218,0,0,0,7544513,11671169,1992569
12 x 512 B,26,677,1993611,0,0,0,7565139,11671169,1994610
12 x 512 B,27,677,1988831,0,0,0,7545576,11671169,1989818
12 x 512 B,28,677,1993074,0,0,0,7562561,11671169,1994098
12 x 512 B,29,677,1982440,0,0,0,7521487,11671169,1983431
12 x 512 B,30,677,1994016,0,0,0,7566807,11671169,1995010
12 x 512 B,31,677,1979166,0,0,0,7509541,11671169,1980169
16 x 512 B,0,601,1988220,0,0,0,7543562,11558197,1989336
16 x 512 B,1,601,1987177,0,0,0,7540059,11558197,1988185
16 x 512 B,2,601,1988042,0,0,0,7543290,11558197,1989045
16 x 512 B,3,601,1987057,0,0,0,7541150,11558197,1988054
16 x 512 B,4,601,1988423,0,0,0,7543359,11558197,1989425
16 x 512 B,5,601,1987327,0,0,0,7541526,11558197,1988343
16 x 512 B,6,601,1988360,0,0,0,7544760,11558197,1989360
16 x 512 B,7,601,1988600,0,0,0,7544524,11558197,1989613
16 x 512 B,8,601,1988628,0,0,0,7542073,11558197,1989637
16 x 512 B,9,601,1988629,0,0,0,7541714,11558197,1990259
16 x 512 B,10,601,1988202,0,0,0,7540483,11558197,1989519
16 x 512 B,11,601,1989479,0,0,0,7543283,11558197,1991688
16 x 512 B,12,601,1989409,0,0,0,7540753,11558197,1991452
16 x 512 B,13,601,1989915,0,0,0,7541927,11558197,1991438
16 x 512 B,14,601,1988103,0,0,0,7538746,11558197,1989522
16 x 512 B,15,601,1990814,0,0,0,7538556,11558197,1991902
16 x 512 B,16,601,1988977,0,0,0,7541617,11558197,1990082
16 x 512 B,17,601,1986971,0,0,0,7540398,11558197,1987977
16 x 512 B,18,601,1988491,0,0,0,7542283,11558197,1989546
16 x 512 B,19,601,1988477,0,0,0,7541803,11558197,1989511
16 x 512 B,20,601,1985765,0,0,0,7540194,11558196,1986766
16 x 512 B,21,601,1986979,0,0,0,7538819,11558197,1987994
16 x 512 B,22,601,1986972,0,0,0,7538797,11558197,1987974
16 x 512 B,23,601,2368294,0,0,0,7541772,11558198,2369342
16 x 512 B,24,601,1987797,0,0,0,7540999,11558197,1988937
16 x 512 B,25,601,1988235,0,0,0,7541462,11558197,1989303
16 x 512 B,26,601,1989854,0,0,0,7542854,11558197,1991015
16 x 512 B,27,601,1987688,0,0,0,7539725,11558197,1988838
16 x 512 B,28,601,1989133,0,0,0,7541622,11558197,1990448
16 x 512 B,29,601,1988227,0,0,0,7540860,11558197,1989354
16 x 512 B,30,601,1988115,0,0,0,7539251,11558197,1989167
16 x 512 B,31,601,1987751,0,0,0,7540890,11558197,1988782
24 x 512 B,0,403,1994194,0,0,0,7566940,11554376,1995321
24 x 512 B,1,403,1996033,0,0,0,7570128,11554376,1997118
24 x 512 B,2,403,1994010,0,0,0,7564338,11554376,1995051
24 x 512 B,3,403,1994436,0,0,0,7566924,11554376,1995454
24 x 512 B,4,403,1994297,0,0,0,7566829,11554376,1995318
24 x 512 B,5,403,1994357,0,0,0,7567295,11554376,1995380
24 x 512 B,6,403,1994181,0,0,0,7566030,11554376,1995211
24 x 512 B,7,403,1996107,0,0,0,7568230,11554376,1997193
24 x 512 B,8,403,1994427,0,0,0,7567459,11554376,1995454
24 x 512 B,9,403,1994259,0,0,0,7567013,11554376,1995257
24 x 512 B,10,403,1995062,0,0,0,7570367,11554376,1996085
24 x 512 B,11,403,1994465,0,0,0,7567619,11554376,1995482
24 x 512 B,12,403,1994929,0,0,0,7567012,11554376,1995962
24 x 512 B,13,403,1994259,0,0,0,7566195,11554376,1995299
24 x 512 B,14,403,1994760,0,0,0,7565784,11554376,1995838
24 x 512 B,15,403,1994696,0,0,0,7567150,11554376,1995707
24 x 512 B,16,403,1997717,0,0,0,7569962,11554376,1999021
24 x 512 B,17,403,1995417,0,0,0,7564727,11554376,1996768
24 x 512 B,18,403,1996977,0,0,0,7570260,11554376,1998611
24 x 512 B,19,403,1997371,0,0,0,7570868,11554376,1998598
24 x 512 B,20,403,1997969,0,0,0,7569246,11554376,2000236
24 x 512 B,21,403,1996299,0,0,0,7569376,11554376,1997646
24 x 512 B,22,403,1995995,0,0,0,7569494,11554376,1997122
24 x 512 B,23,403,1994872,0,0,0,7568883,11554376,1995894
24 x 512 B,24,403,1994617,0,0,0,7569168,11554376,1995613
24 x 512 B,25,403,1995238,0,0,0,7570843,11554376,1996248
24 x 512 B,26,403,1994712,0,0,0,7569386,11554376,1995772
24 x 512 B,27,403,1994061,0,0,0,7562263,11554376,1995120
24 x 512 B,28,403,1995771,0,0,0,7572789,11554376,1996787
24 x 512 B,29,403,1995169,0,0,0,7568550,11554376,1996216
24 x 512 B,30,403,1994087,0,0,0,7567451,11554376,1995101
24 x 512 B,31,403,2357909,0,0,0,7561768,11554376,2358985
64 x 512 B,0,151,2000749,0,0,0,7589686,11455981,2001917
64 x 512 B,1,151,2000278,0,0,0,7590190,11455981,2001333
64 x 512 B,2,151,2001407,0,0,0,7592158,11455981,2002484
64 x 512 B,3,151,1999870,0,0,0,7589050,11455981,2000921
64 x 512 B,4,151,2000439,0,0,0,7589503,11455981,2001490
64 x 512 B,5,151,2001065,0,0,0,7593294,11455981,2002119
64 x 512 B,6,151,2000754,0,0,0,7591674,11455981,2001818
64 x 512 B,7,151,2000752,0,0,0,7592071,11455981,2001798
64 x 512 B,8,151,2001730,0,0,0,7591278,11455981,2002775
64 x 512 B,9,151,2000152,0,0,0,7589776,11455981,2001213
64 x 512 B,10,151,2000654,0,0,0,7590404,11455981,2001714
64 x 512 B,11,151,2000771,0,0,0,7591098,11455981,2001827
64 x 512 B,12,151,2000589,0,0,0,7591920,11455981,2001639
64 x 512 B,13,151,2000580,0,0,0,7590519,11455981,2001638
64 x 512 B,14,151,2000585,0,0,0,7591228,11455981,2001653
64 x 512 B,15,151,2000388,0,0,0,7590102,11455981,2001451
64 x 512 B,16,151,2000799,0,0,0,7590806,11455981,2001852
64 x 512 B,17,151,2000286,0,0,0,7589127,11455981,2001349
64 x 512 B,18,151,2000545,0,0,0,7590223,11455981,2001596
64 x 512 B,19,151,2000689,0,0,0,7590902,11455981,2001743
64 x 512 B,20,151,2000463,0,0,0,7590513,11455981,2001534
64 x 512 B,21,151,2000709,0,0,0,7589291,11455981,2001764
64 x 512 B,22,151,2001119,0,0,0,7592264,11455981,2002237
64 x 512 B,23,151,2001710,0,0,0,7591379,11455981,2003467
64 x 512 B,24,151,2001680,0,0,0,7591167,11455981,2003395
64 x 512 B,25,151,2002683,0,0,0,7588950,11455981,2004381
64 x 512 B,26,151,2002201,0,0,0,7591056,11455981,2003569
64 x 512 B,27,151,2005086,0,0,0,7590481,11455981,2007324
64 x 512 B,28,151,2002133,0,0,0,7590987,11455981,2003656
64 x 512 B,29,151,2017280,0,0,0,7591360,11455981,2008716
64 x 512 B,30,151,2001349,0,0,0,7589487,11455981,2002449
64 x 512 B,31,151,2000630,0,0,0,7590181,11455981,2001698
128 x 512 B,0,76,2016916,0,0,0,7653594,11505018,2018096
128 x 512 B,1,76,2018612,0,0,0,7657870,11505018,2019690
128 x 512 B,2,76,2018513,0,0,0,7659059,11505018,2019608
128 x 512 B,3,76,2017253,0,0,0,7650382,11505018,2018353
128 x 512 B,4,76,2016363,0,0,0,7650948,11505018,2017431
128 x 512 B,5,76,2018883,0,0,0,7658612,11505018,2019999
128 x 512 B,6,76,2019444,0,0,0,7655194,11505019,2020472
128 x 512 B,7,76,2383280,0,0,0,7657836,11505018,2384372
128 x 512 B,8,76,2017985,0,0,0,7656283,11505018,2019076
128 x 512 B,9,76,2018155,0,0,0,7656449,11505018,2019221
128 x 512 B,10,76,2018119,0,0,0,7657826,11505018,2019191
128 x 512 B,11,76,2017970,0,0,0,7658085,11505018,2019054
128 x 512 B,12,76,2018624,0,0,0,7657098,11505018,2019668
128 x 512 B,13,76,2018182,0,0,0,7654740,11505018,2019267
128 x 512 B,14,76,2018361,0,0,0,7655727,11505018,2019428
128 x 512 B,15,76,2017645,0,0,0,7656864,11505018,2018710
128 x 512 B,16,76,2018692,0,0,0,7658134,11505018,2019749
128 x 512 B,17,76,2017560,0,0,0,7656534,11505018,2018593
128 x 512 B,18,76,2019347,0,0,0,7660788,11505018,2020385
128 x 512 B,19,76,2017466,0,0,0,7656573,11505018,2018519
128 x 512 B,20,76,2018926,0,0,0,7659227,11505018,2019984
128 x 512 B,21,76,2018502,0,0,0,7657149,11505018,2019549
128 x 512 B,22,76,2017351,0,0,0,7653023,11505018,2018406
128 x 512 B,23,76,2018824,0,0,0,7661246,11505018,2019890
128 x 512 B,24,76,2017344,0,0,0,7653963,11505018,2018383
128 x 512 B,25,76,2018072,0,0,0,7658780,11505018,2019115
128 x 512 B,26,76,2018757,0,0,0,7658470,11505018,2019799
128 x 512 B,27,76,2018216,0,0,0,7658382,11505018,2019296
128 x 512 B,28,76,2019216,0,0,0,7660097,11505018,2020323
128 x 512 B,29,76,2019109,0,0,0,7655378,11505018,2020675
128 x 512 B,30,76,2019327,0,0,0,7656947,11505018,2020815
128 x 512 B,31,76,2020115,0,0,0,7659193,11505018,2022164
129 x 512 B,0,74,2000032,0,0,0,7584204,11466222,2002193
129 x 512 B,1,74,2009269,0,0,0,7572608,11466222,2006820
129 x 512 B,2,74,1997569,0,0,0,7576226,11466222,1998672
129 x 512 B,3,74,1996147,0,0,0,7572524,11466222,1997224
129 x 512 B,4,74,1998473,0,0,0,7578507,11466222,1999579
129 x 512 B,5,74,1996693,0,0,0,7574159,11466222,1997776
129 x 512 B,6,74,1995044,0,0,0,7568688,11466222,1996116
129 x 512 B,7,74,1997154,0,0,0,7577355,11466222,1998218
129 x 512 B,8,74,1996458,0,0,0,7573286,11466222,1997577
129 x 512 B,9,74,1994605,0,0,0,7568304,11466222,1995675
129 x 512 B,10,74,1998875,0,0,0,7577413,11466222,1999970
129 x 512 B,11,74,1996174,0,0,0,7572857,11466222,1997253
129 x 512 B,12,74,1996642,0,0,0,7575141,11466222,1997700
129 x 512 B,13,74,1996123,0,0,0,7573792,11466222,1997179
129 x 512 B,14,74,1995626,0,0,0,7572103,11466222,1996729
129 x 512 B,15,74,1997067,0,0,0,7577299,11466222,1998127
129 x 512 B,16,74,1995840,0,0,0,7573446,11466222,1996904
129 x 512 B,17,74,1995601,0,0,0,7570868,11466222,1996639
129 x 512 B,18,74,1995382,0,0,0,7569934,11466222,1996444
129 x 512 B,19,74,1993292,0,0,0,7563184,11466222,1994363
129 x 512 B,20,74,1995133,0,0,0,7570319,11466222,1996171
129 x 512 B,21,74,1997818,0,0,0,7580234,11466222,1998859
129 x 512 B,22,74,1997019,0,0,0,7576876,11466222,1998082
129 x 512 B,23,74,1996689,0,0,0,7577069,11466222,1997740
129 x 512 B,24,74,1996985,0,0,0,7577556,11466222,1998057
129 x 512 B,25,74,1995646,0,0,0,7573456,11466222,1996706
129 x 512 B,26,74,1994220,0,0,0,7567990,11466222,1995256
129 x 512 B,27,74,1999873,0,0,0,7585563,11466222,2001174
129 x 512 B,28,74,1996256,0,0,0,7582047,11466221,1999483
129 x 512 B,29,74,1995623,0,0,0,7578446,11466221,1998812
129 x 512 B,30,74,1995093,0,0,0,7577556,11466221,1996167
129 x 512 B,31,74,1998859,0,0,0,7584563,11466222,1999981
1024 x 512 B,0,10,2125287,0,0,0,8064246,12101006,2126557
1024 x 512 B,1,10,2128554,0,0,0,8070112,12101007,2129610
1024 x 512 B,2,10,2134977,0,0,0,8101522,12101006,2136626
1024 x 512 B,3,10,2140909,0,0,0,8121536,12101006,2142254
1024 x 512 B,4,10,2140467,0,0,0,8118819,12101006,2142423
1024 x 512 B,5,10,2128830,0,0,0,8074781,12101006,2130642
1024 x 512 B,6,10,2129168,0,0,0,8075584,12101006,2131033
1024 x 512 B,7,10,2128769,0,0,0,8063830,12101006,2130476
1024 x 512 B,8,10,2150052,0,0,0,8064576,12101007,2139158
1024 x 512 B,9,10,2127216,0,0,0,8063600,12101006,2128373
1024 x 512 B,10,10,2125956,0,0,0,8063639,12101006,2127056
1024 x 512 B,11,10,2125191,0,0,0,8062893,12101006,2126262
1024 x 512 B,12,10,2126003,0,0,0,8065262,12101006,2127079
1024 x 512 B,13,10,2125274,0,0,0,8064540,12101006,2126355
1024 x 512 B,14,10,2510963,0,0,0,8065060,12101007,2512070
1024 x 512 B,15,10,2124810,0,0,0,8062993,12101006,2125901
1024 x 512 B,16,10,2124920,0,0,0,8063099,12101006,2126001
1024 x 512 B,17,10,2125128,0,0,0,8063206,12101006,2126185
1024 x 512 B,18,10,2124719,0,0,0,8063686,12101006,2125780
1024 x 512 B,19,10,2124914,0,0,0,8063924,12101006,2125977
1024 x 512 B,20,10,2125123,0,0,0,8064520,12101006,2126208
1024 x 512 B,21,10,2126497,0,0,0,8063148,12101007,2127590
1024 x 512 B,22,10,2124712,0,0,0,8063987,12101006,2125777
1024 x 512 B,23,10,2125353,0,0,0,8063800,12101006,2126419
1024 x 512 B,24,10,2124104,0,0,0,8061888,12101006,2125188
1024 x 512 B,25,10,2125161,0,0,0,8064487,12101006,2126218
1024 x 512 B,26,10,2124848,0,0,0,8062600,12101006,2125932
1024 x 512 B,27,10,2124882,0,0,0,8064062,12101006,2125954
1024 x 512 B,28,10,2125081,0,0,0,8064608,12101006,2126144
1024 x 512 B,29,10,2126202,0,0,0,8063578,12101007,2127277
1024 x 512 B,30,10,2125036,0,0,0,8063226,12101006,2126103
1024 x 512 B,31,10,2125845,0,0,0,8064311,12101006,2126933
1 x 1024 B,0,2056,1945559,0,0,0,7378174,16436030,1946715
1 x 1024 B,1,2056,1944339,0,0,0,7378231,16436030,1945226
1 x 1024 B,2,2056,1945187,0,0,0,7378252,16436030,1946083
1 x 1024 B,3,2056,1946681,0,0,0,7378329,16436030,1947898
1 x 1024 B,4,2056,1945427,0,0,0,7378371,16436030,1947150
1 x 1024 B,5,2056,1945637,0,0,0,7378231,16436030,1946704
1 x 1024 B,6,2056,1946221,0,0,0,7378316,16436030,1947729
1 x 1024 B,7,2056,1943196,0,0,0,7377822,16436029,1944235
1 x 1024 B,8,2056,1946402,0,0,0,7378593,16436030,1948679
1 x 1024 B,9,2056,1950268,0,0,0,7378515,16436030,1951507
1 x 1024 B,10,2056,1964426,0,0,0,7379202,16436030,1953884
1 x 1024 B,11,2056,1945690,0,0,0,7378284,16436030,1948117
1 x 1024 B,12,2056,1945682,0,0,0,7378209,16436030,1946719
1 x 1024 B,13,2056,1945189,0,0,0,7378546,16436030,1946116
1 x 1024 B,14,2056,2015336,0,0,0,7378737,16436030,1949132
1 x 1024 B,15,2056,1945066,0,0,0,7378240,16436030,1946033
1 x 1024 B,16,2056,1945783,0,0,0,7377709,16436030,1946673
1 x 1024 B,17,2056,1945497,0,0,0,7378256,16436030,1946978
1 x 1024 B,18,2056,1947805,0,0,0,7378278,16436030,1949353
1 x 1024 B,19,2056,1944819,0,0,0,7378203,16436030,1945704
1 x 1024 B,20,2056,1944591,0,0,0,7378197,16436030,1945463
1 x 1024 B,21,2056,1944621,0,0,0,7378180,16436030,1945486
1 x 1024 B,22,2056,2320319,0,0,0,7378191,16436030,2321214
1 x 1024 B,23,2056,1944426,0,0,0,7378368,16436030,1945645
1 x 1024 B,24,2056,1948096,0,0,0,7378659,16436030,1949883
1 x 1024 B,25,2056,1952320,0,0,0,7378362,16436030,1950778
1 x 1024 B,26,2056,1945730,0,0,0,7378329,16436030,1946632
1 x 1024 B,27,2056,1944491,0,0,0,7378604,16436030,1945384
1 x 1024 B,28,2056,1944786,0,0,0,7378114,16436030,1945665
1 x 1024 B,29,2056,1944760,0,0,0,7378152,16436030,1945642
1 x 1024 B,30,2056,2328358,0,0,0,7378182,16436030,2329259
1 x 1024 B,31,2056,1944625,0,0,0,7378198,16436030,1945490
3 x 1024 B,0,786,1992370,0,0,0,7561280,12045816,1993325
3 x 1024 B,1,786,1993835,0,0,0,7559874,12045816,1994757
3 x 1024 B,2,786,1991772,0,0,0,7558925,12045816,1992631
3 x 1024 B,3,786,1992059,0,0,0,7559779,12045816,1992940
3 x 1024 B,4,786,1992531,0,0,0,7559608,12045816,1993412
3 x 1024 B,5,786,1992635,0,0,0,7560124,12045816,1993499
3 x 1024 B,6,786,1993279,0,0,0,7559190,12045816,1994177
3 x 1024 B,7,786,1992291,0,0,0,7559997,12045816,1993162
3 x 1024 B,8,786,1992254,0,0,0,7560000,12045816,1993109
3 x 1024 B,9,786,1994540,0,0,0,7558751,12045816,1995458
3 x 1024 B,10,786,1993000,0,0,0,7560477,12045816,1993894
3 x 1024 B,11,786,1992171,0,0,0,7560017,12045816,1993034
3 x 1024 B,12,786,1992769,0,0,0,7560240,12045816,1993661
3 x 1024 B,13,786,1993922,0,0,0,7559274,12045816,1994901
3 x 1024 B,14,786,2000897,0,0,0,7560584,12045816,1996072
3 x 1024 B,15,786,1992585,0,0,0,7559341,12045816,1994232
3 x 1024 B,16,786,1993278,0,0,0,7559907,12045816,1994566
3 x 1024 B,17,786,1993006,0,0,0,7557704,12045816,1994563
3 x 1024 B,18,786,1993264,0,0,0,7560053,12045816,1994410
3 x 1024 B,19,786,2002214,0,0,0,7551032,12045816,2001717
3 x 1024 B,20,786,1982966,0,0,0,7519651,12045816,1984529
3 x 1024 B,21,786,1982791,0,0,0,7519856,12045816,1983758
3 x 1024 B,22,786,1981943,0,0,0,7519095,12045816,1982808
3 x 1024 B,23,786,1982496,0,0,0,7522186,12045816,1983364
3 x 1024 B,24,786,1981224,0,0,0,7518209,12045816,1982094
3 x 1024 B,25,786,1981339,0,0,0,7519772,12045816,1982294
3 x 1024 B,26,786,1981777,0,0,0,7518773,12045816,1982657
3 x 1024 B,27,786,1981365,0,0,0,7518899,12045816,1982234
3 x 1024 B,28,786,1982203,0,0,0,7519112,12045816,1983076
3 x 1024 B,29,786,1981305,0,0,0,7518693,12045816,1982182
3 x 1024 B,30,786,1981863,0,0,0,7519451,12045816,1982734
3 x 1024 B,31,786,2364422,0,0,0,7546557,12045816,2365332
4 x 1024 B,0,772,1990491,0,0,0,7552441,11717782,1991449
4 x 1024 B,1,772,1990879,0,0,0,7552392,11717782,1991771
4 x 1024 B,2,772,1992141,0,0,0,7552423,11717782,1993105
4 x 1024 B,3,772,1991391,0,0,0,7555532,11717782,1992263
4 x 1024 B,4,772,1990934,0,0,0,7551939,11717782,1991821
4 x 1024 B,5,772,1990239,0,0,0,7552206,11717782,1991111
4 x 1024 B,6,772,1990812,0,0,0,7552379,11717782,1991681
4 x 1024 B,7,772,1990696,0,0,0,7553068,11717782,1991562
4 x 1024 B,8,772,1990436,0,0,0,7552047,11717782,1991312
4 x 1024 B,9,772,1990337,0,0,0,7552434,11717782,1991204
4 x 1024 B,10,772,1990303,0,0,0,7552239,11717782,1991165
4 x 1024 B,11,772,1990396,0,0,0,7551998,11717782,1991259
4 x 1024 B,12,772,1996892,0,0,0,7552318,11717782,1994599
4 x 1024 B,13,772,1990609,0,0,0,7552548,11717782,1991500
4 x 1024 B,14,772,1990217,0,0,0,7552011,11717782,1991089
4 x 1024 B,15,772,1990395,0,0,0,7553817,11717782,1991266
4 x 1024 B,16,772,1990186,0,0,0,7552360,11717782,1991037
4 x 1024 B,17,772,1991710,0,0,0,7557420,11717782,1992572
4 x 1024 B,18,772,1990442,0,0,0,7552382,11717782,1991298
4 x 1024 B,19,772,1990038,0,0,0,7552513,11717782,1990894
4 x 1024 B,20,772,1990987,0,0,0,7552436,11717782,1991897
4 x 1024 B,21,772,1991241,0,0,0,7555512,11717782,1992159
4 x 1024 B,22,772,1991168,0,0,0,7552127,11717782,1992659
4 x 1024 B,23,772,1991273,0,0,0,7553269,11717782,1992978
4 x 1024 B,24,772,1994700,0,0,0,7554940,11717782,1996677
4 x 1024 B,25,772,1991626,0,0,0,7552188,11717782,1993078
4 x 1024 B,26,772,1993702,0,0,0,7556124,11717782,1996242
4 x 1024 B,27,772,1991814,0,0,0,7552263,11717782,1993157
4 x 1024 B,28,772,2003904,0,0,0,7552850,11717782,1996880
4 x 1024 B,29,772,1992094,0,0,0,7554848,11717782,1993018
4 x 1024 B,30,772,1990516,0,0,0,7554633,11717782,1991380
4 x 1024 B,31,772,1990507,0,0,0,7553759,11717782,1991402
6 x 1024 B,0,498,1992100,0,0,0,7558552,10937940,1993047
6 x 1024 B,1,498,1991620,0,0,0,7557856,10937940,1992566
6 x 1024 B,2,498,1992725,0,0,0,7558988,10937940,1993617
6 x 1024 B,3,498,1992539,0,0,0,7558138,10937940,1993438
6 x 1024 B,4,498,1992353,0,0,0,7558843,10937940,1993246
6 x 1024 B,5,498,1991775,0,0,0,7558374,10937940,1992715
6 x 1024 B,6,498,2356352,0,0,0,7558668,10937940,2357303
6 x 1024 B,7,498,1991602,0,0,0,7558560,10937940,1992517
6 x 1024 B,8,498,1992433,0,0,0,7558921,10937940,1993318
6 x 1024 B,9,498,1991719,0,0,0,7559029,10937940,1992623
6 x 1024 B,10,498,1992142,0,0,0,7557890,10937940,1993022
6 x 1024 B,11,498,1991682,0,0,0,7558659,10937940,1992570
6 x 1024 B,12,498,1991663,0,0,0,7558704,10937940,1992567
6 x 1024 B,13,498,1991719,0,0,0,7558868,10937940,1992619
6 x 1024 B,14,498,1991819,0,0,0,7558942,10937940,1992705
6 x 1024 B,15,498,1991997,0,0,0,7558344,10937940,1992880
6 x 1024 B,16,498,1992216,0,0,0,7558698,10937940,1993098
6 x 1024 B,17,498,1991908,0,0,0,7558286,10937940,1992787
6 x 1024 B,18,498,1992023,0,0,0,7558551,10937940,1992924
6 x 1024 B,19,498,1991873,0,0,0,7558487,10937940,1992761
6 x 1024 B,20,498,1991478,0,0,0,7558511,10937940,1992364
6 x 1024 B,21,498,1991716,0,0,0,7558501,10937940,1992619
6 x 1024 B,22,498,1991642,0,0,0,7558506,10937940,1992523
6 x 1024 B,23,498,1992085,0,0,0,7559336,10937940,1992959
6 x 1024 B,24,498,1991933,0,0,0,7558577,10937940,1992807
6 x 1024 B,25,498,1992011,0,0,0,7558726,10937940,1992883
6 x 1024 B,26,498,1992099,0,0,0,7558912,10937940,1992966
6 x 1024 B,27,498,1991828,0,0,0,7558531,10937940,1992709
6 x 1024 B,28,498,1991938,0,0,0,7558789,10937940,1992882
6 x 1024 B,29,498,1992996,0,0,0,7558662,10937940,1995077
6 x 1024 B,30,498,1992371,0,0,0,7558640,10937940,1993469
6 x 1024 B,31,498,1994189,0,0,0,7559197,10937940,1995655
8 x 1024 B,0,604,1989470,0,0,0,7540985,11556094,1992517
8 x 1024 B,1,604,1988691,0,0,0,7540482,11556094,1989868
8 x 1024 B,2,604,1989471,0,0,0,7544103,11556094,1990529
8 x 1024 B,3,604,1990365,0,0,0,7549393,11556094,1991390
8 x 1024 B,4,604,1989174,0,0,0,7545633,11556094,1990181
8 x 1024 B,5,604,1989185,0,0,0,7545302,11556094,1990187
8 x 1024 B,6,604,1989308,0,0,0,7547432,11556094,1990290
8 x 1024 B,7,604,2370724,0,0,0,7546195,11556095,2371795
8 x 1024 B,8,604,1990980,0,0,0,7554030,11556094,1992046
8 x 1024 B,9,604,1990351,0,0,0,7550722,11556094,1991348
8 x 1024 B,10,604,1992242,0,0,0,7550846,11556094,1993294
8 x 1024 B,11,604,1990268,0,0,0,7549742,11556094,1991257
8 x 1024 B,12,604,1991954,0,0,0,7556816,11556094,1992952
8 x 1024 B,13,604,1989774,0,0,0,7555680,11556093,1990739
8 x 1024 B,14,604,1991011,0,0,0,7553159,11556094,1991986
8 x 1024 B,15,604,1991881,0,0,0,7556236,11556094,1992867
8 x 1024 B,16,604,1990670,0,0,0,7552989,11556094,1991663
8 x 1024 B,17,604,1991216,0,0,0,7553996,11556094,1992223
8 x 1024 B,18,604,1991555,0,0,0,7555425,11556094,1992549
8 x 1024 B,19,604,1991093,0,0,0,7552218,11556094,1992078
8 x 1024 B,20,604,1991382,0,0,0,7555788,11556094,1992378
8 x 1024 B,21,604,1990825,0,0,0,7553031,11556094,1991842
8 x 1024 B,22,604,1990083,0,0,0,7549637,11556094,1991079
8 x 1024 B,23,604,1991184,0,0,0,7552601,11556094,1992189
8 x 1024 B,24,604,1990442,0,0,0,7552533,11556094,1991427
8 x 1024 B,25,604,1990704,0,0,0,7552858,11556094,1991697
8 x 1024 B,26,604,1989888,0,0,0,7548584,11556094,1990912
8 x 1024 B,27,604,1990070,0,0,0,7550153,11556094,1991080
8 x 1024 B,28,604,1990227,0,0,0,7550317,11556094,1991224
8 x 1024 B,29,604,1990274,0,0,0,7551794,11556094,1991277
8 x 1024 B,30,604,1991817,0,0,0,7555490,11556094,1992823
8 x 1024 B,31,604,1991045,0,0,0,7553751,11556094,1992038
12 x 1024 B,0,342,1994803,0,0,0,7568067,11615712,1995948
12 x 1024 B,1,342,1996298,0,0,0,7568767,11615712,1997360
12 x 1024 B,2,342,1995048,0,0,0,7568379,11615712,1996374
12 x 1024 B,3,342,1995795,0,0,0,7568463,11615712,1997238
12 x 1024 B,4,342,1995171,0,0,0,7568100,11615712,1996439
12 x 1024 B,5,342,1995649,0,0,0,7562838,11615712,1997521
12 x 1024 B,6,342,1992255,0,0,0,7556553,11615712,1993667
12 x 1024 B,7,342,1992963,0,0,0,7556432,11615712,1995443
12 x 1024 B,8,342,2001326,0,0,0,7556944,11615712,1999603
12 x 1024 B,9,342,2006679,0,0,0,7579521,11615712,2002214
12 x 1024 B,10,342,2006035,0,0,0,7606913,11615712,2007148
12 x 1024 B,11,342,2005980,0,0,0,7607087,11615712,2007015
12 x 1024 B,12,342,2004336,0,0,0,7605933,11615712,2005339
12 x 1024 B,13,342,2003127,0,0,0,7598569,11615712,2004154
12 x 1024 B,14,342,1998155,0,0,0,7581473,11615712,1999232
12 x 1024 B,15,342,2367237,0,0,0,7574171,11615713,2368321
12 x 1024 B,16,342,1994664,0,0,0,7569365,11615712,1995707
12 x 1024 B,17,342,1996437,0,0,0,7574958,11615712,1997455
12 x 1024 B,18,342,1994750,0,0,0,7568935,11615712,1995766
12 x 1024 B,19,342,1996495,0,0,0,7577116,11615712,1997505
12 x 1024 B,20,342,1999817,0,0,0,7588277,11615712,2000848
12 x 1024 B,21,342,1995843,0,0,0,7574248,11615712,1996853
12 x 1024 B,22,342,1996625,0,0,0,7576818,11615712,1997656
12 x 1024 B,23,342,1996773,0,0,0,7577814,11615712,1997790
12 x 1024 B,24,342,1996908,0,0,0,7577519,11615712,1997942
12 x 1024 B,25,342,1996960,0,0,0,7577356,11615712,1997979
12 x 1024 B,26,342,1999121,0,0,0,7585459,11615712,2000176
12 x 1024 B,27,342,1997095,0,0,0,7577345,11615712,1998107
12 x 1024 B,28,342,1994403,0,0,0,7568480,11615712,1995425
12 x 1024 B,29,342,1996903,0,0,0,7577450,11615712,1997926
12 x 1024 B,30,342,1997056,0,0,0,7579239,11615712,1998084
12 x 1024 B,31,342,1997412,0,0,0,7579757,11615712,1998444
16 x 1024 B,0,305,1999516,0,0,0,7585290,11564441,2000638
16 x 1024 B,1,305,1998018,0,0,0,7582937,11564441,1999029
16 x 1024 B,2,305,2000239,0,0,0,7590110,11564441,2001271
16 x 1024 B,3,305,1998579,0,0,0,7585113,11564441,1999595
16 x 1024 B,4,305,1999294,0,0,0,7587136,11564441,2000316
16 x 1024 B,5,305,1998296,0,0,0,7583714,11564441,1999328
16 x 1024 B,6,305,1999238,0,0,0,7585900,11564441,2000256
16 x 1024 B,7,305,1998655,0,0,0,7584896,11564441,1999704
16 x 1024 B,8,305,1999073,0,0,0,7583990,11564441,2000099
16 x 1024 B,9,305,1999145,0,0,0,7585525,11564441,2000486
16 x 1024 B,10,305,2000104,0,0,0,7585833,11564441,2001551
16 x 1024 B,11,305,1999113,0,0,0,7582921,11564441,2000312
16 x 1024 B,12,305,2000494,0,0,0,7586462,11564441,2002192
16 x 1024 B,13,305,1999546,0,0,0,7585188,11564441,2000837
16 x 1024 B,14,305,2005494,0,0,0,7585007,11564441,2007653
16 x 1024 B,15,305,2012015,0,0,0,7588749,11564441,2008821
16 x 1024 B,16,305,2011194,0,0,0,7583595,11564441,2004788
16 x 1024 B,17,305,1999675,0,0,0,7586018,11564441,2000760
16 x 1024 B,18,305,1998909,0,0,0,7583766,11564441,1999956
16 x 1024 B,19,305,1999357,0,0,0,7585508,11564441,2000376
16 x 1024 B,20,305,2001536,0,0,0,7592404,11564441,2002579
16 x 1024 B,21,305,1999421,0,0,0,7585587,11564441,2000446
16 x 1024 B,22,305,1999202,0,0,0,7585080,11564441,2000223
16 x 1024 B,23,305,2000244,0,0,0,7589492,11564441,2001271
16 x 1024 B,24,305,2385720,0,0,0,7587350,11564441,2386788
16 x 1024 B,25,305,1999229,0,0,0,7584839,11564441,2000259
16 x 1024 B,26,305,1999745,0,0,0,7585352,11564441,2000774
16 x 1024 B,27,305,1998485,0,0,0,7582930,11564441,1999515
16 x 1024 B,28,305,1998968,0,0,0,7585259,11564441,2000000
16 x 1024 B,29,305,1998769,0,0,0,7584261,11564441,1999813
16 x 1024 B,30,305,2000063,0,0,0,7589836,11564441,2001084
16 x 1024 B,31,305,1999217,0,0,0,7581962,11564441,2000284
24 x 1024 B,0,203,1996322,0,0,0,7573505,11510060,1997475
24 x 1024 B,1,203,1995545,0,0,0,7570314,11510060,1996587
24 x 1024 B,2,203,1995824,0,0,0,7572615,11510060,1996868
24 x 1024 B,3,203,1995690,0,0,0,7572281,11510060,1996737
24 x 1024 B,4,203,1995018,0,0,0,7570282,11510060,1996082
24 x 1024 B,5,203,1994890,0,0,0,7568760,11510060,1995935
24 x 1024 B,6,203,1995067,0,0,0,7570117,11510060,1996141
24 x 1024 B,7,203,1995016,0,0,0,7569439,11510060,1996075
24 x 1024 B,8,203,1996919,0,0,0,7576163,11510060,1998022
24 x 1024 B,9,203,1995479,0,0,0,7570598,11510060,1996547
24 x 1024 B,10,203,1995607,0,0,0,7573042,11510060,1996685
24 x 1024 B,11,203,1995314,0,0,0,7571185,11510060,1996370
24 x 1024 B,12,203,1994119,0,0,0,7566609,11510060,1995178
24 x 1024 B,13,203,1995860,0,0,0,7573873,11510060,1996926
24 x 1024 B,14,203,1995189,0,0,0,7571574,11510060,1996273
24 x 1024 B,15,203,1996346,0,0,0,7572567,11510060,1997418
24 x 1024 B,16,203,1995058,0,0,0,7569482,11510060,1996114
24 x 1024 B,17,203,1995306,0,0,0,7564635,11510060,1996943
24 x 1024 B,18,203,1995154,0,0,0,7566632,11510060,1996806
24 x 1024 B,19,203,1996499,0,0,0,7570272,11510060,1998027
24 x 1024 B,20,203,1996756,0,0,0,7570503,11510060,1998107
24 x 1024 B,21,203,1999827,0,0,0,7572850,11510060,2002633
24 x 1024 B,22,203,1996355,0,0,0,7571541,11510060,1997759
24 x 1024 B,23,203,1996805,0,0,0,7573060,11510060,1997971
24 x 1024 B,24,203,1995515,0,0,0,7569055,11510060,1996635
24 x 1024 B,25,203,1994533,0,0,0,7568268,11510060,1995599
24 x 1024 B,26,203,1994384,0,0,0,7568464,11510060,1995452
24 x 1024 B,27,203,1995191,0,0,0,7569286,11510060,1996337
24 x 1024 B,28,203,1996620,0,0,0,7575394,11510060,1997721
24 x 1024 B,29,203,1995633,0,0,0,7571828,11510060,1996692
24 x 1024 B,30,203,1995333,0,0,0,7570626,11510060,1996398
24 x 1024 B,31,203,1994880,0,0,0,7568970,11510060,1995961
64 x 1024 B,0,62,1640113,0,0,0,6220832,9338372,1641367
64 x 1024 B,1,62,1639605,0,0,0,6219605,9338372,1640687
64 x 1024 B,2,62,1637839,0,0,0,6218448,9338371,1638871
64 x 1024 B,3,62,1639493,0,0,0,6218942,9338372,1640559
64 x 1024 B,4,62,1639979,0,0,0,6220792,9338372,1641032
64 x 1024 B,5,62,1637798,0,0,0,6219797,9338371,1638846
64 x 1024 B,6,62,1639952,0,0,0,6220125,9338372,1641031
64 x 1024 B,7,62,1637848,0,0,0,6218746,9338371,1638909
64 x 1024 B,8,62,1639960,0,0,0,6220540,9338372,1641032
64 x 1024 B,9,62,1640485,0,0,0,6220612,9338372,1641554
64 x 1024 B,10,62,1637640,0,0,0,6218006,9338371,1638697
64 x 1024 B,11,62,1640194,0,0,0,6219035,9338372,1641253
64 x 1024 B,12,62,1639507,0,0,0,6219840,9338372,1640571
64 x 1024 B,13,62,1638205,0,0,0,6219813,9338371,1639238
64 x 1024 B,14,62,1639420,0,0,0,6219006,9338372,1640459
64 x 1024 B,15,62,1639125,0,0,0,6218516,9338372,1640187
64 x 1024 B,16,62,1637771,0,0,0,6218755,9338371,1638793
64 x 1024 B,17,62,1639236,0,0,0,6218638,9338372,1640299
64 x 1024 B,18,62,1639449,0,0,0,6217482,9338372,1640513
64 x 1024 B,19,62,1638060,0,0,0,6220313,9338371,1639097
64 x 1024 B,20,62,1639783,0,0,0,6219875,9338372,1640848
64 x 1024 B,21,62,1637258,0,0,0,6216889,9338371,1638296
64 x 1024 B,22,62,1639421,0,0,0,6219136,9338372,1640486
64 x 1024 B,23,62,1639427,0,0,0,6218859,9338372,1640484
64 x 1024 B,24,62,1637925,0,0,0,6219798,9338371,1638956
64 x 1024 B,25,62,1640041,0,0,0,6221146,9338372,1641093
64 x 1024 B,26,62,1639555,0,0,0,6220210,9338372,1640670
64 x 1024 B,27,62,1637667,0,0,0,6217480,9338371,1638722
64 x 1024 B,28,62,1640115,0,0,0,6219853,9338372,1641245
64 x 1024 B,29,62,1641395,0,0,0,6221797,9338372,1643086
64 x 1024 B,30,62,1638187,0,0,0,6219394,9338371,1639352
64 x 1024 B,31,62,1643881,0,0,0,6219378,9338372,1646055
128 x 1024 B,0,38,2010683,0,0,0,7624940,11433692,2012261
128 x 1024 B,1,38,2015388,0,0,0,7624683,11433692,2017528
128 x 1024 B,2,38,2010132,0,0,0,7624110,11433692,2011333
128 x 1024 B,3,38,2029958,0,0,0,7625001,11433692,2020571
128 x 1024 B,4,38,2010449,0,0,0,7623065,11433692,2011553
128 x 1024 B,5,38,2009102,0,0,0,7623268,11433692,2010154
128 x 1024 B,6,38,2009050,0,0,0,7624155,11433692,2010108
128 x 1024 B,7,38,2008877,0,0,0,7622483,11433692,2009930
128 x 1024 B,8,38,2008926,0,0,0,7623467,11433692,2010054
128 x 1024 B,9,38,2009757,0,0,0,7623159,11433692,2010830
128 x 1024 B,10,38,2017751,0,0,0,7622755,11433692,2013280
128 x 1024 B,11,38,2009752,0,0,0,7624072,11433692,2010856
128 x 1024 B,12,38,2009824,0,0,0,7624446,11433692,2010907
128 x 1024 B,13,38,2376645,0,0,0,7624777,11433693,2377771
128 x 1024 B,14,38,2009011,0,0,0,7623183,11433692,2010109
128 x 1024 B,15,38,2008351,0,0,0,7621818,11433692,2009430
128 x 1024 B,16,38,2007950,0,0,0,7618948,11433692,2009031
128 x 1024 B,17,38,2008733,0,0,0,7620168,11433692,2009823
128 x 1024 B,18,38,2008277,0,0,0,7620244,11433692,2009325
128 x 1024 B,19,38,2007578,0,0,0,7618669,11433692,2008669
128 x 1024 B,20,38,2008083,0,0,0,7618969,11433692,2009124
128 x 1024 B,21,38,2007951,0,0,0,7619297,11433692,2009022
128 x 1024 B,22,38,2007654,0,0,0,7618285,11433692,2008731
128 x 1024 B,23,38,2011242,0,0,0,7619075,11433692,2012383
128 x 1024 B,24,38,2008160,0,0,0,7620056,11433692,2009235
128 x 1024 B,25,38,2007966,0,0,0,7616969,11433692,2009075
128 x 1024 B,26,38,2008442,0,0,0,7621055,11433692,2009511
128 x 1024 B,27,38,2007810,0,0,0,7618933,11433692,2008916
128 x 1024 B,28,38,2007674,0,0,0,7618843,11433692,2008743
128 x 1024 B,29,38,2007612,0,0,0,7617894,11433692,2008692
128 x 1024 B,30,38,2007363,0,0,0,7618290,11433692,2008437
128 x 1024 B,31,38,2008239,0,0,0,7620270,11433692,2009315
129 x 1024 B,0,38,2042261,0,0,0,7749973,11695550,2043408
129 x 1024 B,1,38,2042548,0,0,0,7749861,11695550,2043637
129 x 1024 B,2,38,2042910,0,0,0,7750556,11695550,2044056
129 x 1024 B,3,38,2043039,0,0,0,7750976,11695550,2044733
129 x 1024 B,4,38,2043673,0,0,0,7750939,11695550,2044879
129 x 1024 B,5,38,2043648,0,0,0,7750458,11695550,2045417
129 x 1024 B,6,38,2043056,0,0,0,7748967,11695550,2044648
129 x 1024 B,7,38,2043846,0,0,0,7751025,11695550,2045877
129 x 1024 B,8,38,2055424,0,0,0,7751804,11695550,2053827
129 x 1024 B,9,38,2060435,0,0,0,7756891,11695550,2052261
129 x 1024 B,10,38,2048199,0,0,0,7763430,11695551,2049408
129 x 1024 B,11,38,2045380,0,0,0,7761280,11695550,2046451
129 x 1024 B,12,38,2045318,0,0,0,7761884,11695550,2046373
129 x 1024 B,13,38,2045518,0,0,0,7761839,11695550,2046589
129 x 1024 B,14,38,2045292,0,0,0,7762197,11695550,2046349
129 x 1024 B,15,38,2047352,0,0,0,7762889,11695550,2048492
129 x 1024 B,16,38,2045119,0,0,0,7761094,11695550,2046220
129 x 1024 B,17,38,2046339,0,0,0,7761548,11695550,2047448
129 x 1024 B,18,38,2045689,0,0,0,7761382,11695550,2046754
129 x 1024 B,19,38,2046195,0,0,0,7762950,11695550,2047258
129 x 1024 B,20,38,2045198,0,0,0,7761196,11695550,2046286
129 x 1024 B,21,38,2411131,0,0,0,7763068,11695550,2412236
129 x 1024 B,22,38,2045026,0,0,0,7761025,11695550,2046082
129 x 1024 B,23,38,2047365,0,0,0,7763739,11695551,2048433
129 x 1024 B,24,38,2045477,0,0,0,7761659,11695550,2046544
129 x 1024 B,25,38,2045005,0,0,0,7760603,11695550,2046074
129 x 1024 B,26,38,2045585,0,0,0,7760825,11695550,2046644
129 x 1024 B,27,38,2044953,0,0,0,7760820,11695550,2046017
129 x 1024 B,28,38,2045734,0,0,0,7761584,11695550,2046801
129 x 1024 B,29,38,2045448,0,0,0,7763018,11695550,2046510
129 x 1024 B,30,38,2046363,0,0,0,7760960,11695550,2047455
129 x 1024 B,31,38,2045141,0,0,0,7761538,11695550,2046209
1024 x 1024 B,0,5,2109031,0,0,0,8003589,12030686,2110410
1024 x 1024 B,1,5,2110043,0,0,0,8002066,12030687,2111155
1024 x 1024 B,2,5,2108893,0,0,0,8003590,12030686,2109960
1024 x 1024 B,3,5,2109027,0,0,0,8003149,12030686,2110093
1024 x 1024 B,4,5,2108531,0,0,0,8002262,12030686,2109611
1024 x 1024 B,5,5,2109331,0,0,0,8003298,12030686,2110434
1024 x 1024 B,6,5,2109727,0,0,0,8003449,12030686,2110806
1024 x 1024 B,7,5,2110406,0,0,0,8008227,12030686,2111478
1024 x 1024 B,8,5,2124693,0,0,0,8060798,12030686,2126514
1024 x 1024 B,9,5,2124871,0,0,0,8049917,12030687,2126107
1024 x 1024 B,10,5,2142739,0,0,0,8123635,12030686,2144919
1024 x 1024 B,11,5,2118399,0,0,0,8012756,12030686,2120005
1024 x 1024 B,12,5,2112528,0,0,0,8010099,12030686,2114580
1024 x 1024 B,13,5,2125310,0,0,0,8007083,12030686,2123123
1024 x 1024 B,14,5,2111013,0,0,0,8003979,12030686,2112247
1024 x 1024 B,15,5,2110062,0,0,0,8002035,12030686,2111179
1024 x 1024 B,16,5,2109548,0,0,0,8001509,12030686,2110632
1024 x 1024 B,17,5,2108986,0,0,0,8001591,12030686,2110070
1024 x 1024 B,18,5,2112357,0,0,0,8004301,12030687,2113445
1024 x 1024 B,19,5,2109582,0,0,0,8002759,12030686,2110659
1024 x 1024 B,20,5,2109801,0,0,0,8004398,12030686,2110870
1024 x 1024 B,21,5,2109691,0,0,0,8003861,12030686,2110756
1024 x 1024 B,22,5,2111151,0,0,0,8003253,12030686,2112268
1024 x 1024 B,23,5,2109697,0,0,0,8003950,12030686,2110749
1024 x 1024 B,24,5,2109681,0,0,0,8005300,12030686,2110758
1024 x 1024 B,25,5,2110039,0,0,0,8003996,12030686,2111092
1024 x 1024 B,26,5,2109146,0,0,0,8001819,12030686,2110209
1024 x 1024 B,27,5,2111175,0,0,0,8002518,12030687,2112241
1024 x 1024 B,28,5,2108937,0,0,0,8002585,12030686,2109993
1024 x 1024 B,29,5,2109793,0,0,0,8001967,12030686,2110856
1024 x 1024 B,30,5,2109098,0,0,0,8002737,12030686,2110165
1024 x 1024 B,31,5,2109145,0,0,0,8002736,12030686,2110212
1 x 2048 B,0,1285,1967814,0,0,0,7463781,9989956,1968889
1 x 2048 B,1,1285,1962127,0,0,0,7445565,9989956,1962993
1 x 2048 B,2,1285,1964850,0,0,0,7455904,9989956,1965718
1 x 2048 B,3,1285,1974817,0,0,0,7454885,9989956,1969535
1 x 2048 B,4,1285,1967745,0,0,0,7463692,9989956,1968637
1 x 2048 B,5,1285,1962592,0,0,0,7446053,9989956,1963448
1 x 2048 B,6,1285,1966957,0,0,0,7463945,9989956,1967813
1 x 2048 B,7,1285,1966821,0,0,0,7462908,9989956,1967670
1 x 2048 B,8,1285,1968023,0,0,0,7464412,9989956,1968890
1 x 2048 B,9,1285,1958037,0,0,0,7428801,9989956,1958899
1 x 2048 B,10,1285,1960976,0,0,0,7441173,9989956,1961839
1 x 2048 B,11,1285,1962731,0,0,0,7446809,9989956,1963593
1 x 2048 B,12,1285,1959066,0,0,0,7432119,9989956,1959929
1 x 2048 B,13,1285,1962457,0,0,0,7445600,9989956,1963412
1 x 2048 B,14,1285,1964701,0,0,0,7452912,9989956,1966036
1 x 2048 B,15,1285,1963375,0,0,0,7445674,9989956,1964492
1 x 2048 B,16,1285,1963949,0,0,0,7446973,9989956,1966010
1 x 2048 B,17,1285,1963549,0,0,0,7446559,9989956,1964821
1 x 2048 B,18,1285,1962616,0,0,0,7452574,9989955,1964603
1 x 2048 B,19,1285,1980448,0,0,0,7464774,9989956,1978955
1 x 2048 B,20,1285,1962907,0,0,0,7445973,9989956,1963864
1 x 2048 B,21,1285,1964312,0,0,0,7446958,9989956,1965276
1 x 2048 B,22,1285,1962168,0,0,0,7446355,9989956,1963104
1 x 2048 B,23,1285,1963979,0,0,0,7449411,9989956,1964860
1 x 2048 B,24,1285,1967145,0,0,0,7461990,9989956,1968024
1 x 2048 B,25,1285,1961515,0,0,0,7433393,9989956,1962441
1 x 2048 B,26,1285,1966248,0,0,0,7460214,9989956,1967124
1 x 2048 B,27,1285,1962597,0,0,0,7445913,9989956,1963461
1 x 2048 B,28,1285,2353928,0,0,0,7436106,9989957,2354826
1 x 2048 B,29,1285,1962237,0,0,0,7445507,9989956,1963088
1 x 2048 B,30,1285,1965784,0,0,0,7465180,9989955,1966661
1 x 2048 B,31,1285,1967170,0,0,0,7463535,9989956,1968030
3 x 2048 B,0,438,1994472,0,0,0,7565751,10063854,1995427
3 x 2048 B,1,438,1993705,0,0,0,7565553,10063854,1994594
3 x 2048 B,2,438,1994171,0,0,0,7565602,10063854,1995058
3 x 2048 B,3,438,2001673,0,0,0,7565743,10063854,1998137
3 x 2048 B,4,438,1994448,0,0,0,7565760,10063854,1995345
3 x 2048 B,5,438,1994093,0,0,0,7565676,10063854,1994989
3 x 2048 B,6,438,1997157,0,0,0,7579177,10063854,1998063
3 x 2048 B,7,438,1997928,0,0,0,7579183,10063854,1998815
3 x 2048 B,8,438,1997762,0,0,0,7579213,10063854,1998640
3 x 2048 B,9,438,1995648,0,0,0,7572046,10063854,1996534
3 x 2048 B,10,438,1997229,0,0,0,7579188,10063854,1998108
3 x 2048 B,11,438,1995867,0,0,0,7571219,10063854,1996749
3 x 2048 B,12,438,1997536,0,0,0,7579198,10063854,1998405
3 x 2048 B,13,438,1997857,0,0,0,7579120,10063854,1998747
3 x 2048 B,14,438,1995280,0,0,0,7571885,10063854,1996153
3 x 2048 B,15,438,1995788,0,0,0,7570908,10063854,1996642
3 x 2048 B,16,438,1993674,0,0,0,7564122,10063854,1994560
3 x 2048 B,17,438,1995754,0,0,0,7570919,10063854,1996634
3 x 2048 B,18,438,1993178,0,0,0,7563972,10063854,1994039
3 x 2048 B,19,438,1995920,0,0,0,7571243,10063854,1996793
3 x 2048 B,20,438,1995550,0,0,0,7571178,10063854,1996474
3 x 2048 B,21,438,1998044,0,0,0,7579126,10063854,1999677
3 x 2048 B,22,438,1998522,0,0,0,7579862,10063854,1999679
3 x 2048 B,23,438,1996245,0,0,0,7567826,10063854,1998331
3 x 2048 B,24,438,1996301,0,0,0,7571459,10063854,1998008
3 x 2048 B,25,438,1998995,0,0,0,7579403,10063854,2001156
3 x 2048 B,26,438,1999924,0,0,0,7579151,10063854,2001347
3 x 2048 B,27,438,1996110,0,0,0,7571191,10063854,1997094
3 x 2048 B,28,438,1998120,0,0,0,7579274,10063854,1998991
3 x 2048 B,29,438,1998022,0,0,0,7579078,10063854,1998918
3 x 2048 B,30,438,1997417,0,0,0,7579123,10063854,1998295
3 x 2048 B,31,438,1995485,0,0,0,7571902,10063854,1996355
4 x 2048 B,0,370,1986244,0,0,0,7534692,11686076,1987274
4 x 2048 B,1,370,1985115,0,0,0,7531173,11686076,1986015
4 x 2048 B,2,370,1984805,0,0,0,7531331,11686076,1985705
4 x 2048 B,3,370,1986999,0,0,0,7535808,11686076,1987898
4 x 2048 B,4,370,1985387,0,0,0,7531888,11686076,1986288
4 x 2048 B,5,370,1982824,0,0,0,7522145,11686076,1983713
4 x 2048 B,6,370,1981782,0,0,0,7520269,11686076,1982662
4 x 2048 B,7,370,1985728,0,0,0,7531709,11686076,1986643
4 x 2048 B,8,370,1984363,0,0,0,7529890,11686076,1985249
4 x 2048 B,9,370,1986027,0,0,0,7535571,11686076,1986907
4 x 2048 B,10,370,1986824,0,0,0,7522660,11686076,1987793
4 x 2048 B,11,370,1985107,0,0,0,7528716,11686076,1986004
4 x 2048 B,12,370,1984067,0,0,0,7528866,11686076,1984935
4 x 2048 B,13,370,1984825,0,0,0,7530855,11686076,1985709
4 x 2048 B,14,370,1983116,0,0,0,7525537,11686076,1983998
4 x 2048 B,15,370,1982647,0,0,0,7520133,11686076,1983548
4 x 2048 B,16,370,1984771,0,0,0,7531267,11686076,1985648
4 x 2048 B,17,370,1985889,0,0,0,7535240,11686076,1986771
4 x 2048 B,18,370,1986023,0,0,0,7536616,11686076,1986893
4 x 2048 B,19,370,1986653,0,0,0,7535969,11686076,1987550
4 x 2048 B,20,370,1985605,0,0,0,7533780,11686076,1986492
4 x 2048 B,21,370,1983581,0,0,0,7527442,11686076,1984481
4 x 2048 B,22,370,1983733,0,0,0,7526899,11686076,1984614
4 x 2048 B,23,370,1987502,0,0,0,7534354,11686076,1988426
4 x 2048 B,24,370,1985639,0,0,0,7531832,11686076,1986562
4 x 2048 B,25,370,1986576,0,0,0,7538146,11686076,1987478
4 x 2048 B,26,370,1984804,0,0,0,7530777,11686076,1985706
4 x 2048 B,27,370,1984936,0,0,0,7531426,11686076,1985819
4 x 2048 B,28,370,1985211,0,0,0,7531400,11686076,1986658
4 x 2048 B,29,370,1989967,0,0,0,7532993,11686076,1991024
4 x 2048 B,30,370,1985807,0,0,0,7530684,11686076,1987352
4 x 2048 B,31,370,1987718,0,0,0,7535765,11686076,1988971
6 x 2048 B,0,241,1994768,0,0,0,7556877,11001775,1996993
6 x 2048 B,1,241,1991922,0,0,0,7555611,11001775,1992859
6 x 2048 B,2,241,1992286,0,0,0,7555884,11001775,1993208
6 x 2048 B,3,241,1991298,0,0,0,7556563,11001775,1992211
6 x 2048 B,4,241,1991379,0,0,0,7554888,11001775,1992307
6 x 2048 B,5,241,1991634,0,0,0,7555292,11001775,1992556
6 x 2048 B,6,241,1990906,0,0,0,7554749,11001775,1991824
6 x 2048 B,7,241,1991543,0,0,0,7555986,11001775,1992490
6 x 2048 B,8,241,1991794,0,0,0,7554645,11001775,1992774
6 x 2048 B,9,241,1991338,0,0,0,7554892,11001775,1992302
6 x 2048 B,10,241,1992453,0,0,0,7556016,11001775,1993504
6 x 2048 B,11,241,1992395,0,0,0,7556445,11001775,1993973
6 x 2048 B,12,241,2373877,0,0,0,7558355,11001775,2375914
6 x 2048 B,13,241,1993873,0,0,0,7560012,11001775,1995212
6 x 2048 B,14,241,1995673,0,0,0,7568036,11001775,1996868
6 x 2048 B,15,241,1991242,0,0,0,7558129,11001775,1992167
6 x 2048 B,16,241,1992058,0,0,0,7558153,11001775,1992971
6 x 2048 B,17,241,1991296,0,0,0,7555121,11001775,1992214
6 x 2048 B,18,241,1991484,0,0,0,7554760,11001775,1992397
6 x 2048 B,19,241,1992023,0,0,0,7558448,11001775,1992932
6 x 2048 B,20,241,1991426,0,0,0,7554480,11001775,1992336
6 x 2048 B,21,241,1993293,0,0,0,7564266,11001775,1994246
6 x 2048 B,22,241,1992601,0,0,0,7556431,11001775,1994928
6 x 2048 B,23,241,1996018,0,0,0,7567541,11001775,1997165
6 x 2048 B,24,241,1992224,0,0,0,7554750,11001775,1993242
6 x 2048 B,25,241,1994573,0,0,0,7564833,11001775,1995500
6 x 2048 B,26,241,1992130,0,0,0,7556475,11001775,1993032
6 x 2048 B,27,241,1991289,0,0,0,7556994,11001775,1992206
6 x 2048 B,28,241,1995758,0,0,0,7568955,11001775,1996681
6 x 2048 B,29,241,1991862,0,0,0,7557614,11001775,1992765
6 x 2048 B,30,241,1992093,0,0,0,7557001,11001775,1993030
6 x 2048 B,31,241,1990634,0,0,0,7553817,11001775,1991542
8 x 2048 B,0,292,2061277,0,0,0,7570635,11644158,2000776
8 x 2048 B,1,292,1995292,0,0,0,7567905,11644158,1996512
8 x 2048 B,2,292,1995065,0,0,0,7567771,11644158,1996272
8 x 2048 B,3,292,1994229,0,0,0,7563020,11644158,1995632
8 x 2048 B,4,292,1997071,0,0,0,7574972,11644158,1998462
8 x 2048 B,5,292,1995719,0,0,0,7567235,11644158,1997523
8 x 2048 B,6,292,1996608,0,0,0,7568864,11644158,1998064
8 x 2048 B,7,292,1999524,0,0,0,7572540,11644158,2001885
8 x 2048 B,8,292,2008774,0,0,0,7571299,11644158,2007504
8 x 2048 B,9,292,2009871,0,0,0,7567115,11644158,2000243
8 x 2048 B,10,292,1997121,0,0,0,7573292,11644158,1998237
8 x 2048 B,11,292,1994540,0,0,0,7564909,11644158,1995596
8 x 2048 B,12,292,1994391,0,0,0,7565817,11644158,1995463
8 x 2048 B,13,292,1994950,0,0,0,7569718,11644158,1995976
8 x 2048 B,14,292,1995653,0,0,0,7571322,11644158,1996797
8 x 2048 B,15,292,1994764,0,0,0,7569052,11644158,1995922
8 x 2048 B,16,292,1995604,0,0,0,7569081,11644158,1996651
8 x 2048 B,17,292,1994199,0,0,0,7564017,11644158,1995268
8 x 2048 B,18,292,1995562,0,0,0,7569532,11644158,1996604
8 x 2048 B,19,292,1995950,0,0,0,7572446,11644158,1996998
8 x 2048 B,20,292,1996770,0,0,0,7571777,11644158,1997860
8 x 2048 B,21,292,2368350,0,0,0,7570845,11644159,2369425
8 x 2048 B,22,292,1994825,0,0,0,7569922,11644158,1995895
8 x 2048 B,23,292,1996058,0,0,0,7573005,11644158,1997094
8 x 2048 B,24,292,1995639,0,0,0,7572789,11644158,1996667
8 x 2048 B,25,292,1996010,0,0,0,7572436,11644158,1997038
8 x 2048 B,26,292,1995410,0,0,0,7568826,11644158,1996438
8 x 2048 B,27,292,1996944,0,0,0,7575117,11644158,1997977
8 x 2048 B,28,292,1994374,0,0,0,7567817,11644158,1995394
8 x 2048 B,29,292,1996355,0,0,0,7574393,11644158,1997405
8 x 2048 B,30,292,1995320,0,0,0,7571368,11644158,1996349
8 x 2048 B,31,292,1994048,0,0,0,7566077,11644158,1995068
12 x 2048 B,0,165,1998476,0,0,0,7581057,11654316,1999633
12 x 2048 B,1,165,1998008,0,0,0,7582189,11654316,1999088
12 x 2048 B,2,165,1999789,0,0,0,7586134,11654316,2000867
12 x 2048 B,3,165,1999725,0,0,0,7587340,11654316,2000805
12 x 2048 B,4,165,1999895,0,0,0,7588898,11654316,2000967
12 x 2048 B,5,165,1998842,0,0,0,7582774,11654316,1999915
12 x 2048 B,6,165,2000371,0,0,0,7576730,11654316,2001492
12 x 2048 B,7,165,1999140,0,0,0,7584506,11654316,2000230
12 x 2048 B,8,165,2000077,0,0,0,7586066,11654316,2001158
12 x 2048 B,9,165,2000267,0,0,0,7585845,11654316,2001526
12 x 2048 B,10,165,1999009,0,0,0,7579416,11654316,2000570
12 x 2048 B,11,165,1999791,0,0,0,7581566,11654316,2001192
12 x 2048 B,12,165,2000177,0,0,0,7581928,11654316,2001721
12 x 2048 B,13,165,1998685,0,0,0,7578514,11654316,2000018
12 x 2048 B,14,165,2001194,0,0,0,7577529,11654316,2003547
12 x 2048 B,15,165,2000984,0,0,0,7588590,11654316,2002413
12 x 2048 B,16,165,1997683,0,0,0,7576378,11654316,1998819
12 x 2048 B,17,165,1998576,0,0,0,7578374,11654316,1999689
12 x 2048 B,18,165,1999187,0,0,0,7583751,11654316,2000281
12 x 2048 B,19,165,1997366,0,0,0,7576863,11654316,1998466
12 x 2048 B,20,165,1997286,0,0,0,7575653,11654316,1998419
12 x 2048 B,21,165,2313080,0,0,0,7589304,11654316,2314251
12 x 2048 B,22,165,1998030,0,0,0,7577828,11654316,1999230
12 x 2048 B,23,165,2002686,0,0,0,7591026,11654316,2003867
12 x 2048 B,24,165,1999409,0,0,0,7581022,11654316,2000675
12 x 2048 B,25,165,2001005,0,0,0,7587674,11654316,2002115
12 x 2048 B,26,165,1997855,0,0,0,7579685,11654316,1998917
12 x 2048 B,27,165,2000082,0,0,0,7584718,11654316,2001188
12 x 2048 B,28,165,1998263,0,0,0,7580173,11654316,1999324
12 x 2048 B,29,165,1998708,0,0,0,7579525,11654316,1999849
12 x 2048 B,30,165,2009862,0,0,0,7583128,11654316,2004540
12 x 2048 B,31,165,2004017,0,0,0,7593916,11654316,2005155
16 x 2048 B,0,146,2002833,0,0,0,7598058,11522102,2004045
16 x 2048 B,1,146,2002385,0,0,0,7595926,11522102,2003459
16 x 2048 B,2,146,1997070,0,0,0,7576728,11522102,1998140
16 x 2048 B,3,146,1996980,0,0,0,7574232,11522102,1998064
16 x 2048 B,4,146,1997587,0,0,0,7576496,11522102,1998664
16 x 2048 B,5,146,1996846,0,0,0,7573980,11522102,1998000
16 x 2048 B,6,146,1996552,0,0,0,7574145,11522102,1997633
16 x 2048 B,7,146,1997248,0,0,0,7576008,11522102,1998353
16 x 2048 B,8,146,1997015,0,0,0,7575774,11522102,1998097
16 x 2048 B,9,146,1997059,0,0,0,7574799,11522102,1998151
16 x 2048 B,10,146,1996612,0,0,0,7574597,11522102,1997682
16 x 2048 B,11,146,1999185,0,0,0,7573984,11522102,2000309
16 x 2048 B,12,146,1996032,0,0,0,7573692,11522102,1997105
16 x 2048 B,13,146,1996117,0,0,0,7573300,11522102,1997192
16 x 2048 B,14,146,1996294,0,0,0,7575009,11522102,1997422
16 x 2048 B,15,146,1996690,0,0,0,7574351,11522102,1997778
16 x 2048 B,16,146,1997751,0,0,0,7578659,11522102,1998986
16 x 2048 B,17,146,1999180,0,0,0,7575351,11522102,2000426
16 x 2048 B,18,146,1998547,0,0,0,7577765,11522102,2000300
16 x 2048 B,19,146,1998662,0,0,0,7575649,11522102,2000211
16 x 2048 B,20,146,1998388,0,0,0,7575345,11522102,1999778
16 x 2048 B,21,146,2000414,0,0,0,7576190,11522102,2002898
16 x 2048 B,22,146,1998242,0,0,0,7575408,11522102,1999409
16 x 2048 B,23,146,1997507,0,0,0,7577019,11522102,1998730
16 x 2048 B,24,146,1997829,0,0,0,7575340,11522102,1998930
16 x 2048 B,25,146,1996899,0,0,0,7574625,11522102,1997992
16 x 2048 B,26,146,1997154,0,0,0,7573589,11522102,1998214
16 x 2048 B,27,146,1996681,0,0,0,7574596,11522102,1997745
16 x 2048 B,28,146,1996540,0,0,0,7574181,11522102,1997600
16 x 2048 B,29,146,2375058,0,0,0,7574801,11522103,2376207
16 x 2048 B,30,146,1996845,0,0,0,7575483,11522102,1997910
16 x 2048 B,31,146,1996809,0,0,0,7575033,11522102,1997883
24 x 2048 B,0,98,2016253,0,0,0,7637316,11622284,2017423
24 x 2048 B,1,98,2013081,0,0,0,7637388,11622284,2014168
24 x 2048 B,2,98,2012700,0,0,0,7635955,11622284,2013772
24 x 2048 B,3,98,2013094,0,0,0,7638639,11622284,2014157
24 x 2048 B,4,98,2014253,0,0,0,7640001,11622284,2015316
24 x 2048 B,5,98,2013115,0,0,0,7637721,11622284,2014178
24 x 2048 B,6,98,2013880,0,0,0,7639967,11622284,2014939
24 x 2048 B,7,98,2013169,0,0,0,7638033,11622284,2014242
24 x 2048 B,8,98,2013571,0,0,0,7638025,11622284,2014634
24 x 2048 B,9,98,2012789,0,0,0,7635693,11622284,2013846
24 x 2048 B,10,98,2013313,0,0,0,7637880,11622284,2014374
24 x 2048 B,11,98,2013066,0,0,0,7638259,11622284,2014128
24 x 2048 B,12,98,2012827,0,0,0,7635107,11622284,2013886
24 x 2048 B,13,98,2013389,0,0,0,7637866,11622284,2014457
24 x 2048 B,14,98,2013497,0,0,0,7638931,11622284,2014613
24 x 2048 B,15,98,2013498,0,0,0,7638951,11622284,2014561
24 x 2048 B,16,98,2013816,0,0,0,7638538,11622284,2014877
24 x 2048 B,17,98,2013167,0,0,0,7637894,11622284,2014227
24 x 2048 B,18,98,2013405,0,0,0,7638762,11622284,2014468
24 x 2048 B,19,98,2013124,0,0,0,7637333,11622284,2014191
24 x 2048 B,20,98,2012938,0,0,0,7636466,11622284,2013996
24 x 2048 B,21,98,2013494,0,0,0,7637064,11622284,2014550
24 x 2048 B,22,98,2013518,0,0,0,7637051,11622284,2014572
24 x 2048 B,23,98,2013568,0,0,0,7638068,11622284,2015212
24 x 2048 B,24,98,2014094,0,0,0,7637581,11622284,2015250
24 x 2048 B,25,98,2014898,0,0,0,7639095,11622284,2017021
24 x 2048 B,26,98,2014165,0,0,0,7637639,11622284,2015732
24 x 2048 B,27,98,2016071,0,0,0,7639331,11622284,2018253
24 x 2048 B,28,98,2016479,0,0,0,7640061,11622284,2018318
24 x 2048 B,29,98,2016309,0,0,0,7637274,11622284,2017430
24 x 2048 B,30,98,2027052,0,0,0,7637476,11622284,2018727
24 x 2048 B,31,98,2014018,0,0,0,7639730,11622284,2015109
64 x 2048 B,0,37,2025776,0,0,0,7682774,11657623,2027014
64 x 2048 B,1,37,2025194,0,0,0,7682043,11657623,2026305
64 x 2048 B,2,37,2026337,0,0,0,7681782,11657623,2027444
64 x 2048 B,3,37,2028058,0,0,0,7682767,11657624,2029165
64 x 2048 B,4,37,2024711,0,0,0,7680569,11657623,2025777
64 x 2048 B,5,37,2025184,0,0,0,7681767,11657623,2026254
64 x 2048 B,6,37,2025338,0,0,0,7683710,11657623,2026404
64 x 2048 B,7,37,2025215,0,0,0,7681138,11657623,2026281
64 x 2048 B,8,37,2024675,0,0,0,7681935,11657623,2025736
64 x 2048 B,9,37,2025164,0,0,0,7683174,11657623,2026235
64 x 2048 B,10,37,2024812,0,0,0,7682560,11657623,2025882
64 x 2048 B,11,37,2025439,0,0,0,7681882,11657623,2026495
64 x 2048 B,12,37,2024604,0,0,0,7681779,11657623,2025673
64 x 2048 B,13,37,2024705,0,0,0,7680942,11657623,2025774
64 x 2048 B,14,37,2027697,0,0,0,7687059,11657623,2028827
64 x 2048 B,15,37,2027636,0,0,0,7690649,11657623,2028698
64 x 2048 B,16,37,2027130,0,0,0,7690953,11657623,2028197
64 x 2048 B,17,37,2027363,0,0,0,7691376,11657623,2028431
64 x 2048 B,18,37,2028485,0,0,0,7691190,11657623,2029607
64 x 2048 B,19,37,2027970,0,0,0,7691916,11657623,2029035
64 x 2048 B,20,37,2027092,0,0,0,7690501,11657623,2028157
64 x 2048 B,21,37,2026942,0,0,0,7690742,11657623,2028005
64 x 2048 B,22,37,2027443,0,0,0,7691312,11657623,2028504
64 x 2048 B,23,37,2027365,0,0,0,7690296,11657623,2028422
64 x 2048 B,24,37,2027367,0,0,0,7691249,11657623,2028421
64 x 2048 B,25,37,2027257,0,0,0,7691659,11657623,2028304
64 x 2048 B,26,37,2036948,0,0,0,7692471,11657623,2032376
64 x 2048 B,27,37,2027802,0,0,0,7690712,11657623,2028934
64 x 2048 B,28,37,2028351,0,0,0,7692038,11657623,2029554
64 x 2048 B,29,37,2027899,0,0,0,7692252,11657623,2029260
64 x 2048 B,30,37,2030097,0,0,0,7695097,11657623,2032188
64 x 2048 B,31,37,2029131,0,0,0,7694016,11657623,2030499
128 x 2048 B,0,19,2084101,0,0,0,7901168,11968865,2085625
128 x 2048 B,1,19,2084631,0,0,0,7898738,11968865,2086593
128 x 2048 B,2,19,2085604,0,0,0,7899472,11968865,2086742
128 x 2048 B,3,19,2096182,0,0,0,7900210,11968865,2088802
128 x 2048 B,4,19,2081676,0,0,0,7897251,11968865,2082792
128 x 2048 B,5,19,2083299,0,0,0,7897889,11968865,2084466
128 x 2048 B,6,19,2082790,0,0,0,7899030,11968865,2083889
128 x 2048 B,7,19,2081675,0,0,0,7898453,11968865,2082763
128 x 2048 B,8,19,2083913,0,0,0,7897708,11968866,2084985
128 x 2048 B,9,19,2082628,0,0,0,7896841,11968865,2083728
128 x 2048 B,10,19,2080978,0,0,0,7895608,11968865,2082065
128 x 2048 B,11,19,2081523,0,0,0,7896744,11968865,2082634
128 x 2048 B,12,19,2459897,0,0,0,7896806,11968865,2461017
128 x 2048 B,13,19,2082096,0,0,0,7896979,11968865,2083168
128 x 2048 B,14,19,2081504,0,0,0,7898208,11968865,2082573
128 x 2048 B,15,19,2083353,0,0,0,7897659,11968866,2084420
128 x 2048 B,16,19,2081395,0,0,0,7896572,11968865,2082460
128 x 2048 B,17,19,2082025,0,0,0,7898058,11968865,2083097
128 x 2048 B,18,19,2080995,0,0,0,7896966,11968865,2082071
128 x 2048 B,19,19,2081396,0,0,0,7896654,11968865,2082455
128 x 2048 B,20,19,2081149,0,0,0,7895808,11968865,2082200
128 x 2048 B,21,19,2081760,0,0,0,7897409,11968865,2082869
128 x 2048 B,22,19,2081854,0,0,0,7898709,11968865,2082905
128 x 2048 B,23,19,2081390,0,0,0,7897383,11968865,2082443
128 x 2048 B,24,19,2105409,0,0,0,7899881,11968865,2090063
128 x 2048 B,25,19,2081903,0,0,0,7897393,11968865,2082997
128 x 2048 B,26,19,2082125,0,0,0,7899168,11968865,2083195
128 x 2048 B,27,19,2083389,0,0,0,7898037,11968866,2084445
128 x 2048 B,28,19,2081972,0,0,0,7897245,11968865,2083036
128 x 2048 B,29,19,2081456,0,0,0,7897910,11968865,2082517
128 x 2048 B,30,19,2082247,0,0,0,7899085,11968865,2083303
128 x 2048 B,31,19,2081879,0,0,0,7899590,11968865,2082938
129 x 2048 B,0,18,2005738,0,0,0,7609184,11599368,2006890
129 x 2048 B,1,18,2005260,0,0,0,7607926,11599368,2006469
129 x 2048 B,2,18,2006461,0,0,0,7608887,11599368,2007792
129 x 2048 B,3,18,2007202,0,0,0,7610620,11599368,2008585
129 x 2048 B,4,18,2007009,0,0,0,7608649,11599368,2009153
129 x 2048 B,5,18,2006451,0,0,0,7609403,11599368,2007986
129 x 2048 B,6,18,2007635,0,0,0,7609667,11599368,2009457
129 x 2048 B,7,18,2013449,0,0,0,7609400,11599368,2012200
129 x 2048 B,8,18,2017690,0,0,0,7606515,11599368,2011379
129 x 2048 B,9,18,2006843,0,0,0,7606694,11599368,2008036
129 x 2048 B,10,18,2005089,0,0,0,7606487,11599368,2006174
129 x 2048 B,11,18,2004681,0,0,0,7604551,11599368,2005741
129 x 2048 B,12,18,2004783,0,0,0,7604627,11599368,2005860
129 x 2048 B,13,18,2004005,0,0,0,7603488,11599368,2005079
129 x 2048 B,14,18,2004662,0,0,0,7604723,11599368,2005996
129 x 2048 B,15,18,2005505,0,0,0,7606862,11599368,2006609
129 x 2048 B,16,18,2005391,0,0,0,7605911,11599368,2006484
129 x 2048 B,17,18,2005659,0,0,0,7604967,11599368,2006755
129 x 2048 B,18,18,2005061,0,0,0,7605675,11599368,2006125
129 x 2048 B,19,18,2005637,0,0,0,7604514,11599368,2006722
129 x 2048 B,20,18,2004952,0,0,0,7605362,11599368,2006033
129 x 2048 B,21,18,2004671,0,0,0,7605347,11599368,2005729
129 x 2048 B,22,18,2005693,0,0,0,7604898,11599368,2006815
129 x 2048 B,23,18,2012321,0,0,0,7606046,11599368,2008652
129 x 2048 B,24,18,2005310,0,0,0,7606989,11599368,2006396
129 x 2048 B,25,18,2004663,0,0,0,7604940,11599368,2005746
129 x 2048 B,26,18,2004668,0,0,0,7605807,11599368,2005745
129 x 2048 B,27,18,2005186,0,0,0,7606147,11599368,2006257
129 x 2048 B,28,18,2006225,0,0,0,7611213,11599368,2007301
129 x 2048 B,29,18,2006025,0,0,0,7610043,11599368,2007094
129 x 2048 B,30,18,2005539,0,0,0,7609440,11599368,2006603
129 x 2048 B,31,18,2005758,0,0,0,7608745,11599368,2006820
1024 x 2048 B,0,3,2652981,0,0,0,10064267,15114249,2655134
1024 x 2048 B,1,3,2655072,0,0,0,10063692,15114250,2656694
1024 x 2048 B,2,3,2654407,0,0,0,10062625,15114250,2655988
1024 x 2048 B,3,3,2652076,0,0,0,10060273,15114249,2653709
1024 x 2048 B,4,3,2654565,0,0,0,10062655,15114250,2656147
1024 x 2048 B,5,3,2659621,0,0,0,10078106,15114250,2661590
1024 x 2048 B,6,3,2664540,0,0,0,10107602,15114249,2667085
1024 x 2048 B,7,3,2670464,0,0,0,10117671,15114250,2673332
1024 x 2048 B,8,3,2673239,0,0,0,10125408,15114250,2677022
1024 x 2048 B,9,3,2659634,0,0,0,10081521,15114249,2661627
1024 x 2048 B,10,3,2655026,0,0,0,10059274,15114250,2656845
1024 x 2048 B,11,3,2655473,0,0,0,10060094,15114250,2657191
1024 x 2048 B,12,3,2651569,0,0,0,10059519,15114249,2653381
1024 x 2048 B,13,3,2655681,0,0,0,10060416,15114250,2657464
1024 x 2048 B,14,3,2674207,0,0,0,10064890,15114250,2664619
1024 x 2048 B,15,3,2653243,0,0,0,10062719,15114249,2654944
1024 x 2048 B,16,3,2657982,0,0,0,10066136,15114250,2659695
1024 x 2048 B,17,3,2666927,0,0,0,10068251,15114250,2662420
1024 x 2048 B,18,3,2654543,0,0,0,10067948,15114249,2656355
1024 x 2048 B,19,3,2656489,0,0,0,10069553,15114250,2658089
1024 x 2048 B,20,3,2659321,0,0,0,10070968,15114250,2661310
1024 x 2048 B,21,3,2654421,0,0,0,10069504,15114249,2656069
1024 x 2048 B,22,3,2656616,0,0,0,10070001,15114250,2658259
1024 x 2048 B,23,3,2666629,0,0,0,10071867,15114250,2662866
1024 x 2048 B,24,3,2654381,0,0,0,10067506,15114249,2656133
1024 x 2048 B,25,3,2655855,0,0,0,10066978,15114250,2657446
1024 x 2048 B,26,3,2656282,0,0,0,10068915,15114250,2657949
1024 x 2048 B,27,3,2654148,0,0,0,10069131,15114249,2655790
1024 x 2048 B,28,3,2658167,0,0,0,10069356,15114250,2659959
1024 x 2048 B,29,3,2666613,0,0,0,10071344,15114250,2662882
1024 x 2048 B,30,3,2655728,0,0,0,10071832,15114249,2657490
1024 x 2048 B,31,3,2657111,0,0,0,10071272,15114250,2658864
1 x 2047 B,0,1028,1976543,0,0,0,7499250,15906610,1977689
1 x 2047 B,1,1028,1979584,0,0,0,7499585,15906610,1980543
1 x 2047 B,2,1028,1976387,0,0,0,7498836,15906610,1977279
1 x 2047 B,3,1028,1976810,0,0,0,7499470,15906610,1978248
1 x 2047 B,4,1028,1991282,0,0,0,7501914,15906610,1986486
1 x 2047 B,5,1028,1978154,0,0,0,7500781,15906610,1979796
1 x 2047 B,6,1028,1977952,0,0,0,7499237,15906610,1979690
1 x 2047 B,7,1028,1977401,0,0,0,7499296,15906610,1978515
1 x 2047 B,8,1028,1978394,0,0,0,7499693,15906610,1980437
1 x 2047 B,9,1028,1977262,0,0,0,7498954,15906610,1978185
1 x 2047 B,10,1028,1981883,0,0,0,7499107,15906610,1982875
1 x 2047 B,11,1028,1976497,0,0,0,7499197,15906610,1977435
1 x 2047 B,12,1028,1976826,0,0,0,7497966,15906610,1977727
1 x 2047 B,13,1028,1977140,0,0,0,7499113,15906610,1978048
1 x 2047 B,14,1028,1976412,0,0,0,7499077,15906610,1977289
1 x 2047 B,15,1028,1977232,0,0,0,7499007,15906610,1978125
1 x 2047 B,16,1028,1977026,0,0,0,7498950,15906610,1977912
1 x 2047 B,17,1028,1976566,0,0,0,7499757,15906610,1977438
1 x 2047 B,18,1028,1976626,0,0,0,7499164,15906610,1977506
1 x 2047 B,19,1028,1976274,0,0,0,7498998,15906610,1977144
1 x 2047 B,20,1028,1977404,0,0,0,7498766,15906610,1978290
1 x 2047 B,21,1028,1976168,0,0,0,7498873,15906610,1977043
1 x 2047 B,22,1028,1976201,0,0,0,7498742,15906610,1977076
1 x 2047 B,23,1028,1976079,0,0,0,7498821,15906610,1976939
1 x 2047 B,24,1028,1976885,0,0,0,7499152,15906610,1977756
1 x 2047 B,25,1028,1976379,0,0,0,7499296,15906610,1977255
1 x 2047 B,26,1028,1976520,0,0,0,7499436,15906610,1977384
1 x 2047 B,27,1028,1976144,0,0,0,7498954,15906610,1977008
1 x 2047 B,28,1028,1976683,0,0,0,7499322,15906610,1977561
1 x 2047 B,29,1028,1974565,0,0,0,7498621,15906609,1975437
1 x 2047 B,30,1028,1976572,0,0,0,7499313,15906610,1977441
1 x 2047 B,31,1028,1976069,0,0,0,7498874,15906610,1976939
3 x 2047 B,0,347,1995266,0,0,0,7569771,15987697,1996279
3 x 2047 B,1,347,1994976,0,0,0,7569405,15987697,1995860
3 x 2047 B,2,347,1995029,0,0,0,7569706,15987697,1995910
3 x 2047 B,3,347,1996215,0,0,0,7568572,15987697,1997133
3 x 2047 B,4,347,1994931,0,0,0,7568660,15987697,1995826
3 x 2047 B,5,347,1994791,0,0,0,7568701,15987697,1995689
3 x 2047 B,6,347,1995080,0,0,0,7568483,15987697,1995972
3 x 2047 B,7,347,1995469,0,0,0,7569522,15987697,1996354
3 x 2047 B,8,347,1996060,0,0,0,7568520,15987697,1996948
3 x 2047 B,9,347,1995010,0,0,0,7569153,15987697,1995919
3 x 2047 B,10,347,1994894,0,0,0,7568952,15987697,1995777
3 x 2047 B,11,347,1995467,0,0,0,7570093,15987697,1996957
3 x 2047 B,12,347,1995646,0,0,0,7568950,15987697,1996669
3 x 2047 B,13,347,1996062,0,0,0,7569591,15987697,1998233
3 x 2047 B,14,347,1996109,0,0,0,7569282,15987697,1997437
3 x 2047 B,15,347,1996762,0,0,0,7569999,15987697,1998635
3 x 2047 B,16,347,1998684,0,0,0,7568918,15987697,2000172
3 x 2047 B,17,347,2006150,0,0,0,7581421,15987697,2004717
3 x 2047 B,18,347,2012628,0,0,0,7582276,15987697,2003913
3 x 2047 B,19,347,1997560,0,0,0,7578070,15987697,1998485
3 x 2047 B,20,347,1997831,0,0,0,7577971,15987697,1998768
3 x 2047 B,21,347,1997440,0,0,0,7577602,15987697,1998355
3 x 2047 B,22,347,1998321,0,0,0,7577893,15987697,1999230
3 x 2047 B,23,347,1997082,0,0,0,7578009,15987697,1997975
3 x 2047 B,24,347,1998509,0,0,0,7577617,15987697,1999421
3 x 2047 B,25,347,2002721,0,0,0,7593621,15987697,2003657
3 x 2047 B,26,347,1997617,0,0,0,7578331,15987697,1998510
3 x 2047 B,27,347,1997169,0,0,0,7577980,15987697,1998123
3 x 2047 B,28,347,1998009,0,0,0,7578015,15987697,1998900
3 x 2047 B,29,347,1997045,0,0,0,7577771,15987697,1997935
3 x 2047 B,30,347,1997196,0,0,0,7577495,15987697,1998080
3 x 2047 B,31,347,1996949,0,0,0,7577969,15987697,1997837
4 x 2047 B,0,260,1992573,0,0,0,7559539,15957866,1993528
4 x 2047 B,1,260,1992151,0,0,0,7560109,15957866,1993036
4 x 2047 B,2,260,1992394,0,0,0,7559728,15957866,1993280
4 x 2047 B,3,260,1993346,0,0,0,7559611,15957866,1994238
4 x 2047 B,4,260,1992292,0,0,0,7559414,15957866,1993177
4 x 2047 B,5,260,1992455,0,0,0,7559942,15957866,1993327
4 x 2047 B,6,260,1994733,0,0,0,7559747,15957866,1995676
4 x 2047 B,7,260,1992930,0,0,0,7559575,15957866,1993842
4 x 2047 B,8,260,1992480,0,0,0,7559672,15957866,1993389
4 x 2047 B,9,260,1992304,0,0,0,7559582,15957866,1993204
4 x 2047 B,10,260,1992356,0,0,0,7559680,15957866,1993237
4 x 2047 B,11,260,1992731,0,0,0,7559604,15957866,1993632
4 x 2047 B,12,260,1996823,0,0,0,7560326,15957866,1997752
4 x 2047 B,13,260,1992104,0,0,0,7559496,15957866,1993000
4 x 2047 B,14,260,1992481,0,0,0,7559900,15957866,1993374
4 x 2047 B,15,260,1992003,0,0,0,7556574,15957866,1992901
4 x 2047 B,16,260,1992553,0,0,0,7559401,15957866,1993455
4 x 2047 B,17,260,1992174,0,0,0,7559774,15957866,1993054
4 x 2047 B,18,260,1992791,0,0,0,7559738,15957866,1994116
4 x 2047 B,19,260,1993244,0,0,0,7560023,15957866,1994265
4 x 2047 B,20,260,1993748,0,0,0,7560188,15957866,1995321
4 x 2047 B,21,260,1994273,0,0,0,7560117,15957866,1995906
4 x 2047 B,22,260,1993248,0,0,0,7560083,15957866,1994370
4 x 2047 B,23,260,1994820,0,0,0,7559573,15957866,1996991
4 x 2047 B,24,260,1999830,0,0,0,7559004,15957866,1998073
4 x 2047 B,25,260,1993631,0,0,0,7559363,15957866,1994587
4 x 2047 B,26,260,1992842,0,0,0,7559650,15957866,1993744
4 x 2047 B,27,260,1992796,0,0,0,7559777,15957866,1993689
4 x 2047 B,28,260,1992600,0,0,0,7559827,15957866,1993498
4 x 2047 B,29,260,1992914,0,0,0,7559640,15957866,1993866
4 x 2047 B,30,260,1992430,0,0,0,7559669,15957866,1993330
4 x 2047 B,31,260,1994324,0,0,0,7559532,15957866,1995249
6 x 2047 B,0,175,2007317,0,0,0,7611909,16095991,2008357
6 x 2047 B,1,175,2006507,0,0,0,7612209,16095991,2007425
6 x 2047 B,2,175,2006244,0,0,0,7610270,16095991,2007160
6 x 2047 B,3,175,2006470,0,0,0,7612926,16095991,2007395
6 x 2047 B,4,175,2006358,0,0,0,7612330,16095991,2007269
6 x 2047 B,5,175,2005864,0,0,0,7611717,16095991,2006795
6 x 2047 B,6,175,2006770,0,0,0,7612822,16095991,2007677
6 x 2047 B,7,175,2006156,0,0,0,7611901,16095991,2007071
6 x 2047 B,8,175,2005905,0,0,0,7610478,16095991,2006822
6 x 2047 B,9,175,2006121,0,0,0,7612366,16095991,2007039
6 x 2047 B,10,175,2006372,0,0,0,7611768,16095991,2007295
6 x 2047 B,11,175,2006467,0,0,0,7612678,16095991,2007464
6 x 2047 B,12,175,2007382,0,0,0,7614097,16095991,2008293
6 x 2047 B,13,175,2007908,0,0,0,7614891,16095991,2008849
6 x 2047 B,14,175,2010576,0,0,0,7612944,16095991,2009736
6 x 2047 B,15,175,2006806,0,0,0,7612222,16095991,2007731
6 x 2047 B,16,175,2006242,0,0,0,7613164,16095991,2007161
6 x 2047 B,17,175,2008481,0,0,0,7614145,16095992,2009394
6 x 2047 B,18,175,2006869,0,0,0,7612655,16095991,2007780
6 x 2047 B,19,175,2006431,0,0,0,7612769,16095991,2007362
6 x 2047 B,20,175,2006277,0,0,0,7613548,16095991,2007199
6 x 2047 B,21,175,2006482,0,0,0,7613043,16095991,2007395
6 x 2047 B,22,175,2008065,0,0,0,7612822,16095991,2008990
6 x 2047 B,23,175,2006937,0,0,0,7612854,16095991,2007862
6 x 2047 B,24,175,2006075,0,0,0,7611478,16095991,2006973
6 x 2047 B,25,175,2010762,0,0,0,7613152,16095991,2012186
6 x 2047 B,26,175,2008269,0,0,0,7614708,16095991,2009276
6 x 2047 B,27,175,2008463,0,0,0,7613320,16095991,2010022
6 x 2047 B,28,175,2006908,0,0,0,7612079,16095991,2008553
6 x 2047 B,29,175,2017456,0,0,0,7614782,16095991,2016675
6 x 2047 B,30,175,2008299,0,0,0,7612837,16095991,2010278
6 x 2047 B,31,175,2018113,0,0,0,7613092,16095991,2011834
8 x 2047 B,0,131,2002593,0,0,0,7598661,16057691,2003611
8 x 2047 B,1,131,2003132,0,0,0,7598828,16057691,2004050
8 x 2047 B,2,131,2002782,0,0,0,7598677,16057691,2003724
8 x 2047 B,3,131,2003545,0,0,0,7600856,16057691,2004588
8 x 2047 B,4,131,2002242,0,0,0,7597044,16057691,2003199
8 x 2047 B,5,131,2003427,0,0,0,7597109,16057691,2004361
8 x 2047 B,6,131,2004121,0,0,0,7598945,16057691,2005080
8 x 2047 B,7,131,2002921,0,0,0,7598077,16057691,2003839
8 x 2047 B,8,131,2003427,0,0,0,7598498,16057691,2004376
8 x 2047 B,9,131,2003651,0,0,0,7600188,16057691,2004596
8 x 2047 B,10,131,2003165,0,0,0,7600120,16057691,2004096
8 x 2047 B,11,131,2002670,0,0,0,7598339,16057691,2003607
8 x 2047 B,12,131,2001904,0,0,0,7596316,16057691,2002824
8 x 2047 B,13,131,2003278,0,0,0,7599139,16057691,2004213
8 x 2047 B,14,131,2002822,0,0,0,7598436,16057691,2003748
8 x 2047 B,15,131,2002714,0,0,0,7598263,16057691,2003664
8 x 2047 B,16,131,2002320,0,0,0,7597074,16057691,2003255
8 x 2047 B,17,131,2002470,0,0,0,7597659,16057691,2003398
8 x 2047 B,18,131,2002613,0,0,0,7596750,16057691,2003545
8 x 2047 B,19,131,2001671,0,0,0,7595468,16057691,2002605
8 x 2047 B,20,131,2002507,0,0,0,7598187,16057691,2003419
8 x 2047 B,21,131,2003148,0,0,0,7599614,16057691,2004069
8 x 2047 B,22,131,2002513,0,0,0,7596581,16057691,2003437
8 x 2047 B,23,131,2002757,0,0,0,7598201,16057691,2003884
8 x 2047 B,24,131,2002295,0,0,0,7596837,16057691,2003238
8 x 2047 B,25,131,2002002,0,0,0,7595522,16057691,2002948
8 x 2047 B,26,131,2001805,0,0,0,7593381,16057691,2002738
8 x 2047 B,27,131,2002285,0,0,0,7597614,16057691,2003208
8 x 2047 B,28,131,2002789,0,0,0,7597408,16057691,2003723
8 x 2047 B,29,131,2001974,0,0,0,7595731,16057691,2002926
8 x 2047 B,30,131,2003104,0,0,0,7598806,16057691,2004054
8 x 2047 B,31,131,2003095,0,0,0,7600446,16057691,2004151
12 x 2047 B,0,88,2016015,0,0,0,7646538,16172566,2017740
12 x 2047 B,1,88,2016973,0,0,0,7644868,16172566,2018608
12 x 2047 B,2,88,2016633,0,0,0,7647121,16172566,2017805
12 x 2047 B,3,88,2017002,0,0,0,7641779,16172566,2019148
12 x 2047 B,4,88,2014481,0,0,0,7640084,16172566,2015552
12 x 2047 B,5,88,2016533,0,0,0,7648602,16172566,2017500
12 x 2047 B,6,88,2014771,0,0,0,7643358,16172566,2015732
12 x 2047 B,7,88,2015641,0,0,0,7643877,16172566,2016616
12 x 2047 B,8,88,2013461,0,0,0,7637193,16172566,2014429
12 x 2047 B,9,88,2014619,0,0,0,7637845,16172566,2015643
12 x 2047 B,10,88,2015976,0,0,0,7647280,16172566,2016933
12 x 2047 B,11,88,2013310,0,0,0,7639200,16172566,2014258
12 x 2047 B,12,88,2013089,0,0,0,7637086,16172566,2014042
12 x 2047 B,13,88,2015049,0,0,0,7643651,16172566,2016003
12 x 2047 B,14,88,2013580,0,0,0,7640060,16172566,2014534
12 x 2047 B,15,88,2016278,0,0,0,7652522,16172566,2017224
12 x 2047 B,16,88,2015164,0,0,0,7646271,16172566,2016103
12 x 2047 B,17,88,2015837,0,0,0,7651024,16172566,2016796
12 x 2047 B,18,88,2013398,0,0,0,7638761,16172566,2014341
12 x 2047 B,19,88,2017211,0,0,0,7653405,16172566,2018140
12 x 2047 B,20,88,2014890,0,0,0,7639031,16172566,2015877
12 x 2047 B,21,88,2015930,0,0,0,7649341,16172566,2016874
12 x 2047 B,22,88,2014013,0,0,0,7641149,16172566,2014964
12 x 2047 B,23,88,2015565,0,0,0,7647395,16172566,2016520
12 x 2047 B,24,88,2017473,0,0,0,7654585,16172566,2018430
12 x 2047 B,25,88,2012612,0,0,0,7638756,16172566,2013604
12 x 2047 B,26,88,2015599,0,0,0,7646161,16172566,2016583
12 x 2047 B,27,88,2013124,0,0,0,7637765,16172566,2014087
12 x 2047 B,28,88,2014735,0,0,0,7638406,16172566,2015731
12 x 2047 B,29,88,2012501,0,0,0,7637991,16172566,2013455
12 x 2047 B,30,88,2012944,0,0,0,7638257,16172566,2013925
12 x 2047 B,31,88,2016003,0,0,0,7641480,16172567,2016961
16 x 2047 B,0,66,2016076,0,0,0,7640842,16168716,2017885
16 x 2047 B,1,66,2016088,0,0,0,7647893,16168716,2017305
16 x 2047 B,2,66,2014941,0,0,0,7639719,16168716,2016603
16 x 2047 B,3,66,2014890,0,0,0,7641908,16168716,2016032
16 x 2047 B,4,66,2018595,0,0,0,7642877,16168716,2020680
16 x 2047 B,5,66,2022390,0,0,0,7639533,16168716,2020287
16 x 2047 B,6,66,2026399,0,0,0,7639762,16168716,2020268
16 x 2047 B,7,66,2015144,0,0,0,7642023,16168716,2017215
16 x 2047 B,8,66,2015289,0,0,0,7644111,16168716,2016391
16 x 2047 B,9,66,2013024,0,0,0,7635982,16168716,2014009
16 x 2047 B,10,66,2013862,0,0,0,7640918,16168716,2014822
16 x 2047 B,11,66,2013212,0,0,0,7635136,16168716,2014188
16 x 2047 B,12,66,2012530,0,0,0,7634601,16168716,2013847
16 x 2047 B,13,66,2014138,0,0,0,7636312,16168716,2015555
16 x 2047 B,14,66,2015446,0,0,0,7640873,16168716,2016619
16 x 2047 B,15,66,2014636,0,0,0,7636050,16168716,2015600
16 x 2047 B,16,66,2012345,0,0,0,7636300,16168716,2013313
16 x 2047 B,17,66,2016315,0,0,0,7650162,16168716,2017269
16 x 2047 B,18,66,2391503,0,0,0,7642768,16168716,2392491
16 x 2047 B,19,66,2013151,0,0,0,7635864,16168716,2014951
16 x 2047 B,20,66,2016802,0,0,0,7644627,16168716,2018134
16 x 2047 B,21,66,2016237,0,0,0,7646973,16168716,2017257
16 x 2047 B,22,66,2016562,0,0,0,7652227,16168716,2017533
16 x 2047 B,23,66,2015937,0,0,0,7646133,16168716,2016918
16 x 2047 B,24,66,2016220,0,0,0,7651835,16168716,2017198
16 x 2047 B,25,66,2017277,0,0,0,7652680,16168716,2018260
16 x 2047 B,26,66,2016333,0,0,0,7652508,16168716,2017296
16 x 2047 B,27,66,2014928,0,0,0,7645712,16168716,2015900
16 x 2047 B,28,66,2014474,0,0,0,7645323,16168716,2015430
16 x 2047 B,29,66,2018277,0,0,0,7646394,16168716,2019256
16 x 2047 B,30,66,2016397,0,0,0,7641286,16168717,2017336
16 x 2047 B,31,66,2013668,0,0,0,7643956,16168716,2014611
24 x 2047 B,0,44,2081365,0,0,0,7631913,16164866,2015317
24 x 2047 B,1,44,2012777,0,0,0,7636145,16164866,2013762
24 x 2047 B,2,44,2014206,0,0,0,7645120,16164866,2015139
24 x 2047 B,3,44,2013822,0,0,0,7641161,16164866,2014788
24 x 2047 B,4,44,2012984,0,0,0,7639123,16164866,2013928
24 x 2047 B,5,44,2020421,0,0,0,7666291,16164866,2021372
24 x 2047 B,6,44,2019497,0,0,0,7665646,16164866,2020426
24 x 2047 B,7,44,2020465,0,0,0,7666776,16164866,2021408
24 x 2047 B,8,44,2019351,0,0,0,7664659,16164866,2020298
24 x 2047 B,9,44,2019368,0,0,0,7662326,16164866,2020325
24 x 2047 B,10,44,2018570,0,0,0,7659036,16164866,2019703
24 x 2047 B,11,44,2019348,0,0,0,7662387,16164866,2020371
24 x 2047 B,12,44,2020227,0,0,0,7663488,16164866,2022052
24 x 2047 B,13,44,2019972,0,0,0,7661660,16164866,2021200
24 x 2047 B,14,44,2021312,0,0,0,7664256,16164866,2022996
24 x 2047 B,15,44,2020306,0,0,0,7661858,16164866,2021474
24 x 2047 B,16,44,2023940,0,0,0,7662240,16164866,2026169
24 x 2047 B,17,44,2028567,0,0,0,7661572,16164866,2027268
24 x 2047 B,18,44,2029419,0,0,0,7660799,16164866,2023234
24 x 2047 B,19,44,2019138,0,0,0,7657546,16164866,2020140
24 x 2047 B,20,44,2019038,0,0,0,7662512,16164866,2020004
24 x 2047 B,21,44,2016544,0,0,0,7649657,16164866,2017555
24 x 2047 B,22,44,2017764,0,0,0,7656329,16164866,2018731
24 x 2047 B,23,44,2017902,0,0,0,7653552,16164866,2018863
24 x 2047 B,24,44,2019282,0,0,0,7661250,16164866,2020229
24 x 2047 B,25,44,2019755,0,0,0,7660645,16164866,2020728
24 x 2047 B,26,44,2019179,0,0,0,7661308,16164866,2020131
24 x 2047 B,27,44,2019927,0,0,0,7662916,16164866,2020875
24 x 2047 B,28,44,2019082,0,0,0,7661021,16164866,2020106
24 x 2047 B,29,44,2022532,0,0,0,7663371,16164866,2023537
24 x 2047 B,30,44,2018426,0,0,0,7660502,16164866,2019373
24 x 2047 B,31,44,2018638,0,0,0,7660691,16164866,2019586
64 x 2047 B,0,17,2076652,0,0,0,7877279,16649741,2077755
64 x 2047 B,1,17,2076508,0,0,0,7879039,16649741,2077445
64 x 2047 B,2,17,2076117,0,0,0,7878132,16649741,2077067
64 x 2047 B,3,17,2075461,0,0,0,7878445,16649741,2076421
64 x 2047 B,4,17,2077446,0,0,0,7881439,16649741,2078439
64 x 2047 B,5,17,2078314,0,0,0,7882139,16649741,2079366
64 x 2047 B,6,17,2077866,0,0,0,7877994,16649741,2078894
64 x 2047 B,7,17,2076897,0,0,0,7878414,16649741,2077866
64 x 2047 B,8,17,2076896,0,0,0,7877542,16649741,2077854
64 x 2047 B,9,17,2076025,0,0,0,7878283,16649741,2076982
64 x 2047 B,10,17,2076727,0,0,0,7875730,16649741,2077687
64 x 2047 B,11,17,2077958,0,0,0,7879050,16649742,2078912
64 x 2047 B,12,17,2075858,0,0,0,7878340,16649741,2076809
64 x 2047 B,13,17,2076303,0,0,0,7879056,16649741,2077266
64 x 2047 B,14,17,2076684,0,0,0,7878938,16649741,2077643
64 x 2047 B,15,17,2075781,0,0,0,7877386,16649741,2076732
64 x 2047 B,16,17,2075860,0,0,0,7877957,16649741,2076826
64 x 2047 B,17,17,2078679,0,0,0,7884840,16649741,2079679
64 x 2047 B,18,17,2078185,0,0,0,7883350,16649741,2079985
64 x 2047 B,19,17,2077260,0,0,0,7878289,16649741,2078498
64 x 2047 B,20,17,2078106,0,0,0,7877202,16649741,2079469
64 x 2047 B,21,17,2077722,0,0,0,7879223,16649741,2078931
64 x 2047 B,22,17,2077880,0,0,0,7880798,16649741,2080395
64 x 2047 B,23,17,2078252,0,0,0,7877917,16649741,2079363
64 x 2047 B,24,17,2089805,0,0,0,7879560,16649742,2083617
64 x 2047 B,25,17,2076489,0,0,0,7876192,16649741,2077494
64 x 2047 B,26,17,2076203,0,0,0,7878548,16649741,2077207
64 x 2047 B,27,17,2076204,0,0,0,7878928,16649741,2077146
64 x 2047 B,28,17,2075982,0,0,0,7878344,16649741,2076949
64 x 2047 B,29,17,2077944,0,0,0,7878029,16649741,2078945
64 x 2047 B,30,17,2082700,0,0,0,7879280,16649741,2080537
64 x 2047 B,31,17,2076327,0,0,0,7878457,16649741,2077285
128 x 2047 B,0,9,2196764,0,0,0,8334939,17627541,2197809
128 x 2047 B,1,9,2196376,0,0,0,8336096,17627541,2197324
128 x 2047 B,2,9,2194367,0,0,0,8328707,17627541,2195309
128 x 2047 B,3,9,2195517,0,0,0,8332095,17627541,2196479
128 x 2047 B,4,9,2196101,0,0,0,8331682,17627542,2197042
128 x 2047 B,5,9,2194498,0,0,0,8327594,17627541,2195455
128 x 2047 B,6,9,2197262,0,0,0,8339110,17627541,2198209
128 x 2047 B,7,9,2196467,0,0,0,8335318,17627541,2197411
128 x 2047 B,8,9,2194880,0,0,0,8331835,17627541,2195827
128 x 2047 B,9,9,2195517,0,0,0,8325181,17627542,2196476
128 x 2047 B,10,9,2197184,0,0,0,8339574,17627541,2198144
128 x 2047 B,11,9,2198448,0,0,0,8340600,17627541,2199417
128 x 2047 B,12,9,2195173,0,0,0,8330619,17627541,2196139
128 x 2047 B,13,9,2194948,0,0,0,8332406,17627541,2195904
128 x 2047 B,14,9,2198030,0,0,0,8335359,17627542,2198990
128 x 2047 B,15,9,2197336,0,0,0,8340090,17627541,2198281
128 x 2047 B,16,9,2194641,0,0,0,8327130,17627541,2195586
128 x 2047 B,17,9,2196174,0,0,0,8337335,17627541,2197117
128 x 2047 B,18,9,2195653,0,0,0,8331770,17627541,2196591
128 x 2047 B,19,9,2194913,0,0,0,8325733,17627542,2195862
128 x 2047 B,20,9,2194700,0,0,0,8330659,17627541,2195659
128 x 2047 B,21,9,2196601,0,0,0,8335442,17627541,2197554
128 x 2047 B,22,9,2196793,0,0,0,8335787,17627541,2198169
128 x 2047 B,23,9,2199371,0,0,0,8340101,17627541,2200716
128 x 2047 B,24,9,2201526,0,0,0,8340350,17627542,2203051
128 x 2047 B,25,9,2196579,0,0,0,8332357,17627541,2197682
128 x 2047 B,26,9,2197975,0,0,0,8331367,17627541,2200090
128 x 2047 B,27,9,2198024,0,0,0,8338642,17627541,2199226
128 x 2047 B,28,9,2209789,0,0,0,8338580,17627541,2203463
128 x 2047 B,29,9,2199441,0,0,0,8333948,17627542,2200465
128 x 2047 B,30,9,2195021,0,0,0,8330724,17627541,2195971
128 x 2047 B,31,9,2197735,0,0,0,8340891,17627541,2198672
129 x 2047 B,0,9,2218529,0,0,0,8412867,17765242,2219586
129 x 2047 B,1,9,2216408,0,0,0,8410963,17765241,2217370
129 x 2047 B,2,9,2217671,0,0,0,8411098,17765241,2218657
129 x 2047 B,3,9,2216495,0,0,0,8412426,17765241,2217453
129 x 2047 B,4,9,2597125,0,0,0,8411829,17765242,2598125
129 x 2047 B,5,9,2216138,0,0,0,8410094,17765241,2217084
129 x 2047 B,6,9,2215925,0,0,0,8412286,17765241,2216875
129 x 2047 B,7,9,2218186,0,0,0,8411827,17765242,2219143
129 x 2047 B,8,9,2216086,0,0,0,8411794,17765241,2217026
129 x 2047 B,9,9,2216588,0,0,0,8411565,17765241,2217530
129 x 2047 B,10,9,2216541,0,0,0,8412683,17765241,2217491
129 x 2047 B,11,9,2214602,0,0,0,8407448,17765241,2215558
129 x 2047 B,12,9,2218054,0,0,0,8410645,17765242,2219009
129 x 2047 B,13,9,2216302,0,0,0,8410743,17765241,2217265
129 x 2047 B,14,9,2216554,0,0,0,8410860,17765241,2217504
129 x 2047 B,15,9,2216855,0,0,0,8413847,17765241,2217810
129 x 2047 B,16,9,2217981,0,0,0,8411382,17765242,2218930
129 x 2047 B,17,9,2216786,0,0,0,8412859,17765241,2217741
129 x 2047 B,18,9,2215284,0,0,0,8409550,17765241,2216237
129 x 2047 B,19,9,2216265,0,0,0,8411268,17765241,2217207
129 x 2047 B,20,9,2216387,0,0,0,8413013,17765241,2217343
129 x 2047 B,21,9,2229495,0,0,0,8409956,17765242,2222425
129 x 2047 B,22,9,2217472,0,0,0,8413252,17765241,2218474
129 x 2047 B,23,9,2216650,0,0,0,8412064,17765241,2217615
129 x 2047 B,24,9,2216374,0,0,0,8410181,17765241,2217393
129 x 2047 B,25,9,2218822,0,0,0,8412398,17765242,2220326
129 x 2047 B,26,9,2217285,0,0,0,8410051,17765241,2218488
129 x 2047 B,27,9,2217882,0,0,0,8412610,17765241,2219636
129 x 2047 B,28,9,2218064,0,0,0,8413213,17765241,2219330
129 x 2047 B,29,9,2218061,0,0,0,8408567,17765241,2220003
129 x 2047 B,30,9,2220531,0,0,0,8413888,17765242,2221609
129 x 2047 B,31,9,2216310,0,0,0,8410669,17765241,2217272
1024 x 2047 B,0,2,3914197,0,0,0,14835476,31335118,3915967
1024 x 2047 B,1,2,3913917,0,0,0,14843055,31335118,3915404
1024 x 2047 B,2,2,3911203,0,0,0,14839901,31335118,3912572
1024 x 2047 B,3,2,3910653,0,0,0,14839815,31335118,3912258
1024 x 2047 B,4,2,3909799,0,0,0,14834173,31335118,3911246
1024 x 2047 B,5,2,3913544,0,0,0,14842798,31335118,3914979
1024 x 2047 B,6,2,3911198,0,0,0,14833925,31335118,3912575
1024 x 2047 B,7,2,3913199,0,0,0,14842294,31335118,3914578
1024 x 2047 B,8,2,3909392,0,0,0,14829138,31335118,3910780
1024 x 2047 B,9,2,3913143,0,0,0,14840007,31335118,3914468
1024 x 2047 B,10,2,3910840,0,0,0,14841793,31335117,3912249
1024 x 2047 B,11,2,3911181,0,0,0,14839315,31335118,3912522
1024 x 2047 B,12,2,3911429,0,0,0,14839913,31335118,3912794
1024 x 2047 B,13,2,3912788,0,0,0,14842204,31335118,3914080
1024 x 2047 B,14,2,3913495,0,0,0,14845825,31335118,3914987
1024 x 2047 B,15,2,3914059,0,0,0,14843708,31335118,3916808
1024 x 2047 B,16,2,3915949,0,0,0,14845759,31335118,3918211
1024 x 2047 B,17,2,3915166,0,0,0,14844544,31335118,3917761
1024 x 2047 B,18,2,3912673,0,0,0,14835807,31335118,3914157
1024 x 2047 B,19,2,3911322,0,0,0,14833890,31335118,3912748
1024 x 2047 B,20,2,3911638,0,0,0,14836535,31335118,3913099
1024 x 2047 B,21,2,3910216,0,0,0,14833851,31335118,3911558
1024 x 2047 B,22,2,3909512,0,0,0,14837731,31335117,3910878
1024 x 2047 B,23,2,3911689,0,0,0,14841437,31335118,3913032
1024 x 2047 B,24,2,3911333,0,0,0,14840082,31335118,3912690
1024 x 2047 B,25,2,3911834,0,0,0,14840757,31335118,3913242
1024 x 2047 B,26,2,3908724,0,0,0,14829997,31335118,3910091
1024 x 2047 B,27,2,3907339,0,0,0,14825336,31335118,3908673
1024 x 2047 B,28,2,3911650,0,0,0,14842960,31335118,3912980
1024 x 2047 B,29,2,3910810,0,0,0,14839429,31335118,3912381
1024 x 2047 B,30,2,3911193,0,0,0,14839285,31335118,3912551
1024 x 2047 B,31,2,3912298,0,0,0,14842641,31335118,3913636
1 x 2049 B,0,1197,1975078,0,0,0,7490002,10768578,1976082
1 x 2049 B,1,1197,1973606,0,0,0,7489156,10768578,1974501
1 x 2049 B,2,1197,1973091,0,0,0,7488622,10768578,1973962
1 x 2049 B,3,1197,1973620,0,0,0,7488265,10768578,1974518
1 x 2049 B,4,1197,1973305,0,0,0,7489055,10768578,1974188
1 x 2049 B,5,1197,1989580,0,0,0,7491246,10768579,1986677
1 x 2049 B,6,1197,1974396,0,0,0,7488860,10768578,1975814
1 x 2049 B,7,1197,1972477,0,0,0,7488606,10768577,1974654
1 x 2049 B,8,1197,1974943,0,0,0,7487793,10768578,1976544
1 x 2049 B,9,1197,1975037,0,0,0,7489000,10768578,1976637
1 x 2049 B,10,1197,1975832,0,0,0,7490779,10768578,1978257
1 x 2049 B,11,1197,1984790,0,0,0,7489854,10768578,1982757
1 x 2049 B,12,1197,1974083,0,0,0,7489271,10768578,1975089
1 x 2049 B,13,1197,1974882,0,0,0,7489152,10768578,1975980
1 x 2049 B,14,1197,1974477,0,0,0,7488522,10768578,1975583
1 x 2049 B,15,1197,1974534,0,0,0,7488799,10768578,1975535
1 x 2049 B,16,1197,1973824,0,0,0,7487952,10768578,1974803
1 x 2049 B,17,1197,1984534,0,0,0,7489927,10768578,1979549
1 x 2049 B,18,1197,1974830,0,0,0,7489793,10768578,1975824
1 x 2049 B,19,1197,1975171,0,0,0,7488506,10768578,1976194
1 x 2049 B,20,1197,1973576,0,0,0,7488515,10768578,1974571
1 x 2049 B,21,1197,1973588,0,0,0,7488353,10768578,1974561
1 x 2049 B,22,1197,1973779,0,0,0,7489332,10768578,1974764
1 x 2049 B,23,1197,1973923,0,0,0,7489741,10768578,1974887
1 x 2049 B,24,1197,1973295,0,0,0,7488742,10768578,1974280
1 x 2049 B,25,1197,1973410,0,0,0,7488587,10768578,1974385
1 x 2049 B,26,1197,1973363,0,0,0,7489021,10768578,1974338
1 x 2049 B,27,1197,1983683,0,0,0,7489125,10768578,1984684
1 x 2049 B,28,1197,1974187,0,0,0,7488879,10768578,1975172
1 x 2049 B,29,1197,1973333,0,0,0,7488387,10768578,1974300
1 x 2049 B,30,1197,1973451,0,0,0,7489113,10768578,1974429
1 x 2049 B,31,1197,1973450,0,0,0,7489404,10768578,1974427
3 x 2049 B,0,401,1990758,0,0,0,7555142,10683808,1991856
3 x 2049 B,1,401,1991125,0,0,0,7555621,10683808,1992100
3 x 2049 B,2,401,1990805,0,0,0,7554590,10683808,1991792
3 x 2049 B,3,401,1991180,0,0,0,7554665,10683808,1992187
3 x 2049 B,4,401,1990983,0,0,0,7555077,10683808,1991954
3 x 2049 B,5,401,1991376,0,0,0,7555315,10683808,1992351
3 x 2049 B,6,401,1990454,0,0,0,7554375,10683808,1991430
3 x 2049 B,7,401,1991218,0,0,0,7554806,10683808,1992226
3 x 2049 B,8,401,1990589,0,0,0,7554495,10683808,1991562
3 x 2049 B,9,401,1991006,0,0,0,7555414,10683808,1992015
3 x 2049 B,10,401,1990395,0,0,0,7554054,10683808,1991375
3 x 2049 B,11,401,1991528,0,0,0,7555324,10683808,1992573
3 x 2049 B,12,401,1992818,0,0,0,7554905,10683808,1994174
3 x 2049 B,13,401,1993177,0,0,0,7556505,10683808,1994772
3 x 2049 B,14,401,1992272,0,0,0,7556157,10683808,1994042
3 x 2049 B,15,401,1993641,0,0,0,7557281,10683808,1995298
3 x 2049 B,16,401,1992011,0,0,0,7554414,10683808,1993257
3 x 2049 B,17,401,1994386,0,0,0,7557039,10683808,1996705
3 x 2049 B,18,401,1991475,0,0,0,7554968,10683808,1992622
3 x 2049 B,19,401,1992599,0,0,0,7556569,10683808,1993674
3 x 2049 B,20,401,1990927,0,0,0,7554163,10683808,1991899
3 x 2049 B,21,401,1991936,0,0,0,7555863,10683808,1992957
3 x 2049 B,22,401,1991437,0,0,0,7555615,10683808,1992409
3 x 2049 B,23,401,1991545,0,0,0,7555845,10683808,1992597
3 x 2049 B,24,401,1991510,0,0,0,7554985,10683808,1992518
3 x 2049 B,25,401,1991997,0,0,0,7555126,10683808,1993002
3 x 2049 B,26,401,1991400,0,0,0,7555253,10683808,1992418
3 x 2049 B,27,401,1990347,0,0,0,7554010,10683808,1991338
3 x 2049 B,28,401,2360837,0,0,0,7555240,10683808,2361909
3 x 2049 B,29,401,1990921,0,0,0,7555838,10683808,1991902
3 x 2049 B,30,401,1990818,0,0,0,7554759,10683808,1991790
3 x 2049 B,31,401,1991974,0,0,0,7554826,10683808,1993001
4 x 2049 B,0,303,1991814,0,0,0,7558953,10746867,1992919
4 x 2049 B,1,303,1991999,0,0,0,7558887,10746867,1992979
4 x 2049 B,2,303,1991779,0,0,0,7558902,10746867,1992770
4 x 2049 B,3,303,1991465,0,0,0,7557194,10746867,1992449
4 x 2049 B,4,303,1991283,0,0,0,7557418,10746867,1992281
4 x 2049 B,5,303,1991814,0,0,0,7558009,10746867,1992806
4 x 2049 B,6,303,1991968,0,0,0,7559352,10746867,1992994
4 x 2049 B,7,303,1996155,0,0,0,7558519,10746867,1997238
4 x 2049 B,8,303,1991533,0,0,0,7557951,10746867,1992532
4 x 2049 B,9,303,1991742,0,0,0,7557571,10746867,1992732
4 x 2049 B,10,303,1991721,0,0,0,7557644,10746867,1992700
4 x 2049 B,11,303,1992005,0,0,0,7558972,10746867,1992993
4 x 2049 B,12,303,1992194,0,0,0,7559063,10746867,1993172
4 x 2049 B,13,303,1991926,0,0,0,7558762,10746867,1992922
4 x 2049 B,14,303,1991945,0,0,0,7559005,10746867,1992934
4 x 2049 B,15,303,1992786,0,0,0,7558204,10746867,1993830
4 x 2049 B,16,303,2000213,0,0,0,7558045,10746867,1995842
4 x 2049 B,17,303,1991486,0,0,0,7556808,10746867,1992497
4 x 2049 B,18,303,1991937,0,0,0,7556319,10746867,1992982
4 x 2049 B,19,303,1991844,0,0,0,7557879,10746867,1993010
4 x 2049 B,20,303,1994427,0,0,0,7561347,10746867,1996115
4 x 2049 B,21,303,1992692,0,0,0,7558009,10746867,1994064
4 x 2049 B,22,303,1994387,0,0,0,7558796,10746867,1996266
4 x 2049 B,23,303,1992719,0,0,0,7558872,10746867,1994137
4 x 2049 B,24,303,1996882,0,0,0,7559949,10746867,1998940
4 x 2049 B,25,303,1993828,0,0,0,7559761,10746867,1995312
4 x 2049 B,26,303,2010962,0,0,0,7561322,10746867,2001681
4 x 2049 B,27,303,1993448,0,0,0,7558636,10746867,1994815
4 x 2049 B,28,303,1993698,0,0,0,7558867,10746867,1995417
4 x 2049 B,29,303,1992420,0,0,0,7557018,10746867,1993403
4 x 2049 B,30,303,1993498,0,0,0,7558755,10746867,1994531
4 x 2049 B,31,303,1994093,0,0,0,7559345,10746867,1995140
6 x 2049 B,0,202,1992691,0,0,0,7559777,10729192,1993813
6 x 2049 B,1,202,1992076,0,0,0,7554364,10729192,1993140
6 x 2049 B,2,202,1995761,0,0,0,7571261,10729192,1996777
6 x 2049 B,3,202,1991114,0,0,0,7551213,10729192,1992172
6 x 2049 B,4,202,1993867,0,0,0,7563046,10729192,1994874
6 x 2049 B,5,202,1991343,0,0,0,7552438,10729192,1992394
6 x 2049 B,6,202,1991832,0,0,0,7556137,10729192,1992858
6 x 2049 B,7,202,1991957,0,0,0,7558186,10729192,1992980
6 x 2049 B,8,202,1992619,0,0,0,7559642,10729192,1993623
6 x 2049 B,9,202,1991563,0,0,0,7557427,10729192,1992573
6 x 2049 B,10,202,1993208,0,0,0,7562317,10729192,1994228
6 x 2049 B,11,202,1992822,0,0,0,7562240,10729192,1993814
6 x 2049 B,12,202,1992448,0,0,0,7558904,10729192,1993449
6 x 2049 B,13,202,1991269,0,0,0,7556019,10729192,1992274
6 x 2049 B,14,202,1991662,0,0,0,7554584,10729192,1992666
6 x 2049 B,15,202,1991944,0,0,0,7559083,10729192,1992945
6 x 2049 B,16,202,1992889,0,0,0,7560756,10729192,1993896
6 x 2049 B,17,202,1992017,0,0,0,7555650,10729192,1993041
6 x 2049 B,18,202,1992285,0,0,0,7558778,10729192,1993285
6 x 2049 B,19,202,1993818,0,0,0,7561894,10729192,1994822
6 x 2049 B,20,202,1992542,0,0,0,7558028,10729192,1993536
6 x 2049 B,21,202,1992215,0,0,0,7560204,10729192,1993199
6 x 2049 B,22,202,1993306,0,0,0,7562708,10729192,1994312
6 x 2049 B,23,202,1991727,0,0,0,7557721,10729192,1992731
6 x 2049 B,24,202,1990887,0,0,0,7554661,10729192,1991887
6 x 2049 B,25,202,1990660,0,0,0,7550714,10729192,1991675
6 x 2049 B,26,202,1992565,0,0,0,7558138,10729192,1993617
6 x 2049 B,27,202,1993578,0,0,0,7559799,10729192,1995165
6 x 2049 B,28,202,1992816,0,0,0,7551722,10729192,1994063
6 x 2049 B,29,202,1993114,0,0,0,7551270,10729192,1995190
6 x 2049 B,30,202,1993555,0,0,0,7562316,10729192,1995188
6 x 2049 B,31,202,1995315,0,0,0,7559492,10729192,1997902
8 x 2049 B,0,152,2001178,0,0,0,7590749,10755734,2002330
8 x 2049 B,1,152,1999203,0,0,0,7581733,10755734,2000291
8 x 2049 B,2,152,2000730,0,0,0,7589092,10755734,2001761
8 x 2049 B,3,152,2001484,0,0,0,7594291,10755734,2002500
8 x 2049 B,4,152,2381119,0,0,0,7573587,10755734,2382215
8 x 2049 B,5,152,1996783,0,0,0,7573955,10755734,1997785
8 x 2049 B,6,152,1997485,0,0,0,7576312,10755734,1998502
8 x 2049 B,7,152,1997117,0,0,0,7576944,10755734,1998124
8 x 2049 B,8,152,2002799,0,0,0,7593519,10755734,2003881
8 x 2049 B,9,152,1999278,0,0,0,7585108,10755734,2000308
8 x 2049 B,10,152,1997369,0,0,0,7578571,10755734,1998398
8 x 2049 B,11,152,1996019,0,0,0,7574233,10755734,1997032
8 x 2049 B,12,152,1996818,0,0,0,7576562,10755734,1997841
8 x 2049 B,13,152,1997501,0,0,0,7577982,10755734,1998541
8 x 2049 B,14,152,1997378,0,0,0,7576978,10755734,1998404
8 x 2049 B,15,152,1997798,0,0,0,7578620,10755734,1998863
8 x 2049 B,16,152,1996824,0,0,0,7577141,10755734,1997848
8 x 2049 B,17,152,1998918,0,0,0,7577603,10755734,1999978
8 x 2049 B,18,152,1997734,0,0,0,7580375,10755734,1998766
8 x 2049 B,19,152,1996803,0,0,0,7576007,10755734,1997832
8 x 2049 B,20,152,1997006,0,0,0,7577908,10755734,1998026
8 x 2049 B,21,152,1997812,0,0,0,7578810,10755734,1998820
8 x 2049 B,22,152,1997741,0,0,0,7580474,10755734,1998759
8 x 2049 B,23,152,1997080,0,0,0,7574804,10755734,1998111
8 x 2049 B,24,152,1996452,0,0,0,7574044,10755734,1997481
8 x 2049 B,25,152,1998749,0,0,0,7576189,10755734,1999815
8 x 2049 B,26,152,2003146,0,0,0,7577264,10755734,2001719
8 x 2049 B,27,152,1997039,0,0,0,7575981,10755734,1998067
8 x 2049 B,28,152,1997173,0,0,0,7576854,10755734,1998184
8 x 2049 B,29,152,1997296,0,0,0,7577927,10755734,1998305
8 x 2049 B,30,152,1998276,0,0,0,7583380,10755734,1999299
8 x 2049 B,31,152,1998047,0,0,0,7580688,10755734,1999060
12 x 2049 B,0,102,2013568,0,0,0,7637836,10817568,2014680
12 x 2049 B,1,102,2014112,0,0,0,7637603,10817568,2015361
12 x 2049 B,2,102,2015160,0,0,0,7643302,10817568,2016300
12 x 2049 B,3,102,2015577,0,0,0,7642043,10817568,2017244
12 x 2049 B,4,102,2015226,0,0,0,7641113,10817568,2017472
12 x 2049 B,5,102,2016650,0,0,0,7647205,10817568,2018863
12 x 2049 B,6,102,2016897,0,0,0,7639022,10817568,2018734
12 x 2049 B,7,102,2017104,0,0,0,7641471,10817569,2018291
12 x 2049 B,8,102,2014865,0,0,0,7644638,10817568,2015947
12 x 2049 B,9,102,2013300,0,0,0,7637050,10817568,2014353
12 x 2049 B,10,102,2015295,0,0,0,7641612,10817568,2016360
12 x 2049 B,11,102,2014875,0,0,0,7642632,10817568,2015896
12 x 2049 B,12,102,2025265,0,0,0,7641026,10817568,2020193
12 x 2049 B,13,102,2013766,0,0,0,7637741,10817568,2014817
12 x 2049 B,14,102,2014100,0,0,0,7643434,10817568,2015185
12 x 2049 B,15,102,2015545,0,0,0,7646390,10817568,2016560
12 x 2049 B,16,102,2012883,0,0,0,7639102,10817568,2013939
12 x 2049 B,17,102,2015532,0,0,0,7647031,10817568,2016556
12 x 2049 B,18,102,2014879,0,0,0,7645932,10817568,2015908
12 x 2049 B,19,102,2015665,0,0,0,7647916,10817568,2016685
12 x 2049 B,20,102,2015646,0,0,0,7646603,10817568,2016691
12 x 2049 B,21,102,2014967,0,0,0,7643845,10817568,2015996
12 x 2049 B,22,102,2015706,0,0,0,7648901,10817568,2016719
12 x 2049 B,23,102,2015537,0,0,0,7647168,10817568,2016554
12 x 2049 B,24,102,2013232,0,0,0,7639530,10817568,2014261
12 x 2049 B,25,102,2016366,0,0,0,7646954,10817568,2017469
12 x 2049 B,26,102,2013644,0,0,0,7639860,10817568,2014707
12 x 2049 B,27,102,2011700,0,0,0,7633411,10817568,2012715
12 x 2049 B,28,102,2014291,0,0,0,7641866,10817568,2015321
12 x 2049 B,29,102,2011623,0,0,0,7631073,10817568,2012645
12 x 2049 B,30,102,2014324,0,0,0,7644159,10817568,2015352
12 x 2049 B,31,102,2011138,0,0,0,7631044,10817568,2012154
16 x 2049 B,0,76,2002540,0,0,0,7596189,10742434,2003669
16 x 2049 B,1,76,2001778,0,0,0,7595736,10742434,2002817
16 x 2049 B,2,76,1998593,0,0,0,7580900,10742434,1999629
16 x 2049 B,3,76,2004505,0,0,0,7600637,10742434,2005592
16 x 2049 B,4,76,2003604,0,0,0,7602111,10742434,2004663
16 x 2049 B,5,76,2002302,0,0,0,7597704,10742434,2003378
16 x 2049 B,6,76,1999804,0,0,0,7586858,10742434,2000964
16 x 2049 B,7,76,2003508,0,0,0,7600481,10742434,2004738
16 x 2049 B,8,76,2003335,0,0,0,7598448,10742434,2004906
16 x 2049 B,9,76,2001609,0,0,0,7592361,10742434,2003461
16 x 2049 B,10,76,2006799,0,0,0,7604871,10742434,2008729
16 x 2049 B,11,76,2005245,0,0,0,7601364,10742434,2006675
16 x 2049 B,12,76,2005637,0,0,0,7596143,10742434,2007831
16 x 2049 B,13,76,2005089,0,0,0,7604918,10742434,2006432
16 x 2049 B,14,76,2017493,0,0,0,7597039,10742434,2009546
16 x 2049 B,15,76,2000778,0,0,0,7588952,10742434,2001868
16 x 2049 B,16,76,1999336,0,0,0,7583782,10742434,2000390
16 x 2049 B,17,76,2003845,0,0,0,7602856,10742434,2004907
16 x 2049 B,18,76,2006770,0,0,0,7606515,10742434,2007952
16 x 2049 B,19,76,2003279,0,0,0,7598961,10742434,2004349
16 x 2049 B,20,76,2006302,0,0,0,7606753,10742434,2007375
16 x 2049 B,21,76,2004611,0,0,0,7605824,10742434,2005649
16 x 2049 B,22,76,2006468,0,0,0,7610853,10742434,2007527
16 x 2049 B,23,76,2003726,0,0,0,7603800,10742434,2004768
16 x 2049 B,24,76,2005478,0,0,0,7607140,10742434,2006535
16 x 2049 B,25,76,2004766,0,0,0,7608166,10742434,2005817
16 x 2049 B,26,76,2003961,0,0,0,7602205,10742434,2004981
16 x 2049 B,27,76,2004240,0,0,0,7605857,10742434,2005302
16 x 2049 B,28,76,2004164,0,0,0,7603557,10742434,2005195
16 x 2049 B,29,76,2003058,0,0,0,7600010,10742434,2004082
16 x 2049 B,30,76,2005572,0,0,0,7606697,10742434,2006600
16 x 2049 B,31,76,2003794,0,0,0,7604483,10742434,2004857
24 x 2049 B,0,51,2015059,0,0,0,7645986,10808643,2016160
24 x 2049 B,1,51,2016629,0,0,0,7651381,10808643,2017669
24 x 2049 B,2,51,2015763,0,0,0,7647208,10808643,2016829
24 x 2049 B,3,51,2016305,0,0,0,7647672,10808643,2017336
24 x 2049 B,4,51,2016583,0,0,0,7652132,10808643,2017618
24 x 2049 B,5,51,2015456,0,0,0,7646875,10808643,2016504
24 x 2049 B,6,51,2016725,0,0,0,7650827,10808643,2017759
24 x 2049 B,7,51,2015034,0,0,0,7645378,10808643,2016061
24 x 2049 B,8,51,2015758,0,0,0,7645750,10808643,2016797
24 x 2049 B,9,51,2015125,0,0,0,7645481,10808643,2016161
24 x 2049 B,10,51,2017248,0,0,0,7647486,10808644,2018284
24 x 2049 B,11,51,2015326,0,0,0,7645587,10808643,2016362
24 x 2049 B,12,51,2015155,0,0,0,7645940,10808643,2016190
24 x 2049 B,13,51,2015854,0,0,0,7648512,10808643,2016884
24 x 2049 B,14,51,2015676,0,0,0,7647659,10808643,2016734
24 x 2049 B,15,51,2015920,0,0,0,7643413,10808643,2018035
24 x 2049 B,16,51,2016794,0,0,0,7649630,10808643,2018229
24 x 2049 B,17,51,2017432,0,0,0,7648245,10808643,2019311
24 x 2049 B,18,51,2015719,0,0,0,7643233,10808643,2016996
24 x 2049 B,19,51,2019530,0,0,0,7648861,10808643,2021828
24 x 2049 B,20,51,2016784,0,0,0,7649940,10808643,2018048
24 x 2049 B,21,51,2017006,0,0,0,7644663,10808643,2018172
24 x 2049 B,22,51,2018975,0,0,0,7653079,10808643,2020059
24 x 2049 B,23,51,2015593,0,0,0,7645884,10808643,2016634
24 x 2049 B,24,51,2016988,0,0,0,7648336,10808643,2018065
24 x 2049 B,25,51,2017336,0,0,0,7651131,10808643,2018376
24 x 2049 B,26,51,2017201,0,0,0,7649366,10808643,2018281
24 x 2049 B,27,51,2018181,0,0,0,7651764,10808643,2019952
24 x 2049 B,28,51,2016904,0,0,0,7646187,10808643,2018180
24 x 2049 B,29,51,2397596,0,0,0,7649040,10808643,2399480
24 x 2049 B,30,51,2017281,0,0,0,7651834,10808643,2018734
24 x 2049 B,31,51,2015084,0,0,0,7643922,10808643,2016122
64 x 2049 B,0,19,2000873,0,0,0,7589598,10732459,2001980
64 x 2049 B,1,19,2000061,0,0,0,7590128,10732459,2001111
64 x 2049 B,2,19,2000320,0,0,0,7590680,10732459,2001358
64 x 2049 B,3,19,2000662,0,0,0,7589467,10732459,2001729
64 x 2049 B,4,19,2001146,0,0,0,7591365,10732459,2002197
64 x 2049 B,5,19,2000374,0,0,0,7590685,10732459,2001398
64 x 2049 B,6,19,2004428,0,0,0,7604138,10732459,2006198
64 x 2049 B,7,19,2004050,0,0,0,7591529,10732459,2005911
64 x 2049 B,8,19,2010295,0,0,0,7592222,10732459,2008405
64 x 2049 B,9,19,2001168,0,0,0,7587917,10732459,2002263
64 x 2049 B,10,19,2001968,0,0,0,7591103,10732459,2003033
64 x 2049 B,11,19,2000419,0,0,0,7587502,10732459,2001454
64 x 2049 B,12,19,2000349,0,0,0,7588922,10732459,2001387
64 x 2049 B,13,19,2384902,0,0,0,7591296,10732460,2386004
64 x 2049 B,14,19,2000108,0,0,0,7588283,10732459,2001156
64 x 2049 B,15,19,2000012,0,0,0,7589419,10732459,2001047
64 x 2049 B,16,19,2001988,0,0,0,7589099,10732459,2003070
64 x 2049 B,17,19,2001044,0,0,0,7590195,10732459,2002095
64 x 2049 B,18,19,2000168,0,0,0,7588392,10732459,2001218
64 x 2049 B,19,19,2000232,0,0,0,7589370,10732459,2001284
64 x 2049 B,20,19,2000842,0,0,0,7589250,10732459,2001896
64 x 2049 B,21,19,2003297,0,0,0,7597336,10732459,2004953
64 x 2049 B,22,19,2002097,0,0,0,7592045,10732459,2003300
64 x 2049 B,23,19,2001734,0,0,0,7592729,10732459,2003527
64 x 2049 B,24,19,2000959,0,0,0,7586367,10732459,2002422
64 x 2049 B,25,19,2001163,0,0,0,7587479,10732459,2002498
64 x 2049 B,26,19,2003813,0,0,0,7589109,10732459,2005712
64 x 2049 B,27,19,2007620,0,0,0,7589191,10732459,2006358
64 x 2049 B,28,19,2015326,0,0,0,7591663,10732459,2007127
64 x 2049 B,29,19,2001600,0,0,0,7589466,10732459,2002688
64 x 2049 B,30,19,1999402,0,0,0,7585226,10732459,2000453
64 x 2049 B,31,19,2000430,0,0,0,7589745,10732459,2001482
128 x 2049 B,0,10,2105603,0,0,0,7986001,11295556,2106798
128 x 2049 B,1,10,2108406,0,0,0,7987255,11295557,2109520
128 x 2049 B,2,10,2105320,0,0,0,7986389,11295556,2106377
128 x 2049 B,3,10,2106191,0,0,0,7987106,11295556,2107275
128 x 2049 B,4,10,2105096,0,0,0,7984881,11295556,2106162
128 x 2049 B,5,10,2104602,0,0,0,7985075,11295556,2105640
128 x 2049 B,6,10,2170598,0,0,0,7985541,11295556,2110771
128 x 2049 B,7,10,2105457,0,0,0,7986452,11295556,2106561
128 x 2049 B,8,10,2106237,0,0,0,7986276,11295556,2107331
128 x 2049 B,9,10,2104813,0,0,0,7986036,11295556,2105876
128 x 2049 B,10,10,2106723,0,0,0,7988137,11295557,2107790
128 x 2049 B,11,10,2105958,0,0,0,7987230,11295556,2107006
128 x 2049 B,12,10,2105374,0,0,0,7988456,11295556,2106425
128 x 2049 B,13,10,2104936,0,0,0,7986316,11295556,2105988
128 x 2049 B,14,10,2104849,0,0,0,7986776,11295556,2105901
128 x 2049 B,15,10,2105821,0,0,0,7986734,11295556,2106863
128 x 2049 B,16,10,2104957,0,0,0,7986931,11295556,2106023
128 x 2049 B,17,10,2104641,0,0,0,7985532,11295556,2105710
128 x 2049 B,18,10,2105922,0,0,0,7985951,11295556,2107023
128 x 2049 B,19,10,2107998,0,0,0,7986761,11295557,2109059
128 x 2049 B,20,10,2104840,0,0,0,7985890,11295556,2105888
128 x 2049 B,21,10,2104587,0,0,0,7986160,11295556,2105623
128 x 2049 B,22,10,2105047,0,0,0,7986034,11295556,2106138
128 x 2049 B,23,10,2104907,0,0,0,7985272,11295556,2105949
128 x 2049 B,24,10,2108340,0,0,0,7987073,11295556,2109501
128 x 2049 B,25,10,2105491,0,0,0,7988016,11295556,2106540
128 x 2049 B,26,10,2106545,0,0,0,7989968,11295556,2107605
128 x 2049 B,27,10,2109946,0,0,0,8002056,11295556,2112214
128 x 2049 B,28,10,2110666,0,0,0,7994855,11295557,2112512
128 x 2049 B,29,10,2107282,0,0,0,7987481,11295556,2109307
128 x 2049 B,30,10,2106646,0,0,0,7988928,11295556,2108436
128 x 2049 B,31,10,2111630,0,0,0,7988913,11295556,2113374
129 x 2049 B,0,10,2121923,0,0,0,8049941,11383786,2123045
129 x 2049 B,1,10,2123670,0,0,0,8049280,11383787,2124735
129 x 2049 B,2,10,2121101,0,0,0,8049560,11383786,2122140
129 x 2049 B,3,10,2123025,0,0,0,8049455,11383786,2124134
129 x 2049 B,4,10,2130292,0,0,0,8050414,11383786,2125388
129 x 2049 B,5,10,2121829,0,0,0,8049673,11383786,2122881
129 x 2049 B,6,10,2122150,0,0,0,8049646,11383786,2123272
129 x 2049 B,7,10,2122522,0,0,0,8048445,11383786,2123663
129 x 2049 B,8,10,2122554,0,0,0,8049989,11383786,2123673
129 x 2049 B,9,10,2124826,0,0,0,8049770,11383787,2125985
129 x 2049 B,10,10,2122064,0,0,0,8050773,11383786,2123140
129 x 2049 B,11,10,2121620,0,0,0,8049321,11383786,2122678
129 x 2049 B,12,10,2120964,0,0,0,8048485,11383786,2122022
129 x 2049 B,13,10,2121868,0,0,0,8048875,11383786,2122954
129 x 2049 B,14,10,2123270,0,0,0,8050864,11383786,2124343
129 x 2049 B,15,10,2121992,0,0,0,8050260,11383786,2123049
129 x 2049 B,16,10,2121994,0,0,0,8050352,11383786,2123041
129 x 2049 B,17,10,2123097,0,0,0,8049819,11383787,2124135
129 x 2049 B,18,10,2121318,0,0,0,8047556,11383786,2122356
129 x 2049 B,19,10,2121392,0,0,0,8049520,11383786,2122450
129 x 2049 B,20,10,2121402,0,0,0,8048410,11383786,2122442
129 x 2049 B,21,10,2121337,0,0,0,8050795,11383786,2122403
129 x 2049 B,22,10,2121477,0,0,0,8049137,11383786,2122525
129 x 2049 B,23,10,2120979,0,0,0,8049183,11383786,2122037
129 x 2049 B,24,10,2121302,0,0,0,8048252,11383786,2122333
129 x 2049 B,25,10,2123059,0,0,0,8049189,11383787,2124107
129 x 2049 B,26,10,2121494,0,0,0,8049270,11383786,2122538
129 x 2049 B,27,10,2121337,0,0,0,8049649,11383786,2122385
129 x 2049 B,28,10,2121336,0,0,0,8049927,11383786,2122381
129 x 2049 B,29,10,2121163,0,0,0,8048617,11383786,2122234
129 x 2049 B,30,10,2121424,0,0,0,8049415,11383786,2122493
129 x 2049 B,31,10,2121787,0,0,0,8048597,11383786,2123689
1024 x 2049 B,0,2,3391869,0,0,0,12859266,18070221,3396061
1024 x 2049 B,1,2,3378796,0,0,0,12806369,18070222,3380468
1024 x 2049 B,2,2,3376848,0,0,0,12807556,18070221,3378417
1024 x 2049 B,3,2,3377539,0,0,0,12807671,18070221,3379153
1024 x 2049 B,4,2,3378778,0,0,0,12805032,18070222,3380385
1024 x 2049 B,5,2,3374426,0,0,0,12801323,18070221,3375996
1024 x 2049 B,6,2,3378635,0,0,0,12804640,18070222,3380178
1024 x 2049 B,7,2,3375152,0,0,0,12805455,18070221,3376702
1024 x 2049 B,8,2,3374007,0,0,0,12802562,18070221,3375504
1024 x 2049 B,9,2,3377200,0,0,0,12803077,18070222,3378698
1024 x 2049 B,10,2,3374974,0,0,0,12806720,18070221,3376572
1024 x 2049 B,11,2,3374235,0,0,0,12802218,18070221,3375735
1024 x 2049 B,12,2,3376058,0,0,0,12804040,18070222,3377543
1024 x 2049 B,13,2,3374657,0,0,0,12803982,18070221,3376217
1024 x 2049 B,14,2,3377059,0,0,0,12804539,18070222,3378628
1024 x 2049 B,15,2,3375293,0,0,0,12807309,18070221,3376798
1024 x 2049 B,16,2,3374285,0,0,0,12801514,18070221,3375731
1024 x 2049 B,17,2,3376031,0,0,0,12803136,18070222,3377521
1024 x 2049 B,18,2,3375611,0,0,0,12802398,18070221,3377215
1024 x 2049 B,19,2,3376655,0,0,0,12806134,18070222,3378177
1024 x 2049 B,20,2,3374843,0,0,0,12803946,18070221,3376405
1024 x 2049 B,21,2,3375755,0,0,0,12808609,18070221,3377600
1024 x 2049 B,22,2,3385113,0,0,0,12825671,18070222,3388071
1024 x 2049 B,23,2,3387885,0,0,0,12844541,18070221,3391094
1024 x 2049 B,24,2,3390957,0,0,0,12855161,18070221,3393697
1024 x 2049 B,25,2,3393391,0,0,0,12810999,18070222,3391481
1024 x 2049 B,26,2,3376245,0,0,0,12806268,18070221,3377852
1024 x 2049 B,27,2,3379709,0,0,0,12808782,18070222,3381378
1024 x 2049 B,28,2,3376953,0,0,0,12808187,18070221,3378558
1024 x 2049 B,29,2,3376234,0,0,0,12807507,18070221,3377781
1024 x 2049 B,30,2,3377968,0,0,0,12808932,18070222,3379447
1024 x 2049 B,31,2,3376249,0,0,0,12808053,18070221,3377758
1 x 4096 B,0,718,1988102,0,0,0,7542388,11829416,1989378
1 x 4096 B,1,718,1982032,0,0,0,7518996,11829416,1983035
1 x 4096 B,2,718,1988147,0,0,0,7541715,11829416,1989139
1 x 4096 B,3,718,1987609,0,0,0,7541631,11829416,1988606
1 x 4096 B,4,718,1987878,0,0,0,7541603,11829416,1988872
1 x 4096 B,5,718,1988087,0,0,0,7542106,11829416,1989083
1 x 4096 B,6,718,1988346,0,0,0,7541690,11829416,1989353
1 x 4096 B,7,718,1987836,0,0,0,7542051,11829416,1988824
1 x 4096 B,8,718,1987831,0,0,0,7541738,11829416,1988816
1 x 4096 B,9,718,1988012,0,0,0,7541681,11829416,1988984
1 x 4096 B,10,718,1988218,0,0,0,7542089,11829416,1989189
1 x 4096 B,11,718,1987601,0,0,0,7541537,11829416,1988587
1 x 4096 B,12,718,1988039,0,0,0,7541808,11829416,1989022
1 x 4096 B,13,718,1988099,0,0,0,7541820,11829416,1989098
1 x 4096 B,14,718,1988437,0,0,0,7542012,11829416,1989439
1 x 4096 B,15,718,1987664,0,0,0,7541780,11829416,1988656
1 x 4096 B,16,718,1987803,0,0,0,7541821,11829416,1988783
1 x 4096 B,17,718,1988208,0,0,0,7542416,11829416,1989190
1 x 4096 B,18,718,1987860,0,0,0,7541506,11829416,1988857
1 x 4096 B,19,718,1985041,0,0,0,7525340,11829416,1986086
1 x 4096 B,20,718,1983778,0,0,0,7526208,11829416,1984835
1 x 4096 B,21,718,1988450,0,0,0,7542628,11829416,1990383
1 x 4096 B,22,718,1989038,0,0,0,7542565,11829416,1990491
1 x 4096 B,23,718,1989751,0,0,0,7542442,11829416,1991766
1 x 4096 B,24,718,1988543,0,0,0,7541979,11829416,1989852
1 x 4096 B,25,718,1989842,0,0,0,7542706,11829416,1991449
1 x 4096 B,26,718,1990652,0,0,0,7543068,11829416,1992311
1 x 4096 B,27,718,2013714,0,0,0,7543147,11829416,2000335
1 x 4096 B,28,718,1988788,0,0,0,7541919,11829416,1989877
1 x 4096 B,29,718,1987818,0,0,0,7541389,11829416,1988809
1 x 4096 B,30,718,1988556,0,0,0,7541940,11829416,1989540
1 x 4096 B,31,718,1987938,0,0,0,7542063,11829416,1988983
3 x 4096 B,0,245,2005116,0,0,0,7602665,12024721,2006348
3 x 4096 B,1,245,2001964,0,0,0,7592684,12024721,2002999
3 x 4096 B,2,245,2005241,0,0,0,7604231,12024721,2006298
3 x 4096 B,3,245,2001754,0,0,0,7593447,12024721,2002788
3 x 4096 B,4,245,1999528,0,0,0,7584827,12024721,2000539
3 x 4096 B,5,245,2000010,0,0,0,7586214,12024721,2001019
3 x 4096 B,6,245,2001474,0,0,0,7592820,12024721,2002475
3 x 4096 B,7,245,2018697,0,0,0,7592692,12024721,2007332
3 x 4096 B,8,245,2001745,0,0,0,7592356,12024721,2002790
3 x 4096 B,9,245,2002307,0,0,0,7592776,12024721,2003336
3 x 4096 B,10,245,2004164,0,0,0,7604122,12024721,2005178
3 x 4096 B,11,245,2001092,0,0,0,7592220,12024721,2002109
3 x 4096 B,12,245,2001316,0,0,0,7593511,12024721,2002326
3 x 4096 B,13,245,2002025,0,0,0,7592272,12024721,2003037
3 x 4096 B,14,245,2002367,0,0,0,7596532,12024721,2003366
3 x 4096 B,15,245,2002252,0,0,0,7593534,12024721,2003301
3 x 4096 B,16,245,2001592,0,0,0,7593693,12024721,2002624
3 x 4096 B,17,245,2001826,0,0,0,7592312,12024721,2002858
3 x 4096 B,18,245,2001063,0,0,0,7592286,12024721,2002084
3 x 4096 B,19,245,2007724,0,0,0,7593200,12024721,2005744
3 x 4096 B,20,245,2001504,0,0,0,7592726,12024721,2002569
3 x 4096 B,21,245,2002183,0,0,0,7593999,12024721,2003220
3 x 4096 B,22,245,2000908,0,0,0,7592223,12024721,2001906
3 x 4096 B,23,245,2001184,0,0,0,7593017,12024721,2002185
3 x 4096 B,24,245,2004634,0,0,0,7606261,12024721,2005637
3 x 4096 B,25,245,2001852,0,0,0,7592384,12024721,2002866
3 x 4096 B,26,245,2001204,0,0,0,7592448,12024721,2002208
3 x 4096 B,27,245,2001281,0,0,0,7592735,12024721,2002335
3 x 4096 B,28,245,2001722,0,0,0,7593591,12024721,2003118
3 x 4096 B,29,245,2002309,0,0,0,7593305,12024721,2003427
3 x 4096 B,30,245,2003014,0,0,0,7593676,12024721,2004829
3 x 4096 B,31,245,2005980,0,0,0,7603198,12024721,2007915
4 x 4096 B,0,185,2009656,0,0,0,7610714,11856461,2011987
4 x 4096 B,1,185,2004457,0,0,0,7601794,11856461,2005565
4 x 4096 B,2,185,2004346,0,0,0,7603735,11856461,2005378
4 x 4096 B,3,185,2005944,0,0,0,7609721,11856461,2007020
4 x 4096 B,4,185,2008710,0,0,0,7617294,11856461,2009741
4 x 4096 B,5,185,2005149,0,0,0,7606300,11856461,2006177
4 x 4096 B,6,185,2016112,0,0,0,7610383,11856461,2011455
4 x 4096 B,7,185,2004539,0,0,0,7601926,11856461,2005629
4 x 4096 B,8,185,2003553,0,0,0,7597532,11856461,2004604
4 x 4096 B,9,185,2004354,0,0,0,7602605,11856461,2005370
4 x 4096 B,10,185,2003870,0,0,0,7602613,11856461,2004891
4 x 4096 B,11,185,2005266,0,0,0,7606912,11856461,2006280
4 x 4096 B,12,185,2003926,0,0,0,7600212,11856461,2004951
4 x 4096 B,13,185,2003778,0,0,0,7601334,11856461,2004795
4 x 4096 B,14,185,2003608,0,0,0,7601895,11856461,2004621
4 x 4096 B,15,185,2003989,0,0,0,7602548,11856461,2004997
4 x 4096 B,16,185,2007397,0,0,0,7613744,11856461,2008406
4 x 4096 B,17,185,2007722,0,0,0,7612433,11856461,2008774
4 x 4096 B,18,185,2004686,0,0,0,7606106,11856461,2005727
4 x 4096 B,19,185,2005134,0,0,0,7606844,11856461,2006166
4 x 4096 B,20,185,2007424,0,0,0,7613992,11856461,2008454
4 x 4096 B,21,185,2005837,0,0,0,7609445,11856461,2006860
4 x 4096 B,22,185,2004342,0,0,0,7604851,11856461,2005373
4 x 4096 B,23,185,2005566,0,0,0,7609644,11856461,2006577
4 x 4096 B,24,185,2005439,0,0,0,7605430,11856461,2006459
4 x 4096 B,25,185,2005307,0,0,0,7608465,11856461,2006335
4 x 4096 B,26,185,2005289,0,0,0,7607755,11856461,2006320
4 x 4096 B,27,185,2003393,0,0,0,7600924,11856461,2004407
4 x 4096 B,28,185,2006855,0,0,0,7611515,11856461,2007877
4 x 4096 B,29,185,2005474,0,0,0,7609190,11856461,2006500
4 x 4096 B,30,185,2007503,0,0,0,7616632,11856461,2008522
4 x 4096 B,31,185,2006872,0,0,0,7613202,11856461,2007948
6 x 4096 B,0,119,1997791,0,0,0,7579968,11032975,1999046
6 x 4096 B,1,119,2006415,0,0,0,7610931,11032975,2007547
6 x 4096 B,2,119,2000554,0,0,0,7589700,11032975,2002248
6 x 4096 B,3,119,2001697,0,0,0,7588840,11032975,2002952
6 x 4096 B,4,119,2003736,0,0,0,7596996,11032975,2005691
6 x 4096 B,5,119,2014453,0,0,0,7573196,11032975,2005045
6 x 4096 B,6,119,2001961,0,0,0,7592005,11032975,2003637
6 x 4096 B,7,119,2013918,0,0,0,7589351,11032976,2013099
6 x 4096 B,8,119,2019827,0,0,0,7610401,11032975,2012195
6 x 4096 B,9,119,2009795,0,0,0,7621361,11032975,2010904
6 x 4096 B,10,119,2002429,0,0,0,7595137,11032975,2003494
6 x 4096 B,11,119,2007306,0,0,0,7614887,11032975,2008340
6 x 4096 B,12,119,1999975,0,0,0,7587608,11032975,2001047
6 x 4096 B,13,119,1994940,0,0,0,7568547,11032975,1995972
6 x 4096 B,14,119,1999531,0,0,0,7584154,11032975,2000578
6 x 4096 B,15,119,1996286,0,0,0,7572803,11032975,1997391
6 x 4096 B,16,119,1999294,0,0,0,7581976,11032975,2000372
6 x 4096 B,17,119,2002304,0,0,0,7596164,11032975,2003343
6 x 4096 B,18,119,2005251,0,0,0,7606111,11032975,2006316
6 x 4096 B,19,119,2005982,0,0,0,7609922,11032975,2007045
6 x 4096 B,20,119,2004909,0,0,0,7595680,11032975,2006002
6 x 4096 B,21,119,2004465,0,0,0,7605159,11032975,2005512
6 x 4096 B,22,119,2008918,0,0,0,7619759,11032975,2009952
6 x 4096 B,23,119,2001265,0,0,0,7589853,11032975,2002386
6 x 4096 B,24,119,2000783,0,0,0,7590702,11032975,2001836
6 x 4096 B,25,119,2006658,0,0,0,7613594,11032975,2007687
6 x 4096 B,26,119,2006432,0,0,0,7610706,11032975,2007467
6 x 4096 B,27,119,2006390,0,0,0,7610779,11032975,2007427
6 x 4096 B,28,119,2003813,0,0,0,7602566,11032975,2004845
6 x 4096 B,29,119,2005263,0,0,0,7607483,11032975,2006303
6 x 4096 B,30,119,2003754,0,0,0,7601512,11032975,2004801
6 x 4096 B,31,119,2003962,0,0,0,7600643,11032975,2005009
8 x 4096 B,0,142,1997897,0,0,0,7579148,11504354,1999075
8 x 4096 B,1,142,1997750,0,0,0,7578164,11504354,1998840
8 x 4096 B,2,142,1997905,0,0,0,7578676,11504354,1998980
8 x 4096 B,3,142,1997670,0,0,0,7578314,11504354,1998750
8 x 4096 B,4,142,1998883,0,0,0,7583188,11504354,1999949
8 x 4096 B,5,142,1998981,0,0,0,7583501,11504354,2000048
8 x 4096 B,6,142,1998995,0,0,0,7583677,11504354,2000059
8 x 4096 B,7,142,1998457,0,0,0,7581956,11504354,1999538
8 x 4096 B,8,142,1998933,0,0,0,7582763,11504354,2000111
8 x 4096 B,9,142,1998190,0,0,0,7581167,11504354,1999634
8 x 4096 B,10,142,1999834,0,0,0,7582992,11504354,2001203
8 x 4096 B,11,142,1999723,0,0,0,7582216,11504354,2001313
8 x 4096 B,12,142,1999667,0,0,0,7582379,11504354,2001418
8 x 4096 B,13,142,1999478,0,0,0,7581732,11504354,2000956
8 x 4096 B,14,142,2004136,0,0,0,7583885,11504354,2005616
8 x 4096 B,15,142,1998871,0,0,0,7580953,11504354,2000005
8 x 4096 B,16,142,1999401,0,0,0,7582834,11504354,2000508
8 x 4096 B,17,142,2003443,0,0,0,7581941,11504354,2004640
8 x 4096 B,18,142,1998958,0,0,0,7583617,11504354,2000036
8 x 4096 B,19,142,1998511,0,0,0,7581925,11504354,1999588
8 x 4096 B,20,142,2369163,0,0,0,7580464,11504354,2370289
8 x 4096 B,21,142,1998584,0,0,0,7582066,11504354,1999664
8 x 4096 B,22,142,1998007,0,0,0,7581128,11504354,1999069
8 x 4096 B,23,142,1998506,0,0,0,7581913,11504354,1999567
8 x 4096 B,24,142,1999655,0,0,0,7581792,11504354,2000764
8 x 4096 B,25,142,1998740,0,0,0,7581692,11504354,1999814
8 x 4096 B,26,142,1998333,0,0,0,7582453,11504354,1999407
8 x 4096 B,27,142,1998836,0,0,0,7582142,11504354,1999916
8 x 4096 B,28,142,2000414,0,0,0,7588251,11504354,2001505
8 x 4096 B,29,142,1999733,0,0,0,7587018,11504354,2000838
8 x 4096 B,30,142,1999225,0,0,0,7585149,11504354,2000294
8 x 4096 B,31,142,1999356,0,0,0,7585392,11504354,2000434
12 x 4096 B,0,81,2019910,0,0,0,7663998,11629536,2021158
12 x 4096 B,1,81,2019840,0,0,0,7664316,11629536,2020924
12 x 4096 B,2,81,2029705,0,0,0,7665536,11629536,2025189
12 x 4096 B,3,81,2020735,0,0,0,7666515,11629536,2021828
12 x 4096 B,4,81,2021837,0,0,0,7667916,11629536,2022965
12 x 4096 B,5,81,2019855,0,0,0,7664436,11629536,2020945
12 x 4096 B,6,81,2019688,0,0,0,7661716,11629536,2020753
12 x 4096 B,7,81,2020910,0,0,0,7666656,11629536,2021997
12 x 4096 B,8,81,2020697,0,0,0,7666643,11629536,2021791
12 x 4096 B,9,81,2025117,0,0,0,7666862,11629536,2026231
12 x 4096 B,10,81,2020957,0,0,0,7664598,11629536,2022044
12 x 4096 B,11,81,2019981,0,0,0,7661947,11629536,2021076
12 x 4096 B,12,81,2020322,0,0,0,7665043,11629536,2021532
12 x 4096 B,13,81,2019836,0,0,0,7663132,11629536,2020923
12 x 4096 B,14,81,2021401,0,0,0,7669232,11629536,2022499
12 x 4096 B,15,81,2021124,0,0,0,7666512,11629536,2022265
12 x 4096 B,16,81,2022043,0,0,0,7670628,11629536,2023884
12 x 4096 B,17,81,2022152,0,0,0,7665858,11629536,2023554
12 x 4096 B,18,81,2022537,0,0,0,7666306,11629536,2024245
12 x 4096 B,19,81,2021127,0,0,0,7664771,11629536,2022958
12 x 4096 B,20,81,2022502,0,0,0,7666983,11629536,2024871
12 x 4096 B,21,81,2021934,0,0,0,7664403,11629536,2023527
12 x 4096 B,22,81,2033743,0,0,0,7668137,11629536,2027362
12 x 4096 B,23,81,2021368,0,0,0,7665238,11629536,2022527
12 x 4096 B,24,81,2020908,0,0,0,7665249,11629536,2022008
12 x 4096 B,25,81,2019882,0,0,0,7660463,11629536,2020962
12 x 4096 B,26,81,2021131,0,0,0,7666276,11629536,2022196
12 x 4096 B,27,81,2020430,0,0,0,7664490,11629536,2021500
12 x 4096 B,28,81,2021138,0,0,0,7665647,11629536,2022235
12 x 4096 B,29,81,2020490,0,0,0,7664505,11629536,2021561
12 x 4096 B,30,81,2020770,0,0,0,7666844,11629536,2021849
12 x 4096 B,31,81,2021238,0,0,0,7667249,11629536,2022328
16 x 4096 B,0,71,2004209,0,0,0,7602751,11394375,2005439
16 x 4096 B,1,71,2003875,0,0,0,7601770,11394375,2004949
16 x 4096 B,2,71,2003638,0,0,0,7601508,11394375,2004713
16 x 4096 B,3,71,2004112,0,0,0,7604287,11394375,2005178
16 x 4096 B,4,71,2004031,0,0,0,7602217,11394375,2005093
16 x 4096 B,5,71,2003582,0,0,0,7602123,11394375,2004675
16 x 4096 B,6,71,2002953,0,0,0,7598833,11394375,2004021
16 x 4096 B,7,71,2002778,0,0,0,7599715,11394375,2003839
16 x 4096 B,8,71,2004044,0,0,0,7603349,11394375,2005117
16 x 4096 B,9,71,2002391,0,0,0,7598584,11394375,2003484
16 x 4096 B,10,71,2003900,0,0,0,7600445,11394375,2004973
16 x 4096 B,11,71,2005358,0,0,0,7603716,11394375,2006474
16 x 4096 B,12,71,2003923,0,0,0,7601456,11394375,2005017
16 x 4096 B,13,71,2003916,0,0,0,7602841,11394375,2004989
16 x 4096 B,14,71,2004701,0,0,0,7604056,11394375,2005795
16 x 4096 B,15,71,2003695,0,0,0,7601014,11394375,2004782
16 x 4096 B,16,71,2004744,0,0,0,7604034,11394375,2005816
16 x 4096 B,17,71,2003421,0,0,0,7602375,11394375,2004502
16 x 4096 B,18,71,2004009,0,0,0,7602135,11394375,2005095
16 x 4096 B,19,71,2002608,0,0,0,7599797,11394375,2003677
16 x 4096 B,20,71,2003538,0,0,0,7600381,11394375,2004625
16 x 4096 B,21,71,2003365,0,0,0,7601542,11394375,2004460
16 x 4096 B,22,71,2004401,0,0,0,7602573,11394375,2005588
16 x 4096 B,23,71,2004869,0,0,0,7602415,11394375,2006403
16 x 4096 B,24,71,2004939,0,0,0,7602397,11394375,2006298
16 x 4096 B,25,71,2006221,0,0,0,7605253,11394375,2008017
16 x 4096 B,26,71,2004890,0,0,0,7600665,11394375,2006464
16 x 4096 B,27,71,2005227,0,0,0,7603353,11394375,2007592
16 x 4096 B,28,71,2007825,0,0,0,7603353,11394375,2009586
16 x 4096 B,29,71,2020455,0,0,0,7601876,11394375,2011415
16 x 4096 B,30,71,2005158,0,0,0,7601680,11394375,2006291
16 x 4096 B,31,71,2003271,0,0,0,7601917,11394375,2004362
24 x 4096 B,0,48,2045222,0,0,0,7704961,11581854,2037627
24 x 4096 B,1,48,2033493,0,0,0,7704670,11581855,2034621
24 x 4096 B,2,48,2030415,0,0,0,7702943,11581854,2031499
24 x 4096 B,3,48,2031289,0,0,0,7706179,11581854,2032369
24 x 4096 B,4,48,2030626,0,0,0,7704020,11581854,2031693
24 x 4096 B,5,48,2031071,0,0,0,7706316,11581854,2032142
24 x 4096 B,6,48,2030898,0,0,0,7705428,11581854,2031983
24 x 4096 B,7,48,2031643,0,0,0,7707180,11581854,2032705
24 x 4096 B,8,48,2030382,0,0,0,7703644,11581854,2031455
24 x 4096 B,9,48,2030911,0,0,0,7704319,11581854,2031978
24 x 4096 B,10,48,2031479,0,0,0,7707709,11581854,2032569
24 x 4096 B,11,48,2030183,0,0,0,7703399,11581854,2031256
24 x 4096 B,12,48,2030848,0,0,0,7705998,11581854,2031903
24 x 4096 B,13,48,2031050,0,0,0,7705740,11581854,2032118
24 x 4096 B,14,48,2030715,0,0,0,7705873,11581854,2031776
24 x 4096 B,15,48,2031241,0,0,0,7704957,11581854,2032312
24 x 4096 B,16,48,2031429,0,0,0,7707991,11581854,2032506
24 x 4096 B,17,48,2031373,0,0,0,7704533,11581854,2032486
24 x 4096 B,18,48,2031380,0,0,0,7708026,11581854,2032456
24 x 4096 B,19,48,2031757,0,0,0,7707534,11581854,2032819
24 x 4096 B,20,48,2031285,0,0,0,7705218,11581854,2032359
24 x 4096 B,21,48,2031056,0,0,0,7705590,11581854,2032129
24 x 4096 B,22,48,2030688,0,0,0,7705628,11581854,2031758
24 x 4096 B,23,48,2032105,0,0,0,7708334,11581854,2033176
24 x 4096 B,24,48,2030977,0,0,0,7706613,11581854,2032038
24 x 4096 B,25,48,2031766,0,0,0,7708592,11581854,2032838
24 x 4096 B,26,48,2029932,0,0,0,7703052,11581854,2031005
24 x 4096 B,27,48,2031479,0,0,0,7707586,11581854,2032560
24 x 4096 B,28,48,2030824,0,0,0,7704208,11581854,2031892
24 x 4096 B,29,48,2031195,0,0,0,7704806,11581854,2032498
24 x 4096 B,30,48,2032667,0,0,0,7706762,11581854,2033838
24 x 4096 B,31,48,2034786,0,0,0,7706983,11581855,2036101
64 x 4096 B,0,18,2033359,0,0,0,7708840,11543406,2035017
64 x 4096 B,1,18,2034354,0,0,0,7702664,11543406,2036265
64 x 4096 B,2,18,2029710,0,0,0,7698628,11543406,2030864
64 x 4096 B,3,18,2044261,0,0,0,7698465,11543406,2036808
64 x 4096 B,4,18,2029417,0,0,0,7698421,11543406,2030515
64 x 4096 B,5,18,2029076,0,0,0,7697094,11543406,2030151
64 x 4096 B,6,18,2028956,0,0,0,7698125,11543406,2030024
64 x 4096 B,7,18,2031625,0,0,0,7698809,11543406,2032813
64 x 4096 B,8,18,2029197,0,0,0,7698269,11543406,2030330
64 x 4096 B,9,18,2029987,0,0,0,7698096,11543406,2031097
64 x 4096 B,10,18,2029020,0,0,0,7698906,11543406,2030116
64 x 4096 B,11,18,2029764,0,0,0,7698906,11543406,2030875
64 x 4096 B,12,18,2028597,0,0,0,7697023,11543406,2029672
64 x 4096 B,13,18,2029332,0,0,0,7698657,11543406,2030405
64 x 4096 B,14,18,2028925,0,0,0,7697980,11543406,2030012
64 x 4096 B,15,18,2029536,0,0,0,7700200,11543406,2030603
64 x 4096 B,16,18,2029106,0,0,0,7698501,11543406,2030161
64 x 4096 B,17,18,2029280,0,0,0,7698166,11543406,2030350
64 x 4096 B,18,18,2028517,0,0,0,7697395,11543406,2029587
64 x 4096 B,19,18,2030578,0,0,0,7697645,11543407,2031645
64 x 4096 B,20,18,2028901,0,0,0,7697755,11543406,2029965
64 x 4096 B,21,18,2028843,0,0,0,7698002,11543406,2029902
64 x 4096 B,22,18,2028442,0,0,0,7696382,11543406,2029501
64 x 4096 B,23,18,2029015,0,0,0,7697772,11543406,2030086
64 x 4096 B,24,18,2028713,0,0,0,7698021,11543406,2029775
64 x 4096 B,25,18,2029904,0,0,0,7698349,11543406,2031169
64 x 4096 B,26,18,2029095,0,0,0,7697032,11543406,2030170
64 x 4096 B,27,18,2029172,0,0,0,7697534,11543406,2030270
64 x 4096 B,28,18,2028729,0,0,0,7698389,11543406,2029803
64 x 4096 B,29,18,2029449,0,0,0,7698540,11543406,2030538
64 x 4096 B,30,18,2029149,0,0,0,7699544,11543406,2030247
64 x 4096 B,31,18,2029454,0,0,0,7698613,11543406,2030533
128 x 4096 B,0,9,2029480,0,0,0,7698235,11541498,2030684
128 x 4096 B,1,9,2029233,0,0,0,7698282,11541498,2030309
128 x 4096 B,2,9,2029075,0,0,0,7698489,11541498,2030310
128 x 4096 B,3,9,2030155,0,0,0,7699208,11541498,2031780
128 x 4096 B,4,9,2031362,0,0,0,7702264,11541498,2032851
128 x 4096 B,5,9,2031258,0,0,0,7697748,11541498,2032957
128 x 4096 B,6,9,2029903,0,0,0,7698505,11541498,2031335
128 x 4096 B,7,9,2034098,0,0,0,7699823,11541498,2036197
128 x 4096 B,8,9,2038480,0,0,0,7697348,11541498,2036066
128 x 4096 B,9,9,2042328,0,0,0,7697716,11541498,2035151
128 x 4096 B,10,9,2029500,0,0,0,7699029,11541498,2030629
128 x 4096 B,11,9,2029116,0,0,0,7698459,11541498,2030202
128 x 4096 B,12,9,2029361,0,0,0,7698371,11541498,2030508
128 x 4096 B,13,9,2029369,0,0,0,7697190,11541498,2030437
128 x 4096 B,14,9,2028514,0,0,0,7698414,11541498,2029647
128 x 4096 B,15,9,2029918,0,0,0,7698552,11541498,2031030
128 x 4096 B,16,9,2028815,0,0,0,7696798,11541498,2029910
128 x 4096 B,17,9,2029627,0,0,0,7699021,11541498,2030690
128 x 4096 B,18,9,2028659,0,0,0,7697783,11541498,2029746
128 x 4096 B,19,9,2029728,0,0,0,7698655,11541498,2030831
128 x 4096 B,20,9,2028880,0,0,0,7697400,11541498,2029960
128 x 4096 B,21,9,2029872,0,0,0,7698764,11541498,2030955
128 x 4096 B,22,9,2028976,0,0,0,7699643,11541498,2030117
128 x 4096 B,23,9,2029091,0,0,0,7697576,11541498,2030172
128 x 4096 B,24,9,2028585,0,0,0,7698133,11541498,2029702
128 x 4096 B,25,9,2028986,0,0,0,7697464,11541498,2030067
128 x 4096 B,26,9,2029051,0,0,0,7699091,11541498,2030183
128 x 4096 B,27,9,2029472,0,0,0,7697883,11541498,2030590
128 x 4096 B,28,9,2029500,0,0,0,7698891,11541498,2030602
128 x 4096 B,29,9,2031546,0,0,0,7699514,11541499,2032636
128 x 4096 B,30,9,2028845,0,0,0,7697868,11541498,2029929
128 x 4096 B,31,9,2029211,0,0,0,7698877,11541498,2030353
129 x 4096 B,0,9,2064579,0,0,0,7829848,11806593,2066344
129 x 4096 B,1,9,2065126,0,0,0,7829649,11806593,2066538
129 x 4096 B,2,9,2065120,0,0,0,7829561,11806593,2067142
129 x 4096 B,3,9,2066364,0,0,0,7829873,11806593,2067829
129 x 4096 B,4,9,2072566,0,0,0,7831471,11806594,2074875
129 x 4096 B,5,9,2076378,0,0,0,7829869,11806593,2072869
129 x 4096 B,6,9,2065112,0,0,0,7829441,11806593,2066335
129 x 4096 B,7,9,2063374,0,0,0,7827119,11806593,2064531
129 x 4096 B,8,9,2063954,0,0,0,7828598,11806593,2065753
129 x 4096 B,9,9,2063924,0,0,0,7828037,11806593,2065131
129 x 4096 B,10,9,2063442,0,0,0,7828500,11806593,2064531
129 x 4096 B,11,9,2064359,0,0,0,7826339,11806593,2065478
129 x 4096 B,12,9,2063628,0,0,0,7829090,11806593,2064902
129 x 4096 B,13,9,2064468,0,0,0,7828831,11806593,2066277
129 x 4096 B,14,9,2066231,0,0,0,7828783,11806593,2067514
129 x 4096 B,15,9,2066936,0,0,0,7833130,11806593,2069846
129 x 4096 B,16,9,2070000,0,0,0,7829234,11806593,2069525
129 x 4096 B,17,9,2075781,0,0,0,7828958,11806593,2069180
129 x 4096 B,18,9,2066546,0,0,0,7829680,11806594,2067696
129 x 4096 B,19,9,2063910,0,0,0,7829013,11806593,2064991
129 x 4096 B,20,9,2062883,0,0,0,7827967,11806593,2063953
129 x 4096 B,21,9,2063523,0,0,0,7829078,11806593,2064595
129 x 4096 B,22,9,2064038,0,0,0,7828931,11806593,2065217
129 x 4096 B,23,9,2063543,0,0,0,7828215,11806593,2064645
129 x 4096 B,24,9,2063071,0,0,0,7827741,11806593,2064157
129 x 4096 B,25,9,2076117,0,0,0,7829433,11806593,2068367
129 x 4096 B,26,9,2063334,0,0,0,7828275,11806593,2064447
129 x 4096 B,27,9,2064747,0,0,0,7829954,11806593,2065874
129 x 4096 B,28,9,2063955,0,0,0,7829459,11806593,2065063
129 x 4096 B,29,9,2063205,0,0,0,7829140,11806593,2064303
129 x 4096 B,30,9,2062927,0,0,0,7827249,11806593,2064001
129 x 4096 B,31,9,2063220,0,0,0,7828930,11806593,2064335
1024 x 4096 B,0,2,3620990,0,0,0,13711571,20514968,3623173
1024 x 4096 B,1,2,3616484,0,0,0,13706957,20514968,3618125
1024 x 4096 B,2,2,3614206,0,0,0,13707867,20514967,3615883
1024 x 4096 B,3,2,3617463,0,0,0,13710542,20514968,3619130
1024 x 4096 B,4,2,3613297,0,0,0,13705644,20514967,3614979
1024 x 4096 B,5,2,3618410,0,0,0,13711488,20514968,3620104
1024 x 4096 B,6,2,3619645,0,0,0,13714204,20514968,3621671
1024 x 4096 B,7,2,3622268,0,0,0,13729521,20514967,3625405
1024 x 4096 B,8,2,3637304,0,0,0,13775521,20514968,3641330
1024 x 4096 B,9,2,3658066,0,0,0,13733991,20514968,3643877
1024 x 4096 B,10,2,3617776,0,0,0,13711965,20514967,3619784
1024 x 4096 B,11,2,3685827,0,0,0,13712100,20514968,3625549
1024 x 4096 B,12,2,3618646,0,0,0,13711289,20514968,3620518
1024 x 4096 B,13,2,3614507,0,0,0,13709551,20514967,3616333
1024 x 4096 B,14,2,3617868,0,0,0,13711394,20514968,3619639
1024 x 4096 B,15,2,3615123,0,0,0,13711005,20514967,3616896
1024 x 4096 B,16,2,3624825,0,0,0,13712929,20514968,3626834
1024 x 4096 B,17,2,3618194,0,0,0,13709547,20514968,3620069
1024 x 4096 B,18,2,3615121,0,0,0,13712009,20514967,3616942
1024 x 4096 B,19,2,3618695,0,0,0,13713676,20514968,3620453
1024 x 4096 B,20,2,3617793,0,0,0,13711492,20514968,3619521
1024 x 4096 B,21,2,3615912,0,0,0,13712064,20514967,3617660
1024 x 4096 B,22,2,3618638,0,0,0,13713319,20514968,3620296
1024 x 4096 B,23,2,3615377,0,0,0,13711077,20514967,3617282
1024 x 4096 B,24,2,3619117,0,0,0,13714701,20514968,3621181
1024 x 4096 B,25,2,3619686,0,0,0,13713594,20514968,3621726
1024 x 4096 B,26,2,3615774,0,0,0,13710802,20514967,3617720
1024 x 4096 B,27,2,4007743,0,0,0,13713319,20514968,4009864
1024 x 4096 B,28,2,3623709,0,0,0,13721168,20514968,3626416
1024 x 4096 B,29,2,3643262,0,0,0,13739693,20514968,3641010
1024 x 4096 B,30,2,3628638,0,0,0,13755905,20514967,3633287
1024 x 4096 B,31,2,3628683,0,0,0,13736695,20514968,3631298
