point,sample,calls,wall_ns,p_cycles,p_instructions,p_ns,e_cycles,e_instructions,e_ns
1 x 64 B,0,28700,1303377,6378379,20865265,1304719,0,0,0
1 x 64 B,1,28700,1294811,6338657,20865265,1295320,0,0,0
1 x 64 B,2,28700,1293878,6333059,20865265,1294355,0,0,0
1 x 64 B,3,28700,1296647,6343230,20865266,1297152,0,0,0
1 x 64 B,4,28700,1292775,6331404,20865265,1293263,0,0,0
1 x 64 B,5,28700,1294305,6340789,20865265,1294786,0,0,0
1 x 64 B,6,28700,1298911,6358202,20865266,1299419,0,0,0
1 x 64 B,7,28700,1293095,6333391,20865265,1293580,0,0,0
1 x 64 B,8,28700,1292529,6329558,20865265,1293004,0,0,0
1 x 64 B,9,28700,1295738,6340389,20865266,1296236,0,0,0
1 x 64 B,10,28700,1293050,6332486,20865265,1293526,0,0,0
1 x 64 B,11,28700,1296391,6349366,20865265,1296870,0,0,0
1 x 64 B,12,28700,1315484,6444413,20865265,1315951,0,0,0
1 x 64 B,13,28700,1298680,6356582,20865266,1299170,0,0,0
1 x 64 B,14,28700,1292899,6333817,20865265,1293374,0,0,0
1 x 64 B,15,28700,1662626,6344861,20865266,1663140,0,0,0
1 x 64 B,16,28700,1292358,6330223,20865265,1292828,0,0,0
1 x 64 B,17,28700,1295515,6345962,20865265,1296007,0,0,0
1 x 64 B,18,28700,1301898,6372818,20865266,1302391,0,0,0
1 x 64 B,19,28700,1294276,6339915,20865265,1294751,0,0,0
1 x 64 B,20,28700,1307558,6338160,20865265,1299223,0,0,0
1 x 64 B,21,28700,1295111,6338993,20865266,1295609,0,0,0
1 x 64 B,22,28700,1293126,6332391,20865265,1293594,0,0,0
1 x 64 B,23,28700,1295831,6348085,20865265,1296315,0,0,0
1 x 64 B,24,28700,1289089,6313072,20865265,1289561,0,0,0
1 x 64 B,25,28700,1297501,6350864,20865266,1297997,0,0,0
1 x 64 B,26,28700,1296800,6352896,20865265,1297274,0,0,0
1 x 64 B,27,28700,1297258,6355079,20865265,1297730,0,0,0
1 x 64 B,28,28700,1301868,6372744,20865266,1302361,0,0,0
1 x 64 B,29,28700,1296472,6350918,20865265,1296953,0,0,0
1 x 64 B,30,28700,1297118,6354638,20865265,1297583,0,0,0
1 x 64 B,31,28700,1297255,6354458,20865265,1297750,0,0,0
3 x 64 B,0,17970,1573520,7704730,20917446,1574030,0,0,0
3 x 64 B,1,17970,1575784,7690698,20917446,1576275,0,0,0
3 x 64 B,2,17970,1566629,7675832,20917445,1567106,0,0,0
3 x 64 B,3,17970,1570767,7690628,20917446,1571265,0,0,0
3 x 64 B,4,17970,1574217,7703066,20917445,1574703,0,0,0
3 x 64 B,5,17970,1579181,7732592,20917446,1579698,0,0,0
3 x 64 B,6,17970,1562617,7651508,20917446,1563089,0,0,0
3 x 64 B,7,17970,1562187,7654004,20917445,1562659,0,0,0
3 x 64 B,8,17970,1572771,7700714,20917446,1573263,0,0,0
3 x 64 B,9,17970,1568415,7684387,20917445,1568895,0,0,0
3 x 64 B,10,17970,1571368,7693259,20917446,1571876,0,0,0
3 x 64 B,11,17970,1569312,7671035,20917445,1569805,0,0,0
3 x 64 B,12,17970,1569538,7683739,20917446,1570021,0,0,0
3 x 64 B,13,17970,1577207,7720111,20917446,1577694,0,0,0
3 x 64 B,14,17970,1570698,7694447,20917445,1571240,0,0,0
3 x 64 B,15,17970,1575064,7708310,20917446,1575943,0,0,0
3 x 64 B,16,17970,1574347,7710519,20917445,1574843,0,0,0
3 x 64 B,17,17970,1570335,7682953,20917446,1571073,0,0,0
3 x 64 B,18,17970,1575218,7714112,20917445,1575918,0,0,0
3 x 64 B,19,17970,1582780,7723508,20917446,1583341,0,0,0
3 x 64 B,20,17970,1579127,7718866,20917446,1580030,0,0,0
3 x 64 B,21,17970,1577954,7690698,20917445,1576044,0,0,0
3 x 64 B,22,17970,1575761,7689860,20917446,1573412,0,0,0
3 x 64 B,23,17970,1582017,7727277,20917445,1580852,0,0,0
3 x 64 B,24,17970,1577109,7717572,20917446,1577646,0,0,0
3 x 64 B,25,17970,1576699,7724843,20917445,1577170,0,0,0
3 x 64 B,26,17970,1574490,7707725,20917446,1574984,0,0,0
3 x 64 B,27,17970,1572866,7702414,20917446,1573338,0,0,0
3 x 64 B,28,17970,1569646,7689434,20917445,1570140,0,0,0
3 x 64 B,29,17970,1575462,7713175,20917446,1575949,0,0,0
3 x 64 B,30,17970,1576899,7726240,20917445,1577434,0,0,0
3 x 64 B,31,17970,1574959,7707525,20917446,1575458,0,0,0
4 x 64 B,0,23409,1593256,7797439,29121161,1593770,0,0,0
4 x 64 B,1,23409,1590206,7784416,29121162,1590691,0,0,0
4 x 64 B,2,23409,1590596,7785329,29121162,1591132,0,0,0
4 x 64 B,3,23409,1586596,7770653,29121161,1587107,0,0,0
4 x 64 B,4,23409,1591110,7785975,29121162,1591603,0,0,0
4 x 64 B,5,23409,1586119,7769887,29121161,1586631,0,0,0
4 x 64 B,6,23409,1590319,7784369,29121162,1590807,0,0,0
4 x 64 B,7,23409,1590561,7784596,29121162,1591060,0,0,0
4 x 64 B,8,23409,1587996,7776303,29121161,1588483,0,0,0
4 x 64 B,9,23409,1588959,7768676,29121162,1589437,0,0,0
4 x 64 B,10,23409,1588958,7778580,29121161,1589451,0,0,0
4 x 64 B,11,23409,1604355,7789216,29121162,1604897,0,0,0
4 x 64 B,12,23409,1592699,7777828,29121162,1593207,0,0,0
4 x 64 B,13,23409,1587653,7776465,29121161,1588151,0,0,0
4 x 64 B,14,23409,1587275,7769480,29121162,1587745,0,0,0
4 x 64 B,15,23409,1591625,7796616,29121161,1592141,0,0,0
4 x 64 B,16,23409,1589014,7779044,29121162,1589502,0,0,0
4 x 64 B,17,23409,1594319,7780927,29121162,1594807,0,0,0
4 x 64 B,18,23409,1590450,7790883,29121161,1590941,0,0,0
4 x 64 B,19,23409,1586157,7767724,29121162,1586626,0,0,0
4 x 64 B,20,23409,1587632,7777827,29121161,1588127,0,0,0
4 x 64 B,21,23409,1585168,7761205,29121162,1585653,0,0,0
4 x 64 B,22,23409,1587534,7778083,29121161,1588002,0,0,0
4 x 64 B,23,23409,1587351,7770969,29121162,1587848,0,0,0
4 x 64 B,24,23409,1584318,7758206,29121162,1584790,0,0,0
4 x 64 B,25,23409,1586612,7773107,29121161,1587132,0,0,0
4 x 64 B,26,23409,1588925,7777054,29121162,1589416,0,0,0
4 x 64 B,27,23409,1586934,7772938,29121161,1587414,0,0,0
4 x 64 B,28,23409,1593835,7802679,29121162,1594325,0,0,0
4 x 64 B,29,23409,1589495,7781632,29121162,1589972,0,0,0
4 x 64 B,30,23409,1589807,7788128,29121161,1590304,0,0,0
4 x 64 B,31,23409,1586060,7764124,29121162,1586611,0,0,0
6 x 64 B,0,15023,1647128,8068323,25749787,1647806,0,0,0
6 x 64 B,1,15023,1650881,8078639,25749788,1651595,0,0,0
6 x 64 B,2,15023,1657451,8107363,25749788,1658175,0,0,0
6 x 64 B,3,15023,1664354,8100542,25749787,1665271,0,0,0
6 x 64 B,4,15023,1686774,8116574,25749788,1687608,0,0,0
6 x 64 B,5,15023,1658391,8091525,25749788,1657190,0,0,0
6 x 64 B,6,15023,1655212,8067501,25749787,1651783,0,0,0
6 x 64 B,7,15023,1678908,8214740,25749788,1679442,0,0,0
6 x 64 B,8,15023,1668083,8089729,25749788,1668587,0,0,0
6 x 64 B,9,15023,1664864,8085957,25749787,1665418,0,0,0
6 x 64 B,10,15023,1650063,8077990,25749788,1650568,0,0,0
6 x 64 B,11,15023,1649362,8072540,25749788,1649866,0,0,0
6 x 64 B,12,15023,1649616,8080591,25749787,1650128,0,0,0
6 x 64 B,13,15023,1646345,8060784,25749788,1646815,0,0,0
6 x 64 B,14,15023,1653291,8093587,25749788,1653807,0,0,0
6 x 64 B,15,15023,1649633,8082651,25749787,1650102,0,0,0
6 x 64 B,16,15023,1681659,8085197,25749788,1682161,0,0,0
6 x 64 B,17,15023,1648266,8070356,25749788,1648765,0,0,0
6 x 64 B,18,15023,1645331,8061363,25749787,1645802,0,0,0
6 x 64 B,19,15023,1655506,8102671,25749788,1656023,0,0,0
6 x 64 B,20,15023,1652021,8088074,25749788,1652521,0,0,0
6 x 64 B,21,15023,1651350,8089568,25749787,1651856,0,0,0
6 x 64 B,22,15023,1651851,8087617,25749788,1652345,0,0,0
6 x 64 B,23,15023,1649454,8077402,25749788,1649959,0,0,0
6 x 64 B,24,15023,1650783,8086532,25749787,1651282,0,0,0
6 x 64 B,25,15023,1643904,8050712,25749788,1644375,0,0,0
6 x 64 B,26,15023,1652128,8089040,25749788,1652634,0,0,0
6 x 64 B,27,15023,1649066,8078754,25749787,1649545,0,0,0
6 x 64 B,28,15023,1660098,8075558,25749788,1660625,0,0,0
6 x 64 B,29,15023,1670313,8085044,25749788,1670862,0,0,0
6 x 64 B,30,15023,1649497,8081815,25749787,1649977,0,0,0
6 x 64 B,31,15023,1658274,8116218,25749788,1658774,0,0,0
8 x 64 B,0,17522,1731286,8476283,26686372,1731810,0,0,0
8 x 64 B,1,17522,1726619,8458999,26686371,1727090,0,0,0
8 x 64 B,2,17522,1729360,8468785,26686372,1729879,0,0,0
8 x 64 B,3,17522,1729507,8467144,26686372,1729996,0,0,0
8 x 64 B,4,17522,1727082,8462062,26686371,1727555,0,0,0
8 x 64 B,5,17522,1731430,8477286,26686372,1731925,0,0,0
8 x 64 B,6,17522,1728432,8464034,26686372,1728898,0,0,0
8 x 64 B,7,17522,1763682,8490812,26686372,1764197,0,0,0
8 x 64 B,8,17522,1736112,8458468,26686371,1730066,0,0,0
8 x 64 B,9,17522,1731849,8478781,26686372,1732359,0,0,0
8 x 64 B,10,17522,1730570,8472584,26686372,1731072,0,0,0
8 x 64 B,11,17522,1734485,8491425,26686372,1734982,0,0,0
8 x 64 B,12,17522,1728581,8467490,26686371,1729126,0,0,0
8 x 64 B,13,17522,1727063,8454243,26686372,1727744,0,0,0
8 x 64 B,14,17522,1746486,8487335,26686372,1746983,0,0,0
8 x 64 B,15,17522,1726654,8446239,26686372,1727366,0,0,0
8 x 64 B,16,17522,1732324,8484993,26686371,1733066,0,0,0
8 x 64 B,17,17522,1734317,8474403,26686372,1734969,0,0,0
8 x 64 B,18,17522,1735927,8486588,26686372,1736693,0,0,0
8 x 64 B,19,17522,1735530,8464844,26686372,1733624,0,0,0
8 x 64 B,20,17522,1732613,8459342,26686371,1728871,0,0,0
8 x 64 B,21,17522,1732543,8479285,26686372,1733051,0,0,0
8 x 64 B,22,17522,1730384,8463971,26686372,1730864,0,0,0
8 x 64 B,23,17522,1729798,8473967,26686371,1730303,0,0,0
8 x 64 B,24,17522,1757939,8466750,26686372,1758429,0,0,0
8 x 64 B,25,17522,1730830,8473863,26686372,1731328,0,0,0
8 x 64 B,26,17522,1730141,8468095,26686372,1730637,0,0,0
8 x 64 B,27,17522,1727601,8464373,26686371,1728068,0,0,0
8 x 64 B,28,17522,2128593,8485398,26686373,2129072,0,0,0
8 x 64 B,29,17522,1727006,8461749,26686371,1727488,0,0,0
8 x 64 B,30,17522,1732072,8468648,26686372,1732568,0,0,0
8 x 64 B,31,17522,1730102,8464385,26686372,1730591,0,0,0
12 x 64 B,0,11395,1817018,8896518,28590421,1817536,0,0,0
12 x 64 B,1,11395,1816563,8900082,28590420,1817065,0,0,0
12 x 64 B,2,11395,1818630,8904198,28590421,1819149,0,0,0
12 x 64 B,3,11395,1819126,8907802,28590421,1819624,0,0,0
12 x 64 B,4,11395,1819756,8907151,28590421,1820233,0,0,0
12 x 64 B,5,11395,1817579,8901120,28590421,1818070,0,0,0
12 x 64 B,6,11395,1815049,8891654,28590420,1815544,0,0,0
12 x 64 B,7,11395,1813578,8881660,28590421,1814052,0,0,0
12 x 64 B,8,11395,1820022,8911469,28590421,1820526,0,0,0
12 x 64 B,9,11395,1815324,8891092,28590421,1815791,0,0,0
12 x 64 B,10,11395,1818525,8903880,28590421,1819020,0,0,0
12 x 64 B,11,11395,1814590,8887148,28590421,1815056,0,0,0
12 x 64 B,12,11395,1816096,8897360,28590420,1816587,0,0,0
12 x 64 B,13,11395,1817406,8898876,28590421,1817893,0,0,0
12 x 64 B,14,11395,1818528,8905778,28590421,1819021,0,0,0
12 x 64 B,15,11395,1817567,8900206,28590421,1818050,0,0,0
12 x 64 B,16,11395,1816975,8898537,28590421,1817462,0,0,0
12 x 64 B,17,11395,1816201,8897246,28590420,1816688,0,0,0
12 x 64 B,18,11395,1815457,8891700,28590421,1815923,0,0,0
12 x 64 B,19,11395,1818155,8902599,28590421,1818646,0,0,0
12 x 64 B,20,11395,1816370,8891509,28590421,1816860,0,0,0
12 x 64 B,21,11395,1818677,8905647,28590421,1819167,0,0,0
12 x 64 B,22,11395,1816963,8896509,28590421,1817443,0,0,0
12 x 64 B,23,11395,1816356,8898145,28590420,1816900,0,0,0
12 x 64 B,24,11395,1816152,8891343,28590421,1816847,0,0,0
12 x 64 B,25,11395,1823223,8899133,28590421,1823736,0,0,0
12 x 64 B,26,11395,1826362,8908274,28590421,1827271,0,0,0
12 x 64 B,27,11395,1820635,8909409,28590421,1821296,0,0,0
12 x 64 B,28,11395,1818750,8906256,28590420,1819346,0,0,0
12 x 64 B,29,11395,1824100,8905630,28590421,1825437,0,0,0
12 x 64 B,30,11395,1825498,8898910,28590421,1823632,0,0,0
12 x 64 B,31,11395,1822092,8897012,28590421,1818911,0,0,0
16 x 64 B,0,9661,1837269,8997807,26915912,1837786,0,0,0
16 x 64 B,1,9661,1844923,9024604,26915912,1845423,0,0,0
16 x 64 B,2,9661,1838482,9006370,26915911,1838968,0,0,0
16 x 64 B,3,9661,1842541,9016069,26915912,1843052,0,0,0
16 x 64 B,4,9661,1841082,9009245,26915912,1841640,0,0,0
16 x 64 B,5,9661,1873723,9024345,26915912,1874251,0,0,0
16 x 64 B,6,9661,1839521,9006167,26915912,1840033,0,0,0
16 x 64 B,7,9661,1842602,9017723,26915912,1843147,0,0,0
16 x 64 B,8,9661,1854369,9018104,26915912,1854880,0,0,0
16 x 64 B,9,9661,1857991,9007487,26915911,1858548,0,0,0
16 x 64 B,10,9661,1844141,9024387,26915912,1844674,0,0,0
16 x 64 B,11,9661,1844406,9015075,26915912,1844933,0,0,0
16 x 64 B,12,9661,1842614,9020165,26915912,1843116,0,0,0
16 x 64 B,13,9661,1845989,9004320,26915912,1842411,0,0,0
16 x 64 B,14,9661,1841694,9015703,26915912,1842198,0,0,0
16 x 64 B,15,9661,1840279,9011068,26915912,1840791,0,0,0
16 x 64 B,16,9661,1839420,9010736,26915911,1839937,0,0,0
16 x 64 B,17,9661,1842936,9020558,26915912,1843447,0,0,0
16 x 64 B,18,9661,1842364,9020638,26915912,1842860,0,0,0
16 x 64 B,19,9661,1840635,9012179,26915912,1841136,0,0,0
16 x 64 B,20,9661,1842961,9018922,26915912,1843464,0,0,0
16 x 64 B,21,9661,1872995,9021631,26915912,1873501,0,0,0
16 x 64 B,22,9661,1839301,9011030,26915911,1839805,0,0,0
16 x 64 B,23,9661,1842578,9021605,26915912,1843080,0,0,0
16 x 64 B,24,9661,1840610,9009260,26915912,1841116,0,0,0
16 x 64 B,25,9661,1841440,9013400,26915912,1841964,0,0,0
16 x 64 B,26,9661,1840158,9009960,26915912,1840669,0,0,0
16 x 64 B,27,9661,1863501,9023896,26915912,1864033,0,0,0
16 x 64 B,28,9661,1850834,9014428,26915912,1851402,0,0,0
16 x 64 B,29,9661,1864231,9014738,26915911,1864748,0,0,0
16 x 64 B,30,9661,1872123,9019721,26915912,1872639,0,0,0
16 x 64 B,31,9661,1843484,9025661,26915912,1844032,0,0,0
24 x 64 B,0,6693,1892604,9262121,27100323,1893219,0,0,0
24 x 64 B,1,6693,1926551,9266594,27100323,1927202,0,0,0
24 x 64 B,2,6693,1894300,9270820,27100323,1894868,0,0,0
24 x 64 B,3,6693,1917518,9262738,27100323,1918109,0,0,0
24 x 64 B,4,6693,1930156,9277293,27100323,1930837,0,0,0
24 x 64 B,5,6693,1897312,9264997,27100323,1897890,0,0,0
24 x 64 B,6,6693,1903926,9248215,27100322,1904842,0,0,0
24 x 64 B,7,6693,1905353,9272384,27100323,1903343,0,0,0
24 x 64 B,8,6693,1931401,9263092,27100323,1927161,0,0,0
24 x 64 B,9,6693,1894063,9270525,27100323,1894572,0,0,0
24 x 64 B,10,6693,1891073,9261924,27100323,1891578,0,0,0
24 x 64 B,11,6693,1892782,9267895,27100323,1893294,0,0,0
24 x 64 B,12,6693,1891113,9260778,27100323,1891617,0,0,0
24 x 64 B,13,6693,1895429,9268860,27100323,1895934,0,0,0
24 x 64 B,14,6693,1891548,9257634,27100323,1892048,0,0,0
24 x 64 B,15,6693,1893367,9262342,27100323,1893865,0,0,0
24 x 64 B,16,6693,1889006,9254615,27100322,1889473,0,0,0
24 x 64 B,17,6693,1892438,9265754,27100323,1892963,0,0,0
24 x 64 B,18,6693,1891077,9256146,27100323,1891565,0,0,0
24 x 64 B,19,6693,1892599,9265933,27100323,1893097,0,0,0
24 x 64 B,20,6693,1892625,9266129,27100323,1893135,0,0,0
24 x 64 B,21,6693,1896542,9272928,27100323,1897055,0,0,0
24 x 64 B,22,6693,1890175,9254562,27100323,1890667,0,0,0
24 x 64 B,23,6693,1895329,9267879,27100323,1895833,0,0,0
24 x 64 B,24,6693,1919860,9261701,27100323,1920357,0,0,0
24 x 64 B,25,6693,1894877,9268874,27100324,1895388,0,0,0
24 x 64 B,26,6693,1892614,9264709,27100322,1893135,0,0,0
24 x 64 B,27,6693,1893133,9259671,27100323,1893651,0,0,0
24 x 64 B,28,6693,1893068,9265574,27100323,1893579,0,0,0
24 x 64 B,29,6693,1890057,9255185,27100323,1890565,0,0,0
24 x 64 B,30,6693,1893266,9269440,27100323,1893783,0,0,0
24 x 64 B,31,6693,1891424,9262475,27100323,1891915,0,0,0
64 x 64 B,0,2591,1920276,9403318,26853490,1920840,0,0,0
64 x 64 B,1,2591,1923574,9415925,26853490,1924110,0,0,0
64 x 64 B,2,2591,1919640,9400924,26853490,1920162,0,0,0
64 x 64 B,3,2591,1921489,9408593,26853490,1922007,0,0,0
64 x 64 B,4,2591,1917695,9391353,26853490,1918197,0,0,0
64 x 64 B,5,2591,1920147,9407028,26853489,1920664,0,0,0
64 x 64 B,6,2591,1919527,9400167,26853490,1920035,0,0,0
64 x 64 B,7,2591,1920558,9404602,26853490,1921089,0,0,0
64 x 64 B,8,2591,1921429,9404352,26853490,1921954,0,0,0
64 x 64 B,9,2591,1920755,9404150,26853490,1921274,0,0,0
64 x 64 B,10,2591,1919872,9398083,26853490,1920629,0,0,0
64 x 64 B,11,2591,1921839,9408056,26853490,1922569,0,0,0
64 x 64 B,12,2591,1931306,9396377,26853490,1931904,0,0,0
64 x 64 B,13,2591,1924029,9413448,26853490,1924707,0,0,0
64 x 64 B,14,2591,1990084,9407547,26853490,1930591,0,0,0
64 x 64 B,15,2591,1930135,9412294,26853490,1931181,0,0,0
64 x 64 B,16,2591,1926045,9402779,26853490,1924677,0,0,0
64 x 64 B,17,2591,1928088,9406538,26853490,1924167,0,0,0
64 x 64 B,18,2591,1920354,9397805,26853490,1920857,0,0,0
64 x 64 B,19,2591,1918454,9399467,26853489,1918989,0,0,0
64 x 64 B,20,2591,1921648,9409270,26853490,1922173,0,0,0
64 x 64 B,21,2591,1919755,9402194,26853490,1920259,0,0,0
64 x 64 B,22,2591,1921502,9408536,26853490,1922018,0,0,0
64 x 64 B,23,2591,1920306,9403024,26853490,1920852,0,0,0
64 x 64 B,24,2591,1922876,9401994,26853490,1923408,0,0,0
64 x 64 B,25,2591,1920559,9402309,26853490,1921074,0,0,0
64 x 64 B,26,2591,1921470,9406859,26853490,1921969,0,0,0
64 x 64 B,27,2591,1920306,9403373,26853490,1920811,0,0,0
64 x 64 B,28,2591,1922400,9406104,26853490,1922903,0,0,0
64 x 64 B,29,2591,1920772,9401753,26853490,1921259,0,0,0
64 x 64 B,30,2591,1922813,9411449,26853490,1923331,0,0,0
64 x 64 B,31,2591,1918311,9394246,26853490,1918802,0,0,0
128 x 64 B,0,1333,1974881,9670976,27284210,1975419,0,0,0
128 x 64 B,1,1333,1978090,9685847,27284210,1978587,0,0,0
128 x 64 B,2,1333,1975899,9678376,27284209,1976395,0,0,0
128 x 64 B,3,1333,1979787,9694614,27284210,1980283,0,0,0
128 x 64 B,4,1333,1978542,9686157,27284210,1979042,0,0,0
128 x 64 B,5,1333,1979256,9691899,27284210,1979764,0,0,0
128 x 64 B,6,1333,1976905,9681513,27284210,1977438,0,0,0
128 x 64 B,7,1333,1978407,9687945,27284210,1978905,0,0,0
128 x 64 B,8,1333,1977572,9684408,27284210,1978060,0,0,0
128 x 64 B,9,1333,1980337,9694631,27284210,1980831,0,0,0
128 x 64 B,10,1333,1978201,9687867,27284210,1978690,0,0,0
128 x 64 B,11,1333,1979931,9695893,27284210,1980421,0,0,0
128 x 64 B,12,1333,1974949,9671161,27284210,1975449,0,0,0
128 x 64 B,13,1333,1979171,9691840,27284210,1979677,0,0,0
128 x 64 B,14,1333,1977869,9681214,27284210,1978370,0,0,0
128 x 64 B,15,1333,1982999,9680182,27284210,1979160,0,0,0
128 x 64 B,16,1333,1979716,9693529,27284210,1980220,0,0,0
128 x 64 B,17,1333,1978984,9690607,27284210,1979487,0,0,0
128 x 64 B,18,1333,1977843,9671578,27284210,1977237,0,0,0
128 x 64 B,19,1333,2001694,9692184,27284210,2002349,0,0,0
128 x 64 B,20,1333,2037925,9684190,27284210,2038549,0,0,0
128 x 64 B,21,1333,1997522,9696594,27284210,1998260,0,0,0
128 x 64 B,22,1333,1978285,9682556,27284210,1978938,0,0,0
128 x 64 B,23,1333,1983283,9694240,27284210,1984321,0,0,0
128 x 64 B,24,1333,1992385,9698437,27284210,1989902,0,0,0
128 x 64 B,25,1333,2022215,9694532,27284210,2022747,0,0,0
128 x 64 B,26,1333,2000344,9681763,27284210,2000866,0,0,0
128 x 64 B,27,1333,1988600,9682006,27284210,1985375,0,0,0
128 x 64 B,28,1333,1979027,9682907,27284210,1979537,0,0,0
128 x 64 B,29,1333,1979468,9687205,27284210,1979966,0,0,0
128 x 64 B,30,1333,1979319,9683807,27284210,1979821,0,0,0
128 x 64 B,31,1333,1976972,9677622,27284210,1977497,0,0,0
129 x 64 B,0,1292,1974222,9662269,27212470,1974752,0,0,0
129 x 64 B,1,1292,1974721,9666465,27212470,1975219,0,0,0
129 x 64 B,2,1292,1972664,9660683,27212470,1973155,0,0,0
129 x 64 B,3,1292,1975116,9671928,27212470,1975622,0,0,0
129 x 64 B,4,1292,1973866,9666161,27212470,1974365,0,0,0
129 x 64 B,5,1292,1973721,9665013,27212470,1974215,0,0,0
129 x 64 B,6,1292,2005414,9675003,27212470,2005920,0,0,0
129 x 64 B,7,1292,1972122,9654468,27212470,1972631,0,0,0
129 x 64 B,8,1292,1973082,9661040,27212470,1973596,0,0,0
129 x 64 B,9,1292,1973760,9664497,27212470,1974270,0,0,0
129 x 64 B,10,1292,1973472,9664333,27212470,1973984,0,0,0
129 x 64 B,11,1292,1973290,9661836,27212470,1973781,0,0,0
129 x 64 B,12,1292,1973956,9662075,27212470,1974472,0,0,0
129 x 64 B,13,1292,1972721,9659477,27212470,1973223,0,0,0
129 x 64 B,14,1292,1971235,9653904,27212470,1971732,0,0,0
129 x 64 B,15,1292,1973754,9664452,27212470,1974268,0,0,0
129 x 64 B,16,1292,1972546,9660187,27212470,1973059,0,0,0
129 x 64 B,17,1292,1972261,9655233,27212470,1972767,0,0,0
129 x 64 B,18,1292,1972308,9658911,27212470,1972821,0,0,0
129 x 64 B,19,1292,1973645,9664183,27212470,1974141,0,0,0
129 x 64 B,20,1292,1972185,9658472,27212470,1972693,0,0,0
129 x 64 B,21,1292,1973104,9661696,27212470,1973611,0,0,0
129 x 64 B,22,1292,1973195,9660531,27212470,1973691,0,0,0
129 x 64 B,23,1292,1974975,9670723,27212470,1975474,0,0,0
129 x 64 B,24,1292,1973416,9666075,27212469,1973896,0,0,0
129 x 64 B,25,1292,1974530,9665742,27212470,1975271,0,0,0
129 x 64 B,26,1292,1971580,9653700,27212470,1972096,0,0,0
129 x 64 B,27,1292,1974457,9665140,27212470,1975137,0,0,0
129 x 64 B,28,1292,2007383,9668565,27212470,2008008,0,0,0
129 x 64 B,29,1292,1976558,9671935,27212470,1977307,0,0,0
129 x 64 B,30,1292,1976761,9658989,27212470,1977357,0,0,0
129 x 64 B,31,1292,1987903,9666664,27212470,1985686,0,0,0
1024 x 64 B,0,165,2004931,9777049,26898006,2000426,0,0,0
1024 x 64 B,1,165,1999362,9778274,26898006,1999885,0,0,0
1024 x 64 B,2,165,1998031,9776184,26898006,1998535,0,0,0
1024 x 64 B,3,165,1997504,9777063,26898006,1998013,0,0,0
1024 x 64 B,4,165,1998269,9783890,26898006,1998761,0,0,0
1024 x 64 B,5,165,1996188,9774792,26898006,1996688,0,0,0
1024 x 64 B,6,165,2384415,9784237,26898007,2384935,0,0,0
1024 x 64 B,7,165,1997259,9779539,26898006,1997755,0,0,0
1024 x 64 B,8,165,1996329,9775132,26898006,1996825,0,0,0
1024 x 64 B,9,165,1997021,9774971,26898006,1997525,0,0,0
1024 x 64 B,10,165,1996698,9772211,26898006,1997191,0,0,0
1024 x 64 B,11,165,1996609,9776213,26898006,1997108,0,0,0
1024 x 64 B,12,165,1999366,9780473,26898006,1999868,0,0,0
1024 x 64 B,13,165,2010471,9774034,26898006,2001193,0,0,0
1024 x 64 B,14,165,1995878,9769086,26898006,1996375,0,0,0
1024 x 64 B,15,165,1997621,9780227,26898006,1998124,0,0,0
1024 x 64 B,16,165,1996922,9776728,26898006,1997420,0,0,0
1024 x 64 B,17,165,1996596,9773417,26898006,1997095,0,0,0
1024 x 64 B,18,165,1997063,9775749,26898006,1997570,0,0,0
1024 x 64 B,19,165,1997133,9779174,26898006,1997636,0,0,0
1024 x 64 B,20,165,1996730,9777252,26898006,1997227,0,0,0
1024 x 64 B,21,165,1996004,9770997,26898006,1996505,0,0,0
1024 x 64 B,22,165,1995963,9771616,26898006,1996461,0,0,0
1024 x 64 B,23,165,1997407,9780685,26898006,1997902,0,0,0
1024 x 64 B,24,165,1997977,9783007,26898006,1998470,0,0,0
1024 x 64 B,25,165,1998034,9779798,26898006,1998536,0,0,0
1024 x 64 B,26,165,1998724,9784336,26898006,1999226,0,0,0
1024 x 64 B,27,165,1994972,9768170,26898006,1995480,0,0,0
1024 x 64 B,28,165,1995792,9773438,26898006,1996292,0,0,0
1024 x 64 B,29,165,1997158,9776784,26898006,1997658,0,0,0
1024 x 64 B,30,165,1997165,9776641,26898006,1997662,0,0,0
1024 x 64 B,31,165,1995670,9772086,26898006,1996167,0,0,0
1 x 128 B,0,17375,1598004,7825624,21979740,1598641,0,0,0
1 x 128 B,1,17375,1599955,7825056,21979741,1600712,0,0,0
1 x 128 B,2,17375,1613137,7834391,21979741,1613676,0,0,0
1 x 128 B,3,17375,1599859,7835015,21979740,1600598,0,0,0
1 x 128 B,4,17375,1601665,7835309,21979741,1602333,0,0,0
1 x 128 B,5,17375,1597459,7820499,21979740,1598119,0,0,0
1 x 128 B,6,17375,1607726,7842752,21979741,1608546,0,0,0
1 x 128 B,7,17375,1606270,7825666,21979741,1605084,0,0,0
1 x 128 B,8,17375,1597311,7824557,21979740,1597834,0,0,0
1 x 128 B,9,17375,1605632,7823541,21979741,1601716,0,0,0
1 x 128 B,10,17375,1596982,7820940,21979740,1597505,0,0,0
1 x 128 B,11,17375,1600841,7825947,21979741,1601353,0,0,0
1 x 128 B,12,17375,1599355,7825443,21979741,1599880,0,0,0
1 x 128 B,13,17375,1596957,7822239,21979740,1597479,0,0,0
1 x 128 B,14,17375,1599847,7827865,21979741,1600369,0,0,0
1 x 128 B,15,17375,1595270,7813795,21979740,1595789,0,0,0
1 x 128 B,16,17375,1598583,7823576,21979741,1599128,0,0,0
1 x 128 B,17,17375,1600574,7832625,21979741,1601086,0,0,0
1 x 128 B,18,17375,1967091,7822566,21979741,1967600,0,0,0
1 x 128 B,19,17375,1596467,7820505,21979740,1596976,0,0,0
1 x 128 B,20,17375,1598368,7825051,21979741,1598886,0,0,0
1 x 128 B,21,17375,1595746,7814695,21979740,1596263,0,0,0
1 x 128 B,22,17375,1599537,7826424,21979741,1600060,0,0,0
1 x 128 B,23,17375,1599071,7828429,21979741,1599587,0,0,0
1 x 128 B,24,17375,1596551,7820680,21979740,1597061,0,0,0
1 x 128 B,25,17375,1598691,7826612,21979741,1599202,0,0,0
1 x 128 B,26,17375,1596822,7819115,21979740,1597337,0,0,0
1 x 128 B,27,17375,1598683,7824794,21979741,1599190,0,0,0
1 x 128 B,28,17375,1598749,7826816,21979741,1599264,0,0,0
1 x 128 B,29,17375,1596589,7821475,21979740,1597100,0,0,0
1 x 128 B,30,17375,1599174,7828863,21979741,1599706,0,0,0
1 x 128 B,31,17375,1596319,7817031,21979740,1596837,0,0,0
3 x 128 B,0,12909,1772676,8676806,31407963,1773194,0,0,0
3 x 128 B,1,12909,1769798,8664260,31407963,1770303,0,0,0
3 x 128 B,2,12909,1769490,8660260,31407963,1769996,0,0,0
3 x 128 B,3,12909,1765127,8644807,31407962,1765611,0,0,0
3 x 128 B,4,12909,1766935,8651058,31407963,1767430,0,0,0
3 x 128 B,5,12909,1768744,8656188,31407963,1769245,0,0,0
3 x 128 B,6,12909,1767216,8652608,31407963,1767713,0,0,0
3 x 128 B,7,12909,1768069,8650291,31407963,1768564,0,0,0
3 x 128 B,8,12909,1765147,8647329,31407962,1765634,0,0,0
3 x 128 B,9,12909,1769382,8663081,31407963,1769871,0,0,0
3 x 128 B,10,12909,1769892,8665958,31407963,1770374,0,0,0
3 x 128 B,11,12909,1769566,8660480,31407963,1770061,0,0,0
3 x 128 B,12,12909,1764879,8644281,31407962,1765366,0,0,0
3 x 128 B,13,12909,1767748,8655534,31407963,1768279,0,0,0
3 x 128 B,14,12909,1770471,8667944,31407963,1770958,0,0,0
3 x 128 B,15,12909,1766975,8650833,31407963,1767533,0,0,0
3 x 128 B,16,12909,1768768,8663086,31407962,1769404,0,0,0
3 x 128 B,17,12909,1773195,8670741,31407963,1773698,0,0,0
3 x 128 B,18,12909,1774099,8681053,31407963,1774763,0,0,0
3 x 128 B,19,12909,1768196,8652966,31407963,1768872,0,0,0
3 x 128 B,20,12909,1776962,8681687,31407963,1777581,0,0,0
3 x 128 B,21,12909,1813668,8691056,31407962,1810898,0,0,0
3 x 128 B,22,12909,1771781,8655010,31407963,1770862,0,0,0
3 x 128 B,23,12909,1770958,8630928,31407963,1766828,0,0,0
3 x 128 B,24,12909,1769725,8666577,31407963,1770209,0,0,0
3 x 128 B,25,12909,1767164,8657379,31407962,1767663,0,0,0
3 x 128 B,26,12909,1765804,8646545,31407963,1766289,0,0,0
3 x 128 B,27,12909,1774469,8679040,31407963,1774972,0,0,0
3 x 128 B,28,12909,1770683,8665060,31407963,1771177,0,0,0
3 x 128 B,29,12909,1773032,8675102,31407963,1773528,0,0,0
3 x 128 B,30,12909,1761537,8629361,31407962,1762033,0,0,0
3 x 128 B,31,12909,1767369,8654346,31407963,1767897,0,0,0
4 x 128 B,0,13375,2125730,8623080,30615741,2126264,0,0,0
4 x 128 B,1,13375,1759227,8613144,30615741,1759719,0,0,0
4 x 128 B,2,13375,1760915,8620329,30615741,1761413,0,0,0
4 x 128 B,3,13375,1760446,8616955,30615741,1760947,0,0,0
4 x 128 B,4,13375,1756138,8603703,30615740,1756611,0,0,0
4 x 128 B,5,13375,1761959,8627456,30615741,1762463,0,0,0
4 x 128 B,6,13375,1759616,8616253,30615741,1760114,0,0,0
4 x 128 B,7,13375,1760136,8618413,30615741,1760644,0,0,0
4 x 128 B,8,13375,1758565,8615423,30615740,1759059,0,0,0
4 x 128 B,9,13375,1760327,8620002,30615741,1760833,0,0,0
4 x 128 B,10,13375,1760617,8620885,30615741,1761112,0,0,0
4 x 128 B,11,13375,1763106,8628316,30615741,1763607,0,0,0
4 x 128 B,12,13375,1757701,8610748,30615740,1758193,0,0,0
4 x 128 B,13,13375,1759959,8617044,30615741,1760451,0,0,0
4 x 128 B,14,13375,1762717,8631068,30615741,1763222,0,0,0
4 x 128 B,15,13375,1760237,8618870,30615741,1760724,0,0,0
4 x 128 B,16,13375,1760925,8625362,30615740,1761429,0,0,0
4 x 128 B,17,13375,1761613,8624281,30615741,1762107,0,0,0
4 x 128 B,18,13375,1761847,8624116,30615741,1762412,0,0,0
4 x 128 B,19,13375,1763498,8629911,30615741,1764698,0,0,0
4 x 128 B,20,13375,1760119,8622959,30615740,1760614,0,0,0
4 x 128 B,21,13375,1766108,8642526,30615741,1766887,0,0,0
4 x 128 B,22,13375,1761862,8622802,30615741,1762515,0,0,0
4 x 128 B,23,13375,1764506,8633485,30615741,1765456,0,0,0
4 x 128 B,24,13375,1777902,8639087,30615741,1778946,0,0,0
4 x 128 B,25,13375,1761294,8619256,30615740,1762101,0,0,0
4 x 128 B,26,13375,1770973,8611346,30615741,1764705,0,0,0
4 x 128 B,27,13375,1763990,8634264,30615741,1764619,0,0,0
4 x 128 B,28,13375,1764803,8631201,30615741,1765484,0,0,0
4 x 128 B,29,13375,1757191,8607545,30615740,1757674,0,0,0
4 x 128 B,30,13375,1762816,8630038,30615741,1763325,0,0,0
4 x 128 B,31,13375,1758950,8612523,30615741,1759437,0,0,0
6 x 128 B,0,5944,1828441,8950855,27229830,1828943,0,0,0
6 x 128 B,1,5944,1834767,8972047,27229830,1835461,0,0,0
6 x 128 B,2,5944,1829566,8959263,27229829,1830171,0,0,0
6 x 128 B,3,5944,1864565,8974266,27229830,1865188,0,0,0
6 x 128 B,4,5944,2200115,8955462,27229830,2200623,0,0,0
6 x 128 B,5,5944,1836936,8988719,27229830,1837967,0,0,0
6 x 128 B,6,5944,1841681,8958755,27229830,1838992,0,0,0
6 x 128 B,7,5944,1870276,8951489,27229830,1863925,0,0,0
6 x 128 B,8,5944,1831496,8964099,27229830,1831997,0,0,0
6 x 128 B,9,5944,1833264,8970996,27229830,1833774,0,0,0
6 x 128 B,10,5944,1833804,8974202,27229830,1834293,0,0,0
6 x 128 B,11,5944,1827524,8951559,27229829,1828017,0,0,0
6 x 128 B,12,5944,1831327,8965732,27229830,1831823,0,0,0
6 x 128 B,13,5944,1830529,8961833,27229830,1831020,0,0,0
6 x 128 B,14,5944,1835443,8980372,27229830,1835942,0,0,0
6 x 128 B,15,5944,1829976,8960324,27229830,1830466,0,0,0
6 x 128 B,16,5944,1830952,8965090,27229830,1831461,0,0,0
6 x 128 B,17,5944,1827451,8946951,27229829,1827946,0,0,0
6 x 128 B,18,5944,1834561,8978910,27229830,1835048,0,0,0
6 x 128 B,19,5944,1832106,8968486,27229830,1832617,0,0,0
6 x 128 B,20,5944,1830320,8962525,27229830,1830819,0,0,0
6 x 128 B,21,5944,1830663,8963307,27229830,1831157,0,0,0
6 x 128 B,22,5944,1832908,8971004,27229830,1833466,0,0,0
6 x 128 B,23,5944,1831390,8969394,27229829,1832104,0,0,0
6 x 128 B,24,5944,1842123,8952933,27229831,1834602,0,0,0
6 x 128 B,25,5944,1831495,8967070,27229830,1832005,0,0,0
6 x 128 B,26,5944,1830046,8956173,27229830,1830547,0,0,0
6 x 128 B,27,5944,1834506,8965587,27229830,1835000,0,0,0
6 x 128 B,28,5944,1834603,8980012,27229830,1835102,0,0,0
6 x 128 B,29,5944,1828395,8956527,27229829,1828896,0,0,0
6 x 128 B,30,5944,1832766,8962323,27229830,1833268,0,0,0
6 x 128 B,31,5944,1831791,8968575,27229830,1832294,0,0,0
8 x 128 B,0,9707,1824961,8935132,27306157,1825511,0,0,0
8 x 128 B,1,9707,1824297,8932355,27306157,1824815,0,0,0
8 x 128 B,2,9707,1820356,8917744,27306156,1820870,0,0,0
8 x 128 B,3,9707,1823830,8926395,27306157,1824369,0,0,0
8 x 128 B,4,9707,1824970,8930916,27306157,1825504,0,0,0
8 x 128 B,5,9707,1825669,8935497,27306157,1826265,0,0,0
8 x 128 B,6,9707,1842468,8937805,27306157,1843006,0,0,0
8 x 128 B,7,9707,1830880,8942382,27306157,1831510,0,0,0
8 x 128 B,8,9707,1855248,8939001,27306157,1855877,0,0,0
8 x 128 B,9,9707,1823503,8928546,27306156,1824138,0,0,0
8 x 128 B,10,9707,1829374,8942405,27306157,1830360,0,0,0
8 x 128 B,11,9707,1825024,8934019,27306157,1825606,0,0,0
8 x 128 B,12,9707,1825523,8935911,27306157,1826028,0,0,0
8 x 128 B,13,9707,1826136,8938467,27306157,1826652,0,0,0
8 x 128 B,14,9707,1820742,8916763,27306156,1821248,0,0,0
8 x 128 B,15,9707,1824440,8930881,27306157,1824929,0,0,0
8 x 128 B,16,9707,1825883,8940132,27306157,1826384,0,0,0
8 x 128 B,17,9707,1821945,8921088,27306157,1822441,0,0,0
8 x 128 B,18,9707,1823452,8929153,27306157,1823968,0,0,0
8 x 128 B,19,9707,1822046,8921670,27306157,1822536,0,0,0
8 x 128 B,20,9707,1822419,8927440,27306156,1822914,0,0,0
8 x 128 B,21,9707,1823457,8924426,27306157,1823956,0,0,0
8 x 128 B,22,9707,1825276,8930558,27306157,1825786,0,0,0
8 x 128 B,23,9707,1825052,8931376,27306157,1825553,0,0,0
8 x 128 B,24,9707,1824086,8927990,27306157,1824583,0,0,0
8 x 128 B,25,9707,1826373,8939853,27306157,1826957,0,0,0
8 x 128 B,26,9707,1819906,8914920,27306156,1820376,0,0,0
8 x 128 B,27,9707,1824626,8932959,27306157,1825116,0,0,0
8 x 128 B,28,9707,1823546,8928399,27306157,1824045,0,0,0
8 x 128 B,29,9707,1823800,8929932,27306157,1824286,0,0,0
8 x 128 B,30,9707,1852275,8937579,27306157,1852810,0,0,0
8 x 128 B,31,9707,1828439,8935971,27306157,1828995,0,0,0
12 x 128 B,0,6176,1907500,9344740,29163437,1908029,0,0,0
12 x 128 B,1,6176,1908304,9343530,29163438,1908809,0,0,0
12 x 128 B,2,6176,1907071,9339031,29163438,1907591,0,0,0
12 x 128 B,3,6176,1908696,9345665,29163438,1909216,0,0,0
12 x 128 B,4,6176,1907764,9342734,29163438,1908264,0,0,0
12 x 128 B,5,6176,1908527,9344709,29163438,1909043,0,0,0
12 x 128 B,6,6176,1908422,9337872,29163438,1908908,0,0,0
12 x 128 B,7,6176,1908446,9344631,29163438,1908959,0,0,0
12 x 128 B,8,6176,1906148,9334615,29163438,1906650,0,0,0
12 x 128 B,9,6176,1908842,9346470,29163438,1909350,0,0,0
12 x 128 B,10,6176,1907469,9340914,29163438,1907960,0,0,0
12 x 128 B,11,6176,1906973,9341927,29163437,1907505,0,0,0
12 x 128 B,12,6176,1907475,9337741,29163438,1907965,0,0,0
12 x 128 B,13,6176,1909362,9346663,29163438,1909849,0,0,0
12 x 128 B,14,6176,1906266,9333392,29163438,1906841,0,0,0
12 x 128 B,15,6176,1908708,9344403,29163438,1909270,0,0,0
12 x 128 B,16,6176,1906661,9333865,29163438,1907156,0,0,0
12 x 128 B,17,6176,1909020,9343671,29163438,1909727,0,0,0
12 x 128 B,18,6176,1909016,9341703,29163438,1909724,0,0,0
12 x 128 B,19,6176,1941184,9355063,29163438,1941808,0,0,0
12 x 128 B,20,6176,1910535,9341166,29163438,1911378,0,0,0
12 x 128 B,21,6176,1916110,9341818,29163438,1913995,0,0,0
12 x 128 B,22,6176,1915836,9340393,29163438,1911295,0,0,0
12 x 128 B,23,6176,1906559,9339294,29163437,1907066,0,0,0
12 x 128 B,24,6176,1908763,9344113,29163438,1909265,0,0,0
12 x 128 B,25,6176,1908273,9342138,29163438,1908768,0,0,0
12 x 128 B,26,6176,1908396,9344297,29163438,1908898,0,0,0
12 x 128 B,27,6176,1906300,9334912,29163438,1906786,0,0,0
12 x 128 B,28,6176,2302336,9341140,29163438,2302834,0,0,0
12 x 128 B,29,6176,1907788,9340158,29163438,1908290,0,0,0
12 x 128 B,30,6176,1908742,9343092,29163438,1909235,0,0,0
12 x 128 B,31,6176,1907479,9341139,29163438,1907986,0,0,0
16 x 128 B,0,5222,1916377,9382248,27384534,1916899,0,0,0
16 x 128 B,1,5222,1918780,9390619,27384534,1919288,0,0,0
16 x 128 B,2,5222,1916555,9384494,27384534,1917053,0,0,0
16 x 128 B,3,5222,1918260,9392650,27384534,1918758,0,0,0
16 x 128 B,4,5222,1916632,9383579,27384534,1917137,0,0,0
16 x 128 B,5,5222,1914901,9373005,27384534,1915414,0,0,0
16 x 128 B,6,5222,1915851,9382292,27384534,1916351,0,0,0
16 x 128 B,7,5222,1915131,9382503,27384533,1915623,0,0,0
16 x 128 B,8,5222,1914619,9375943,27384534,1915112,0,0,0
16 x 128 B,9,5222,1917979,9391766,27384534,1918472,0,0,0
16 x 128 B,10,5222,1916531,9384843,27384534,1917006,0,0,0
16 x 128 B,11,5222,1916942,9387003,27384534,1917434,0,0,0
16 x 128 B,12,5222,1915534,9377656,27384534,1916021,0,0,0
16 x 128 B,13,5222,1918583,9392196,27384534,1919073,0,0,0
16 x 128 B,14,5222,1915049,9377650,27384534,1915533,0,0,0
16 x 128 B,15,5222,1917605,9390352,27384534,1918095,0,0,0
16 x 128 B,16,5222,1915865,9381628,27384534,1916350,0,0,0
16 x 128 B,17,5222,1916380,9384075,27384534,1916872,0,0,0
16 x 128 B,18,5222,1916483,9376966,27384534,1916976,0,0,0
16 x 128 B,19,5222,1914465,9378319,27384533,1914954,0,0,0
16 x 128 B,20,5222,1917523,9388355,27384534,1918023,0,0,0
16 x 128 B,21,5222,1916763,9386780,27384534,1917252,0,0,0
16 x 128 B,22,5222,1917603,9389377,27384534,1918092,0,0,0
16 x 128 B,23,5222,1916471,9383540,27384534,1917006,0,0,0
16 x 128 B,24,5222,1917283,9386196,27384534,1917941,0,0,0
16 x 128 B,25,5222,1918239,9390777,27384534,1918800,0,0,0
16 x 128 B,26,5222,1927808,9383377,27384534,1923130,0,0,0
16 x 128 B,27,5222,1916998,9384164,27384534,1917918,0,0,0
16 x 128 B,28,5222,1919500,9392848,27384534,1920413,0,0,0
16 x 128 B,29,5222,1928549,9398417,27384534,1927425,0,0,0
16 x 128 B,30,5222,1927986,9381656,27384534,1921856,0,0,0
16 x 128 B,31,5222,1917981,9390824,27384534,1918538,0,0,0
24 x 128 B,0,3576,1943586,9520757,27446165,1944105,0,0,0
24 x 128 B,1,3576,1946626,9530429,27446166,1947140,0,0,0
24 x 128 B,2,3576,1946423,9525263,27446166,1946927,0,0,0
24 x 128 B,3,3576,1947206,9530874,27446166,1947724,0,0,0
24 x 128 B,4,3576,1946207,9525783,27446166,1946707,0,0,0
24 x 128 B,5,3576,1947484,9535064,27446166,1947984,0,0,0
24 x 128 B,6,3576,1945905,9524714,27446166,1946394,0,0,0
24 x 128 B,7,3576,1947362,9535831,27446166,1947867,0,0,0
24 x 128 B,8,3576,1945244,9526519,27446166,1945735,0,0,0
24 x 128 B,9,3576,1946956,9534040,27446166,1947444,0,0,0
24 x 128 B,10,3576,1945651,9524776,27446166,1946146,0,0,0
24 x 128 B,11,3576,1946863,9533401,27446166,1947351,0,0,0
24 x 128 B,12,3576,1944668,9520963,27446166,1945162,0,0,0
24 x 128 B,13,3576,1947002,9533906,27446166,1947489,0,0,0
24 x 128 B,14,3576,1945216,9525319,27446166,1945695,0,0,0
24 x 128 B,15,3576,1946108,9529964,27446166,1946596,0,0,0
24 x 128 B,16,3576,1945564,9527504,27446166,1946042,0,0,0
24 x 128 B,17,3576,1947130,9532278,27446166,1947622,0,0,0
24 x 128 B,18,3576,1945901,9527764,27446166,1946381,0,0,0
24 x 128 B,19,3576,1943432,9522445,27446165,1943963,0,0,0
24 x 128 B,20,3576,1946316,9530227,27446166,1946808,0,0,0
24 x 128 B,21,3576,1945600,9528305,27446166,1946085,0,0,0
24 x 128 B,22,3576,1947146,9534655,27446166,1947633,0,0,0
24 x 128 B,23,3576,1944862,9524693,27446166,1945351,0,0,0
24 x 128 B,24,3576,1946691,9528831,27446166,1947182,0,0,0
24 x 128 B,25,3576,1945029,9525586,27446166,1945516,0,0,0
24 x 128 B,26,3576,1953202,9525792,27446166,1948332,0,0,0
24 x 128 B,27,3576,1946754,9534139,27446166,1947255,0,0,0
24 x 128 B,28,3576,1947703,9535647,27446166,1948199,0,0,0
24 x 128 B,29,3576,1945732,9528869,27446166,1946221,0,0,0
24 x 128 B,30,3576,1946604,9529721,27446166,1947093,0,0,0
24 x 128 B,31,3576,1945083,9524177,27446166,1945573,0,0,0
64 x 128 B,0,1374,1984746,9718091,27246786,1985618,0,0,0
64 x 128 B,1,1374,1985943,9720958,27246786,1986573,0,0,0
64 x 128 B,2,1374,1985698,9711181,27246786,1986368,0,0,0
64 x 128 B,3,1374,1986414,9720376,27246786,1987050,0,0,0
64 x 128 B,4,1374,1988064,9718087,27246786,1988923,0,0,0
64 x 128 B,5,1374,1990259,9713734,27246786,1988676,0,0,0
64 x 128 B,6,1374,1991165,9712449,27246786,1987029,0,0,0
64 x 128 B,7,1374,1985278,9716890,27246786,1985790,0,0,0
64 x 128 B,8,1374,1984380,9713961,27246786,1984885,0,0,0
64 x 128 B,9,1374,1985664,9721551,27246786,1986160,0,0,0
64 x 128 B,10,1374,1985952,9718297,27246786,1986447,0,0,0
64 x 128 B,11,1374,1984376,9711904,27246786,1984902,0,0,0
64 x 128 B,12,1374,1984535,9714894,27246786,1985049,0,0,0
64 x 128 B,13,1374,1986216,9721637,27246786,1986714,0,0,0
64 x 128 B,14,1374,1985864,9719049,27246786,1986375,0,0,0
64 x 128 B,15,1374,1984186,9714276,27246786,1984693,0,0,0
64 x 128 B,16,1374,1985399,9717911,27246786,1985890,0,0,0
64 x 128 B,17,1374,1985195,9720827,27246786,1985698,0,0,0
64 x 128 B,18,1374,1984738,9716581,27246786,1985250,0,0,0
64 x 128 B,19,1374,1983439,9712469,27246786,1983933,0,0,0
64 x 128 B,20,1374,1985280,9718238,27246786,1985786,0,0,0
64 x 128 B,21,1374,1983835,9714339,27246786,1984326,0,0,0
64 x 128 B,22,1374,1983940,9712232,27246786,1984435,0,0,0
64 x 128 B,23,1374,1983190,9711111,27246786,1983683,0,0,0
64 x 128 B,24,1374,1984964,9717894,27246786,1985458,0,0,0
64 x 128 B,25,1374,1993005,9714395,27246786,1986966,0,0,0
64 x 128 B,26,1374,1981271,9704479,27246785,1981781,0,0,0
64 x 128 B,27,1374,1984739,9718416,27246786,1985228,0,0,0
64 x 128 B,28,1374,1983878,9711750,27246786,1984384,0,0,0
64 x 128 B,29,1374,1985118,9720832,27246786,1985616,0,0,0
64 x 128 B,30,1374,1983047,9708679,27246786,1983559,0,0,0
64 x 128 B,31,1374,1984332,9716473,27246786,1984839,0,0,0
128 x 128 B,0,696,1989021,9739494,27337854,1989562,0,0,0
128 x 128 B,1,696,1987853,9729455,27337854,1988346,0,0,0
128 x 128 B,2,696,1988834,9738787,27337854,1989334,0,0,0
128 x 128 B,3,696,1995057,9727870,27337854,1995554,0,0,0
128 x 128 B,4,696,1988299,9735822,27337854,1988791,0,0,0
128 x 128 B,5,696,1988873,9734186,27337854,1989388,0,0,0
128 x 128 B,6,696,1987209,9730088,27337854,1987702,0,0,0
128 x 128 B,7,696,1986865,9728007,27337854,1987542,0,0,0
128 x 128 B,8,696,1990157,9743960,27337854,1990756,0,0,0
128 x 128 B,9,696,1988287,9729990,27337854,1989626,0,0,0
128 x 128 B,10,696,1988939,9735331,27337854,1989577,0,0,0
128 x 128 B,11,696,1987990,9727213,27337854,1988980,0,0,0
128 x 128 B,12,696,1997916,9742831,27337854,1996461,0,0,0
128 x 128 B,13,696,1992735,9722947,27337854,1989103,0,0,0
128 x 128 B,14,696,1989759,9740075,27337854,1990256,0,0,0
128 x 128 B,15,696,1988056,9735069,27337854,1988552,0,0,0
128 x 128 B,16,696,1988343,9730238,27337854,1988841,0,0,0
128 x 128 B,17,696,1986449,9727030,27337854,1986939,0,0,0
128 x 128 B,18,696,1988755,9737771,27337854,1989259,0,0,0
128 x 128 B,19,696,1987062,9726892,27337854,1987564,0,0,0
128 x 128 B,20,696,1989829,9732731,27337854,1990324,0,0,0
128 x 128 B,21,696,1987593,9731209,27337854,1988126,0,0,0
128 x 128 B,22,696,1988323,9732292,27337854,1988824,0,0,0
128 x 128 B,23,696,1987465,9730555,27337854,1987968,0,0,0
128 x 128 B,24,696,1990373,9738053,27337854,1990873,0,0,0
128 x 128 B,25,696,1998343,9729634,27337854,1990560,0,0,0
128 x 128 B,26,696,1988669,9738070,27337854,1989165,0,0,0
128 x 128 B,27,696,1987694,9732846,27337854,1988209,0,0,0
128 x 128 B,28,696,1989461,9736066,27337854,1989974,0,0,0
128 x 128 B,29,696,1988495,9737504,27337854,1989007,0,0,0
128 x 128 B,30,696,1989929,9743976,27337854,1990431,0,0,0
128 x 128 B,31,696,1986791,9728929,27337854,1987288,0,0,0
129 x 128 B,0,672,1984137,9715790,27330606,1984661,0,0,0
129 x 128 B,1,672,1984385,9716889,27330606,1984886,0,0,0
129 x 128 B,2,672,1982888,9709467,27330606,1983380,0,0,0
129 x 128 B,3,672,1985987,9719006,27330606,1986481,0,0,0
129 x 128 B,4,672,1985313,9721080,27330606,1985845,0,0,0
129 x 128 B,5,672,1985464,9722567,27330606,1985957,0,0,0
129 x 128 B,6,672,1984880,9719023,27330606,1985379,0,0,0
129 x 128 B,7,672,1985366,9717455,27330606,1985863,0,0,0
129 x 128 B,8,672,1984377,9715164,27330606,1984873,0,0,0
129 x 128 B,9,672,1985201,9719493,27330606,1985700,0,0,0
129 x 128 B,10,672,1984105,9714757,27330606,1984594,0,0,0
129 x 128 B,11,672,1984679,9713466,27330606,1985181,0,0,0
129 x 128 B,12,672,1983243,9711122,27330606,1983741,0,0,0
129 x 128 B,13,672,1983046,9709315,27330606,1983597,0,0,0
129 x 128 B,14,672,1983673,9712908,27330606,1984450,0,0,0
129 x 128 B,15,672,1986103,9723780,27330606,1986608,0,0,0
129 x 128 B,16,672,1986592,9713174,27330606,1987298,0,0,0
129 x 128 B,17,672,1985720,9718597,27330606,1986441,0,0,0
129 x 128 B,18,672,1986419,9711189,27330606,1987287,0,0,0
129 x 128 B,19,672,1994488,9725862,27330606,1992755,0,0,0
129 x 128 B,20,672,1986166,9721912,27330606,1986722,0,0,0
129 x 128 B,21,672,1985846,9718730,27330606,1986355,0,0,0
129 x 128 B,22,672,1983565,9712767,27330606,1984065,0,0,0
129 x 128 B,23,672,1985695,9720630,27330606,1986193,0,0,0
129 x 128 B,24,672,1989059,9708850,27330606,1985542,0,0,0
129 x 128 B,25,672,1984564,9715036,27330606,1985068,0,0,0
129 x 128 B,26,672,1983002,9710131,27330606,1983502,0,0,0
129 x 128 B,27,672,1985617,9717647,27330606,1986178,0,0,0
129 x 128 B,28,672,1984979,9717477,27330606,1985492,0,0,0
129 x 128 B,29,672,1985246,9714448,27330606,1985749,0,0,0
129 x 128 B,30,672,1984349,9715480,27330606,1984850,0,0,0
129 x 128 B,31,672,1985908,9717069,27330606,1986403,0,0,0
1024 x 128 B,0,86,1991949,9750112,26940554,1992494,0,0,0
1024 x 128 B,1,86,2024719,9754218,26940557,2025242,0,0,0
1024 x 128 B,2,86,1991641,9747067,26940554,1992134,0,0,0
1024 x 128 B,3,86,1991228,9750386,26940554,1991725,0,0,0
1024 x 128 B,4,86,1990631,9744314,26940554,1991127,0,0,0
1024 x 128 B,5,86,1989498,9741599,26940554,1990007,0,0,0
1024 x 128 B,6,86,1991854,9750062,26940554,1992360,0,0,0
1024 x 128 B,7,86,1990299,9742325,26940554,1990811,0,0,0
1024 x 128 B,8,86,1990342,9745307,26940554,1990868,0,0,0
1024 x 128 B,9,86,1990594,9746804,26940554,1991087,0,0,0
1024 x 128 B,10,86,1991628,9749893,26940554,1992133,0,0,0
1024 x 128 B,11,86,1989895,9740720,26940554,1990400,0,0,0
1024 x 128 B,12,86,1990915,9748523,26940554,1991408,0,0,0
1024 x 128 B,13,86,1991023,9749040,26940554,1991519,0,0,0
1024 x 128 B,14,86,1991109,9747291,26940554,1991601,0,0,0
1024 x 128 B,15,86,1990496,9745309,26940554,1990993,0,0,0
1024 x 128 B,16,86,1991258,9750355,26940554,1991780,0,0,0
1024 x 128 B,17,86,1990604,9746883,26940554,1991101,0,0,0
1024 x 128 B,18,86,1990639,9743718,26940554,1991148,0,0,0
1024 x 128 B,19,86,1991322,9746128,26940554,1991830,0,0,0
1024 x 128 B,20,86,1992569,9752772,26940554,1993090,0,0,0
1024 x 128 B,21,86,1997015,9777118,26940554,1997622,0,0,0
1024 x 128 B,22,86,2008011,9825991,26940554,2008601,0,0,0
1024 x 128 B,23,86,2023158,9862767,26940554,2018872,0,0,0
1024 x 128 B,24,86,1996717,9769844,26940554,1997326,0,0,0
1024 x 128 B,25,86,1997486,9760084,26940554,1998084,0,0,0
1024 x 128 B,26,86,1996024,9763452,26940554,1996926,0,0,0
1024 x 128 B,27,86,2000296,9735508,26940554,1994522,0,0,0
1024 x 128 B,28,86,2042510,9860560,26940554,2043051,0,0,0
1024 x 128 B,29,86,1991110,9744366,26940554,1991614,0,0,0
1024 x 128 B,30,86,1990688,9746857,26940554,1991231,0,0,0
1024 x 128 B,31,86,1988933,9736630,26940554,1989433,0,0,0
1 x 256 B,0,9683,1774166,8685701,21545041,1774721,0,0,0
1 x 256 B,1,9683,1772984,8685076,21545040,1773496,0,0,0
1 x 256 B,2,9683,1774149,8685729,21545041,1774674,0,0,0
1 x 256 B,3,9683,1775407,8685016,21545041,1775941,0,0,0
1 x 256 B,4,9683,1775737,8691575,21545041,1776262,0,0,0
1 x 256 B,5,9683,1772663,8684054,21545040,1773152,0,0,0
1 x 256 B,6,9683,1774777,8690400,21545041,1775301,0,0,0
1 x 256 B,7,9683,1774065,8686697,21545041,1774564,0,0,0
1 x 256 B,8,9683,1774750,8690143,21545041,1775269,0,0,0
1 x 256 B,9,9683,1774009,8686520,21545041,1774510,0,0,0
1 x 256 B,10,9683,1772723,8685100,21545040,1773230,0,0,0
1 x 256 B,11,9683,1774570,8688735,21545041,1775080,0,0,0
1 x 256 B,12,9683,1774748,8685864,21545041,1775260,0,0,0
1 x 256 B,13,9683,1774143,8686217,21545041,1774649,0,0,0
1 x 256 B,14,9683,1771574,8679381,21545040,1772054,0,0,0
1 x 256 B,15,9683,1776159,8696605,21545041,1776670,0,0,0
1 x 256 B,16,9683,1773535,8683988,21545041,1774028,0,0,0
1 x 256 B,17,9683,1774008,8686302,21545041,1774507,0,0,0
1 x 256 B,18,9683,1774481,8685359,21545041,1774974,0,0,0
1 x 256 B,19,9683,1772750,8685102,21545040,1773247,0,0,0
1 x 256 B,20,9683,1775098,8691189,21545041,1775633,0,0,0
1 x 256 B,21,9683,1773223,8682960,21545041,1773724,0,0,0
1 x 256 B,22,9683,1774326,8687057,21545041,1774821,0,0,0
1 x 256 B,23,9683,1771562,8679523,21545040,1772037,0,0,0
1 x 256 B,24,9683,1774344,8685392,21545041,1774850,0,0,0
1 x 256 B,25,9683,1835867,8682766,21545041,1776956,0,0,0
1 x 256 B,26,9683,1775505,8693518,21545041,1776025,0,0,0
1 x 256 B,27,9683,1774412,8688070,21545041,1774909,0,0,0
1 x 256 B,28,9683,1773829,8690438,21545040,1774332,0,0,0
1 x 256 B,29,9683,1774308,8687778,21545041,1774812,0,0,0
1 x 256 B,30,9683,1774396,8686326,21545041,1774898,0,0,0
1 x 256 B,31,9683,1774673,8688735,21545041,1775226,0,0,0
3 x 256 B,0,7410,1876839,9186118,31574376,1877498,0,0,0
3 x 256 B,1,7410,1870223,9161505,31574375,1870905,0,0,0
3 x 256 B,2,7410,1875690,9180435,31574376,1876412,0,0,0
3 x 256 B,3,7410,1877361,9184472,31574376,1878060,0,0,0
3 x 256 B,4,7410,1879716,9183565,31574376,1880444,0,0,0
3 x 256 B,5,7410,1879466,9172670,31574376,1877602,0,0,0
3 x 256 B,6,7410,1879625,9160902,31574376,1874683,0,0,0
3 x 256 B,7,7410,1871364,9157175,31574376,1871850,0,0,0
3 x 256 B,8,7410,1874035,9174604,31574376,1874538,0,0,0
3 x 256 B,9,7410,1869875,9160703,31574375,1870368,0,0,0
3 x 256 B,10,7410,1873815,9170755,31574376,1874305,0,0,0
3 x 256 B,11,7410,1871393,9162920,31574376,1871884,0,0,0
3 x 256 B,12,7410,1873141,9166120,31574376,1873640,0,0,0
3 x 256 B,13,7410,2266795,9168398,31574376,2267295,0,0,0
3 x 256 B,14,7410,1872171,9167512,31574376,1872682,0,0,0
3 x 256 B,15,7410,1873784,9174775,31574376,1874280,0,0,0
3 x 256 B,16,7410,1873652,9169115,31574376,1874146,0,0,0
3 x 256 B,17,7410,1874155,9176635,31574376,1874646,0,0,0
3 x 256 B,18,7410,1872215,9166821,31574376,1872705,0,0,0
3 x 256 B,19,7410,1873274,9172338,31574376,1873767,0,0,0
3 x 256 B,20,7410,1873009,9174210,31574375,1873492,0,0,0
3 x 256 B,21,7410,1873811,9171815,31574376,1874294,0,0,0
3 x 256 B,22,7410,1873242,9172244,31574376,1873738,0,0,0
3 x 256 B,23,7410,1872903,9170488,31574376,1873399,0,0,0
3 x 256 B,24,7410,1880807,9174994,31574376,1881330,0,0,0
3 x 256 B,25,7410,1880695,9177412,31574376,1881254,0,0,0
3 x 256 B,26,7410,1887350,9171695,31574376,1887888,0,0,0
3 x 256 B,27,7410,1877453,9168965,31574376,1876315,0,0,0
3 x 256 B,28,7410,1872396,9171169,31574375,1872890,0,0,0
3 x 256 B,29,7410,1873026,9166971,31574376,1873549,0,0,0
3 x 256 B,30,7410,1873845,9169253,31574376,1874335,0,0,0
3 x 256 B,31,7410,1870703,9161594,31574376,1871200,0,0,0
4 x 256 B,0,7432,1853264,9012028,30664798,1853774,0,0,0
4 x 256 B,1,7432,1842098,9019202,30664798,1842590,0,0,0
4 x 256 B,2,7432,1840379,9011276,30664798,1840874,0,0,0
4 x 256 B,3,7432,1838187,9005388,30664797,1838679,0,0,0
4 x 256 B,4,7432,1839668,9006311,30664798,1840153,0,0,0
4 x 256 B,5,7432,1841603,9017219,30664798,1842091,0,0,0
4 x 256 B,6,7432,1840952,9014475,30664798,1841441,0,0,0
4 x 256 B,7,7432,1841067,9012638,30664798,1841619,0,0,0
4 x 256 B,8,7432,1839347,9005383,30664798,1839835,0,0,0
4 x 256 B,9,7432,1844046,9025188,30664798,1844628,0,0,0
4 x 256 B,10,7432,1861234,9009048,30664797,1861827,0,0,0
4 x 256 B,11,7432,1847207,9024370,30664798,1847932,0,0,0
4 x 256 B,12,7432,1844175,9023345,30664798,1844909,0,0,0
4 x 256 B,13,7432,1840681,9007674,30664798,1841464,0,0,0
4 x 256 B,14,7432,1883289,9019281,30664798,1880869,0,0,0
4 x 256 B,15,7432,1849453,9004150,30664798,1843870,0,0,0
4 x 256 B,16,7432,1836929,8996904,30664797,1837425,0,0,0
4 x 256 B,17,7432,1841108,9012927,30664798,1841619,0,0,0
4 x 256 B,18,7432,1842393,9020504,30664798,1842951,0,0,0
4 x 256 B,19,7432,1840762,9009250,30664798,1841253,0,0,0
4 x 256 B,20,7432,1841364,9012294,30664798,1841867,0,0,0
4 x 256 B,21,7432,1840643,9008643,30664798,1841131,0,0,0
4 x 256 B,22,7432,1843428,9025908,30664798,1843926,0,0,0
4 x 256 B,23,7432,1839039,9009306,30664797,1839531,0,0,0
4 x 256 B,24,7432,2227256,9012165,30664799,2227744,0,0,0
4 x 256 B,25,7432,1839771,9012385,30664797,1840270,0,0,0
4 x 256 B,26,7432,1840317,9012069,30664798,1840808,0,0,0
4 x 256 B,27,7432,1847469,9010413,30664798,1842984,0,0,0
4 x 256 B,28,7432,1840863,9011337,30664798,1841402,0,0,0
4 x 256 B,29,7432,1841432,9013449,30664798,1841933,0,0,0
4 x 256 B,30,7432,1839461,9008127,30664798,1839971,0,0,0
4 x 256 B,31,7432,1840921,9013543,30664798,1841414,0,0,0
6 x 256 B,0,3165,1923915,9425527,26390135,1924434,0,0,0
6 x 256 B,1,3165,1925104,9427043,26390136,1925591,0,0,0
6 x 256 B,2,3165,1927223,9437292,26390136,1927715,0,0,0
6 x 256 B,3,3165,1925857,9427480,26390136,1926342,0,0,0
6 x 256 B,4,3165,1925659,9429633,26390136,1926162,0,0,0
6 x 256 B,5,3165,1925586,9426711,26390136,1926067,0,0,0
6 x 256 B,6,3165,1926752,9433886,26390136,1927254,0,0,0
6 x 256 B,7,3165,1925607,9429366,26390136,1926094,0,0,0
6 x 256 B,8,3165,1925180,9426939,26390136,1925672,0,0,0
6 x 256 B,9,3165,1926843,9432416,26390136,1927341,0,0,0
6 x 256 B,10,3165,1926463,9433780,26390136,1926959,0,0,0
6 x 256 B,11,3165,1926082,9428377,26390136,1926567,0,0,0
6 x 256 B,12,3165,1926906,9434676,26390136,1927419,0,0,0
6 x 256 B,13,3165,1923243,9422520,26390135,1923737,0,0,0
6 x 256 B,14,3165,1925287,9427640,26390136,1925774,0,0,0
6 x 256 B,15,3165,1925083,9426661,26390136,1925581,0,0,0
6 x 256 B,16,3165,1925647,9429432,26390136,1926135,0,0,0
6 x 256 B,17,3165,1926211,9429772,26390136,1926703,0,0,0
6 x 256 B,18,3165,1926693,9429732,26390136,1927306,0,0,0
6 x 256 B,19,3165,1931855,9435261,26390136,1932352,0,0,0
6 x 256 B,20,3165,1959278,9440417,26390136,1960338,0,0,0
6 x 256 B,21,3165,1926305,9428343,26390136,1926900,0,0,0
6 x 256 B,22,3165,1938417,9438189,26390136,1936089,0,0,0
6 x 256 B,23,3165,1930177,9427032,26390136,1929193,0,0,0
6 x 256 B,24,3165,1930321,9425655,26390136,1927438,0,0,0
6 x 256 B,25,3165,1925605,9428365,26390136,1926103,0,0,0
6 x 256 B,26,3165,1924951,9426514,26390136,1925445,0,0,0
6 x 256 B,27,3165,1953822,9433590,26390136,1954324,0,0,0
6 x 256 B,28,3165,1929720,9418506,26390135,1925426,0,0,0
6 x 256 B,29,3165,1926573,9432502,26390136,1927079,0,0,0
6 x 256 B,30,3165,1926927,9431907,26390136,1927438,0,0,0
6 x 256 B,31,3165,1929415,9441029,26390136,1929923,0,0,0
8 x 256 B,0,5349,1921068,9406305,27494226,1921609,0,0,0
8 x 256 B,1,5349,2282856,9400278,27494226,2283361,0,0,0
8 x 256 B,2,5349,1921056,9406777,27494226,1921568,0,0,0
8 x 256 B,3,5349,1918982,9396650,27494226,1919484,0,0,0
8 x 256 B,4,5349,1919605,9399593,27494226,1920098,0,0,0
8 x 256 B,5,5349,1918960,9390567,27494226,1919476,0,0,0
8 x 256 B,6,5349,1921098,9407081,27494226,1921607,0,0,0
8 x 256 B,7,5349,1919135,9394484,27494226,1919639,0,0,0
8 x 256 B,8,5349,1919519,9399407,27494226,1920014,0,0,0
8 x 256 B,9,5349,1918654,9395084,27494226,1919152,0,0,0
8 x 256 B,10,5349,1920855,9406475,27494226,1921348,0,0,0
8 x 256 B,11,5349,1918929,9396665,27494226,1919411,0,0,0
8 x 256 B,12,5349,1919031,9396784,27494226,1919526,0,0,0
8 x 256 B,13,5349,1920356,9400294,27494226,1920844,0,0,0
8 x 256 B,14,5349,1918372,9398200,27494225,1918864,0,0,0
8 x 256 B,15,5349,1920210,9399274,27494226,1920712,0,0,0
8 x 256 B,16,5349,1918899,9397519,27494226,1919387,0,0,0
8 x 256 B,17,5349,1919660,9399737,27494226,1920154,0,0,0
8 x 256 B,18,5349,1918318,9394383,27494226,1918806,0,0,0
8 x 256 B,19,5349,1919992,9401352,27494226,1920490,0,0,0
8 x 256 B,20,5349,1918706,9395971,27494226,1919195,0,0,0
8 x 256 B,21,5349,1920542,9403738,27494226,1921040,0,0,0
8 x 256 B,22,5349,1919003,9394808,27494226,1919496,0,0,0
8 x 256 B,23,5349,1920191,9399953,27494226,1920679,0,0,0
8 x 256 B,24,5349,1918537,9394485,27494226,1919084,0,0,0
8 x 256 B,25,5349,1919324,9396477,27494226,1919826,0,0,0
8 x 256 B,26,5349,1918414,9392333,27494226,1919090,0,0,0
8 x 256 B,27,5349,1917392,9393290,27494225,1918147,0,0,0
8 x 256 B,28,5349,1930869,9392683,27494226,1923426,0,0,0
8 x 256 B,29,5349,1922540,9408500,27494226,1923273,0,0,0
8 x 256 B,30,5349,1921646,9395725,27494226,1922864,0,0,0
8 x 256 B,31,5349,1928391,9401025,27494226,1926529,0,0,0
12 x 256 B,0,3268,1948508,9539293,29069226,1949093,0,0,0
12 x 256 B,1,3268,1946601,9532137,29069226,1947093,0,0,0
12 x 256 B,2,3268,1948924,9543646,29069226,1949428,0,0,0
12 x 256 B,3,3268,1947386,9533716,29069226,1947892,0,0,0
12 x 256 B,4,3268,1948176,9539988,29069226,1948681,0,0,0
12 x 256 B,5,3268,1947739,9532176,29069226,1948230,0,0,0
12 x 256 B,6,3268,1947941,9538649,29069226,1948475,0,0,0
12 x 256 B,7,3268,1946835,9531737,29069226,1947330,0,0,0
12 x 256 B,8,3268,1948964,9539848,29069226,1949457,0,0,0
12 x 256 B,9,3268,1947654,9536680,29069226,1948141,0,0,0
12 x 256 B,10,3268,1947903,9538393,29069226,1948395,0,0,0
12 x 256 B,11,3268,1947366,9532507,29069226,1947847,0,0,0
12 x 256 B,12,3268,1946505,9536394,29069225,1947007,0,0,0
12 x 256 B,13,3268,1947771,9534596,29069226,1948272,0,0,0
12 x 256 B,14,3268,1947291,9536438,29069226,1947788,0,0,0
12 x 256 B,15,3268,1947990,9537980,29069226,1948479,0,0,0
12 x 256 B,16,3268,1947577,9537939,29069226,1948073,0,0,0
12 x 256 B,17,3268,1947596,9537361,29069226,1948095,0,0,0
12 x 256 B,18,3268,1947361,9536596,29069226,1947851,0,0,0
12 x 256 B,19,3268,1948232,9539278,29069226,1948729,0,0,0
12 x 256 B,20,3268,1948526,9539826,29069226,1949019,0,0,0
12 x 256 B,21,3268,1948298,9536940,29069226,1948795,0,0,0
12 x 256 B,22,3268,1950446,9535239,29069227,1950947,0,0,0
12 x 256 B,23,3268,1948422,9540264,29069226,1948920,0,0,0
12 x 256 B,24,3268,1946438,9532230,29069226,1946921,0,0,0
12 x 256 B,25,3268,1959128,9590021,29069226,1959670,0,0,0
12 x 256 B,26,3268,1956974,9542340,29069226,1957483,0,0,0
12 x 256 B,27,3268,1956179,9533724,29069226,1951408,0,0,0
12 x 256 B,28,3268,1949872,9545347,29069226,1950389,0,0,0
12 x 256 B,29,3268,1947861,9537692,29069226,1948352,0,0,0
12 x 256 B,30,3268,1949312,9542256,29069226,1949813,0,0,0
12 x 256 B,31,3268,1947258,9535448,29069226,1947739,0,0,0
16 x 256 B,0,2767,1956078,9577320,27413035,1956595,0,0,0
16 x 256 B,1,2767,1955768,9580411,27413034,1956412,0,0,0
16 x 256 B,2,2767,1958140,9584858,27413035,1958707,0,0,0
16 x 256 B,3,2767,1959657,9587707,27413035,1960381,0,0,0
16 x 256 B,4,2767,1959258,9590581,27413035,1960035,0,0,0
16 x 256 B,5,2767,1964295,9589027,27413035,1965246,0,0,0
16 x 256 B,6,2767,1969853,9590888,27413035,1966979,0,0,0
16 x 256 B,7,2767,1977105,9573306,27413035,1970593,0,0,0
16 x 256 B,8,2767,1958068,9582995,27413035,1958586,0,0,0
16 x 256 B,9,2767,1959136,9584893,27413035,1959694,0,0,0
16 x 256 B,10,2767,1957020,9578857,27413035,1957534,0,0,0
16 x 256 B,11,2767,1960296,9581883,27413035,1960875,0,0,0
16 x 256 B,12,2767,1959384,9583852,27413035,1959943,0,0,0
16 x 256 B,13,2767,1961683,9586525,27413035,1962310,0,0,0
16 x 256 B,14,2767,1959055,9586468,27413035,1959683,0,0,0
16 x 256 B,15,2767,1961008,9579498,27413035,1961725,0,0,0
16 x 256 B,16,2767,1963615,9587529,27413035,1964238,0,0,0
16 x 256 B,17,2767,1969827,9597475,27413035,1970677,0,0,0
16 x 256 B,18,2767,1960889,9593575,27413035,1961392,0,0,0
16 x 256 B,19,2767,1968011,9578574,27413035,1961969,0,0,0
16 x 256 B,20,2767,1959247,9584630,27413035,1959759,0,0,0
16 x 256 B,21,2767,1959439,9588597,27413035,1959943,0,0,0
16 x 256 B,22,2767,1958103,9581081,27413035,1958593,0,0,0
16 x 256 B,23,2767,1957736,9581853,27413035,1958230,0,0,0
16 x 256 B,24,2767,1957350,9579884,27413035,1957841,0,0,0
16 x 256 B,25,2767,1958141,9586065,27413035,1958638,0,0,0
16 x 256 B,26,2767,1958698,9586639,27413035,1959187,0,0,0
16 x 256 B,27,2767,1955102,9575079,27413034,1955593,0,0,0
16 x 256 B,28,2767,1957478,9582039,27413035,1957967,0,0,0
16 x 256 B,29,2767,1958835,9585902,27413035,1959330,0,0,0
16 x 256 B,30,2767,1955935,9576653,27413035,1956422,0,0,0
16 x 256 B,31,2767,1958030,9587964,27413035,1958536,0,0,0
24 x 256 B,0,1869,1972351,9657100,27426072,1972866,0,0,0
24 x 256 B,1,1869,1971264,9651075,27426072,1971750,0,0,0
24 x 256 B,2,1869,1973536,9661697,27426072,1974030,0,0,0
24 x 256 B,3,1869,1972419,9658345,27426072,1972920,0,0,0
24 x 256 B,4,1869,1973974,9662665,27426072,1974480,0,0,0
24 x 256 B,5,1869,1971367,9651029,27426072,1971858,0,0,0
24 x 256 B,6,1869,1972930,9655909,27426072,1973427,0,0,0
24 x 256 B,7,1869,1970976,9651955,27426072,1971460,0,0,0
24 x 256 B,8,1869,1972709,9658026,27426072,1973211,0,0,0
24 x 256 B,9,1869,1972118,9653895,27426072,1972819,0,0,0
24 x 256 B,10,1869,1977074,9660103,27426072,1977634,0,0,0
24 x 256 B,11,1869,1973969,9660833,27426072,1974665,0,0,0
24 x 256 B,12,1869,1974212,9661012,27426072,1975567,0,0,0
24 x 256 B,13,1869,1979840,9662895,27426072,1981189,0,0,0
24 x 256 B,14,1869,1980727,9659214,27426072,1979048,0,0,0
24 x 256 B,15,1869,1980602,9657586,27426072,1976221,0,0,0
24 x 256 B,16,1869,1975966,9658913,27426072,1976464,0,0,0
24 x 256 B,17,1869,1972884,9656843,27426072,1973389,0,0,0
24 x 256 B,18,1869,1973162,9653985,27426072,1973652,0,0,0
24 x 256 B,19,1869,1973232,9656795,27426072,1973746,0,0,0
24 x 256 B,20,1869,1972740,9659358,27426072,1973239,0,0,0
24 x 256 B,21,1869,1971403,9653303,27426072,1971907,0,0,0
24 x 256 B,22,1869,1985538,9716729,27426072,1986038,0,0,0
24 x 256 B,23,1869,1973191,9659864,27426072,1973688,0,0,0
24 x 256 B,24,1869,1972479,9658222,27426072,1972976,0,0,0
24 x 256 B,25,1869,1972291,9657310,27426072,1972792,0,0,0
24 x 256 B,26,1869,1973555,9660803,27426072,1974048,0,0,0
24 x 256 B,27,1869,1972830,9658160,27426072,1973331,0,0,0
24 x 256 B,28,1869,1976346,9655323,27426072,1976841,0,0,0
24 x 256 B,29,1869,1971588,9654514,27426072,1972097,0,0,0
24 x 256 B,30,1869,1973895,9662278,27426072,1974398,0,0,0
24 x 256 B,31,1869,1973149,9658509,27426072,1973671,0,0,0
64 x 256 B,0,714,1986707,9728203,27495792,1987238,0,0,0
64 x 256 B,1,714,1986990,9726694,27495792,1987497,0,0,0
64 x 256 B,2,714,1986881,9725723,27495792,1987382,0,0,0
64 x 256 B,3,714,1987479,9731414,27495792,1987990,0,0,0
64 x 256 B,4,714,1983773,9718484,27495791,1984274,0,0,0
64 x 256 B,5,714,1986145,9725242,27495792,1986657,0,0,0
64 x 256 B,6,714,1987677,9726682,27495792,1988180,0,0,0
64 x 256 B,7,714,1985719,9723243,27495792,1986245,0,0,0
64 x 256 B,8,714,1986638,9727879,27495792,1987170,0,0,0
64 x 256 B,9,714,1986114,9725062,27495792,1986607,0,0,0
64 x 256 B,10,714,1987259,9726391,27495792,1987803,0,0,0
64 x 256 B,11,714,1986366,9726517,27495792,1986875,0,0,0
64 x 256 B,12,714,1987654,9732364,27495792,1988156,0,0,0
64 x 256 B,13,714,1985381,9721480,27495792,1985896,0,0,0
64 x 256 B,14,714,2020286,9739674,27495792,2020829,0,0,0
64 x 256 B,15,714,1985197,9720493,27495792,1985705,0,0,0
64 x 256 B,16,714,1986739,9727066,27495792,1987241,0,0,0
64 x 256 B,17,714,1987426,9730328,27495792,1988043,0,0,0
64 x 256 B,18,714,1987142,9724970,27495792,1987846,0,0,0
64 x 256 B,19,714,1987361,9723882,27495792,1988087,0,0,0
64 x 256 B,20,714,1992230,9725719,27495792,1992861,0,0,0
64 x 256 B,21,714,1992844,9733939,27495792,1993728,0,0,0
64 x 256 B,22,714,1995278,9721869,27495792,1991501,0,0,0
64 x 256 B,23,714,1993108,9721331,27495792,1988414,0,0,0
64 x 256 B,24,714,1986166,9725408,27495792,1986685,0,0,0
64 x 256 B,25,714,1988683,9727446,27495792,1989193,0,0,0
64 x 256 B,26,714,1995813,9725335,27495792,1989912,0,0,0
64 x 256 B,27,714,1986705,9725879,27495792,1987254,0,0,0
64 x 256 B,28,714,1986563,9722577,27495792,1987095,0,0,0
64 x 256 B,29,714,1988895,9733583,27495792,1989412,0,0,0
64 x 256 B,30,714,1987591,9724964,27495792,1988094,0,0,0
64 x 256 B,31,714,1986039,9723318,27495792,1986540,0,0,0
128 x 256 B,0,352,1967025,9628725,26979406,1967553,0,0,0
128 x 256 B,1,352,1966602,9626093,26979406,1967105,0,0,0
128 x 256 B,2,352,1966373,9624951,26979406,1966883,0,0,0
128 x 256 B,3,352,1965756,9624940,26979406,1966272,0,0,0
128 x 256 B,4,352,1967679,9631806,26979406,1968184,0,0,0
128 x 256 B,5,352,1966082,9624272,26979406,1966578,0,0,0
128 x 256 B,6,352,1966355,9628271,26979406,1966874,0,0,0
128 x 256 B,7,352,1966721,9629967,26979406,1967254,0,0,0
128 x 256 B,8,352,1968363,9634810,26979406,1968884,0,0,0
128 x 256 B,9,352,1967241,9629869,26979406,1967734,0,0,0
128 x 256 B,10,352,1966194,9627488,26979406,1966705,0,0,0
128 x 256 B,11,352,1967259,9632675,26979406,1967758,0,0,0
128 x 256 B,12,352,1967594,9631035,26979406,1968094,0,0,0
128 x 256 B,13,352,1965540,9621626,26979406,1966041,0,0,0
128 x 256 B,14,352,1965686,9625201,26979406,1966183,0,0,0
128 x 256 B,15,352,1965232,9622889,26979406,1965746,0,0,0
128 x 256 B,16,352,1967226,9629588,26979406,1967737,0,0,0
128 x 256 B,17,352,1967317,9630685,26979406,1967813,0,0,0
128 x 256 B,18,352,1967048,9631675,26979406,1967556,0,0,0
128 x 256 B,19,352,1971984,9632522,26979406,1972486,0,0,0
128 x 256 B,20,352,1973446,9625170,26979406,1973943,0,0,0
128 x 256 B,21,352,1966942,9628043,26979406,1967434,0,0,0
128 x 256 B,22,352,1967484,9632941,26979406,1967981,0,0,0
128 x 256 B,23,352,1966370,9627564,26979406,1966870,0,0,0
128 x 256 B,24,352,1968377,9631929,26979406,1968998,0,0,0
128 x 256 B,25,352,1966592,9631126,26979405,1967103,0,0,0
128 x 256 B,26,352,1972585,9656010,26979406,1973314,0,0,0
128 x 256 B,27,352,1967673,9631755,26979406,1969119,0,0,0
128 x 256 B,28,352,1969817,9630520,26979406,1971096,0,0,0
128 x 256 B,29,352,1978074,9627685,26979406,1975197,0,0,0
128 x 256 B,30,352,1976897,9624462,26979406,1970840,0,0,0
128 x 256 B,31,352,1966165,9625471,26979406,1966668,0,0,0
129 x 256 B,0,345,1994528,9766858,27251226,1995051,0,0,0
129 x 256 B,1,345,1994030,9764285,27251226,1994549,0,0,0
129 x 256 B,2,345,1993910,9762563,27251226,1994412,0,0,0
129 x 256 B,3,345,1994456,9762180,27251226,1994955,0,0,0
129 x 256 B,4,345,1995306,9762587,27251226,1995814,0,0,0
129 x 256 B,5,345,1993742,9759151,27251226,1994251,0,0,0
129 x 256 B,6,345,1995307,9766569,27251226,1995812,0,0,0
129 x 256 B,7,345,1993453,9759674,27251226,1993961,0,0,0
129 x 256 B,8,345,1993834,9762602,27251226,1994335,0,0,0
129 x 256 B,9,345,1993707,9762020,27251226,1994202,0,0,0
129 x 256 B,10,345,1994549,9764556,27251226,1995043,0,0,0
129 x 256 B,11,345,1995054,9769652,27251226,1995546,0,0,0
129 x 256 B,12,345,1993295,9761009,27251226,1993784,0,0,0
129 x 256 B,13,345,1993968,9763347,27251226,1994465,0,0,0
129 x 256 B,14,345,1993773,9762920,27251226,1994292,0,0,0
129 x 256 B,15,345,1994046,9764471,27251226,1994556,0,0,0
129 x 256 B,16,345,1995432,9768535,27251226,1995922,0,0,0
129 x 256 B,17,345,1993687,9762655,27251226,1994183,0,0,0
129 x 256 B,18,345,1993610,9759884,27251226,1994097,0,0,0
129 x 256 B,19,345,1994018,9765216,27251226,1994513,0,0,0
129 x 256 B,20,345,1993747,9763171,27251226,1994241,0,0,0
129 x 256 B,21,345,1994664,9767578,27251226,1995160,0,0,0
129 x 256 B,22,345,1992774,9758622,27251226,1993264,0,0,0
129 x 256 B,23,345,1994585,9766432,27251226,1995092,0,0,0
129 x 256 B,24,345,1994672,9764817,27251226,1995169,0,0,0
129 x 256 B,25,345,1993964,9764034,27251226,1994463,0,0,0
129 x 256 B,26,345,1994705,9764479,27251226,1995203,0,0,0
129 x 256 B,27,345,1993873,9763389,27251226,1994370,0,0,0
129 x 256 B,28,345,1994285,9762709,27251226,1994784,0,0,0
129 x 256 B,29,345,1994003,9764525,27251226,1994542,0,0,0
129 x 256 B,30,345,1993351,9760162,27251226,1993843,0,0,0
129 x 256 B,31,345,1992819,9757777,27251226,1993397,0,0,0
1024 x 256 B,0,44,2028930,9912933,26936902,2029697,0,0,0
1024 x 256 B,1,44,1990725,9743576,26936902,1991430,0,0,0
1024 x 256 B,2,44,1995341,9753911,26936902,1996190,0,0,0
1024 x 256 B,3,44,1989527,9725605,26936902,1990373,0,0,0
1024 x 256 B,4,44,1982002,9702948,26936902,1982556,0,0,0
1024 x 256 B,5,44,1999145,9705733,26936902,1991421,0,0,0
1024 x 256 B,6,44,1983127,9705290,26936902,1983652,0,0,0
1024 x 256 B,7,44,1981959,9703446,26936902,1982470,0,0,0
1024 x 256 B,8,44,1984039,9713552,26936902,1984547,0,0,0
1024 x 256 B,9,44,1981306,9699500,26936902,1981806,0,0,0
1024 x 256 B,10,44,1981748,9704459,26936902,1982271,0,0,0
1024 x 256 B,11,44,1981785,9702139,26936902,1982279,0,0,0
1024 x 256 B,12,44,2004047,9811773,26936902,2004565,0,0,0
1024 x 256 B,13,44,1992170,9751140,26936902,1992716,0,0,0
1024 x 256 B,14,44,2009311,9835134,26936902,2009817,0,0,0
1024 x 256 B,15,44,1986150,9722463,26936902,1986674,0,0,0
1024 x 256 B,16,44,1998380,9784533,26936902,1998886,0,0,0
1024 x 256 B,17,44,2001642,9801097,26936902,2002145,0,0,0
1024 x 256 B,18,44,1982060,9705472,26936902,1982565,0,0,0
1024 x 256 B,19,44,1981223,9701964,26936902,1981721,0,0,0
1024 x 256 B,20,44,1982105,9705837,26936902,1982633,0,0,0
1024 x 256 B,21,44,1981133,9699041,26936902,1981630,0,0,0
1024 x 256 B,22,44,1982655,9708584,26936902,1983169,0,0,0
1024 x 256 B,23,44,1982793,9706039,26936902,1983311,0,0,0
1024 x 256 B,24,44,1988172,9704669,26936902,1984332,0,0,0
1024 x 256 B,25,44,1981806,9704900,26936902,1982300,0,0,0
1024 x 256 B,26,44,1982235,9706777,26936902,1982740,0,0,0
1024 x 256 B,27,44,1981747,9702264,26936902,1982269,0,0,0
1024 x 256 B,28,44,1981836,9705046,26936902,1982349,0,0,0
1024 x 256 B,29,44,1981353,9699804,26936902,1981856,0,0,0
1024 x 256 B,30,44,1982263,9705360,26936902,1982766,0,0,0
1024 x 256 B,31,44,1980987,9700653,26936902,1981487,0,0,0
1 x 512 B,0,5138,1883602,9222762,21235720,1884171,0,0,0
1 x 512 B,1,5138,1883770,9221831,21235720,1884285,0,0,0
1 x 512 B,2,5138,1883068,9221254,21235720,1883570,0,0,0
1 x 512 B,3,5138,1882703,9219111,21235720,1883189,0,0,0
1 x 512 B,4,5138,1882556,9217089,21235720,1883048,0,0,0
1 x 512 B,5,5138,1881835,9219494,21235719,1882321,0,0,0
1 x 512 B,6,5138,1883178,9220625,21235720,1883953,0,0,0
1 x 512 B,7,5138,1883343,9220598,21235720,1884107,0,0,0
1 x 512 B,8,5138,1884427,9219337,21235720,1885149,0,0,0
1 x 512 B,9,5138,1883988,9221167,21235720,1884621,0,0,0
1 x 512 B,10,5138,1891500,9230018,21235720,1892434,0,0,0
1 x 512 B,11,5138,1891198,9217537,21235720,1889469,0,0,0
1 x 512 B,12,5138,1892474,9220626,21235720,1891410,0,0,0
1 x 512 B,13,5138,1884168,9220749,21235720,1884674,0,0,0
1 x 512 B,14,5138,1880817,9213878,21235719,1881289,0,0,0
1 x 512 B,15,5138,1883176,9220909,21235720,1883659,0,0,0
1 x 512 B,16,5138,1883789,9220671,21235720,1884278,0,0,0
1 x 512 B,17,5138,1882944,9219792,21235720,1883427,0,0,0
1 x 512 B,18,5138,1883644,9216942,21235720,1884140,0,0,0
1 x 512 B,19,5138,1884387,9221053,21235720,1884877,0,0,0
1 x 512 B,20,5138,1883542,9219092,21235720,1884031,0,0,0
1 x 512 B,21,5138,1883317,9216706,21235720,1883806,0,0,0
1 x 512 B,22,5138,1881901,9219475,21235719,1882410,0,0,0
1 x 512 B,23,5138,1882747,9218197,21235720,1883238,0,0,0
1 x 512 B,24,5138,1882578,9219247,21235720,1883068,0,0,0
1 x 512 B,25,5138,1882990,9221491,21235720,1883479,0,0,0
1 x 512 B,26,5138,1882666,9219005,21235720,1883156,0,0,0
1 x 512 B,27,5138,1884446,9222417,21235720,1884933,0,0,0
1 x 512 B,28,5138,1883900,9220652,21235720,1884392,0,0,0
1 x 512 B,29,5138,1882743,9220172,21235720,1883230,0,0,0
1 x 512 B,30,5138,1882720,9220057,21235720,1883208,0,0,0
1 x 512 B,31,5138,1881653,9218219,21235719,1882141,0,0,0
3 x 512 B,0,3956,1927297,9438612,31462434,1927800,0,0,0
3 x 512 B,1,3956,1928054,9442236,31462434,1928543,0,0,0
3 x 512 B,2,3956,1927502,9439413,31462434,1927989,0,0,0
3 x 512 B,3,3956,1929054,9444085,31462434,1929552,0,0,0
3 x 512 B,4,3956,1927163,9437476,31462434,1927652,0,0,0
3 x 512 B,5,3956,1927277,9438397,31462434,1927761,0,0,0
3 x 512 B,6,3956,1928334,9441219,31462434,1928830,0,0,0
3 x 512 B,7,3956,1928213,9442847,31462434,1928695,0,0,0
3 x 512 B,8,3956,1928447,9442309,31462434,1928939,0,0,0
3 x 512 B,9,3956,1928890,9444808,31462434,1929385,0,0,0
3 x 512 B,10,3956,1927932,9440740,31462434,1928414,0,0,0
3 x 512 B,11,3956,1928127,9442547,31462434,1928614,0,0,0
3 x 512 B,12,3956,1928930,9446719,31462434,1929409,0,0,0
3 x 512 B,13,3956,1926720,9437909,31462433,1927210,0,0,0
3 x 512 B,14,3956,1927798,9440095,31462434,1928342,0,0,0
3 x 512 B,15,3956,1927808,9438652,31462434,1928492,0,0,0
3 x 512 B,16,3956,1941827,9442645,31462434,1942524,0,0,0
3 x 512 B,17,3956,1933186,9457567,31462434,1933872,0,0,0
3 x 512 B,18,3956,1934436,9448148,31462434,1935235,0,0,0
3 x 512 B,19,3956,1939659,9456083,31462434,1940772,0,0,0
3 x 512 B,20,3956,1934485,9437185,31462434,1932716,0,0,0
3 x 512 B,21,3956,1933496,9430788,31462434,1928964,0,0,0
3 x 512 B,22,3956,1928114,9439478,31462434,1928652,0,0,0
3 x 512 B,23,3956,1929689,9446806,31462434,1930190,0,0,0
3 x 512 B,24,3956,1933829,9438907,31462434,1930473,0,0,0
3 x 512 B,25,3956,1928805,9442030,31462434,1929290,0,0,0
3 x 512 B,26,3956,1927439,9435611,31462434,1927933,0,0,0
3 x 512 B,27,3956,1928826,9438940,31462434,1929329,0,0,0
3 x 512 B,28,3956,1926127,9433647,31462433,1926830,0,0,0
3 x 512 B,29,3956,1928793,9443789,31462434,1929277,0,0,0
3 x 512 B,30,3956,1928941,9444342,31462434,1929428,0,0,0
3 x 512 B,31,3956,1927680,9440099,31462434,1928177,0,0,0
4 x 512 B,0,3944,1900735,9308390,30834558,1901245,0,0,0
4 x 512 B,1,3944,1901319,9311049,30834558,1901796,0,0,0
4 x 512 B,2,3944,1901227,9310669,30834558,1901701,0,0,0
4 x 512 B,3,3944,1902252,9312863,30834558,1902760,0,0,0
4 x 512 B,4,3944,1902111,9315222,30834558,1902598,0,0,0
4 x 512 B,5,3944,1901736,9310243,30834558,1902222,0,0,0
4 x 512 B,6,3944,1902623,9316972,30834558,1903110,0,0,0
4 x 512 B,7,3944,1900362,9310089,30834557,1900870,0,0,0
4 x 512 B,8,3944,1901184,9310925,30834558,1901671,0,0,0
4 x 512 B,9,3944,1901136,9308925,30834558,1901623,0,0,0
4 x 512 B,10,3944,1900070,9305214,30834558,1900555,0,0,0
4 x 512 B,11,3944,1901446,9311927,30834558,1901936,0,0,0
4 x 512 B,12,3944,1901812,9313740,30834558,1902296,0,0,0
4 x 512 B,13,3944,1902091,9314464,30834558,1902597,0,0,0
4 x 512 B,14,3944,1902486,9311909,30834558,1902986,0,0,0
4 x 512 B,15,3944,1903554,9316916,30834558,1904043,0,0,0
4 x 512 B,16,3944,1901933,9314230,30834558,1902422,0,0,0
4 x 512 B,17,3944,1900303,9309758,30834557,1900789,0,0,0
4 x 512 B,18,3944,1903471,9319932,30834558,1903971,0,0,0
4 x 512 B,19,3944,1902703,9317935,30834558,1903188,0,0,0
4 x 512 B,20,3944,1900733,9308971,30834558,1901221,0,0,0
4 x 512 B,21,3944,1900498,9307178,30834558,1900988,0,0,0
4 x 512 B,22,3944,1902072,9313472,30834558,1902556,0,0,0
4 x 512 B,23,3944,1902214,9314150,30834558,1902751,0,0,0
4 x 512 B,24,3944,1903290,9318701,30834558,1903957,0,0,0
4 x 512 B,25,3944,1901920,9311171,30834558,1902457,0,0,0
4 x 512 B,26,3944,1904714,9320674,30834558,1905356,0,0,0
4 x 512 B,27,3944,1906554,9328623,30834558,1907067,0,0,0
4 x 512 B,28,3944,1908236,9314065,30834557,1909160,0,0,0
4 x 512 B,29,3944,1906296,9315999,30834558,1906854,0,0,0
4 x 512 B,30,3944,1910515,9301603,30834558,1904122,0,0,0
4 x 512 B,31,3944,1901203,9308370,30834558,1901690,0,0,0
6 x 512 B,0,1603,1940158,9483358,25401504,1940682,0,0,0
6 x 512 B,1,1603,1938350,9488881,25401504,1938848,0,0,0
6 x 512 B,2,1603,1937536,9483853,25401504,1938036,0,0,0
6 x 512 B,3,1603,1938604,9486816,25401504,1939115,0,0,0
6 x 512 B,4,1603,1936804,9481406,25401504,1937300,0,0,0
6 x 512 B,5,1603,1937274,9485428,25401504,1937787,0,0,0
6 x 512 B,6,1603,1938160,9487724,25401504,1938651,0,0,0
6 x 512 B,7,1603,1937848,9487617,25401504,1938342,0,0,0
6 x 512 B,8,1603,1937343,9485630,25401504,1937841,0,0,0
6 x 512 B,9,1603,1963698,9482499,25401504,1964198,0,0,0
6 x 512 B,10,1603,1936162,9481071,25401504,1936655,0,0,0
6 x 512 B,11,1603,1935848,9480828,25401503,1936323,0,0,0
6 x 512 B,12,1603,1936679,9480497,25401504,1937231,0,0,0
6 x 512 B,13,1603,1936604,9482985,25401504,1937089,0,0,0
6 x 512 B,14,1603,1965080,9488871,25401504,1965572,0,0,0
6 x 512 B,15,1603,1937747,9487779,25401504,1938244,0,0,0
6 x 512 B,16,1603,1937756,9488153,25401504,1938243,0,0,0
6 x 512 B,17,1603,1936286,9482203,25401504,1936773,0,0,0
6 x 512 B,18,1603,1963212,9481841,25401504,1963712,0,0,0
6 x 512 B,19,1603,1936387,9483300,25401504,1936873,0,0,0
6 x 512 B,20,1603,1941635,9487903,25401504,1942150,0,0,0
6 x 512 B,21,1603,1936880,9485112,25401504,1937372,0,0,0
6 x 512 B,22,1603,1965020,9489172,25401504,1965517,0,0,0
6 x 512 B,23,1603,1937432,9483174,25401504,1937963,0,0,0
6 x 512 B,24,1603,1937487,9488630,25401504,1937995,0,0,0
6 x 512 B,25,1603,1937304,9486821,25401504,1937794,0,0,0
6 x 512 B,26,1603,1937704,9488028,25401504,1938198,0,0,0
6 x 512 B,27,1603,1936792,9483186,25401504,1937292,0,0,0
6 x 512 B,28,1603,1936105,9485680,25401503,1936609,0,0,0
6 x 512 B,29,1603,1963831,9485536,25401504,1964322,0,0,0
6 x 512 B,30,1603,1937012,9483610,25401504,1937505,0,0,0
6 x 512 B,31,1603,1936948,9484610,25401504,1937443,0,0,0
8 x 512 B,0,2804,1957382,9580897,27513214,1958054,0,0,0
8 x 512 B,1,2804,1958770,9582203,27513214,1959517,0,0,0
8 x 512 B,2,2804,1957153,9579230,27513214,1957942,0,0,0
8 x 512 B,3,2804,1967775,9599874,27513214,1968726,0,0,0
8 x 512 B,4,2804,1963629,9577557,27513214,1962277,0,0,0
8 x 512 B,5,2804,1963067,9574653,27513214,1958509,0,0,0
8 x 512 B,6,2804,1956402,9578075,27513214,1956929,0,0,0
8 x 512 B,7,2804,1957875,9586736,27513214,1958368,0,0,0
8 x 512 B,8,2804,1955678,9577435,27513214,1956232,0,0,0
8 x 512 B,9,2804,1958694,9585940,27513214,1959195,0,0,0
8 x 512 B,10,2804,1957710,9576403,27513214,1958213,0,0,0
8 x 512 B,11,2804,1957203,9581733,27513214,1957695,0,0,0
8 x 512 B,12,2804,1956637,9577724,27513214,1957129,0,0,0
8 x 512 B,13,2804,1957251,9578473,27513214,1957752,0,0,0
8 x 512 B,14,2804,1957122,9583364,27513214,1957659,0,0,0
8 x 512 B,15,2804,1970326,9641547,27513214,1970839,0,0,0
8 x 512 B,16,2804,1956859,9579476,27513214,1957359,0,0,0
8 x 512 B,17,2804,1957060,9583068,27513214,1957553,0,0,0
8 x 512 B,18,2804,1955591,9577233,27513214,1956081,0,0,0
8 x 512 B,19,2804,1956596,9580622,27513214,1957088,0,0,0
8 x 512 B,20,2804,1953384,9570564,27513213,1953862,0,0,0
8 x 512 B,21,2804,1956858,9580346,27513214,1957358,0,0,0
8 x 512 B,22,2804,1956468,9578037,27513214,1956959,0,0,0
8 x 512 B,23,2804,1955674,9576697,27513214,1956168,0,0,0
8 x 512 B,24,2804,2048960,9584176,27513214,1987541,0,0,0
8 x 512 B,25,2804,1956648,9581877,27513214,1957149,0,0,0
8 x 512 B,26,2804,1955970,9575876,27513214,1956471,0,0,0
8 x 512 B,27,2804,1956381,9580211,27513214,1956877,0,0,0
8 x 512 B,28,2804,1956473,9580936,27513214,1956961,0,0,0
8 x 512 B,29,2804,1957435,9585884,27513214,1957926,0,0,0
8 x 512 B,30,2804,1956522,9578648,27513214,1957021,0,0,0
8 x 512 B,31,2804,1957269,9581231,27513214,1957783,0,0,0
12 x 512 B,0,1688,1976168,9676633,29133558,1976689,0,0,0
12 x 512 B,1,1688,1975300,9672477,29133558,1975790,0,0,0
12 x 512 B,2,1688,1975740,9671776,29133558,1976236,0,0,0
12 x 512 B,3,1688,1975364,9673830,29133558,1975897,0,0,0
12 x 512 B,4,1688,1975450,9673909,29133558,1975942,0,0,0
12 x 512 B,5,1688,1974032,9666463,29133558,1974514,0,0,0
12 x 512 B,6,1688,1974624,9668967,29133558,1975166,0,0,0
12 x 512 B,7,1688,1974909,9670547,29133558,1975579,0,0,0
12 x 512 B,8,1688,1977537,9681277,29133558,1978095,0,0,0
12 x 512 B,9,1688,1976757,9672590,29133558,1977344,0,0,0
12 x 512 B,10,1688,1977966,9676745,29133558,1978610,0,0,0
12 x 512 B,11,1688,1984000,9677169,29133558,1984881,0,0,0
12 x 512 B,12,1688,1976801,9670909,29133558,1977298,0,0,0
12 x 512 B,13,1688,2038997,9670233,29133558,2034879,0,0,0
12 x 512 B,14,1688,1978220,9674726,29133558,1978769,0,0,0
12 x 512 B,15,1688,1975916,9670072,29133558,1976424,0,0,0
12 x 512 B,16,1688,1975065,9672121,29133558,1975564,0,0,0
12 x 512 B,17,1688,1973271,9663351,29133558,1973756,0,0,0
12 x 512 B,18,1688,1975228,9671435,29133558,1975717,0,0,0
12 x 512 B,19,1688,2003291,9670457,29133558,2003777,0,0,0
12 x 512 B,20,1688,2027068,9678612,29133558,2027643,0,0,0
12 x 512 B,21,1688,1986773,9661191,29133558,1982652,0,0,0
12 x 512 B,22,1688,1979127,9676935,29133558,1979649,0,0,0
12 x 512 B,23,1688,1975321,9668609,29133558,1975816,0,0,0
12 x 512 B,24,1688,1976224,9675239,29133558,1976771,0,0,0
12 x 512 B,25,1688,1975899,9669062,29133558,1976398,0,0,0
12 x 512 B,26,1688,1976031,9672088,29133558,1976521,0,0,0
12 x 512 B,27,1688,1975505,9666493,29133558,1975990,0,0,0
12 x 512 B,28,1688,1975994,9671737,29133558,1976485,0,0,0
12 x 512 B,29,1688,1974806,9669577,29133558,1975298,0,0,0
12 x 512 B,30,1688,1977420,9678661,29133558,1977913,0,0,0
12 x 512 B,31,1688,1976019,9671845,29133558,1976516,0,0,0
16 x 512 B,0,1426,1977090,9681596,27452292,1977607,0,0,0
16 x 512 B,1,1426,1977847,9685595,27452292,1978339,0,0,0
16 x 512 B,2,1426,1976233,9681660,27452291,1976732,0,0,0
16 x 512 B,3,1426,1977847,9681494,27452291,1978343,0,0,0
16 x 512 B,4,1426,1977587,9683264,27452292,1978090,0,0,0
16 x 512 B,5,1426,1977453,9680603,27452292,1977943,0,0,0
16 x 512 B,6,1426,1979076,9687842,27452292,1979570,0,0,0
16 x 512 B,7,1426,1976783,9680795,27452292,1977281,0,0,0
16 x 512 B,8,1426,1991166,9688993,27452292,1991666,0,0,0
16 x 512 B,9,1426,1978354,9687508,27452292,1978850,0,0,0
16 x 512 B,10,1426,1976611,9679212,27452292,1977106,0,0,0
16 x 512 B,11,1426,1978296,9682419,27452292,1978807,0,0,0
16 x 512 B,12,1426,1978470,9687993,27452292,1978965,0,0,0
16 x 512 B,13,1426,1976870,9680370,27452292,1977358,0,0,0
16 x 512 B,14,1426,1978063,9684789,27452292,1978725,0,0,0
16 x 512 B,15,1426,1978180,9684421,27452292,1978743,0,0,0
16 x 512 B,16,1426,1979722,9688808,27452292,1980471,0,0,0
16 x 512 B,17,1426,1978144,9683831,27452292,1978935,0,0,0
16 x 512 B,18,1426,1982447,9692719,27452292,1983504,0,0,0
16 x 512 B,19,1426,1987097,9682423,27452292,1985347,0,0,0
16 x 512 B,20,1426,1984867,9676841,27452292,1980519,0,0,0
16 x 512 B,21,1426,1975613,9672241,27452292,1976110,0,0,0
16 x 512 B,22,1426,1977838,9680951,27452292,1978342,0,0,0
16 x 512 B,23,1426,2046708,9682670,27452292,2009985,0,0,0
16 x 512 B,24,1426,1978258,9684278,27452292,1978760,0,0,0
16 x 512 B,25,1426,1976285,9676764,27452292,1976796,0,0,0
16 x 512 B,26,1426,1978884,9684284,27452292,1979374,0,0,0
16 x 512 B,27,1426,1976537,9680099,27452292,1977036,0,0,0
16 x 512 B,28,1426,1977103,9677322,27452292,1977605,0,0,0
16 x 512 B,29,1426,1977734,9682186,27452292,1978252,0,0,0
16 x 512 B,30,1426,1977888,9685519,27452292,1978378,0,0,0
16 x 512 B,31,1426,1977252,9683078,27452292,1977748,0,0,0
24 x 512 B,0,958,1987502,9728589,27485386,1988024,0,0,0
24 x 512 B,1,958,1985858,9725217,27485386,1986387,0,0,0
24 x 512 B,2,958,1986304,9727282,27485386,1986825,0,0,0
24 x 512 B,3,958,1987848,9729070,27485386,1988353,0,0,0
24 x 512 B,4,958,1986315,9727196,27485386,1986806,0,0,0
24 x 512 B,5,958,1988705,9737595,27485386,1989205,0,0,0
24 x 512 B,6,958,1986175,9727205,27485386,1986675,0,0,0
24 x 512 B,7,958,1986847,9730352,27485386,1987344,0,0,0
24 x 512 B,8,958,1985578,9724199,27485386,1986072,0,0,0
24 x 512 B,9,958,1986787,9730384,27485386,1987281,0,0,0
24 x 512 B,10,958,1985853,9725502,27485386,1986353,0,0,0
24 x 512 B,11,958,1986913,9728128,27485386,1987402,0,0,0
24 x 512 B,12,958,1986924,9730599,27485386,1987417,0,0,0
24 x 512 B,13,958,1987983,9733053,27485386,1988479,0,0,0
24 x 512 B,14,958,1986088,9727015,27485386,1986582,0,0,0
24 x 512 B,15,958,1987906,9733586,27485386,1988403,0,0,0
24 x 512 B,16,958,1986041,9726618,27485386,1986535,0,0,0
24 x 512 B,17,958,1986752,9730110,27485386,1987243,0,0,0
24 x 512 B,18,958,1986403,9728541,27485386,1986893,0,0,0
24 x 512 B,19,958,1986400,9728366,27485386,1986913,0,0,0
24 x 512 B,20,958,1986838,9728791,27485386,1987394,0,0,0
24 x 512 B,21,958,1987669,9730607,27485386,1988253,0,0,0
24 x 512 B,22,958,2012135,9731263,27485386,2012652,0,0,0
24 x 512 B,23,958,1989315,9737781,27485386,1990038,0,0,0
24 x 512 B,24,958,1987637,9729849,27485386,1988293,0,0,0
24 x 512 B,25,958,1992462,9742708,27485386,1993174,0,0,0
24 x 512 B,26,958,1997082,9729577,27485386,1995314,0,0,0
24 x 512 B,27,958,2003407,9723674,27485386,1998706,0,0,0
24 x 512 B,28,958,1987304,9728386,27485386,1987804,0,0,0
24 x 512 B,29,958,1988770,9735649,27485386,1989259,0,0,0
24 x 512 B,30,958,1986270,9726204,27485386,1986762,0,0,0
24 x 512 B,31,958,1988390,9731058,27485386,1988892,0,0,0
64 x 512 B,0,363,2001676,9797554,27546621,2002225,0,0,0
64 x 512 B,1,363,2001145,9795804,27546621,2001664,0,0,0
64 x 512 B,2,363,2001328,9796980,27546621,2001846,0,0,0
64 x 512 B,3,363,2000094,9794574,27546621,2000609,0,0,0
64 x 512 B,4,363,2002906,9806995,27546621,2003419,0,0,0
64 x 512 B,5,363,1999380,9791595,27546621,1999886,0,0,0
64 x 512 B,6,363,2001611,9801145,27546621,2002108,0,0,0
64 x 512 B,7,363,2000228,9795254,27546621,2000720,0,0,0
64 x 512 B,8,363,2000369,9795039,27546621,2000865,0,0,0
64 x 512 B,9,363,2000515,9794502,27546621,2001022,0,0,0
64 x 512 B,10,363,2000886,9795927,27546621,2001385,0,0,0
64 x 512 B,11,363,1998211,9785730,27546621,1998735,0,0,0
64 x 512 B,12,363,2000223,9794166,27546621,2000720,0,0,0
64 x 512 B,13,363,1999004,9789654,27546621,1999497,0,0,0
64 x 512 B,14,363,2000693,9796380,27546621,2001188,0,0,0
64 x 512 B,15,363,1998957,9789583,27546621,1999489,0,0,0
64 x 512 B,16,363,1999461,9791255,27546621,1999979,0,0,0
64 x 512 B,17,363,1999101,9787440,27546621,1999625,0,0,0
64 x 512 B,18,363,2000346,9793237,27546621,2000879,0,0,0
64 x 512 B,19,363,1999112,9790037,27546621,1999653,0,0,0
64 x 512 B,20,363,2006651,9793738,27546621,2007166,0,0,0
64 x 512 B,21,363,1998814,9788762,27546621,1999305,0,0,0
64 x 512 B,22,363,2000610,9795419,27546621,2001103,0,0,0
64 x 512 B,23,363,1998980,9789944,27546621,1999477,0,0,0
64 x 512 B,24,363,2000218,9795134,27546621,2000718,0,0,0
64 x 512 B,25,363,1999827,9790899,27546621,2000324,0,0,0
64 x 512 B,26,363,2000116,9790606,27546621,2000612,0,0,0
64 x 512 B,27,363,1998434,9783379,27546621,1998935,0,0,0
64 x 512 B,28,363,1999781,9791261,27546621,2000280,0,0,0
64 x 512 B,29,363,2000869,9796759,27546621,2001471,0,0,0
64 x 512 B,30,363,2007069,9807592,27546621,2007820,0,0,0
64 x 512 B,31,363,2004742,9807273,27546621,2005401,0,0,0
128 x 512 B,0,178,1977752,9649197,26949032,1978899,0,0,0
128 x 512 B,1,178,1976960,9635729,26949032,1973582,0,0,0
128 x 512 B,2,178,1973607,9635954,26949032,1970550,0,0,0
128 x 512 B,3,178,1969353,9643542,26949032,1969865,0,0,0
128 x 512 B,4,178,1967951,9635805,26949032,1968454,0,0,0
128 x 512 B,5,178,1971926,9652844,26949032,1972422,0,0,0
128 x 512 B,6,178,1968763,9634337,26949032,1969256,0,0,0
128 x 512 B,7,178,1969398,9639903,26949032,1969891,0,0,0
128 x 512 B,8,178,1969477,9634148,26949032,1969979,0,0,0
128 x 512 B,9,178,1969196,9641144,26949032,1969695,0,0,0
128 x 512 B,10,178,1968446,9638462,26949032,1968944,0,0,0
128 x 512 B,11,178,1965966,9631092,26949031,1966475,0,0,0
128 x 512 B,12,178,1966971,9629656,26949032,1967474,0,0,0
128 x 512 B,13,178,1967821,9635915,26949032,1968334,0,0,0
128 x 512 B,14,178,1967303,9632529,26949032,1967796,0,0,0
128 x 512 B,15,178,1969127,9641845,26949032,1969639,0,0,0
128 x 512 B,16,178,1966987,9632170,26949032,1967485,0,0,0
128 x 512 B,17,178,1968646,9640675,26949032,1969142,0,0,0
128 x 512 B,18,178,1966615,9630725,26949032,1967112,0,0,0
128 x 512 B,19,178,1968314,9638779,26949032,1968814,0,0,0
128 x 512 B,20,178,1967998,9634466,26949032,1968495,0,0,0
128 x 512 B,21,178,1968059,9637153,26949032,1968555,0,0,0
128 x 512 B,22,178,1967769,9635903,26949032,1968284,0,0,0
128 x 512 B,23,178,1968302,9638970,26949032,1968815,0,0,0
128 x 512 B,24,178,1967624,9634804,26949032,1968129,0,0,0
128 x 512 B,25,178,1967693,9634378,26949032,1968193,0,0,0
128 x 512 B,26,178,1968493,9635712,26949032,1969163,0,0,0
128 x 512 B,27,178,1968303,9635234,26949032,1968886,0,0,0
128 x 512 B,28,178,1968858,9635813,26949032,1969565,0,0,0
128 x 512 B,29,178,1970639,9642890,26949038,1971304,0,0,0
128 x 512 B,30,178,1971657,9634224,26949038,1972539,0,0,0
128 x 512 B,31,178,1970560,9645408,26949032,1971276,0,0,0
129 x 512 B,0,171,1957224,9583061,26616174,1957757,0,0,0
129 x 512 B,1,171,1958822,9586491,26616174,1959381,0,0,0
129 x 512 B,2,171,1956950,9576839,26616174,1957573,0,0,0
129 x 512 B,3,171,1956696,9577239,26616174,1957599,0,0,0
129 x 512 B,4,171,1956496,9578283,26616174,1957052,0,0,0
129 x 512 B,5,171,1954935,9564631,26616174,1955433,0,0,0
129 x 512 B,6,171,1958268,9579425,26616174,1958912,0,0,0
129 x 512 B,7,171,1957459,9572726,26616174,1958053,0,0,0
129 x 512 B,8,171,1957127,9581794,26616174,1957635,0,0,0
129 x 512 B,9,171,1956512,9575308,26616174,1957075,0,0,0
129 x 512 B,10,171,1952202,9560904,26616173,1952701,0,0,0
129 x 512 B,11,171,1955250,9572238,26616174,1955774,0,0,0
129 x 512 B,12,171,2006758,9670700,26616174,2007769,0,0,0
129 x 512 B,13,171,1956732,9569365,26616174,1957338,0,0,0
129 x 512 B,14,171,1965438,9559508,26616174,1958171,0,0,0
129 x 512 B,15,171,1957111,9575625,26616174,1957615,0,0,0
129 x 512 B,16,171,1954672,9566909,26616174,1955170,0,0,0
129 x 512 B,17,171,1956886,9578008,26616174,1957386,0,0,0
129 x 512 B,18,171,1955274,9570143,26616174,1955781,0,0,0
129 x 512 B,19,171,1955493,9572388,26616174,1955999,0,0,0
129 x 512 B,20,171,1963643,9566432,26616174,1957673,0,0,0
129 x 512 B,21,171,1956240,9574966,26616174,1956751,0,0,0
129 x 512 B,22,171,1954693,9565148,26616174,1955205,0,0,0
129 x 512 B,23,171,1955025,9569211,26616174,1955515,0,0,0
129 x 512 B,24,171,1954088,9565893,26616174,1954586,0,0,0
129 x 512 B,25,171,1954657,9567892,26616174,1955150,0,0,0
129 x 512 B,26,171,1953928,9567604,26616174,1954424,0,0,0
129 x 512 B,27,171,1955554,9572621,26616174,1956051,0,0,0
129 x 512 B,28,171,1955913,9566818,26616174,1956423,0,0,0
129 x 512 B,29,171,1954189,9568422,26616174,1954683,0,0,0
129 x 512 B,30,171,1953918,9567532,26616174,1954415,0,0,0
129 x 512 B,31,171,1955313,9571572,26616174,1955888,0,0,0
1024 x 512 B,0,23,2048711,10029988,27835196,2049575,0,0,0
1024 x 512 B,1,23,2047067,10023266,27835196,2047652,0,0,0
1024 x 512 B,2,23,2046944,10021009,27835196,2047520,0,0,0
1024 x 512 B,3,23,2047367,10021694,27835196,2047943,0,0,0
1024 x 512 B,4,23,2048367,10029491,27835196,2048939,0,0,0
1024 x 512 B,5,23,2049284,10033059,27835196,2049868,0,0,0
1024 x 512 B,6,23,2048853,10028205,27835196,2049428,0,0,0
1024 x 512 B,7,23,2047944,10024757,27835196,2048530,0,0,0
1024 x 512 B,8,23,2050382,10033042,27835197,2050953,0,0,0
1024 x 512 B,9,23,2052295,10026996,27835196,2052874,0,0,0
1024 x 512 B,10,23,2065223,10106036,27835196,2065908,0,0,0
1024 x 512 B,11,23,2116981,10234403,27835196,2117593,0,0,0
1024 x 512 B,12,23,2074194,10151423,27835196,2075002,0,0,0
1024 x 512 B,13,23,2057865,10070360,27835196,2058662,0,0,0
1024 x 512 B,14,23,2064716,10095928,27835196,2065959,0,0,0
1024 x 512 B,15,23,2051009,10035106,27835196,2051629,0,0,0
1024 x 512 B,16,23,2056818,10025791,27835196,2052110,0,0,0
1024 x 512 B,17,23,2048650,10026448,27835196,2049181,0,0,0
1024 x 512 B,18,23,2047343,10021575,27835196,2047868,0,0,0
1024 x 512 B,19,23,2047039,10023612,27835196,2047565,0,0,0
1024 x 512 B,20,23,2044751,10013152,27835196,2045267,0,0,0
1024 x 512 B,21,23,2045562,10016585,27835196,2046095,0,0,0
1024 x 512 B,22,23,2046186,10019299,27835196,2046708,0,0,0
1024 x 512 B,23,23,2046195,10017918,27835196,2046728,0,0,0
1024 x 512 B,24,23,2046082,10014349,27835196,2046615,0,0,0
1024 x 512 B,25,23,2049687,10028580,27835197,2050292,0,0,0
1024 x 512 B,26,23,2045692,10017155,27835196,2046514,0,0,0
1024 x 512 B,27,23,2446496,10048827,27835196,2447060,0,0,0
1024 x 512 B,28,23,2047877,10028072,27835196,2048406,0,0,0
1024 x 512 B,29,23,2047493,10023860,27835196,2048024,0,0,0
1024 x 512 B,30,23,2046232,10015136,27835196,2046764,0,0,0
1024 x 512 B,31,23,2046786,10021598,27835196,2047316,0,0,0
1 x 1024 B,0,2636,1942560,9511583,20953930,1943141,0,0,0
1 x 1024 B,1,2636,1943386,9510152,20953930,1943917,0,0,0
1 x 1024 B,2,2636,1943631,9514549,20953930,1944122,0,0,0
1 x 1024 B,3,2636,1942079,9511023,20953930,1942608,0,0,0
1 x 1024 B,4,2636,1942877,9513898,20953930,1943382,0,0,0
1 x 1024 B,5,2636,1941503,9507893,20953930,1941988,0,0,0
1 x 1024 B,6,2636,1942727,9512744,20953930,1943224,0,0,0
1 x 1024 B,7,2636,1942518,9513020,20953930,1943005,0,0,0
1 x 1024 B,8,2636,1942903,9513190,20953930,1943394,0,0,0
1 x 1024 B,9,2636,1942648,9511080,20953930,1943133,0,0,0
1 x 1024 B,10,2636,1943604,9514351,20953930,1944094,0,0,0
1 x 1024 B,11,2636,1942580,9513850,20953930,1943074,0,0,0
1 x 1024 B,12,2636,1942593,9512338,20953930,1943081,0,0,0
1 x 1024 B,13,2636,1941100,9505638,20953929,1941586,0,0,0
1 x 1024 B,14,2636,1943162,9515369,20953930,1943665,0,0,0
1 x 1024 B,15,2636,1942348,9510176,20953930,1942844,0,0,0
1 x 1024 B,16,2636,1942291,9510355,20953930,1942776,0,0,0
1 x 1024 B,17,2636,1942824,9512972,20953930,1943583,0,0,0
1 x 1024 B,18,2636,1943937,9512846,20953930,1944549,0,0,0
1 x 1024 B,19,2636,1944353,9513460,20953930,1945059,0,0,0
1 x 1024 B,20,2636,1944364,9513087,20953930,1945181,0,0,0
1 x 1024 B,21,2636,1945326,9518660,20953930,1946280,0,0,0
1 x 1024 B,22,2636,1946440,9518284,20953930,1946954,0,0,0
1 x 1024 B,23,2636,1944442,9513822,20953930,1944943,0,0,0
1 x 1024 B,24,2636,1952133,9511028,20953930,1946695,0,0,0
1 x 1024 B,25,2636,1943271,9511933,20953930,1943760,0,0,0
1 x 1024 B,26,2636,1943038,9512187,20953930,1943524,0,0,0
1 x 1024 B,27,2636,1941457,9506287,20953930,1941956,0,0,0
1 x 1024 B,28,2636,1943313,9512005,20953930,1943820,0,0,0
1 x 1024 B,29,2636,1942820,9512897,20953930,1943306,0,0,0
1 x 1024 B,30,2636,1942427,9510831,20953930,1942965,0,0,0
1 x 1024 B,31,2636,1942400,9510891,20953929,1942907,0,0,0
3 x 1024 B,0,2046,1956045,9579773,31371683,1956562,0,0,0
3 x 1024 B,1,2046,1956319,9579345,31371684,1956804,0,0,0
3 x 1024 B,2,2046,1958618,9590085,31371684,1959123,0,0,0
3 x 1024 B,3,2046,1956354,9579648,31371684,1956842,0,0,0
3 x 1024 B,4,2046,1957399,9584283,31371684,1957885,0,0,0
3 x 1024 B,5,2046,1955515,9576811,31371684,1956010,0,0,0
3 x 1024 B,6,2046,1956333,9579540,31371684,1956823,0,0,0
3 x 1024 B,7,2046,1956311,9577899,31371684,1956801,0,0,0
3 x 1024 B,8,2046,1957819,9583732,31371684,1958315,0,0,0
3 x 1024 B,9,2046,1955883,9578453,31371684,1956376,0,0,0
3 x 1024 B,10,2046,1956673,9581484,31371684,1957164,0,0,0
3 x 1024 B,11,2046,1957324,9585145,31371684,1957834,0,0,0
3 x 1024 B,12,2046,1958670,9590458,31371684,1959169,0,0,0
3 x 1024 B,13,2046,1955882,9578540,31371684,1956374,0,0,0
3 x 1024 B,14,2046,1956956,9582715,31371684,1957443,0,0,0
3 x 1024 B,15,2046,1956669,9579550,31371684,1957161,0,0,0
3 x 1024 B,16,2046,1957175,9581092,31371684,1957673,0,0,0
3 x 1024 B,17,2046,1995199,9582553,31371684,1988048,0,0,0
3 x 1024 B,18,2046,1958096,9587642,31371684,1958593,0,0,0
3 x 1024 B,19,2046,1955351,9574852,31371684,1955845,0,0,0
3 x 1024 B,20,2046,1958340,9589152,31371684,1958834,0,0,0
3 x 1024 B,21,2046,1955087,9574403,31371684,1955581,0,0,0
3 x 1024 B,22,2046,1957456,9585347,31371684,1957953,0,0,0
3 x 1024 B,23,2046,1956368,9576931,31371684,1956927,0,0,0
3 x 1024 B,24,2046,1953980,9572107,31371683,1954697,0,0,0
3 x 1024 B,25,2046,1957066,9578561,31371684,1957641,0,0,0
3 x 1024 B,26,2046,1959990,9593701,31371684,1960672,0,0,0
3 x 1024 B,27,2046,1959078,9585293,31371684,1959795,0,0,0
3 x 1024 B,28,2046,1962368,9593539,31371684,1963067,0,0,0
3 x 1024 B,29,2046,1959877,9582403,31371684,1960640,0,0,0
3 x 1024 B,30,2046,1963029,9579855,31371684,1961488,0,0,0
3 x 1024 B,31,2046,1962487,9572613,31371684,1958003,0,0,0
4 x 1024 B,0,2066,1965971,9619309,31399434,1966538,0,0,0
4 x 1024 B,1,2066,1965683,9619973,31399434,1966190,0,0,0
4 x 1024 B,2,2066,1965001,9618805,31399434,1965490,0,0,0
4 x 1024 B,3,2066,1965201,9620047,31399434,1965696,0,0,0
4 x 1024 B,4,2066,1965091,9620358,31399434,1965572,0,0,0
4 x 1024 B,5,2066,1965487,9623251,31399434,1965990,0,0,0
4 x 1024 B,6,2066,1964156,9615954,31399434,1964646,0,0,0
4 x 1024 B,7,2066,1964432,9619527,31399434,1964934,0,0,0
4 x 1024 B,8,2066,1965120,9622388,31399434,1965610,0,0,0
4 x 1024 B,9,2066,1964195,9618124,31399434,1964690,0,0,0
4 x 1024 B,10,2066,1965257,9621173,31399434,1965746,0,0,0
4 x 1024 B,11,2066,1965362,9622059,31399434,1965857,0,0,0
4 x 1024 B,12,2066,1963633,9615964,31399434,1964123,0,0,0
4 x 1024 B,13,2066,1964494,9619883,31399434,1964986,0,0,0
4 x 1024 B,14,2066,1963812,9616990,31399434,1964298,0,0,0
4 x 1024 B,15,2066,1965438,9624502,31399434,1965923,0,0,0
4 x 1024 B,16,2066,1966315,9623906,31399434,1966805,0,0,0
4 x 1024 B,17,2066,1970015,9616397,31399434,1965633,0,0,0
4 x 1024 B,18,2066,1966774,9617469,31399434,1967264,0,0,0
4 x 1024 B,19,2066,1966162,9625788,31399434,1966650,0,0,0
4 x 1024 B,20,2066,1963484,9611160,31399434,1963979,0,0,0
4 x 1024 B,21,2066,1963131,9615338,31399433,1963640,0,0,0
4 x 1024 B,22,2066,1965537,9624513,31399434,1966041,0,0,0
4 x 1024 B,23,2066,1963232,9612481,31399434,1963731,0,0,0
4 x 1024 B,24,2066,1964924,9621467,31399434,1965411,0,0,0
4 x 1024 B,25,2066,1964185,9616343,31399434,1964675,0,0,0
4 x 1024 B,26,2066,1965670,9622637,31399434,1966161,0,0,0
4 x 1024 B,27,2066,1963925,9617881,31399434,1964436,0,0,0
4 x 1024 B,28,2066,1965004,9621649,31399434,1965506,0,0,0
4 x 1024 B,29,2066,1963866,9617871,31399434,1964369,0,0,0
4 x 1024 B,30,2066,1964788,9620075,31399434,1965299,0,0,0
4 x 1024 B,31,2066,1964855,9621549,31399434,1965463,0,0,0
6 x 1024 B,0,811,1955966,9575358,25026204,1956635,0,0,0
6 x 1024 B,1,811,1958284,9586139,25026204,1958992,0,0,0
6 x 1024 B,2,811,1956739,9575505,25026204,1957436,0,0,0
6 x 1024 B,3,811,1961069,9588494,25026204,1961809,0,0,0
6 x 1024 B,4,811,1957257,9575722,25026204,1958058,0,0,0
6 x 1024 B,5,811,1967572,9572693,25026204,1961374,0,0,0
6 x 1024 B,6,811,1956669,9575060,25026204,1957173,0,0,0
6 x 1024 B,7,811,1956481,9580061,25026204,1956975,0,0,0
6 x 1024 B,8,811,1957084,9579911,25026204,1957585,0,0,0
6 x 1024 B,9,811,1985177,9579935,25026204,1985678,0,0,0
6 x 1024 B,10,811,1957459,9578449,25026204,1957955,0,0,0
6 x 1024 B,11,811,1957461,9584421,25026204,1957946,0,0,0
6 x 1024 B,12,811,1957120,9576728,25026204,1957623,0,0,0
6 x 1024 B,13,811,1974267,9579559,25026204,1974790,0,0,0
6 x 1024 B,14,811,1997008,9578728,25026204,1997588,0,0,0
6 x 1024 B,15,811,1956604,9579169,25026204,1957102,0,0,0
6 x 1024 B,16,811,1966347,9574050,25026204,1959868,0,0,0
6 x 1024 B,17,811,1956053,9578397,25026204,1956551,0,0,0
6 x 1024 B,18,811,1982661,9573924,25026203,1983161,0,0,0
6 x 1024 B,19,811,1955650,9575983,25026204,1956137,0,0,0
6 x 1024 B,20,811,1957296,9580198,25026204,1957815,0,0,0
6 x 1024 B,21,811,1956568,9577619,25026204,1957065,0,0,0
6 x 1024 B,22,811,1956912,9579979,25026204,1957403,0,0,0
6 x 1024 B,23,811,1955957,9575315,25026204,1956449,0,0,0
6 x 1024 B,24,811,1956068,9577618,25026204,1956561,0,0,0
6 x 1024 B,25,811,1956298,9576709,25026204,1956788,0,0,0
6 x 1024 B,26,811,1956663,9578123,25026204,1957161,0,0,0
6 x 1024 B,27,811,1955932,9576517,25026204,1956422,0,0,0
6 x 1024 B,28,811,1956133,9578563,25026204,1956627,0,0,0
6 x 1024 B,29,811,1955761,9573744,25026204,1956256,0,0,0
6 x 1024 B,30,811,1956809,9578770,25026204,1957295,0,0,0
6 x 1024 B,31,811,1954884,9572666,25026204,1955380,0,0,0
8 x 1024 B,0,1435,1978931,9687493,27483486,1979484,0,0,0
8 x 1024 B,1,1435,1976572,9675925,27483486,1977102,0,0,0
8 x 1024 B,2,1435,1977653,9683326,27483486,1978168,0,0,0
8 x 1024 B,3,1435,1977680,9682311,27483486,1978195,0,0,0
8 x 1024 B,4,1435,1977862,9682226,27483486,1978394,0,0,0
8 x 1024 B,5,1435,1977866,9680679,27483486,1978374,0,0,0
8 x 1024 B,6,1435,1977168,9679912,27483486,1977681,0,0,0
8 x 1024 B,7,1435,1977689,9682043,27483486,1978391,0,0,0
8 x 1024 B,8,1435,1978547,9685517,27483486,1979163,0,0,0
8 x 1024 B,9,1435,1979452,9686349,27483486,1980231,0,0,0
8 x 1024 B,10,1435,1979332,9686627,27483486,1980456,0,0,0
8 x 1024 B,11,1435,1979527,9685251,27483486,1980303,0,0,0
8 x 1024 B,12,1435,1984475,9682931,27483486,1983146,0,0,0
8 x 1024 B,13,1435,1982956,9675081,27483486,1979085,0,0,0
8 x 1024 B,14,1435,1978629,9682341,27483486,1979138,0,0,0
8 x 1024 B,15,1435,1986355,9675876,27483486,1979475,0,0,0
8 x 1024 B,16,1435,1975661,9674050,27483486,1976184,0,0,0
8 x 1024 B,17,1435,1977525,9681777,27483486,1978035,0,0,0
8 x 1024 B,18,1435,1977704,9680061,27483486,1978221,0,0,0
8 x 1024 B,19,1435,1978448,9680696,27483486,1978964,0,0,0
8 x 1024 B,20,1435,1978054,9681689,27483486,1978564,0,0,0
8 x 1024 B,21,1435,1977209,9678115,27483486,1977715,0,0,0
8 x 1024 B,22,1435,1974657,9670985,27483485,1975170,0,0,0
8 x 1024 B,23,1435,1978549,9682401,27483486,1979056,0,0,0
8 x 1024 B,24,1435,1976809,9678689,27483486,1977318,0,0,0
8 x 1024 B,25,1435,1978127,9682224,27483486,1978625,0,0,0
8 x 1024 B,26,1435,1976929,9679947,27483486,1977425,0,0,0
8 x 1024 B,27,1435,1977783,9681134,27483486,1978273,0,0,0
8 x 1024 B,28,1435,1976887,9680178,27483486,1977377,0,0,0
8 x 1024 B,29,1435,1977733,9680915,27483486,1978231,0,0,0
8 x 1024 B,30,1435,1976823,9679825,27483486,1977327,0,0,0
8 x 1024 B,31,1435,1978583,9685591,27483486,1979081,0,0,0
12 x 1024 B,0,857,1988048,9734683,29123797,1988592,0,0,0
12 x 1024 B,1,857,1987146,9730596,29123797,1987644,0,0,0
12 x 1024 B,2,857,1989342,9738348,29123797,1989830,0,0,0
12 x 1024 B,3,857,1989096,9737559,29123797,1989591,0,0,0
12 x 1024 B,4,857,1988267,9735711,29123797,1988767,0,0,0
12 x 1024 B,5,857,1988481,9736931,29123797,1988971,0,0,0
12 x 1024 B,6,857,1988822,9736111,29123797,1989323,0,0,0
12 x 1024 B,7,857,1989398,9734320,29123797,1989919,0,0,0
12 x 1024 B,8,857,1989356,9739544,29123797,1989866,0,0,0
12 x 1024 B,9,857,1988314,9736203,29123797,1988821,0,0,0
12 x 1024 B,10,857,1988493,9734537,29123797,1989005,0,0,0
12 x 1024 B,11,857,1988572,9734993,29123797,1989074,0,0,0
12 x 1024 B,12,857,1987745,9733608,29123797,1988237,0,0,0
12 x 1024 B,13,857,1987483,9731539,29123797,1988040,0,0,0
12 x 1024 B,14,857,1990395,9741677,29123797,1991031,0,0,0
12 x 1024 B,15,857,1996243,9733146,29123797,1992173,0,0,0
12 x 1024 B,16,857,2005377,9752882,29123797,2005938,0,0,0
12 x 1024 B,17,857,1991610,9733142,29123797,1992252,0,0,0
12 x 1024 B,18,857,1997202,9749693,29123797,1997810,0,0,0
12 x 1024 B,19,857,1992318,9738203,29123797,1993074,0,0,0
12 x 1024 B,20,857,1990525,9739290,29123797,1991086,0,0,0
12 x 1024 B,21,857,1988842,9735738,29123797,1989342,0,0,0
12 x 1024 B,22,857,2020716,9746400,29123797,2021201,0,0,0
12 x 1024 B,23,857,1988175,9733677,29123797,1988666,0,0,0
12 x 1024 B,24,857,1989609,9739685,29123797,1990103,0,0,0
12 x 1024 B,25,857,1988804,9735716,29123797,1989296,0,0,0
12 x 1024 B,26,857,1988291,9735945,29123797,1988786,0,0,0
12 x 1024 B,27,857,1988995,9738427,29123797,1989488,0,0,0
12 x 1024 B,28,857,1988593,9733475,29123797,1989100,0,0,0
12 x 1024 B,29,857,1989676,9736071,29123797,1990176,0,0,0
12 x 1024 B,30,857,1988812,9738682,29123797,1989308,0,0,0
12 x 1024 B,31,857,1988282,9735927,29123797,1988778,0,0,0
16 x 1024 B,0,589,1619852,7928349,22344081,1620387,0,0,0
16 x 1024 B,1,589,1617972,7925151,22344080,1618478,0,0,0
16 x 1024 B,2,589,1620552,7933772,22344081,1621067,0,0,0
16 x 1024 B,3,589,1620670,7931193,22344081,1621169,0,0,0
16 x 1024 B,4,589,1617408,7923243,22344080,1617898,0,0,0
16 x 1024 B,5,589,1620534,7930664,22344081,1621048,0,0,0
16 x 1024 B,6,589,1617520,7923547,22344080,1618009,0,0,0
16 x 1024 B,7,589,1620871,7933771,22344081,1621364,0,0,0
16 x 1024 B,8,589,1620756,7930875,22344081,1621264,0,0,0
16 x 1024 B,9,589,1618139,7926861,22344080,1618649,0,0,0
16 x 1024 B,10,589,1619318,7924779,22344081,1619830,0,0,0
16 x 1024 B,11,589,1620351,7933086,22344081,1620860,0,0,0
16 x 1024 B,12,589,1617666,7924148,22344080,1618173,0,0,0
16 x 1024 B,13,589,1620704,7931712,22344081,1621213,0,0,0
16 x 1024 B,14,589,1617692,7924355,22344080,1618194,0,0,0
16 x 1024 B,15,589,1620484,7930545,22344081,1620990,0,0,0
16 x 1024 B,16,589,1620094,7930928,22344081,1620587,0,0,0
16 x 1024 B,17,589,1623687,7918985,22344080,1619944,0,0,0
16 x 1024 B,18,589,1621409,7935135,22344081,1621904,0,0,0
16 x 1024 B,19,589,1619134,7926483,22344081,1619689,0,0,0
16 x 1024 B,20,589,1618477,7925579,22344080,1618992,0,0,0
16 x 1024 B,21,589,1620918,7929596,22344081,1621439,0,0,0
16 x 1024 B,22,589,1617479,7922804,22344080,1617985,0,0,0
16 x 1024 B,23,589,1620418,7929800,22344081,1620926,0,0,0
16 x 1024 B,24,589,1620190,7929994,22344081,1620703,0,0,0
16 x 1024 B,25,589,1617787,7921657,22344080,1618306,0,0,0
16 x 1024 B,26,589,1620712,7932057,22344081,1621214,0,0,0
16 x 1024 B,27,589,1617783,7922411,22344080,1618437,0,0,0
16 x 1024 B,28,589,1620491,7930703,22344081,1620992,0,0,0
16 x 1024 B,29,589,1622887,7936359,22344081,1623748,0,0,0
16 x 1024 B,30,589,1618788,7927956,22344080,1619378,0,0,0
16 x 1024 B,31,589,1623320,7940824,22344081,1623956,0,0,0
24 x 1024 B,0,478,1975362,9669654,27111570,1976159,0,0,0
24 x 1024 B,1,478,1975164,9668713,27111570,1975693,0,0,0
24 x 1024 B,2,478,1974949,9664778,27111570,1975465,0,0,0
24 x 1024 B,3,478,1975035,9666704,27111570,1975539,0,0,0
24 x 1024 B,4,478,1977974,9665005,27111570,1978465,0,0,0
24 x 1024 B,5,478,2370694,9675453,27111570,2371221,0,0,0
24 x 1024 B,6,478,1975170,9669113,27111570,1975672,0,0,0
24 x 1024 B,7,478,1973852,9661995,27111570,1974340,0,0,0
24 x 1024 B,8,478,1973738,9664432,27111570,1974245,0,0,0
24 x 1024 B,9,478,1975176,9667027,27111570,1975695,0,0,0
24 x 1024 B,10,478,1975141,9668588,27111570,1975634,0,0,0
24 x 1024 B,11,478,1975183,9668765,27111570,1975680,0,0,0
24 x 1024 B,12,478,1973902,9665693,27111570,1974423,0,0,0
24 x 1024 B,13,478,1973144,9661810,27111570,1973636,0,0,0
24 x 1024 B,14,478,1975590,9670519,27111570,1976086,0,0,0
24 x 1024 B,15,478,1973938,9663730,27111570,1974434,0,0,0
24 x 1024 B,16,478,1973990,9665758,27111570,1974503,0,0,0
24 x 1024 B,17,478,1973476,9663259,27111570,1973985,0,0,0
24 x 1024 B,18,478,1974623,9666198,27111570,1975135,0,0,0
24 x 1024 B,19,478,1975270,9669110,27111570,1975767,0,0,0
24 x 1024 B,20,478,1974665,9669013,27111570,1975166,0,0,0
24 x 1024 B,21,478,1973145,9661776,27111570,1973650,0,0,0
24 x 1024 B,22,478,1974892,9667306,27111570,1975385,0,0,0
24 x 1024 B,23,478,1973548,9660573,27111570,1974058,0,0,0
24 x 1024 B,24,478,1974822,9669180,27111570,1975363,0,0,0
24 x 1024 B,25,478,1973017,9660892,27111570,1973512,0,0,0
24 x 1024 B,26,478,1974561,9666538,27111570,1975053,0,0,0
24 x 1024 B,27,478,1974726,9667140,27111570,1975221,0,0,0
24 x 1024 B,28,478,1974934,9670405,27111570,1975429,0,0,0
24 x 1024 B,29,478,1973966,9662347,27111570,1974461,0,0,0
24 x 1024 B,30,478,1974072,9663843,27111570,1974567,0,0,0
24 x 1024 B,31,478,1974850,9666279,27111570,1975337,0,0,0
64 x 1024 B,0,179,1978266,9685870,26963673,1978924,0,0,0
64 x 1024 B,1,179,1977551,9680926,26963673,1978197,0,0,0
64 x 1024 B,2,179,1978533,9686721,26963673,1979220,0,0,0
64 x 1024 B,3,179,1981655,9697170,26963673,1982604,0,0,0
64 x 1024 B,4,179,1978500,9680716,26963673,1979150,0,0,0
64 x 1024 B,5,179,1979907,9687323,26963673,1980507,0,0,0
64 x 1024 B,6,179,1988233,9678410,26963673,1985797,0,0,0
64 x 1024 B,7,179,1986552,9670407,26963673,1980176,0,0,0
64 x 1024 B,8,179,1973044,9664797,26963672,1973560,0,0,0
64 x 1024 B,9,179,1977018,9679326,26963673,1977534,0,0,0
64 x 1024 B,10,179,1978041,9678159,26963673,1978555,0,0,0
64 x 1024 B,11,179,1976041,9671916,26963673,1976534,0,0,0
64 x 1024 B,12,179,1976225,9675422,26963673,1976729,0,0,0
64 x 1024 B,13,179,1975482,9670593,26963673,1975995,0,0,0
64 x 1024 B,14,179,1977478,9681584,26963673,1978032,0,0,0
64 x 1024 B,15,179,1976586,9674757,26963673,1977103,0,0,0
64 x 1024 B,16,179,1976926,9679511,26963673,1977432,0,0,0
64 x 1024 B,17,179,1976467,9677039,26963673,1976976,0,0,0
64 x 1024 B,18,179,1978315,9679670,26963673,1978818,0,0,0
64 x 1024 B,19,179,2065262,9679686,26963673,2006295,0,0,0
64 x 1024 B,20,179,1977097,9681099,26963673,1977596,0,0,0
64 x 1024 B,21,179,1975809,9673286,26963673,1976304,0,0,0
64 x 1024 B,22,179,1976879,9679995,26963673,1977388,0,0,0
64 x 1024 B,23,179,1976497,9675848,26963673,1977006,0,0,0
64 x 1024 B,24,179,1976569,9678371,26963673,1977064,0,0,0
64 x 1024 B,25,179,1976998,9680798,26963673,1977494,0,0,0
64 x 1024 B,26,179,1977745,9681311,26963673,1978255,0,0,0
64 x 1024 B,27,179,1976765,9676728,26963673,1977263,0,0,0
64 x 1024 B,28,179,1975504,9673147,26963673,1975999,0,0,0
64 x 1024 B,29,179,1974886,9671114,26963673,1975381,0,0,0
64 x 1024 B,30,179,1976710,9679366,26963673,1977208,0,0,0
64 x 1024 B,31,179,1976340,9677629,26963673,1976840,0,0,0
128 x 1024 B,0,90,1978095,9685734,27081096,1978631,0,0,0
128 x 1024 B,1,90,1980542,9696177,27081096,1981065,0,0,0
128 x 1024 B,2,90,2003236,9711723,27081096,2003754,0,0,0
128 x 1024 B,3,90,1983981,9694802,27081096,1984488,0,0,0
128 x 1024 B,4,90,1985019,9681807,27081096,1981205,0,0,0
128 x 1024 B,5,90,1979180,9688552,27081096,1979706,0,0,0
128 x 1024 B,6,90,1979771,9693931,27081096,1980269,0,0,0
128 x 1024 B,7,90,1982073,9698771,27081096,1982588,0,0,0
128 x 1024 B,8,90,1979948,9694629,27081096,1980449,0,0,0
128 x 1024 B,9,90,1985450,9713834,27081096,1986124,0,0,0
128 x 1024 B,10,90,1982927,9703987,27081096,1983721,0,0,0
128 x 1024 B,11,90,1981481,9696435,27081096,1982172,0,0,0
128 x 1024 B,12,90,1981741,9697565,27081096,1982362,0,0,0
128 x 1024 B,13,90,1981989,9690288,27081096,1982804,0,0,0
128 x 1024 B,14,90,1981962,9695047,27081096,1982612,0,0,0
128 x 1024 B,15,90,1987527,9688005,27081096,1982803,0,0,0
128 x 1024 B,16,90,1980382,9694058,27081096,1980920,0,0,0
128 x 1024 B,17,90,1980651,9694268,27081096,1981168,0,0,0
128 x 1024 B,18,90,1981502,9701378,27081096,1982008,0,0,0
128 x 1024 B,19,90,1978240,9683467,27081096,1978736,0,0,0
128 x 1024 B,20,90,1979895,9690628,27081096,1980399,0,0,0
128 x 1024 B,21,90,1978099,9682217,27081096,1978593,0,0,0
128 x 1024 B,22,90,1978766,9688918,27081096,1979264,0,0,0
128 x 1024 B,23,90,2364447,9694092,27081096,2364945,0,0,0
128 x 1024 B,24,90,1978930,9690477,27081096,1979422,0,0,0
128 x 1024 B,25,90,1978244,9687407,27081096,1978730,0,0,0
128 x 1024 B,26,90,1979188,9691317,27081096,1979685,0,0,0
128 x 1024 B,27,90,1978571,9686056,27081096,1979063,0,0,0
128 x 1024 B,28,90,1978994,9690705,27081096,1979502,0,0,0
128 x 1024 B,29,90,1978641,9686488,27081096,1979136,0,0,0
128 x 1024 B,30,90,1978782,9689861,27081096,1979280,0,0,0
128 x 1024 B,31,90,1977158,9681602,27081096,1977647,0,0,0
129 x 1024 B,0,87,1976491,9678790,26879886,1977024,0,0,0
129 x 1024 B,1,87,1977760,9684525,26879886,1978254,0,0,0
129 x 1024 B,2,87,1977428,9679560,26879886,1977940,0,0,0
129 x 1024 B,3,87,1977048,9680969,26879886,1977595,0,0,0
129 x 1024 B,4,87,1977473,9680387,26879886,1977979,0,0,0
129 x 1024 B,5,87,1977713,9684723,26879886,1978221,0,0,0
129 x 1024 B,6,87,1976186,9677229,26879886,1976680,0,0,0
129 x 1024 B,7,87,1978184,9687019,26879886,1978679,0,0,0
129 x 1024 B,8,87,1977109,9682079,26879886,1977597,0,0,0
129 x 1024 B,9,87,1978904,9690187,26879886,1979397,0,0,0
129 x 1024 B,10,87,1977589,9681119,26879886,1978122,0,0,0
129 x 1024 B,11,87,1977279,9679903,26879886,1977781,0,0,0
129 x 1024 B,12,87,1975672,9674276,26879886,1976164,0,0,0
129 x 1024 B,13,87,1976956,9680500,26879886,1977451,0,0,0
129 x 1024 B,14,87,1977950,9682976,26879886,1978452,0,0,0
129 x 1024 B,15,87,1976352,9676535,26879886,1976850,0,0,0
129 x 1024 B,16,87,1996469,9679030,26879886,1983219,0,0,0
129 x 1024 B,17,87,1977882,9680186,26879886,1978391,0,0,0
129 x 1024 B,18,87,1980035,9687935,26879886,1980780,0,0,0
129 x 1024 B,19,87,1981847,9690663,26879886,1982562,0,0,0
129 x 1024 B,20,87,1979873,9678669,26879886,1980983,0,0,0
129 x 1024 B,21,87,1985572,9684973,26879886,1984028,0,0,0
129 x 1024 B,22,87,1982168,9678230,26879886,1979069,0,0,0
129 x 1024 B,23,87,1978227,9682074,26879886,1978736,0,0,0
129 x 1024 B,24,87,1976770,9679640,26879886,1977261,0,0,0
129 x 1024 B,25,87,1977025,9680315,26879886,1977520,0,0,0
129 x 1024 B,26,87,1975011,9670873,26879886,1975509,0,0,0
129 x 1024 B,27,87,2002729,9803659,26879886,2003230,0,0,0
129 x 1024 B,28,87,2033896,9807436,26879886,2034398,0,0,0
129 x 1024 B,29,87,1977808,9679468,26879886,1978312,0,0,0
129 x 1024 B,30,87,1976625,9675704,26879886,1977125,0,0,0
129 x 1024 B,31,87,1977856,9681707,26879886,1978361,0,0,0
1024 x 1024 B,0,11,1954866,9567532,26468676,1955913,0,0,0
1024 x 1024 B,1,11,1951477,9553150,26468676,1952137,0,0,0
1024 x 1024 B,2,11,1954916,9568844,26468676,1955594,0,0,0
1024 x 1024 B,3,11,1950212,9543618,26468676,1950881,0,0,0
1024 x 1024 B,4,11,1949560,9542544,26468676,1950251,0,0,0
1024 x 1024 B,5,11,1948741,9536343,26468676,1949423,0,0,0
1024 x 1024 B,6,11,1951009,9549987,26468676,1951653,0,0,0
1024 x 1024 B,7,11,1948828,9539266,26468676,1949456,0,0,0
1024 x 1024 B,8,11,1949447,9542827,26468676,1950106,0,0,0
1024 x 1024 B,9,11,1948504,9536166,26468676,1949128,0,0,0
1024 x 1024 B,10,11,1951807,9553589,26468676,1952450,0,0,0
1024 x 1024 B,11,11,1949773,9541523,26468676,1950419,0,0,0
1024 x 1024 B,12,11,1950286,9546861,26468676,1950959,0,0,0
1024 x 1024 B,13,11,1948852,9537642,26468676,1949514,0,0,0
1024 x 1024 B,14,11,1949401,9542420,26468676,1950039,0,0,0
1024 x 1024 B,15,11,1950029,9541016,26468676,1950635,0,0,0
1024 x 1024 B,16,11,1960019,9545909,26468676,1952994,0,0,0
1024 x 1024 B,17,11,1946664,9535434,26468675,1947335,0,0,0
1024 x 1024 B,18,11,1948328,9538274,26468676,1948990,0,0,0
1024 x 1024 B,19,11,1953987,9563958,26468676,1954681,0,0,0
1024 x 1024 B,20,11,1948789,9537789,26468676,1949503,0,0,0
1024 x 1024 B,21,11,1951409,9547794,26468676,1952054,0,0,0
1024 x 1024 B,22,11,1948573,9537902,26468676,1949239,0,0,0
1024 x 1024 B,23,11,1952374,9554798,26468676,1953155,0,0,0
1024 x 1024 B,24,11,2013459,9704506,26468676,2014181,0,0,0
1024 x 1024 B,25,11,2002905,9801312,26468676,2003882,0,0,0
1024 x 1024 B,26,11,1961233,9592832,26468676,1962240,0,0,0
1024 x 1024 B,27,11,2010862,9825736,26468676,2011820,0,0,0
1024 x 1024 B,28,11,1990164,9721960,26468676,1991050,0,0,0
1024 x 1024 B,29,11,1967680,9579762,26468676,1965182,0,0,0
1024 x 1024 B,30,11,1954338,9538892,26468676,1953067,0,0,0
1024 x 1024 B,31,11,1950872,9547759,26468676,1951505,0,0,0
1 x 2048 B,0,2541,1986613,9723915,19644837,1987177,0,0,0
1 x 2048 B,1,2541,1978728,9680132,19644837,1979237,0,0,0
1 x 2048 B,2,2541,1979898,9694617,19644837,1980392,0,0,0
1 x 2048 B,3,2541,1979644,9692036,19644837,1980140,0,0,0
1 x 2048 B,4,2541,1964639,9618460,19644837,1965134,0,0,0
1 x 2048 B,5,2541,1977220,9680098,19644837,1977711,0,0,0
1 x 2048 B,6,2541,1975772,9673452,19644837,1976266,0,0,0
1 x 2048 B,7,2541,1968152,9629139,19644837,1968643,0,0,0
1 x 2048 B,8,2541,1986491,9725173,19644837,1986987,0,0,0
1 x 2048 B,9,2541,1975471,9673427,19644837,1975966,0,0,0
1 x 2048 B,10,2541,1974162,9663660,19644837,1974656,0,0,0
1 x 2048 B,11,2541,1973773,9665420,19644837,1974274,0,0,0
1 x 2048 B,12,2541,1976810,9679637,19644837,1977301,0,0,0
1 x 2048 B,13,2541,1991320,9751627,19644837,1991812,0,0,0
1 x 2048 B,14,2541,1974960,9667307,19644837,1975454,0,0,0
1 x 2048 B,15,2541,1969961,9641757,19644837,1970450,0,0,0
1 x 2048 B,16,2541,1968286,9634090,19644837,1968805,0,0,0
1 x 2048 B,17,2541,1967856,9633431,19644837,1968358,0,0,0
1 x 2048 B,18,2541,1977512,9680806,19644837,1978012,0,0,0
1 x 2048 B,19,2541,1968704,9640712,19644837,1969191,0,0,0
1 x 2048 B,20,2541,1977063,9681688,19644837,1977550,0,0,0
1 x 2048 B,21,2541,1989970,9743815,19644837,1990476,0,0,0
1 x 2048 B,22,2541,1982162,9702146,19644837,1982652,0,0,0
1 x 2048 B,23,2541,1975162,9672541,19644837,1975653,0,0,0
1 x 2048 B,24,2541,1966329,9628297,19644837,1966827,0,0,0
1 x 2048 B,25,2541,1964390,9624919,19644836,1964853,0,0,0
1 x 2048 B,26,2541,1956941,9583095,19644837,1957430,0,0,0
1 x 2048 B,27,2541,1989362,9742649,19644837,1989851,0,0,0
1 x 2048 B,28,2541,1988077,9733301,19644837,1988566,0,0,0
1 x 2048 B,29,2541,1982885,9707513,19644837,1983376,0,0,0
1 x 2048 B,30,2541,1975800,9676007,19644837,1976339,0,0,0
1 x 2048 B,31,2541,1974638,9666612,19644837,1975354,0,0,0
3 x 2048 B,0,866,1986760,9723154,19867272,1987730,0,0,0
3 x 2048 B,1,866,1998436,9780199,19867272,1999071,0,0,0
3 x 2048 B,2,866,1985062,9710795,19867272,1985952,0,0,0
3 x 2048 B,3,866,1998003,9735956,19867272,1995962,0,0,0
3 x 2048 B,4,866,1999046,9754202,19867272,1995148,0,0,0
3 x 2048 B,5,866,1997989,9778519,19867272,1998489,0,0,0
3 x 2048 B,6,866,1993871,9757833,19867272,1994365,0,0,0
3 x 2048 B,7,866,1990714,9745682,19867272,1991205,0,0,0
3 x 2048 B,8,866,1990700,9743730,19867272,1991305,0,0,0
3 x 2048 B,9,866,1985070,9717439,19867272,1985567,0,0,0
3 x 2048 B,10,866,1985371,9720421,19867272,1985855,0,0,0
3 x 2048 B,11,866,1991977,9748200,19867278,1992693,0,0,0
3 x 2048 B,12,866,1997711,9768569,19867278,1999135,0,0,0
3 x 2048 B,13,866,1989468,9732915,19867272,1990691,0,0,0
3 x 2048 B,14,866,2007391,9756257,19867272,2001875,0,0,0
3 x 2048 B,15,866,2000509,9733773,19867272,1993907,0,0,0
3 x 2048 B,16,866,1990611,9744485,19867272,1991095,0,0,0
3 x 2048 B,17,866,2004176,9813537,19867272,2004681,0,0,0
3 x 2048 B,18,866,1984365,9717309,19867272,1984840,0,0,0
3 x 2048 B,19,866,1986479,9727432,19867272,1986970,0,0,0
3 x 2048 B,20,866,1993137,9759007,19867272,1993642,0,0,0
3 x 2048 B,21,866,1990672,9743866,19867272,1991173,0,0,0
3 x 2048 B,22,866,1997716,9776200,19867272,1998209,0,0,0
3 x 2048 B,23,866,1985057,9718730,19867272,1985557,0,0,0
3 x 2048 B,24,866,1983958,9710995,19867272,1984450,0,0,0
3 x 2048 B,25,866,1981978,9704431,19867272,1982479,0,0,0
3 x 2048 B,26,866,1992117,9754779,19867272,1992603,0,0,0
3 x 2048 B,27,866,1994634,9767281,19867272,1995131,0,0,0
3 x 2048 B,28,866,1983612,9713208,19867272,1984101,0,0,0
3 x 2048 B,29,866,1982961,9709930,19867272,1983457,0,0,0
3 x 2048 B,30,866,1993836,9761379,19867272,1994326,0,0,0
3 x 2048 B,31,866,1994284,9765932,19867272,1994781,0,0,0
4 x 2048 B,0,654,1995180,9770102,19977450,1995687,0,0,0
4 x 2048 B,1,654,1998537,9786708,19977450,1999026,0,0,0
4 x 2048 B,2,654,1994214,9765540,19977450,1994710,0,0,0
4 x 2048 B,3,654,1990840,9748038,19977450,1991325,0,0,0
4 x 2048 B,4,654,1992201,9753791,19977450,1992762,0,0,0
4 x 2048 B,5,654,1997960,9782659,19977450,1998522,0,0,0
4 x 2048 B,6,654,1998420,9768348,19977450,1998912,0,0,0
4 x 2048 B,7,654,1999812,9776223,19977450,2000490,0,0,0
4 x 2048 B,8,654,2002420,9800010,19977450,2003155,0,0,0
4 x 2048 B,9,654,2001469,9789007,19977450,2002359,0,0,0
4 x 2048 B,10,654,2008186,9794378,19977450,2006824,0,0,0
4 x 2048 B,11,654,2003868,9774621,19977450,1999499,0,0,0
4 x 2048 B,12,654,1993263,9755925,19977450,1993758,0,0,0
4 x 2048 B,13,654,1997565,9779743,19977450,1998059,0,0,0
4 x 2048 B,14,654,1993657,9755922,19977450,1994147,0,0,0
4 x 2048 B,15,654,1993258,9752149,19977450,1993757,0,0,0
4 x 2048 B,16,654,1995698,9771640,19977450,1996192,0,0,0
4 x 2048 B,17,654,1999613,9790964,19977450,2000110,0,0,0
4 x 2048 B,18,654,2365444,9762662,19977451,2365950,0,0,0
4 x 2048 B,19,654,1995194,9769555,19977450,1995690,0,0,0
4 x 2048 B,20,654,1990440,9750878,19977449,1992349,0,0,0
4 x 2048 B,21,654,1991555,9757118,19977449,1992290,0,0,0
4 x 2048 B,22,654,1993441,9756140,19977450,1993932,0,0,0
4 x 2048 B,23,654,2005208,9819262,19977450,2005698,0,0,0
4 x 2048 B,24,654,1991318,9749918,19977450,1991813,0,0,0
4 x 2048 B,25,654,1994048,9741546,19977450,1994558,0,0,0
4 x 2048 B,26,654,1993757,9757019,19977450,1994256,0,0,0
4 x 2048 B,27,654,1989799,9743240,19977450,1990293,0,0,0
4 x 2048 B,28,654,1998253,9784863,19977450,1998792,0,0,0
4 x 2048 B,29,654,1992161,9754697,19977450,1992655,0,0,0
4 x 2048 B,30,654,1992860,9753349,19977450,1993359,0,0,0
4 x 2048 B,31,654,1993955,9763342,19977450,1994446,0,0,0
6 x 2048 B,0,437,2002797,9806798,19995738,2003340,0,0,0
6 x 2048 B,1,437,1993811,9756672,19995738,1994304,0,0,0
6 x 2048 B,2,437,1993780,9762714,19995738,1994279,0,0,0
6 x 2048 B,3,437,1997455,9781063,19995738,1997960,0,0,0
6 x 2048 B,4,437,1994869,9768237,19995738,1995363,0,0,0
6 x 2048 B,5,437,1996104,9768676,19995738,1996598,0,0,0
6 x 2048 B,6,437,1991747,9753168,19995738,1992247,0,0,0
6 x 2048 B,7,437,1991111,9749881,19995738,1991602,0,0,0
6 x 2048 B,8,437,1995601,9771916,19995738,1996095,0,0,0
6 x 2048 B,9,437,1992293,9750410,19995738,1992790,0,0,0
6 x 2048 B,10,437,1993542,9761251,19995738,1994081,0,0,0
6 x 2048 B,11,437,1992867,9757196,19995738,1993363,0,0,0
6 x 2048 B,12,437,1994908,9767524,19995738,1995584,0,0,0
6 x 2048 B,13,437,1995815,9764810,19995738,1996337,0,0,0
6 x 2048 B,14,437,1997533,9777153,19995738,1998319,0,0,0
6 x 2048 B,15,437,1996082,9768867,19995738,1996818,0,0,0
6 x 2048 B,16,437,1998547,9770215,19995738,1999406,0,0,0
6 x 2048 B,17,437,1995140,9756919,19995738,1995805,0,0,0
6 x 2048 B,18,437,1995508,9762845,19995738,1996009,0,0,0
6 x 2048 B,19,437,2006074,9785614,19995738,2001165,0,0,0
6 x 2048 B,20,437,1997386,9777387,19995738,1997900,0,0,0
6 x 2048 B,21,437,1996704,9776801,19995738,1997192,0,0,0
6 x 2048 B,22,437,1997150,9774526,19995738,1997653,0,0,0
6 x 2048 B,23,437,1998153,9778624,19995738,1998644,0,0,0
6 x 2048 B,24,437,1995857,9772254,19995738,1996349,0,0,0
6 x 2048 B,25,437,1992623,9756660,19995738,1993124,0,0,0
6 x 2048 B,26,437,2366439,9762696,19995739,2366940,0,0,0
6 x 2048 B,27,437,1991736,9752628,19995738,1992222,0,0,0
6 x 2048 B,28,437,1995826,9773275,19995738,1996319,0,0,0
6 x 2048 B,29,437,1998827,9785404,19995738,1999321,0,0,0
6 x 2048 B,30,437,1991929,9750735,19995738,1992422,0,0,0
6 x 2048 B,31,437,1993846,9763183,19995738,1994354,0,0,0
8 x 2048 B,0,329,2000245,9792040,20058180,2000776,0,0,0
8 x 2048 B,1,329,2000792,9795162,20058180,2001293,0,0,0
8 x 2048 B,2,329,2000094,9793440,20058180,2000588,0,0,0
8 x 2048 B,3,329,1999734,9791716,20058180,2000255,0,0,0
8 x 2048 B,4,329,1999191,9787022,20058180,1999685,0,0,0
8 x 2048 B,5,329,2001661,9799395,20058180,2002154,0,0,0
8 x 2048 B,6,329,1998597,9786844,20058180,1999094,0,0,0
8 x 2048 B,7,329,1996357,9775391,20058180,1996863,0,0,0
8 x 2048 B,8,329,1999358,9786751,20058180,1999850,0,0,0
8 x 2048 B,9,329,2001257,9796993,20058180,2001757,0,0,0
8 x 2048 B,10,329,1997419,9781185,20058180,1997912,0,0,0
8 x 2048 B,11,329,2006470,9781033,20058180,2000271,0,0,0
8 x 2048 B,12,329,2000955,9792151,20058180,2001481,0,0,0
8 x 2048 B,13,329,2001020,9795789,20058180,2001516,0,0,0
8 x 2048 B,14,329,1998701,9786537,20058180,1999199,0,0,0
8 x 2048 B,15,329,1997084,9777902,20058180,1997582,0,0,0
8 x 2048 B,16,329,2000523,9794256,20058180,2001023,0,0,0
8 x 2048 B,17,329,1998332,9781165,20058180,1998828,0,0,0
8 x 2048 B,18,329,1998054,9782770,20058180,1998549,0,0,0
8 x 2048 B,19,329,1999073,9787262,20058180,2000197,0,0,0
8 x 2048 B,20,329,2003784,9809045,20058180,2004305,0,0,0
8 x 2048 B,21,329,2002232,9796712,20058180,2003086,0,0,0
8 x 2048 B,22,329,1997502,9775403,20058180,1998332,0,0,0
8 x 2048 B,23,329,2001143,9788392,20058180,2002151,0,0,0
8 x 2048 B,24,329,2005842,9796333,20058180,2004676,0,0,0
8 x 2048 B,25,329,2005834,9793925,20058180,2002700,0,0,0
8 x 2048 B,26,329,1998595,9785663,20058180,1999088,0,0,0
8 x 2048 B,27,329,2004232,9813041,20058180,2004733,0,0,0
8 x 2048 B,28,329,2000448,9796943,20058180,2000941,0,0,0
8 x 2048 B,29,329,1998369,9784870,20058180,1998873,0,0,0
8 x 2048 B,30,329,2001047,9797790,20058180,2001544,0,0,0
8 x 2048 B,31,329,2000984,9790001,20058180,2001471,0,0,0
12 x 2048 B,0,220,2007481,9831171,20105286,2008036,0,0,0
12 x 2048 B,1,220,2368249,9807847,20105286,2368741,0,0,0
12 x 2048 B,2,220,2004216,9815140,20105286,2004731,0,0,0
12 x 2048 B,3,220,2005019,9819269,20105286,2005516,0,0,0
12 x 2048 B,4,220,2004473,9816706,20105286,2004972,0,0,0
12 x 2048 B,5,220,2008756,9837855,20105286,2009263,0,0,0
12 x 2048 B,6,220,2002030,9804656,20105286,2002528,0,0,0
12 x 2048 B,7,220,2007806,9830483,20105286,2008296,0,0,0
12 x 2048 B,8,220,2007401,9829998,20105286,2007897,0,0,0
12 x 2048 B,9,220,2005060,9815037,20105286,2005561,0,0,0
12 x 2048 B,10,220,2012958,9820165,20105286,2008155,0,0,0
12 x 2048 B,11,220,2005867,9823462,20105286,2006364,0,0,0
12 x 2048 B,12,220,2002162,9805102,20105286,2002653,0,0,0
12 x 2048 B,13,220,2006300,9825743,20105286,2006795,0,0,0
12 x 2048 B,14,220,2002372,9806575,20105286,2002869,0,0,0
12 x 2048 B,15,220,2002656,9805230,20105286,2003153,0,0,0
12 x 2048 B,16,220,2005256,9821230,20105286,2005753,0,0,0
12 x 2048 B,17,220,2002237,9803077,20105286,2002733,0,0,0
12 x 2048 B,18,220,2005065,9819543,20105286,2005562,0,0,0
12 x 2048 B,19,220,2003874,9812436,20105286,2004367,0,0,0
12 x 2048 B,20,220,2002007,9804387,20105286,2002502,0,0,0
12 x 2048 B,21,220,2007393,9826804,20105286,2007897,0,0,0
12 x 2048 B,22,220,2001681,9803483,20105286,2002170,0,0,0
12 x 2048 B,23,220,2006632,9827262,20105286,2007127,0,0,0
12 x 2048 B,24,220,2004179,9813271,20105286,2004676,0,0,0
12 x 2048 B,25,220,2002412,9804883,20105286,2002968,0,0,0
12 x 2048 B,26,220,2009064,9835633,20105286,2009796,0,0,0
12 x 2048 B,27,220,2007275,9827538,20105286,2007904,0,0,0
12 x 2048 B,28,220,2006555,9817870,20105286,2007280,0,0,0
12 x 2048 B,29,220,2009919,9822352,20105286,2010680,0,0,0
12 x 2048 B,30,220,2007350,9809840,20105286,2008193,0,0,0
12 x 2048 B,31,220,2011200,9818717,20105286,2009728,0,0,0
16 x 2048 B,0,165,2004697,9813417,20098356,2005290,0,0,0
16 x 2048 B,1,165,2001219,9795454,20098356,2001728,0,0,0
16 x 2048 B,2,165,2003374,9810439,20098356,2003878,0,0,0
16 x 2048 B,3,165,2005325,9813997,20098357,2005812,0,0,0
16 x 2048 B,4,165,2002594,9804135,20098356,2003091,0,0,0
16 x 2048 B,5,165,2001947,9801145,20098356,2002438,0,0,0
16 x 2048 B,6,165,2004227,9813662,20098356,2004723,0,0,0
16 x 2048 B,7,165,2001318,9796894,20098356,2001819,0,0,0
16 x 2048 B,8,165,2006714,9806940,20098356,2004546,0,0,0
16 x 2048 B,9,165,2007265,9827139,20098356,2007763,0,0,0
16 x 2048 B,10,165,2373452,9818617,20098356,2373950,0,0,0
16 x 2048 B,11,165,2001883,9804127,20098356,2002371,0,0,0
16 x 2048 B,12,165,2003798,9810296,20098356,2004304,0,0,0
16 x 2048 B,13,165,2003406,9808897,20098356,2003911,0,0,0
16 x 2048 B,14,165,2002281,9805949,20098356,2002777,0,0,0
16 x 2048 B,15,165,2004100,9814186,20098356,2004599,0,0,0
16 x 2048 B,16,165,2001978,9803456,20098356,2002467,0,0,0
16 x 2048 B,17,165,2000230,9795717,20098356,2000744,0,0,0
16 x 2048 B,18,165,2001937,9803134,20098356,2002423,0,0,0
16 x 2048 B,19,165,2004482,9816525,20098356,2004984,0,0,0
16 x 2048 B,20,165,2003740,9810424,20098356,2004233,0,0,0
16 x 2048 B,21,165,2003454,9811426,20098356,2003949,0,0,0
16 x 2048 B,22,165,2007437,9831101,20098356,2007937,0,0,0
16 x 2048 B,23,165,2003595,9809609,20098356,2004084,0,0,0
16 x 2048 B,24,165,2003391,9807733,20098356,2003905,0,0,0
16 x 2048 B,25,165,2005353,9819496,20098356,2005857,0,0,0
16 x 2048 B,26,165,2005935,9823103,20098356,2006417,0,0,0
16 x 2048 B,27,165,2001881,9803978,20098356,2002368,0,0,0
16 x 2048 B,28,165,2002099,9804883,20098356,2002588,0,0,0
16 x 2048 B,29,165,2001191,9800571,20098356,2001680,0,0,0
16 x 2048 B,30,165,2001388,9801220,20098356,2001879,0,0,0
16 x 2048 B,31,165,2001108,9798138,20098356,2001597,0,0,0
24 x 2048 B,0,110,2020500,9886058,20091426,2021028,0,0,0
24 x 2048 B,1,110,2004810,9812951,20091426,2005579,0,0,0
24 x 2048 B,2,110,2007166,9822268,20091426,2007871,0,0,0
24 x 2048 B,3,110,2006236,9818341,20091426,2007581,0,0,0
24 x 2048 B,4,110,2005555,9812939,20091426,2006252,0,0,0
24 x 2048 B,5,110,2004394,9812092,20091426,2004903,0,0,0
24 x 2048 B,6,110,2014002,9818776,20091426,2009402,0,0,0
24 x 2048 B,7,110,2004175,9804710,20091426,2004678,0,0,0
24 x 2048 B,8,110,2003367,9810353,20091426,2003863,0,0,0
24 x 2048 B,9,110,2005065,9815594,20091426,2005551,0,0,0
24 x 2048 B,10,110,2001858,9799059,20091426,2002357,0,0,0
24 x 2048 B,11,110,2003997,9810927,20091426,2004489,0,0,0
24 x 2048 B,12,110,2004813,9814488,20091426,2005308,0,0,0
24 x 2048 B,13,110,2003437,9805418,20091426,2003942,0,0,0
24 x 2048 B,14,110,2003320,9810872,20091426,2003804,0,0,0
24 x 2048 B,15,110,2006149,9824533,20091426,2006638,0,0,0
24 x 2048 B,16,110,2006814,9827168,20091426,2007304,0,0,0
24 x 2048 B,17,110,2002190,9802668,20091426,2002689,0,0,0
24 x 2048 B,18,110,2002657,9807524,20091426,2003150,0,0,0
24 x 2048 B,19,110,2002836,9808722,20091426,2003321,0,0,0
24 x 2048 B,20,110,2004352,9813554,20091426,2004846,0,0,0
24 x 2048 B,21,110,2002371,9806254,20091426,2002860,0,0,0
24 x 2048 B,22,110,2003221,9809770,20091426,2003719,0,0,0
24 x 2048 B,23,110,2001769,9803156,20091426,2002256,0,0,0
24 x 2048 B,24,110,2002253,9805896,20091426,2002747,0,0,0
24 x 2048 B,25,110,2002645,9807997,20091426,2003183,0,0,0
24 x 2048 B,26,110,2002532,9807462,20091426,2003027,0,0,0
24 x 2048 B,27,110,2003285,9810683,20091426,2003782,0,0,0
24 x 2048 B,28,110,2003708,9809381,20091426,2004208,0,0,0
24 x 2048 B,29,110,2003134,9810162,20091426,2003618,0,0,0
24 x 2048 B,30,110,2001292,9798520,20091426,2001786,0,0,0
24 x 2048 B,31,110,2001480,9801877,20091426,2001969,0,0,0
64 x 2048 B,0,42,2039787,9989001,20447898,2040343,0,0,0
64 x 2048 B,1,42,2041496,9995346,20447898,2042006,0,0,0
64 x 2048 B,2,42,2044132,10010775,20447898,2044622,0,0,0
64 x 2048 B,3,42,2039733,9984879,20447899,2040292,0,0,0
64 x 2048 B,4,42,2040413,9991362,20447898,2041143,0,0,0
64 x 2048 B,5,42,2037887,9978924,20447898,2038447,0,0,0
64 x 2048 B,6,42,2048094,9985576,20447898,2043699,0,0,0
64 x 2048 B,7,42,2057095,10071961,20447898,2057609,0,0,0
64 x 2048 B,8,42,2042840,9999257,20447898,2043778,0,0,0
64 x 2048 B,9,42,2046040,10013301,20447898,2047040,0,0,0
64 x 2048 B,10,42,2043409,9985363,20447898,2044278,0,0,0
64 x 2048 B,11,42,2045573,9983885,20447898,2044252,0,0,0
64 x 2048 B,12,42,2049234,9997331,20447898,2044493,0,0,0
64 x 2048 B,13,42,2041401,9994530,20447898,2041954,0,0,0
64 x 2048 B,14,42,2039868,9984362,20447898,2040361,0,0,0
64 x 2048 B,15,42,2041762,9993692,20447898,2042263,0,0,0
64 x 2048 B,16,42,2041538,9997061,20447898,2042044,0,0,0
64 x 2048 B,17,42,2039012,9982345,20447898,2039506,0,0,0
64 x 2048 B,18,42,2040090,9989814,20447898,2040588,0,0,0
64 x 2048 B,19,42,2042196,9998913,20447898,2042686,0,0,0
64 x 2048 B,20,42,2040452,9991914,20447898,2040950,0,0,0
64 x 2048 B,21,42,2039858,9990411,20447898,2040352,0,0,0
64 x 2048 B,22,42,2038291,9979396,20447898,2038785,0,0,0
64 x 2048 B,23,42,2038604,9984121,20447898,2039110,0,0,0
64 x 2048 B,24,42,2042575,10003914,20447898,2043070,0,0,0
64 x 2048 B,25,42,2038846,9985014,20447898,2039340,0,0,0
64 x 2048 B,26,42,2045065,10008357,20447899,2045563,0,0,0
64 x 2048 B,27,42,2038916,9984711,20447898,2039455,0,0,0
64 x 2048 B,28,42,2040998,9991563,20447898,2041516,0,0,0
64 x 2048 B,29,42,2039256,9986423,20447898,2039750,0,0,0
64 x 2048 B,30,42,2038433,9983035,20447898,2038945,0,0,0
64 x 2048 B,31,42,2039470,9988308,20447898,2039956,0,0,0
128 x 2048 B,0,21,2039742,9989180,20445252,2040266,0,0,0
128 x 2048 B,1,21,2040522,9991553,20445252,2041022,0,0,0
128 x 2048 B,2,21,2040201,9991695,20445252,2040689,0,0,0
128 x 2048 B,3,21,2038760,9981502,20445252,2039255,0,0,0
128 x 2048 B,4,21,2046661,9992202,20445252,2047167,0,0,0
128 x 2048 B,5,21,2040210,9988856,20445252,2040721,0,0,0
128 x 2048 B,6,21,2038167,9978295,20445252,2038668,0,0,0
128 x 2048 B,7,21,2039179,9985243,20445252,2039663,0,0,0
128 x 2048 B,8,21,2039395,9987051,20445252,2039882,0,0,0
128 x 2048 B,9,21,2044150,9985636,20445252,2044652,0,0,0
128 x 2048 B,10,21,2038541,9983007,20445252,2039039,0,0,0
128 x 2048 B,11,21,2037260,9975894,20445252,2037755,0,0,0
128 x 2048 B,12,21,2044074,10001914,20445253,2044748,0,0,0
128 x 2048 B,13,21,2043659,9996535,20445253,2044275,0,0,0
128 x 2048 B,14,21,2043000,9999881,20445252,2043706,0,0,0
128 x 2048 B,15,21,2040293,9986196,20445252,2040931,0,0,0
128 x 2048 B,16,21,2053143,9992388,20445252,2050614,0,0,0
128 x 2048 B,17,21,2043013,9980641,20445252,2042049,0,0,0
128 x 2048 B,18,21,2043771,9979476,20445252,2040519,0,0,0
128 x 2048 B,19,21,2040157,9986967,20445252,2040658,0,0,0
128 x 2048 B,20,21,2037138,9976945,20445252,2037641,0,0,0
128 x 2048 B,21,21,2055264,10061865,20445252,2055768,0,0,0
128 x 2048 B,22,21,2039626,9985273,20445252,2040122,0,0,0
128 x 2048 B,23,21,2058132,10071022,20445252,2058641,0,0,0
128 x 2048 B,24,21,2039339,9986251,20445252,2039843,0,0,0
128 x 2048 B,25,21,2040740,9988974,20445252,2041253,0,0,0
128 x 2048 B,26,21,2042279,10000179,20445252,2042804,0,0,0
128 x 2048 B,27,21,2039109,9983471,20445252,2039612,0,0,0
128 x 2048 B,28,21,2043219,10000365,20445252,2043719,0,0,0
128 x 2048 B,29,21,2038282,9979456,20445252,2038778,0,0,0
128 x 2048 B,30,21,2040372,9991532,20445252,2040869,0,0,0
128 x 2048 B,31,21,2043928,10008886,20445252,2044421,0,0,0
129 x 2048 B,0,21,2053988,10056206,20604957,2054514,0,0,0
129 x 2048 B,1,21,2061113,10093154,20604957,2061611,0,0,0
129 x 2048 B,2,21,2055516,10060546,20604957,2056003,0,0,0
129 x 2048 B,3,21,2054896,10062959,20604957,2055390,0,0,0
129 x 2048 B,4,21,2055064,10063053,20604957,2055558,0,0,0
129 x 2048 B,5,21,2055223,10064448,20604957,2055753,0,0,0
129 x 2048 B,6,21,2055374,10065629,20604957,2055878,0,0,0
129 x 2048 B,7,21,2053697,10057065,20604957,2054189,0,0,0
129 x 2048 B,8,21,2053255,10050147,20604957,2053747,0,0,0
129 x 2048 B,9,21,2056738,10068261,20604957,2057250,0,0,0
129 x 2048 B,10,21,2056003,10068677,20604957,2056492,0,0,0
129 x 2048 B,11,21,2055035,10063133,20604957,2055538,0,0,0
129 x 2048 B,12,21,2055932,10067853,20604957,2056422,0,0,0
129 x 2048 B,13,21,2054776,10062324,20604957,2055263,0,0,0
129 x 2048 B,14,21,2057748,10074102,20604957,2058237,0,0,0
129 x 2048 B,15,21,2053803,10056822,20604957,2054300,0,0,0
129 x 2048 B,16,21,2054733,10061777,20604957,2055231,0,0,0
129 x 2048 B,17,21,2057971,10070345,20604958,2058466,0,0,0
129 x 2048 B,18,21,2061024,10090094,20604957,2061683,0,0,0
129 x 2048 B,19,21,2056382,10069068,20604957,2057423,0,0,0
129 x 2048 B,20,21,2057573,10069914,20604957,2058315,0,0,0
129 x 2048 B,21,21,2058024,10068362,20604957,2058667,0,0,0
129 x 2048 B,22,21,2072500,10075193,20604957,2066997,0,0,0
129 x 2048 B,23,21,2059321,10059185,20604957,2058356,0,0,0
129 x 2048 B,24,21,2055367,10060927,20604957,2055882,0,0,0
129 x 2048 B,25,21,2058143,10076104,20604957,2058657,0,0,0
129 x 2048 B,26,21,2055704,10062972,20604957,2056221,0,0,0
129 x 2048 B,27,21,2056953,10073346,20604957,2057445,0,0,0
129 x 2048 B,28,21,2055529,10066971,20604957,2056025,0,0,0
129 x 2048 B,29,21,2053889,10057355,20604957,2054382,0,0,0
129 x 2048 B,30,21,2056585,10068051,20604957,2057080,0,0,0
129 x 2048 B,31,21,2076691,10166136,20604957,2077202,0,0,0
1024 x 2048 B,0,3,2391353,11665038,23363305,2388744,0,0,0
1024 x 2048 B,1,3,2366158,11554797,23363304,2366975,0,0,0
1024 x 2048 B,2,3,2331206,11411882,23363304,2332055,0,0,0
1024 x 2048 B,3,3,2337967,11438273,23363305,2338809,0,0,0
1024 x 2048 B,4,3,2330783,11411689,23363304,2331519,0,0,0
1024 x 2048 B,5,3,2332460,11416622,23363304,2333224,0,0,0
1024 x 2048 B,6,3,2338193,11416034,23363305,2338889,0,0,0
1024 x 2048 B,7,3,2334482,11429239,23363304,2335159,0,0,0
1024 x 2048 B,8,3,2329714,11405241,23363304,2330433,0,0,0
1024 x 2048 B,9,3,2334649,11423990,23363305,2335325,0,0,0
1024 x 2048 B,10,3,2334131,11427886,23363304,2334852,0,0,0
1024 x 2048 B,11,3,2328025,11396056,23363304,2328711,0,0,0
1024 x 2048 B,12,3,2331510,11401648,23363305,2332204,0,0,0
1024 x 2048 B,13,3,2328354,11399176,23363304,2329029,0,0,0
1024 x 2048 B,14,3,2329431,11403740,23363304,2330148,0,0,0
1024 x 2048 B,15,3,2330396,11402061,23363305,2331088,0,0,0
1024 x 2048 B,16,3,2328163,11398468,23363304,2328885,0,0,0
1024 x 2048 B,17,3,2328618,11400335,23363304,2329329,0,0,0
1024 x 2048 B,18,3,2329368,11395155,23363305,2330066,0,0,0
1024 x 2048 B,19,3,2328064,11395833,23363304,2328839,0,0,0
1024 x 2048 B,20,3,2331026,11407706,23363304,2331884,0,0,0
1024 x 2048 B,21,3,2356091,11485375,23363305,2357002,0,0,0
1024 x 2048 B,22,3,2345616,11471725,23363304,2346595,0,0,0
1024 x 2048 B,23,3,2339163,11440581,23363304,2340752,0,0,0
1024 x 2048 B,24,3,2367395,11479232,23363305,2360841,0,0,0
1024 x 2048 B,25,3,2339653,11408497,23363304,2337727,0,0,0
1024 x 2048 B,26,3,2338879,11406402,23363305,2337271,0,0,0
1024 x 2048 B,27,3,2390832,11402042,23363304,2332248,0,0,0
1024 x 2048 B,28,3,2329239,11403233,23363304,2329951,0,0,0
1024 x 2048 B,29,3,2330068,11400135,23363305,2330728,0,0,0
1024 x 2048 B,30,3,2331793,11412796,23363304,2332510,0,0,0
1024 x 2048 B,31,3,2363365,11561533,23363304,2364086,0,0,0
1 x 2047 B,0,1312,1980317,9693178,20244526,1980939,0,0,0
1 x 2047 B,1,1312,1979301,9692115,20244526,1979807,0,0,0
1 x 2047 B,2,1312,1980111,9692610,20244526,1980619,0,0,0
1 x 2047 B,3,1312,2348424,9693950,20244527,2348944,0,0,0
1 x 2047 B,4,1312,1981062,9695639,20244526,1981564,0,0,0
1 x 2047 B,5,1312,1982434,9694766,20244526,1982926,0,0,0
1 x 2047 B,6,1312,1980619,9697253,20244526,1981122,0,0,0
1 x 2047 B,7,1312,1988894,9696113,20244526,1989416,0,0,0
1 x 2047 B,8,1312,1986423,9695703,20244526,1984813,0,0,0
1 x 2047 B,9,1312,1980764,9696169,20244526,1981292,0,0,0
1 x 2047 B,10,1312,1979358,9693094,20244526,1979859,0,0,0
1 x 2047 B,11,1312,1979853,9691605,20244526,1980367,0,0,0
1 x 2047 B,12,1312,1979200,9692796,20244526,1979759,0,0,0
1 x 2047 B,13,1312,1978901,9694820,20244525,1979630,0,0,0
1 x 2047 B,14,1312,1979394,9691609,20244526,1979922,0,0,0
1 x 2047 B,15,1312,1980178,9694625,20244526,1980689,0,0,0
1 x 2047 B,16,1312,1979255,9692010,20244526,1979744,0,0,0
1 x 2047 B,17,1312,1980801,9699899,20244526,1981301,0,0,0
1 x 2047 B,18,1312,1980864,9696534,20244526,1981362,0,0,0
1 x 2047 B,19,1312,1980397,9696132,20244526,1980947,0,0,0
1 x 2047 B,20,1312,1978746,9689571,20244526,1979241,0,0,0
1 x 2047 B,21,1312,1980393,9697853,20244526,1980896,0,0,0
1 x 2047 B,22,1312,1978685,9689092,20244526,1979180,0,0,0
1 x 2047 B,23,1312,1979767,9694142,20244526,1980294,0,0,0
1 x 2047 B,24,1312,1980821,9696089,20244526,1981314,0,0,0
1 x 2047 B,25,1312,2034555,9696163,20244526,1984995,0,0,0
1 x 2047 B,26,1312,1980064,9690765,20244526,1980720,0,0,0
1 x 2047 B,27,1312,1983119,9703937,20244526,1983942,0,0,0
1 x 2047 B,28,1312,1981195,9696333,20244526,1981984,0,0,0
1 x 2047 B,29,1312,1983508,9702973,20244526,1984476,0,0,0
1 x 2047 B,30,1312,1982011,9695689,20244526,1983039,0,0,0
1 x 2047 B,31,1312,1994282,9694909,20244526,1986574,0,0,0
3 x 2047 B,0,444,1999326,9785235,20441238,1999854,0,0,0
3 x 2047 B,1,444,1996956,9778053,20441238,1997447,0,0,0
3 x 2047 B,2,444,1998311,9783314,20441238,1998800,0,0,0
3 x 2047 B,3,444,1997177,9778954,20441238,1997678,0,0,0
3 x 2047 B,4,444,1997304,9779076,20441238,1997799,0,0,0
3 x 2047 B,5,444,1998436,9782872,20441238,1998948,0,0,0
3 x 2047 B,6,444,1997231,9779727,20441238,1997725,0,0,0
3 x 2047 B,7,444,1998141,9778614,20441238,1998636,0,0,0
3 x 2047 B,8,444,1996902,9779477,20441238,1997396,0,0,0
3 x 2047 B,9,444,1997096,9779396,20441238,1997583,0,0,0
3 x 2047 B,10,444,1997308,9780947,20441238,1997804,0,0,0
3 x 2047 B,11,444,1996887,9779333,20441238,1997379,0,0,0
3 x 2047 B,12,444,1998122,9781589,20441238,1998623,0,0,0
3 x 2047 B,13,444,1998358,9780235,20441238,1998858,0,0,0
3 x 2047 B,14,444,1996709,9777859,20441238,1997214,0,0,0
3 x 2047 B,15,444,1997885,9782954,20441238,1998410,0,0,0
3 x 2047 B,16,444,1997136,9780077,20441238,1997626,0,0,0
3 x 2047 B,17,444,1997068,9780258,20441238,1997553,0,0,0
3 x 2047 B,18,444,1997003,9779731,20441238,1997502,0,0,0
3 x 2047 B,19,444,1997184,9780808,20441238,1997683,0,0,0
3 x 2047 B,20,444,1996670,9778493,20441238,1997152,0,0,0
3 x 2047 B,21,444,1997493,9779572,20441238,1997990,0,0,0
3 x 2047 B,22,444,1998384,9783907,20441238,1998878,0,0,0
3 x 2047 B,23,444,1997458,9779377,20441238,1997969,0,0,0
3 x 2047 B,24,444,1997177,9780685,20441238,1997667,0,0,0
3 x 2047 B,25,444,1997979,9783635,20441238,1998478,0,0,0
3 x 2047 B,26,444,1997295,9780886,20441238,1997789,0,0,0
3 x 2047 B,27,444,1997025,9779992,20441238,1997513,0,0,0
3 x 2047 B,28,444,1997495,9782034,20441238,1997987,0,0,0
3 x 2047 B,29,444,1997374,9778944,20441238,1997871,0,0,0
3 x 2047 B,30,444,1996952,9779536,20441238,1997441,0,0,0
3 x 2047 B,31,444,1997088,9777643,20441238,1997639,0,0,0
4 x 2047 B,0,333,2008802,9774196,20427252,2009580,0,0,0
4 x 2047 B,1,333,1996796,9774914,20427252,1997957,0,0,0
4 x 2047 B,2,333,1998024,9776708,20427252,1998656,0,0,0
4 x 2047 B,3,333,1998076,9778652,20427252,1998815,0,0,0
4 x 2047 B,4,333,2002429,9786948,20427252,2003284,0,0,0
4 x 2047 B,5,333,2000626,9771744,20427252,1999310,0,0,0
4 x 2047 B,6,333,2003684,9771708,20427252,1998848,0,0,0
4 x 2047 B,7,333,1997827,9772510,20427252,1998358,0,0,0
4 x 2047 B,8,333,1995304,9770741,20427252,1995792,0,0,0
4 x 2047 B,9,333,1997032,9773669,20427252,1997522,0,0,0
4 x 2047 B,10,333,1995149,9770344,20427252,1995638,0,0,0
4 x 2047 B,11,333,1995322,9772227,20427252,1995814,0,0,0
4 x 2047 B,12,333,2369732,9775719,20427253,2370227,0,0,0
4 x 2047 B,13,333,1995094,9770366,20427252,1995585,0,0,0
4 x 2047 B,14,333,1995999,9774868,20427252,1996527,0,0,0
4 x 2047 B,15,333,1994855,9769097,20427252,1995349,0,0,0
4 x 2047 B,16,333,1995278,9771523,20427252,1995783,0,0,0
4 x 2047 B,17,333,1995487,9772528,20427252,1995984,0,0,0
4 x 2047 B,18,333,1995263,9771668,20427252,1995762,0,0,0
4 x 2047 B,19,333,1996295,9770920,20427252,1996791,0,0,0
4 x 2047 B,20,333,1995357,9771632,20427252,1995863,0,0,0
4 x 2047 B,21,333,1994978,9770071,20427252,1995478,0,0,0
4 x 2047 B,22,333,1996443,9775795,20427252,1996960,0,0,0
4 x 2047 B,23,333,1996642,9770321,20427252,1997136,0,0,0
4 x 2047 B,24,333,1995551,9772056,20427252,1996041,0,0,0
4 x 2047 B,25,333,1995394,9769868,20427252,1995908,0,0,0
4 x 2047 B,26,333,1996179,9771964,20427252,1996675,0,0,0
4 x 2047 B,27,333,1995588,9772126,20427252,1996085,0,0,0
4 x 2047 B,28,333,2000323,9771390,20427252,2000817,0,0,0
4 x 2047 B,29,333,1995508,9772572,20427252,1996005,0,0,0
4 x 2047 B,30,333,1995507,9772685,20427252,1996007,0,0,0
4 x 2047 B,31,333,1995166,9770375,20427252,1995657,0,0,0
6 x 2047 B,0,223,2001197,9800698,20505216,2001721,0,0,0
6 x 2047 B,1,223,2002423,9801339,20505216,2002928,0,0,0
6 x 2047 B,2,223,2002065,9805058,20505216,2002562,0,0,0
6 x 2047 B,3,223,2001628,9802768,20505216,2002124,0,0,0
6 x 2047 B,4,223,2001684,9801224,20505216,2002177,0,0,0
6 x 2047 B,5,223,2001776,9802121,20505216,2002315,0,0,0
6 x 2047 B,6,223,2003310,9809516,20505216,2004031,0,0,0
6 x 2047 B,7,223,2003701,9806203,20505216,2004209,0,0,0
6 x 2047 B,8,223,2005270,9812875,20505216,2005970,0,0,0
6 x 2047 B,9,223,2004592,9809551,20505216,2005395,0,0,0
6 x 2047 B,10,223,2004924,9808009,20505216,2005880,0,0,0
6 x 2047 B,11,223,2008939,9803404,20505216,2007368,0,0,0
6 x 2047 B,12,223,2010915,9805137,20505216,2006071,0,0,0
6 x 2047 B,13,223,2001672,9800703,20505216,2002173,0,0,0
6 x 2047 B,14,223,2001774,9802571,20505216,2002278,0,0,0
6 x 2047 B,15,223,2001528,9800810,20505216,2002030,0,0,0
6 x 2047 B,16,223,2002020,9802596,20505216,2002528,0,0,0
6 x 2047 B,17,223,2002585,9803144,20505216,2003078,0,0,0
6 x 2047 B,18,223,2001352,9800461,20505216,2001847,0,0,0
6 x 2047 B,19,223,2004320,9807176,20505216,2004819,0,0,0
6 x 2047 B,20,223,2371044,9800075,20505216,2371532,0,0,0
6 x 2047 B,21,223,2002092,9804555,20505216,2002581,0,0,0
6 x 2047 B,22,223,2001527,9802154,20505216,2002014,0,0,0
6 x 2047 B,23,223,2001976,9804237,20505216,2002469,0,0,0
6 x 2047 B,24,223,2001206,9800694,20505216,2001699,0,0,0
6 x 2047 B,25,223,2001445,9801569,20505216,2001942,0,0,0
6 x 2047 B,26,223,2003281,9805283,20505216,2003769,0,0,0
6 x 2047 B,27,223,2001605,9802589,20505216,2002099,0,0,0
6 x 2047 B,28,223,2001464,9801737,20505216,2001958,0,0,0
6 x 2047 B,29,223,2002379,9804509,20505216,2002878,0,0,0
6 x 2047 B,30,223,2001758,9803346,20505216,2002251,0,0,0
6 x 2047 B,31,223,2001361,9801375,20505216,2001864,0,0,0
8 x 2047 B,0,167,1997875,9784348,20467552,1998402,0,0,0
8 x 2047 B,1,167,1999036,9786073,20467552,1999539,0,0,0
8 x 2047 B,2,167,1998287,9784169,20467552,1998837,0,0,0
8 x 2047 B,3,167,2001014,9787463,20467552,2001851,0,0,0
8 x 2047 B,4,167,2000283,9791289,20467552,2000850,0,0,0
8 x 2047 B,5,167,1999972,9786995,20467552,2000630,0,0,0
8 x 2047 B,6,167,2002121,9792002,20467552,2002726,0,0,0
8 x 2047 B,7,167,2000852,9788513,20467552,2001591,0,0,0
8 x 2047 B,8,167,2005658,9789779,20467552,2004286,0,0,0
8 x 2047 B,9,167,2024747,9786948,20467552,2021862,0,0,0
8 x 2047 B,10,167,1999963,9787309,20467552,2000479,0,0,0
8 x 2047 B,11,167,1999999,9784845,20467552,2000587,0,0,0
8 x 2047 B,12,167,1999400,9787344,20467552,1999939,0,0,0
8 x 2047 B,13,167,1999610,9782761,20467552,2000221,0,0,0
8 x 2047 B,14,167,2001350,9788655,20467552,2001923,0,0,0
8 x 2047 B,15,167,2003845,9787758,20467552,2004467,0,0,0
8 x 2047 B,16,167,2002364,9790606,20467552,2003025,0,0,0
8 x 2047 B,17,167,2001160,9789933,20467552,2001717,0,0,0
8 x 2047 B,18,167,1999133,9785484,20467552,1999627,0,0,0
8 x 2047 B,19,167,1998995,9787053,20467552,1999492,0,0,0
8 x 2047 B,20,167,1998871,9786034,20467552,1999368,0,0,0
8 x 2047 B,21,167,2011157,9788401,20467552,2003567,0,0,0
8 x 2047 B,22,167,2003748,9800022,20467552,2004833,0,0,0
8 x 2047 B,23,167,2004890,9786306,20467552,2003577,0,0,0
8 x 2047 B,24,167,2006435,9782799,20467552,2002100,0,0,0
8 x 2047 B,25,167,2000618,9791904,20467552,2001127,0,0,0
8 x 2047 B,26,167,1999345,9786572,20467552,1999833,0,0,0
8 x 2047 B,27,167,1999507,9787469,20467552,2000005,0,0,0
8 x 2047 B,28,167,2000030,9787958,20467552,2000532,0,0,0
8 x 2047 B,29,167,1999075,9787106,20467552,1999567,0,0,0
8 x 2047 B,30,167,1998139,9784870,20467552,1998638,0,0,0
8 x 2047 B,31,167,1998811,9787172,20467552,1999306,0,0,0
12 x 2047 B,0,111,1993356,9757527,20399280,1993888,0,0,0
12 x 2047 B,1,111,1991353,9751528,20399280,1991845,0,0,0
12 x 2047 B,2,111,1992273,9754863,20399280,1992778,0,0,0
12 x 2047 B,3,111,1993315,9757761,20399280,1993812,0,0,0
12 x 2047 B,4,111,1997073,9754786,20399281,1995433,0,0,0
12 x 2047 B,5,111,1991496,9752569,20399280,1991999,0,0,0
12 x 2047 B,6,111,1992777,9754280,20399280,1993273,0,0,0
12 x 2047 B,7,111,1995776,9756277,20399280,1996302,0,0,0
12 x 2047 B,8,111,1993052,9755652,20399280,1993549,0,0,0
12 x 2047 B,9,111,1993171,9750865,20399280,1993663,0,0,0
12 x 2047 B,10,111,1992460,9755151,20399280,1992965,0,0,0
12 x 2047 B,11,111,1991418,9752562,20399280,1991927,0,0,0
12 x 2047 B,12,111,1991957,9753945,20399280,1992451,0,0,0
12 x 2047 B,13,111,1992867,9755559,20399280,1993355,0,0,0
12 x 2047 B,14,111,1992093,9754304,20399280,1992588,0,0,0
12 x 2047 B,15,111,1991807,9754458,20399280,1992313,0,0,0
12 x 2047 B,16,111,1992302,9754917,20399280,1992805,0,0,0
12 x 2047 B,17,111,1991874,9751984,20399280,1992376,0,0,0
12 x 2047 B,18,111,1992034,9754237,20399280,1992542,0,0,0
12 x 2047 B,19,111,1992930,9754437,20399280,1993430,0,0,0
12 x 2047 B,20,111,1996731,9772337,20399280,1997429,0,0,0
12 x 2047 B,21,111,1999387,9763373,20399280,1999900,0,0,0
12 x 2047 B,22,111,1997314,9775535,20399280,1998073,0,0,0
12 x 2047 B,23,111,1994443,9758072,20399280,1995430,0,0,0
12 x 2047 B,24,111,2001030,9759472,20399280,2002308,0,0,0
12 x 2047 B,25,111,2001032,9757184,20399280,1999146,0,0,0
12 x 2047 B,26,111,1996409,9752357,20399280,1995106,0,0,0
12 x 2047 B,27,111,1991737,9751995,20399280,1992232,0,0,0
12 x 2047 B,28,111,1992041,9753194,20399280,1992533,0,0,0
12 x 2047 B,29,111,1991283,9751858,20399280,1991781,0,0,0
12 x 2047 B,30,111,1992538,9756835,20399280,1993034,0,0,0
12 x 2047 B,31,111,1992100,9755536,20399280,1992590,0,0,0
16 x 2047 B,0,84,2011845,9846960,20579526,2012375,0,0,0
16 x 2047 B,1,84,2010966,9843233,20579526,2011472,0,0,0
16 x 2047 B,2,84,2009868,9841757,20579526,2010359,0,0,0
16 x 2047 B,3,84,2010261,9843387,20579526,2010758,0,0,0
16 x 2047 B,4,84,2373018,9839179,20579526,2373542,0,0,0
16 x 2047 B,5,84,2010279,9843299,20579526,2010824,0,0,0
16 x 2047 B,6,84,2014195,9840820,20579526,2012910,0,0,0
16 x 2047 B,7,84,2010222,9844041,20579526,2010715,0,0,0
16 x 2047 B,8,84,2010328,9844527,20579526,2010871,0,0,0
16 x 2047 B,9,84,2010253,9843109,20579526,2010747,0,0,0
16 x 2047 B,10,84,2010766,9844246,20579526,2011269,0,0,0
16 x 2047 B,11,84,2009705,9841730,20579526,2010201,0,0,0
16 x 2047 B,12,84,2010173,9843609,20579526,2010666,0,0,0
16 x 2047 B,13,84,2010551,9840534,20579526,2011056,0,0,0
16 x 2047 B,14,84,2011099,9848390,20579526,2011595,0,0,0
16 x 2047 B,15,84,2010881,9843690,20579526,2011370,0,0,0
16 x 2047 B,16,84,2010204,9843802,20579526,2010704,0,0,0
16 x 2047 B,17,84,2009791,9841964,20579526,2010288,0,0,0
16 x 2047 B,18,84,2010563,9844537,20579526,2011066,0,0,0
16 x 2047 B,19,84,2010663,9845458,20579526,2011167,0,0,0
16 x 2047 B,20,84,2011190,9845188,20579526,2011690,0,0,0
16 x 2047 B,21,84,2009781,9841855,20579526,2010267,0,0,0
16 x 2047 B,22,84,2010206,9844292,20579526,2010708,0,0,0
16 x 2047 B,23,84,2010067,9843164,20579526,2010567,0,0,0
16 x 2047 B,24,84,2010913,9847315,20579526,2011413,0,0,0
16 x 2047 B,25,84,2009815,9842014,20579526,2010308,0,0,0
16 x 2047 B,26,84,2010621,9842967,20579526,2011128,0,0,0
16 x 2047 B,27,84,2011714,9848072,20579526,2012317,0,0,0
16 x 2047 B,28,84,2030816,9943038,20579526,2031372,0,0,0
16 x 2047 B,29,84,2015010,9859310,20579526,2016021,0,0,0
16 x 2047 B,30,84,2012340,9846505,20579526,2012971,0,0,0
16 x 2047 B,31,84,2015717,9855322,20579526,2016798,0,0,0
24 x 2047 B,0,56,2020119,9839722,20575998,2013574,0,0,0
24 x 2047 B,1,56,2011215,9846865,20575998,2011721,0,0,0
24 x 2047 B,2,56,2011200,9846734,20575998,2011694,0,0,0
24 x 2047 B,3,56,2009993,9843113,20575998,2010486,0,0,0
24 x 2047 B,4,56,2383386,9843553,20575998,2383882,0,0,0
24 x 2047 B,5,56,2010035,9843411,20575998,2010518,0,0,0
24 x 2047 B,6,56,2011944,9849398,20575998,2012481,0,0,0
24 x 2047 B,7,56,2010467,9843153,20575998,2010952,0,0,0
24 x 2047 B,8,56,2010913,9842843,20575998,2011412,0,0,0
24 x 2047 B,9,56,2012068,9851302,20575998,2012563,0,0,0
24 x 2047 B,10,56,2009880,9842278,20575998,2010370,0,0,0
24 x 2047 B,11,56,2009961,9842453,20575998,2010479,0,0,0
24 x 2047 B,12,56,2009832,9841678,20575998,2010320,0,0,0
24 x 2047 B,13,56,2010327,9845417,20575998,2010813,0,0,0
24 x 2047 B,14,56,2011293,9844127,20575998,2011786,0,0,0
24 x 2047 B,15,56,2009712,9842336,20575998,2010200,0,0,0
24 x 2047 B,16,56,2011891,9847335,20575999,2012445,0,0,0
24 x 2047 B,17,56,2017644,9846342,20575998,2012959,0,0,0
24 x 2047 B,18,56,2010294,9844715,20575998,2010788,0,0,0
24 x 2047 B,19,56,2011039,9848312,20575998,2011603,0,0,0
24 x 2047 B,20,56,2009930,9843400,20575998,2010427,0,0,0
24 x 2047 B,21,56,2010302,9845037,20575998,2010799,0,0,0
24 x 2047 B,22,56,2011219,9844722,20575998,2011735,0,0,0
24 x 2047 B,23,56,2009555,9841656,20575998,2010053,0,0,0
24 x 2047 B,24,56,2010925,9844977,20575998,2011446,0,0,0
24 x 2047 B,25,56,2011292,9844277,20575998,2011807,0,0,0
24 x 2047 B,26,56,2010869,9846506,20575998,2011366,0,0,0
24 x 2047 B,27,56,2009486,9841237,20575998,2009981,0,0,0
24 x 2047 B,28,56,2010200,9844871,20575998,2010699,0,0,0
24 x 2047 B,29,56,2009762,9842347,20575998,2010260,0,0,0
24 x 2047 B,30,56,2009862,9842900,20575998,2010361,0,0,0
24 x 2047 B,31,56,2009770,9842654,20575998,2010265,0,0,0
64 x 2047 B,0,21,2010612,9845293,20571588,2011270,0,0,0
64 x 2047 B,1,21,2012903,9852879,20571588,2013424,0,0,0
64 x 2047 B,2,21,2025002,9865332,20571588,2025807,0,0,0
64 x 2047 B,3,21,2013305,9850484,20571588,2013868,0,0,0
64 x 2047 B,4,21,2013110,9848713,20571588,2013686,0,0,0
64 x 2047 B,5,21,2014300,9849025,20571588,2015482,0,0,0
64 x 2047 B,6,21,2015781,9838971,20571588,2014224,0,0,0
64 x 2047 B,7,21,2029524,9841568,20571588,2025937,0,0,0
64 x 2047 B,8,21,2011116,9844463,20571588,2011616,0,0,0
64 x 2047 B,9,21,2009224,9838236,20571588,2009728,0,0,0
64 x 2047 B,10,21,2010991,9841979,20571588,2011498,0,0,0
64 x 2047 B,11,21,2010607,9842949,20571588,2011100,0,0,0
64 x 2047 B,12,21,2011426,9842545,20571588,2011924,0,0,0
64 x 2047 B,13,21,2010051,9840758,20571588,2010547,0,0,0
64 x 2047 B,14,21,2010438,9843222,20571588,2010930,0,0,0
64 x 2047 B,15,21,2010183,9839473,20571588,2010684,0,0,0
64 x 2047 B,16,21,2010230,9841677,20571588,2010730,0,0,0
64 x 2047 B,17,21,2009161,9839673,20571588,2009664,0,0,0
64 x 2047 B,18,21,2010206,9843112,20571588,2010705,0,0,0
64 x 2047 B,19,21,2009180,9839815,20571588,2009675,0,0,0
64 x 2047 B,20,21,2010013,9842252,20571588,2010513,0,0,0
64 x 2047 B,21,21,2009119,9838378,20571588,2009630,0,0,0
64 x 2047 B,22,21,2010850,9843774,20571588,2011361,0,0,0
64 x 2047 B,23,21,2010802,9846967,20571588,2011300,0,0,0
64 x 2047 B,24,21,2010129,9843104,20571588,2010625,0,0,0
64 x 2047 B,25,21,2009583,9841623,20571588,2010121,0,0,0
64 x 2047 B,26,21,2012945,9845715,20571588,2013453,0,0,0
64 x 2047 B,27,21,2010761,9841107,20571588,2011264,0,0,0
64 x 2047 B,28,21,2010433,9843025,20571588,2010932,0,0,0
64 x 2047 B,29,21,2010340,9841892,20571588,2010842,0,0,0
64 x 2047 B,30,21,2009879,9841219,20571588,2010380,0,0,0
64 x 2047 B,31,21,2009688,9841795,20571588,2010187,0,0,0
128 x 2047 B,0,11,2107566,10313245,21549785,2108102,0,0,0
128 x 2047 B,1,11,2104205,10304674,21549784,2104704,0,0,0
128 x 2047 B,2,11,2104518,10305628,21549784,2105025,0,0,0
128 x 2047 B,3,11,2103665,10302352,21549784,2104159,0,0,0
128 x 2047 B,4,11,2104847,10305362,21549784,2105345,0,0,0
128 x 2047 B,5,11,2104599,10305954,21549784,2105093,0,0,0
128 x 2047 B,6,11,2104940,10307680,21549784,2105437,0,0,0
128 x 2047 B,7,11,2126204,10410012,21549784,2127113,0,0,0
128 x 2047 B,8,11,2117387,10367046,21549784,2118011,0,0,0
128 x 2047 B,9,11,2115105,10341644,21549785,2115783,0,0,0
128 x 2047 B,10,11,2110108,10320213,21549784,2110928,0,0,0
128 x 2047 B,11,11,2107979,10316393,21549784,2108756,0,0,0
128 x 2047 B,12,11,2112057,10306232,21549784,2110038,0,0,0
128 x 2047 B,13,11,2112441,10306672,21549784,2108332,0,0,0
128 x 2047 B,14,11,2111930,10305894,21549784,2107782,0,0,0
128 x 2047 B,15,11,2105501,10307372,21549784,2106055,0,0,0
128 x 2047 B,16,11,2105795,10306715,21549784,2106351,0,0,0
128 x 2047 B,17,11,2121140,10381267,21549784,2121694,0,0,0
128 x 2047 B,18,11,2107304,10306791,21549785,2107858,0,0,0
128 x 2047 B,19,11,2107136,10309407,21549784,2107700,0,0,0
128 x 2047 B,20,11,2105028,10306495,21549784,2105584,0,0,0
128 x 2047 B,21,11,2105258,10308110,21549784,2105799,0,0,0
128 x 2047 B,22,11,2105518,10307527,21549784,2106021,0,0,0
128 x 2047 B,23,11,2105274,10306586,21549784,2105774,0,0,0
128 x 2047 B,24,11,2104580,10305822,21549784,2105090,0,0,0
128 x 2047 B,25,11,2105548,10310660,21549784,2106052,0,0,0
128 x 2047 B,26,11,2105603,10307836,21549784,2106102,0,0,0
128 x 2047 B,27,11,2106878,10309661,21549785,2107380,0,0,0
128 x 2047 B,28,11,2105472,10310099,21549784,2105972,0,0,0
128 x 2047 B,29,11,2104973,10307822,21549784,2105469,0,0,0
128 x 2047 B,30,11,2105671,10308653,21549784,2106169,0,0,0
128 x 2047 B,31,11,2105459,10307194,21549784,2105958,0,0,0
129 x 2047 B,0,11,2121053,10386762,21718128,2121589,0,0,0
129 x 2047 B,1,11,2121702,10387031,21718128,2122190,0,0,0
129 x 2047 B,2,11,2123065,10389087,21718129,2123562,0,0,0
129 x 2047 B,3,11,2121192,10386584,21718128,2121692,0,0,0
129 x 2047 B,4,11,2121752,10387901,21718128,2122248,0,0,0
129 x 2047 B,5,11,2121523,10387025,21718128,2122025,0,0,0
129 x 2047 B,6,11,2120791,10385507,21718128,2121296,0,0,0
129 x 2047 B,7,11,2121242,10387851,21718128,2121746,0,0,0
129 x 2047 B,8,11,2121438,10385821,21718128,2121937,0,0,0
129 x 2047 B,9,11,2120973,10383812,21718128,2121523,0,0,0
129 x 2047 B,10,11,2122848,10388321,21718129,2123391,0,0,0
129 x 2047 B,11,11,2130463,10383018,21718128,2123472,0,0,0
129 x 2047 B,12,11,2122546,10389856,21718128,2123219,0,0,0
129 x 2047 B,13,11,2122071,10389259,21718128,2122759,0,0,0
129 x 2047 B,14,11,2123725,10393607,21718128,2124376,0,0,0
129 x 2047 B,15,11,2122126,10386612,21718128,2122915,0,0,0
129 x 2047 B,16,11,2125406,10393910,21718128,2126143,0,0,0
129 x 2047 B,17,11,2129075,10383996,21718128,2127140,0,0,0
129 x 2047 B,18,11,2130045,10386984,21718129,2125929,0,0,0
129 x 2047 B,19,11,2121544,10384965,21718128,2122045,0,0,0
129 x 2047 B,20,11,2121486,10385949,21718128,2121990,0,0,0
129 x 2047 B,21,11,2120831,10385279,21718128,2121373,0,0,0
129 x 2047 B,22,11,2121529,10386305,21718128,2122031,0,0,0
129 x 2047 B,23,11,2122734,10387909,21718128,2123270,0,0,0
129 x 2047 B,24,11,2121496,10385271,21718128,2122004,0,0,0
129 x 2047 B,25,11,2121053,10383012,21718128,2121566,0,0,0
129 x 2047 B,26,11,2124604,10395553,21718129,2125106,0,0,0
129 x 2047 B,27,11,2121621,10386278,21718128,2122122,0,0,0
129 x 2047 B,28,11,2121542,10386240,21718128,2122042,0,0,0
129 x 2047 B,29,11,2121101,10386822,21718128,2121611,0,0,0
129 x 2047 B,30,11,2121385,10388210,21718128,2121885,0,0,0
129 x 2047 B,31,11,2121350,10385813,21718128,2121852,0,0,0
1024 x 2047 B,0,2,3065007,14996713,31343211,3066248,0,0,0
1024 x 2047 B,1,2,3064471,14996311,31343211,3065236,0,0,0
1024 x 2047 B,2,2,3064570,14995535,31343211,3065362,0,0,0
1024 x 2047 B,3,2,3064625,14995809,31343211,3065404,0,0,0
1024 x 2047 B,4,2,3063374,14993787,31343211,3064149,0,0,0
1024 x 2047 B,5,2,3100871,15120577,31343211,3094123,0,0,0
1024 x 2047 B,6,2,3064566,14993709,31343212,3065338,0,0,0
1024 x 2047 B,7,2,3062423,14989153,31343211,3063164,0,0,0
1024 x 2047 B,8,2,3063518,14995275,31343211,3064262,0,0,0
1024 x 2047 B,9,2,3063093,14993498,31343211,3063884,0,0,0
1024 x 2047 B,10,2,3063987,14993114,31343211,3064903,0,0,0
1024 x 2047 B,11,2,3095640,15133099,31343212,3097188,0,0,0
1024 x 2047 B,12,2,3072264,15024411,31343211,3074005,0,0,0
1024 x 2047 B,13,2,3081604,15064184,31343211,3083048,0,0,0
1024 x 2047 B,14,2,3078680,14985501,31343211,3073870,0,0,0
1024 x 2047 B,15,2,3063843,14992465,31343211,3064525,0,0,0
1024 x 2047 B,16,2,3064493,14992369,31343211,3065189,0,0,0
1024 x 2047 B,17,2,3062537,14990345,31343211,3063207,0,0,0
1024 x 2047 B,18,2,3091944,15129341,31343211,3092610,0,0,0
1024 x 2047 B,19,2,3072985,15034892,31343211,3073690,0,0,0
1024 x 2047 B,20,2,3072767,15033662,31343211,3073456,0,0,0
1024 x 2047 B,21,2,3072825,15032451,31343211,3073498,0,0,0
1024 x 2047 B,22,2,3068985,15013072,31343211,3069652,0,0,0
1024 x 2047 B,23,2,3075866,15036973,31343214,3076553,0,0,0
1024 x 2047 B,24,2,3079190,15053324,31343212,3092029,0,0,0
1024 x 2047 B,25,2,3063794,14996337,31343211,3064461,0,0,0
1024 x 2047 B,26,2,3063269,14989705,31343211,3063941,0,0,0
1024 x 2047 B,27,2,3062940,14989989,31343211,3063603,0,0,0
1024 x 2047 B,28,2,3063029,14992384,31343211,3063697,0,0,0
1024 x 2047 B,29,2,3063590,14989848,31343211,3064247,0,0,0
1024 x 2047 B,30,2,3062749,14991054,31343211,3063434,0,0,0
1024 x 2047 B,31,2,3063876,14992990,31343211,3064538,0,0,0
1 x 2049 B,0,2249,1977965,9685487,20135663,1978519,0,0,0
1 x 2049 B,1,2249,1974529,9664918,20135663,1975024,0,0,0
1 x 2049 B,2,2249,1977692,9681024,20135663,1978190,0,0,0
1 x 2049 B,3,2249,1972034,9652637,20135663,1972543,0,0,0
1 x 2049 B,4,2249,1974362,9667139,20135663,1974859,0,0,0
1 x 2049 B,5,2249,1977064,9680333,20135663,1977560,0,0,0
1 x 2049 B,6,2249,1986267,9721203,20135663,1986962,0,0,0
1 x 2049 B,7,2249,1995135,9764273,20135663,1995697,0,0,0
1 x 2049 B,8,2249,1978462,9679801,20135663,1979276,0,0,0
1 x 2049 B,9,2249,1973722,9659038,20135663,1974365,0,0,0
1 x 2049 B,10,2249,1968410,9630908,20135663,1969318,0,0,0
1 x 2049 B,11,2249,1973714,9650426,20135663,1974240,0,0,0
1 x 2049 B,12,2249,1976700,9617117,20135663,1971704,0,0,0
1 x 2049 B,13,2249,1977633,9677146,20135663,1978156,0,0,0
1 x 2049 B,14,2249,1969944,9644587,20135663,1970437,0,0,0
1 x 2049 B,15,2249,1973001,9652689,20135663,1973494,0,0,0
1 x 2049 B,16,2249,1966053,9624600,20135663,1966545,0,0,0
1 x 2049 B,17,2249,1983004,9704129,20135663,1983492,0,0,0
1 x 2049 B,18,2249,1992023,9752591,20135663,1992515,0,0,0
1 x 2049 B,19,2249,1970540,9648101,20135663,1971027,0,0,0
1 x 2049 B,20,2249,1992679,9751484,20135663,1993188,0,0,0
1 x 2049 B,21,2249,1976561,9677126,20135663,1977054,0,0,0
1 x 2049 B,22,2249,1961696,9611371,20135662,1962190,0,0,0
1 x 2049 B,23,2249,1984335,9721702,20135662,1985058,0,0,0
1 x 2049 B,24,2249,1992514,9758151,20135663,1993002,0,0,0
1 x 2049 B,25,2249,1968763,9640127,20135663,1969253,0,0,0
1 x 2049 B,26,2249,1976949,9681763,20135663,1977438,0,0,0
1 x 2049 B,27,2249,1982274,9705745,20135663,1982773,0,0,0
1 x 2049 B,28,2249,1977826,9682998,20135663,1978315,0,0,0
1 x 2049 B,29,2249,1970232,9645232,20135663,1970733,0,0,0
1 x 2049 B,30,2249,1964689,9621125,20135663,1965181,0,0,0
1 x 2049 B,31,2249,1972310,9657880,20135663,1972803,0,0,0
3 x 2049 B,0,768,1994079,9764249,20434542,1994598,0,0,0
3 x 2049 B,1,768,2000107,9795415,20434542,2000601,0,0,0
3 x 2049 B,2,768,1994866,9767453,20434542,1995365,0,0,0
3 x 2049 B,3,768,2004585,9813884,20434542,2005086,0,0,0
3 x 2049 B,4,768,1995582,9769367,20434542,1996075,0,0,0
3 x 2049 B,5,768,1993322,9761745,20434542,1993811,0,0,0
3 x 2049 B,6,768,1996090,9773434,20434542,1996585,0,0,0
3 x 2049 B,7,768,1997732,9783818,20434542,1998226,0,0,0
3 x 2049 B,8,768,1999784,9792557,20434542,2000277,0,0,0
3 x 2049 B,9,768,1992219,9756359,20434542,1992712,0,0,0
3 x 2049 B,10,768,1994764,9764217,20434542,1995282,0,0,0
3 x 2049 B,11,768,1989561,9740596,20434542,1990062,0,0,0
3 x 2049 B,12,768,1997331,9777702,20434542,1997827,0,0,0
3 x 2049 B,13,768,1996178,9775232,20434542,1996732,0,0,0
3 x 2049 B,14,768,1999174,9786414,20434542,1999748,0,0,0
3 x 2049 B,15,768,1998206,9782613,20434542,1998805,0,0,0
3 x 2049 B,16,768,1999805,9783387,20434542,2000421,0,0,0
3 x 2049 B,17,768,1999035,9782545,20434542,1999623,0,0,0
3 x 2049 B,18,768,2008258,9774329,20434542,2005754,0,0,0
3 x 2049 B,19,768,2001463,9777114,20434542,2000335,0,0,0
3 x 2049 B,20,768,2001917,9775299,20434542,1998972,0,0,0
3 x 2049 B,21,768,1999298,9785941,20434542,1999798,0,0,0
3 x 2049 B,22,768,1993395,9756903,20434542,1993889,0,0,0
3 x 2049 B,23,768,1993627,9754362,20434542,1994116,0,0,0
3 x 2049 B,24,768,1998875,9789408,20434542,1999372,0,0,0
3 x 2049 B,25,768,1990114,9746035,20434542,1990613,0,0,0
3 x 2049 B,26,768,2366174,9769368,20434543,2366650,0,0,0
3 x 2049 B,27,768,1993079,9761038,20434542,1993576,0,0,0
3 x 2049 B,28,768,1991337,9752153,20434542,1991822,0,0,0
3 x 2049 B,29,768,1998850,9788956,20434542,1999339,0,0,0
3 x 2049 B,30,768,1991022,9747539,20434542,1991522,0,0,0
3 x 2049 B,31,768,1991236,9751577,20434542,1991726,0,0,0
4 x 2049 B,0,577,1996742,9775723,20445784,1997258,0,0,0
4 x 2049 B,1,577,1996469,9777229,20445784,1996959,0,0,0
4 x 2049 B,2,577,1994612,9767775,20445784,1995106,0,0,0
4 x 2049 B,3,577,2002078,9804126,20445784,2002564,0,0,0
4 x 2049 B,4,577,1993386,9762126,20445784,1993872,0,0,0
4 x 2049 B,5,577,2002996,9809504,20445784,2003499,0,0,0
4 x 2049 B,6,577,1998289,9785228,20445784,1998786,0,0,0
4 x 2049 B,7,577,1992734,9758665,20445784,1993229,0,0,0
4 x 2049 B,8,577,1997334,9778785,20445784,1997831,0,0,0
4 x 2049 B,9,577,1999677,9792282,20445784,2000165,0,0,0
4 x 2049 B,10,577,1998932,9786359,20445784,1999431,0,0,0
4 x 2049 B,11,577,1995706,9773284,20445784,1996224,0,0,0
4 x 2049 B,12,577,1989436,9742430,20445784,1989931,0,0,0
4 x 2049 B,13,577,1996122,9774975,20445784,1996600,0,0,0
4 x 2049 B,14,577,2003326,9806307,20445784,2003818,0,0,0
4 x 2049 B,15,577,2003577,9812280,20445784,2004063,0,0,0
4 x 2049 B,16,577,1993147,9760623,20445784,1993671,0,0,0
4 x 2049 B,17,577,2005876,9764048,20445785,2006397,0,0,0
4 x 2049 B,18,577,1999413,9767453,20445784,1999927,0,0,0
4 x 2049 B,19,577,2063743,9756952,20445784,2004738,0,0,0
4 x 2049 B,20,577,2012886,9814992,20445784,2035658,0,0,0
4 x 2049 B,21,577,2017531,9810547,20445784,2018142,0,0,0
4 x 2049 B,22,577,2060792,9791039,20445784,2061421,0,0,0
4 x 2049 B,23,577,2019260,9800089,20445784,2015709,0,0,0
4 x 2049 B,24,577,2007926,9794333,20445784,2008598,0,0,0
4 x 2049 B,25,577,2007946,9781793,20445784,2008729,0,0,0
4 x 2049 B,26,577,2005915,9777422,20445784,2006392,0,0,0
4 x 2049 B,27,577,2012153,9761989,20445784,2007518,0,0,0
4 x 2049 B,28,577,2001282,9757912,20445784,2001777,0,0,0
4 x 2049 B,29,577,2014851,9809223,20445784,2015341,0,0,0
4 x 2049 B,30,577,2006167,9792631,20445784,2006676,0,0,0
4 x 2049 B,31,577,2002542,9772767,20445784,2003029,0,0,0
6 x 2049 B,0,384,1992373,9718598,20386158,1992884,0,0,0
6 x 2049 B,1,384,1998424,9727429,20386158,1998915,0,0,0
6 x 2049 B,2,384,1993590,9733245,20386158,1994093,0,0,0
6 x 2049 B,3,384,1990879,9749131,20386158,1991374,0,0,0
6 x 2049 B,4,384,1990543,9741493,20386158,1991020,0,0,0
6 x 2049 B,5,384,1993676,9762329,20386158,1994160,0,0,0
6 x 2049 B,6,384,1989043,9739326,20386158,1989535,0,0,0
6 x 2049 B,7,384,1991305,9749110,20386158,1991796,0,0,0
6 x 2049 B,8,384,1991932,9755174,20386158,1992453,0,0,0
6 x 2049 B,9,384,1986866,9729421,20386158,1987363,0,0,0
6 x 2049 B,10,384,1982816,9709690,20386158,1983306,0,0,0
6 x 2049 B,11,384,1989586,9743565,20386158,1990076,0,0,0
6 x 2049 B,12,384,1987625,9734083,20386158,1988110,0,0,0
6 x 2049 B,13,384,1990165,9746022,20386158,1990652,0,0,0
6 x 2049 B,14,384,1989373,9742828,20386158,1989862,0,0,0
6 x 2049 B,15,384,1992827,9756638,20386158,1993322,0,0,0
6 x 2049 B,16,384,1990028,9745793,20386158,1990519,0,0,0
6 x 2049 B,17,384,1988364,9735372,20386158,1988868,0,0,0
6 x 2049 B,18,384,1997257,9774542,20386158,1997762,0,0,0
6 x 2049 B,19,384,2003164,9738566,20386158,1992741,0,0,0
6 x 2049 B,20,384,1991507,9752657,20386158,1991995,0,0,0
6 x 2049 B,21,384,1994907,9769011,20386158,1995397,0,0,0
6 x 2049 B,22,384,1986790,9729871,20386158,1987286,0,0,0
6 x 2049 B,23,384,1990252,9747074,20386158,1990747,0,0,0
6 x 2049 B,24,384,1986190,9725869,20386158,1986686,0,0,0
6 x 2049 B,25,384,1991418,9749470,20386158,1991911,0,0,0
6 x 2049 B,26,384,1984257,9715867,20386158,1984753,0,0,0
6 x 2049 B,27,384,1991871,9742339,20386158,1992417,0,0,0
6 x 2049 B,28,384,1992216,9753172,20386158,1992844,0,0,0
6 x 2049 B,29,384,1998062,9775236,20386158,1998558,0,0,0
6 x 2049 B,30,384,1990914,9741975,20386158,1991630,0,0,0
6 x 2049 B,31,384,1988638,9731828,20386158,1989194,0,0,0
8 x 2049 B,0,288,1993470,9730005,20374062,1992270,0,0,0
8 x 2049 B,1,288,2000997,9758910,20374062,1996384,0,0,0
8 x 2049 B,2,288,1994052,9762672,20374062,1994550,0,0,0
8 x 2049 B,3,288,1988549,9738209,20374062,1989032,0,0,0
8 x 2049 B,4,288,1990493,9747968,20374062,1990978,0,0,0
8 x 2049 B,5,288,1987640,9732260,20374062,1988123,0,0,0
8 x 2049 B,6,288,1989203,9736709,20374062,1989702,0,0,0
8 x 2049 B,7,288,1996289,9769242,20374062,1996782,0,0,0
8 x 2049 B,8,288,1988335,9737531,20374062,1988823,0,0,0
8 x 2049 B,9,288,1988241,9735979,20374062,1988741,0,0,0
8 x 2049 B,10,288,2349461,9724360,20374062,2349948,0,0,0
8 x 2049 B,11,288,1988709,9739562,20374062,1989238,0,0,0
8 x 2049 B,12,288,1989217,9737928,20374062,1989708,0,0,0
8 x 2049 B,13,288,1992877,9759295,20374062,1993357,0,0,0
8 x 2049 B,14,288,1985400,9720344,20374062,1985892,0,0,0
8 x 2049 B,15,288,1989824,9744508,20374062,1990314,0,0,0
8 x 2049 B,16,288,1985887,9725536,20374062,1986370,0,0,0
8 x 2049 B,17,288,1987773,9732097,20374062,1988274,0,0,0
8 x 2049 B,18,288,1987403,9731851,20374062,1987893,0,0,0
8 x 2049 B,19,288,1985942,9725916,20374062,1986436,0,0,0
8 x 2049 B,20,288,1982468,9708825,20374062,1982958,0,0,0
8 x 2049 B,21,288,1985103,9721432,20374062,1985584,0,0,0
8 x 2049 B,22,288,1995049,9764862,20374062,1995540,0,0,0
8 x 2049 B,23,288,1990795,9749512,20374062,1991281,0,0,0
8 x 2049 B,24,288,1986241,9727192,20374062,1986727,0,0,0
8 x 2049 B,25,288,1989158,9738187,20374062,1989652,0,0,0
8 x 2049 B,26,288,1986483,9727709,20374062,1986988,0,0,0
8 x 2049 B,27,288,1991538,9752079,20374062,1992025,0,0,0
8 x 2049 B,28,288,1989045,9741020,20374062,1989535,0,0,0
8 x 2049 B,29,288,1989291,9742523,20374062,1989787,0,0,0
8 x 2049 B,30,288,1993156,9760613,20374062,1993645,0,0,0
8 x 2049 B,31,288,1983995,9716179,20374062,1984481,0,0,0
12 x 2049 B,0,193,1999518,9788114,20468016,2000085,0,0,0
12 x 2049 B,1,193,2004162,9810802,20468016,2004715,0,0,0
12 x 2049 B,2,193,2001754,9792187,20468016,2002273,0,0,0
12 x 2049 B,3,193,2013988,9830202,20468016,2014605,0,0,0
12 x 2049 B,4,193,2004175,9809148,20468016,2004810,0,0,0
12 x 2049 B,5,193,2001695,9795017,20468016,2002525,0,0,0
12 x 2049 B,6,193,2016600,9816632,20468016,2013916,0,0,0
12 x 2049 B,7,193,2006651,9803285,20468016,2005549,0,0,0
12 x 2049 B,8,193,2003686,9810775,20468016,2004185,0,0,0
12 x 2049 B,9,193,2004758,9817187,20468016,2005244,0,0,0
12 x 2049 B,10,193,1997732,9781124,20468016,1998229,0,0,0
12 x 2049 B,11,193,2002390,9803158,20468016,2002901,0,0,0
12 x 2049 B,12,193,2004646,9816434,20468016,2005146,0,0,0
12 x 2049 B,13,193,2000528,9792520,20468016,2001035,0,0,0
12 x 2049 B,14,193,2003719,9806109,20468016,2004224,0,0,0
12 x 2049 B,15,193,2004826,9814827,20468016,2005327,0,0,0
12 x 2049 B,16,193,2007783,9785783,20468016,2001303,0,0,0
12 x 2049 B,17,193,2000682,9797048,20468016,2001167,0,0,0
12 x 2049 B,18,193,2361199,9782339,20468016,2361698,0,0,0
12 x 2049 B,19,193,2001123,9797336,20468016,2001659,0,0,0
12 x 2049 B,20,193,1999676,9789830,20468016,2000173,0,0,0
12 x 2049 B,21,193,1999871,9793648,20468016,2000370,0,0,0
12 x 2049 B,22,193,1999988,9793254,20468016,2000480,0,0,0
12 x 2049 B,23,193,1999029,9789636,20468016,1999520,0,0,0
12 x 2049 B,24,193,2000334,9795507,20468016,2000832,0,0,0
12 x 2049 B,25,193,1999711,9792727,20468016,2000198,0,0,0
12 x 2049 B,26,193,2004776,9817664,20468016,2005270,0,0,0
12 x 2049 B,27,193,2001964,9800933,20468016,2002448,0,0,0
12 x 2049 B,28,193,2002048,9803859,20468016,2002542,0,0,0
12 x 2049 B,29,193,1995337,9771072,20468016,1995828,0,0,0
12 x 2049 B,30,193,2001514,9800654,20468016,2002008,0,0,0
12 x 2049 B,31,193,1995795,9773443,20468016,1996289,0,0,0
16 x 2049 B,0,145,1998758,9784472,20497276,1999268,0,0,0
16 x 2049 B,1,145,2003568,9810805,20497276,2004067,0,0,0
16 x 2049 B,2,145,2002865,9808030,20497276,2003360,0,0,0
16 x 2049 B,3,145,2000458,9795929,20497276,2000948,0,0,0
16 x 2049 B,4,145,2003182,9810129,20497276,2003692,0,0,0
16 x 2049 B,5,145,2002092,9804162,20497276,2002586,0,0,0
16 x 2049 B,6,145,2000943,9795233,20497276,2001434,0,0,0
16 x 2049 B,7,145,2001925,9802090,20497276,2002469,0,0,0
16 x 2049 B,8,145,2001502,9800514,20497276,2002164,0,0,0
16 x 2049 B,9,145,2002779,9799433,20497276,2003443,0,0,0
16 x 2049 B,10,145,2003544,9806737,20497276,2004203,0,0,0
16 x 2049 B,11,145,2006948,9821100,20497276,2007667,0,0,0
16 x 2049 B,12,145,2008813,9829843,20497276,2009788,0,0,0
16 x 2049 B,13,145,2013131,9808730,20497276,2011285,0,0,0
16 x 2049 B,14,145,2004206,9786535,20497276,2001498,0,0,0
16 x 2049 B,15,145,2007421,9822172,20497276,2008034,0,0,0
16 x 2049 B,16,145,2009131,9830952,20497276,2009740,0,0,0
16 x 2049 B,17,145,2007159,9827726,20497276,2007888,0,0,0
16 x 2049 B,18,145,2002893,9806754,20497276,2003401,0,0,0
16 x 2049 B,19,145,2374631,9811642,20497277,2375137,0,0,0
16 x 2049 B,20,145,2004931,9814477,20497276,2005509,0,0,0
16 x 2049 B,21,145,2009143,9828060,20497276,2009895,0,0,0
16 x 2049 B,22,145,2005473,9793317,20497276,2006230,0,0,0
16 x 2049 B,23,145,2038729,9946312,20497276,2039980,0,0,0
16 x 2049 B,24,145,2002686,9798026,20497276,2003358,0,0,0
16 x 2049 B,25,145,2015928,9822788,20497276,2010412,0,0,0
16 x 2049 B,26,145,2002164,9800999,20497276,2002683,0,0,0
16 x 2049 B,27,145,2003864,9807789,20497276,2004376,0,0,0
16 x 2049 B,28,145,2004195,9814721,20497276,2004682,0,0,0
16 x 2049 B,29,145,2003464,9806717,20497276,2004007,0,0,0
16 x 2049 B,30,145,2009237,9828225,20497276,2009748,0,0,0
16 x 2049 B,31,145,2002848,9805063,20497276,2003347,0,0,0
24 x 2049 B,0,97,2010900,9847221,20561844,2011415,0,0,0
24 x 2049 B,1,97,2009387,9840682,20561844,2009882,0,0,0
24 x 2049 B,2,97,2386806,9842177,20561844,2387306,0,0,0
24 x 2049 B,3,97,1999978,9795406,20561844,2000481,0,0,0
24 x 2049 B,4,97,2009931,9842664,20561844,2010424,0,0,0
24 x 2049 B,5,97,2005959,9823494,20561844,2006459,0,0,0
24 x 2049 B,6,97,2011681,9850059,20561844,2012181,0,0,0
24 x 2049 B,7,97,2010933,9844166,20561844,2011427,0,0,0
24 x 2049 B,8,97,2009227,9838426,20561844,2009728,0,0,0
24 x 2049 B,9,97,2005724,9820097,20561844,2006228,0,0,0
24 x 2049 B,10,97,2005981,9819721,20561844,2006471,0,0,0
24 x 2049 B,11,97,2008794,9838222,20561844,2009273,0,0,0
24 x 2049 B,12,97,2014633,9865933,20561844,2015131,0,0,0
24 x 2049 B,13,97,2008693,9833514,20561844,2009196,0,0,0
24 x 2049 B,14,97,2008885,9836156,20561844,2009384,0,0,0
24 x 2049 B,15,97,2007404,9829440,20561844,2008014,0,0,0
24 x 2049 B,16,97,2035970,9963992,20561844,2036768,0,0,0
24 x 2049 B,17,97,2009491,9834967,20561844,2010232,0,0,0
24 x 2049 B,18,97,2010820,9840759,20561844,2011316,0,0,0
24 x 2049 B,19,97,2004082,9811353,20561844,2004859,0,0,0
24 x 2049 B,20,97,2025340,9841861,20561845,2022474,0,0,0
24 x 2049 B,21,97,2020795,9815519,20561844,2014570,0,0,0
24 x 2049 B,22,97,2012721,9851429,20561844,2013239,0,0,0
24 x 2049 B,23,97,2009930,9837773,20561844,2010435,0,0,0
24 x 2049 B,24,97,2005865,9822494,20561844,2006366,0,0,0
24 x 2049 B,25,97,2005617,9822485,20561844,2006112,0,0,0
24 x 2049 B,26,97,2374998,9813305,20561844,2375494,0,0,0
24 x 2049 B,27,97,2003548,9813484,20561844,2004036,0,0,0
24 x 2049 B,28,97,2003640,9812611,20561844,2004135,0,0,0
24 x 2049 B,29,97,2008316,9835345,20561844,2008800,0,0,0
24 x 2049 B,30,97,2011026,9842570,20561844,2011532,0,0,0
24 x 2049 B,31,97,2006941,9829832,20561844,2007440,0,0,0
64 x 2049 B,0,37,2039404,9985190,20907364,2039927,0,0,0
64 x 2049 B,1,37,2041104,9995820,20907364,2041605,0,0,0
64 x 2049 B,2,37,2039339,9988469,20907364,2039827,0,0,0
64 x 2049 B,3,37,2050761,10018822,20907364,2051265,0,0,0
64 x 2049 B,4,37,2043408,10007020,20907364,2043902,0,0,0
64 x 2049 B,5,37,2042807,10002665,20907364,2043299,0,0,0
64 x 2049 B,6,37,2039833,9988044,20907364,2040359,0,0,0
64 x 2049 B,7,37,2050132,10039257,20907364,2050632,0,0,0
64 x 2049 B,8,37,2040890,9991488,20907364,2041386,0,0,0
64 x 2049 B,9,37,2041014,9989073,20907365,2041513,0,0,0
64 x 2049 B,10,37,2045453,10017226,20907364,2045965,0,0,0
64 x 2049 B,11,37,2043838,10008273,20907364,2044337,0,0,0
64 x 2049 B,12,37,2045445,10017365,20907364,2045941,0,0,0
64 x 2049 B,13,37,2043102,10004102,20907364,2043601,0,0,0
64 x 2049 B,14,37,2049566,10037965,20907364,2050062,0,0,0
64 x 2049 B,15,37,2040441,9991213,20907364,2040948,0,0,0
64 x 2049 B,16,37,2045476,10014679,20907364,2045969,0,0,0
64 x 2049 B,17,37,2045003,10013015,20907364,2045490,0,0,0
64 x 2049 B,18,37,2037665,9979931,20907364,2038166,0,0,0
64 x 2049 B,19,37,2043102,10002612,20907364,2043635,0,0,0
64 x 2049 B,20,37,2046069,10019561,20907364,2046562,0,0,0
64 x 2049 B,21,37,2044123,10008073,20907364,2044862,0,0,0
64 x 2049 B,22,37,2045318,10013349,20907364,2045853,0,0,0
64 x 2049 B,23,37,2047273,10018166,20907364,2048052,0,0,0
64 x 2049 B,24,37,2041541,9989961,20907364,2042127,0,0,0
64 x 2049 B,25,37,2047449,10014809,20907364,2048385,0,0,0
64 x 2049 B,26,37,2049785,10020869,20907364,2050387,0,0,0
64 x 2049 B,27,37,2059372,10018574,20907364,2052178,0,0,0
64 x 2049 B,28,37,2038918,9976817,20907364,2039460,0,0,0
64 x 2049 B,29,37,2041166,9990144,20907365,2041712,0,0,0
64 x 2049 B,30,37,2042314,9996814,20907364,2042856,0,0,0
64 x 2049 B,31,37,2046000,10015691,20907364,2046516,0,0,0
128 x 2049 B,0,19,2093341,10252295,21470024,2093862,0,0,0
128 x 2049 B,1,19,2462904,10247613,21470024,2463398,0,0,0
128 x 2049 B,2,19,2100094,10277874,21470025,2100686,0,0,0
128 x 2049 B,3,19,2098000,10270964,21470024,2098774,0,0,0
128 x 2049 B,4,19,2099534,10282430,21470024,2100053,0,0,0
128 x 2049 B,5,19,2095673,10262463,21470024,2096172,0,0,0
128 x 2049 B,6,19,2093602,10252712,21470024,2094096,0,0,0
128 x 2049 B,7,19,2097208,10270074,21470024,2097700,0,0,0
128 x 2049 B,8,19,2094727,10253966,21470024,2095230,0,0,0
128 x 2049 B,9,19,2097968,10273658,21470024,2098475,0,0,0
128 x 2049 B,10,19,2104785,10260971,21470024,2098231,0,0,0
128 x 2049 B,11,19,2096085,10264157,21470024,2096582,0,0,0
128 x 2049 B,12,19,2098890,10278152,21470024,2099389,0,0,0
128 x 2049 B,13,19,2101566,10282756,21470025,2102060,0,0,0
128 x 2049 B,14,19,2092687,10247665,21470024,2093185,0,0,0
128 x 2049 B,15,19,2093757,10253841,21470024,2094240,0,0,0
128 x 2049 B,16,19,2098846,10278531,21470024,2099341,0,0,0
128 x 2049 B,17,19,2096520,10267763,21470024,2097024,0,0,0
128 x 2049 B,18,19,2096403,10265566,21470024,2096900,0,0,0
128 x 2049 B,19,19,2095507,10259594,21470024,2095992,0,0,0
128 x 2049 B,20,19,2099627,10282249,21470024,2100117,0,0,0
128 x 2049 B,21,19,2097701,10272725,21470024,2098190,0,0,0
128 x 2049 B,22,19,2099146,10279754,21470024,2099645,0,0,0
128 x 2049 B,23,19,2096341,10262054,21470025,2096839,0,0,0
128 x 2049 B,24,19,2097642,10267940,21470024,2098137,0,0,0
128 x 2049 B,25,19,2098136,10274450,21470024,2098635,0,0,0
128 x 2049 B,26,19,2107035,10315591,21470024,2107648,0,0,0
128 x 2049 B,27,19,2100107,10282629,21470024,2100703,0,0,0
128 x 2049 B,28,19,2101690,10284238,21470024,2102411,0,0,0
128 x 2049 B,29,19,2098210,10270473,21470024,2098832,0,0,0
128 x 2049 B,30,19,2101608,10276303,21470024,2102621,0,0,0
128 x 2049 B,31,19,2106279,10277562,21470024,2104295,0,0,0
129 x 2049 B,0,18,2003076,9803205,20498928,2003644,0,0,0
129 x 2049 B,1,18,2001360,9798110,20498928,2001943,0,0,0
129 x 2049 B,2,18,2000674,9794542,20498928,2001183,0,0,0
129 x 2049 B,3,18,2008678,9827398,20498928,2009243,0,0,0
129 x 2049 B,4,18,2005401,9818634,20498928,2005909,0,0,0
129 x 2049 B,5,18,1998003,9779111,20498928,1998508,0,0,0
129 x 2049 B,6,18,2003931,9812299,20498928,2004438,0,0,0
129 x 2049 B,7,18,1998480,9783171,20498928,1998974,0,0,0
129 x 2049 B,8,18,2367692,9814774,20498928,2368208,0,0,0
129 x 2049 B,9,18,1998757,9787477,20498928,1999256,0,0,0
129 x 2049 B,10,18,2002000,9803910,20498928,2002498,0,0,0
129 x 2049 B,11,18,2001557,9801392,20498928,2002069,0,0,0
129 x 2049 B,12,18,1998000,9781408,20498928,1998504,0,0,0
129 x 2049 B,13,18,2003844,9812892,20498928,2004333,0,0,0
129 x 2049 B,14,18,2003811,9812555,20498928,2004305,0,0,0
129 x 2049 B,15,18,2005702,9820902,20498928,2006201,0,0,0
129 x 2049 B,16,18,2000669,9793973,20498928,2001174,0,0,0
129 x 2049 B,17,18,1998325,9784941,20498928,1998834,0,0,0
129 x 2049 B,18,18,2004340,9811483,20498928,2004839,0,0,0
129 x 2049 B,19,18,2002497,9805468,20498928,2002988,0,0,0
129 x 2049 B,20,18,2002673,9803675,20498928,2003164,0,0,0
129 x 2049 B,21,18,2003496,9811347,20498928,2003983,0,0,0
129 x 2049 B,22,18,2007102,9828577,20498928,2007593,0,0,0
129 x 2049 B,23,18,2005060,9818239,20498928,2005557,0,0,0
129 x 2049 B,24,18,2005138,9818628,20498928,2005637,0,0,0
129 x 2049 B,25,18,2003811,9809628,20498928,2004309,0,0,0
129 x 2049 B,26,18,2001745,9802487,20498928,2002251,0,0,0
129 x 2049 B,27,18,2000653,9796681,20498928,2001152,0,0,0
129 x 2049 B,28,18,2001108,9799071,20498928,2001610,0,0,0
129 x 2049 B,29,18,2003657,9809531,20498928,2004159,0,0,0
129 x 2049 B,30,18,1998611,9784784,20498928,1999108,0,0,0
129 x 2049 B,31,18,2001765,9796719,20498928,2002315,0,0,0
1024 x 2049 B,0,3,2679467,13094075,27117289,2681287,0,0,0
1024 x 2049 B,1,3,2662808,13015655,27117289,2663847,0,0,0
1024 x 2049 B,2,3,2681036,13113704,27117288,2682208,0,0,0
1024 x 2049 B,3,3,2685499,13020007,27117289,2675910,0,0,0
1024 x 2049 B,4,3,2667233,13003340,27117289,2661844,0,0,0
1024 x 2049 B,5,3,2652989,12984255,27117288,2653814,0,0,0
1024 x 2049 B,6,3,2656514,12991904,27117289,2657238,0,0,0
1024 x 2049 B,7,3,2656375,12995312,27117289,2657208,0,0,0
1024 x 2049 B,8,3,2648415,12963450,27117288,2649110,0,0,0
1024 x 2049 B,9,3,2652195,12971258,27117289,2652954,0,0,0
1024 x 2049 B,10,3,2658074,13000487,27117289,2658750,0,0,0
1024 x 2049 B,11,3,3013962,12961500,27117289,3014644,0,0,0
1024 x 2049 B,12,3,2650867,12979294,27117288,2651595,0,0,0
1024 x 2049 B,13,3,2657474,13002380,27117289,2658179,0,0,0
1024 x 2049 B,14,3,2647607,12954777,27117289,2648316,0,0,0
1024 x 2049 B,15,3,2646072,12953308,27117288,2646786,0,0,0
1024 x 2049 B,16,3,2655087,12992685,27117289,2655806,0,0,0
1024 x 2049 B,17,3,2656500,12991022,27117289,2657203,0,0,0
1024 x 2049 B,18,3,2650648,12976953,27117288,2651353,0,0,0
1024 x 2049 B,19,3,2653246,12982224,27117289,2653965,0,0,0
1024 x 2049 B,20,3,2654225,12982744,27117289,2654871,0,0,0
1024 x 2049 B,21,3,2656231,13002376,27117288,2656937,0,0,0
1024 x 2049 B,22,3,2668002,13049437,27117289,2668715,0,0,0
1024 x 2049 B,23,3,2645259,12951823,27117288,2645977,0,0,0
1024 x 2049 B,24,3,2654350,12985555,27117289,2655076,0,0,0
1024 x 2049 B,25,3,2657372,13001348,27117289,2658069,0,0,0
1024 x 2049 B,26,3,2647413,12962648,27117288,2648135,0,0,0
1024 x 2049 B,27,3,2654348,12988806,27117289,2655089,0,0,0
1024 x 2049 B,28,3,2658642,12997895,27117289,2659557,0,0,0
1024 x 2049 B,29,3,2661058,13024783,27117288,2662091,0,0,0
1024 x 2049 B,30,3,2666808,13042705,27117289,2667759,0,0,0
1024 x 2049 B,31,3,2679284,13090712,27117289,2680776,0,0,0
