point,sample,calls,wall_ns,p_cycles,p_instructions,p_ns,e_cycles,e_instructions,e_ns
1 x 64 B,0,28752,1302800,6372668,20903070,1303457,0,0,0
1 x 64 B,1,28752,1298612,6350190,20903069,1299124,0,0,0
1 x 64 B,2,28752,1306629,6358903,20903069,1301156,0,0,0
1 x 64 B,3,28752,1307904,6374066,20903070,1308443,0,0,0
1 x 64 B,4,28752,1302216,6378531,20903069,1302720,0,0,0
1 x 64 B,5,28752,1299561,6366406,20903069,1300083,0,0,0
1 x 64 B,6,28752,1297489,6350243,20903070,1297999,0,0,0
1 x 64 B,7,28752,1319457,6462626,20903069,1319985,0,0,0
1 x 64 B,8,28752,1298007,6356078,20903069,1298501,0,0,0
1 x 64 B,9,28752,1299619,6365133,20903069,1300155,0,0,0
1 x 64 B,10,28752,1299499,6359052,20903070,1300030,0,0,0
1 x 64 B,11,28752,1299611,6364341,20903069,1300124,0,0,0
1 x 64 B,12,28752,1296887,6351270,20903069,1297393,0,0,0
1 x 64 B,13,28752,1298521,6353050,20903070,1299042,0,0,0
1 x 64 B,14,28752,1298444,6358949,20903069,1299236,0,0,0
1 x 64 B,15,28752,1299206,6360981,20903069,1299763,0,0,0
1 x 64 B,16,28752,1305983,6367014,20903070,1306708,0,0,0
1 x 64 B,17,28752,1306124,6378626,20903069,1306758,0,0,0
1 x 64 B,18,28752,1301978,6372183,20903069,1302625,0,0,0
1 x 64 B,19,28752,1300864,6369959,20903069,1301852,0,0,0
1 x 64 B,20,28752,1308412,6392107,20903070,1309123,0,0,0
1 x 64 B,21,28752,1316144,6382825,20903069,1313556,0,0,0
1 x 64 B,22,28752,1301621,6369396,20903069,1302197,0,0,0
1 x 64 B,23,28752,1314689,6350716,20903070,1303623,0,0,0
1 x 64 B,24,28752,1300935,6367563,20903069,1301448,0,0,0
1 x 64 B,25,28752,1297277,6352683,20903069,1297772,0,0,0
1 x 64 B,26,28752,1301798,6368363,20903070,1302345,0,0,0
1 x 64 B,27,28752,1300314,6367745,20903069,1300821,0,0,0
1 x 64 B,28,28752,1295468,6344581,20903069,1295982,0,0,0
1 x 64 B,29,28752,1304556,6378674,20903070,1305081,0,0,0
1 x 64 B,30,28752,1298083,6357374,20903069,1298593,0,0,0
1 x 64 B,31,28752,1303152,6379165,20903069,1303674,0,0,0
3 x 64 B,0,17918,1568506,7675672,20856918,1569048,0,0,0
3 x 64 B,1,17918,1571425,7694254,20856917,1571929,0,0,0
3 x 64 B,2,17918,1576202,7713752,20856918,1576721,0,0,0
3 x 64 B,3,17918,1564696,7664213,20856917,1565206,0,0,0
3 x 64 B,4,17918,1569943,7685078,20856918,1570455,0,0,0
3 x 64 B,5,17918,1577472,7719365,20856918,1577976,0,0,0
3 x 64 B,6,17918,1569230,7684617,20856917,1569725,0,0,0
3 x 64 B,7,17918,1570046,7685953,20856918,1570548,0,0,0
3 x 64 B,8,17918,1564979,7666988,20856917,1565458,0,0,0
3 x 64 B,9,17918,1575173,7711467,20856918,1575669,0,0,0
3 x 64 B,10,17918,1562407,7653213,20856917,1562916,0,0,0
3 x 64 B,11,17918,1572305,7695980,20856918,1572804,0,0,0
3 x 64 B,12,17918,1566100,7663550,20856918,1566602,0,0,0
3 x 64 B,13,17918,1572832,7691543,20856917,1573338,0,0,0
3 x 64 B,14,17918,1572495,7694990,20856918,1572989,0,0,0
3 x 64 B,15,17918,1571224,7696579,20856917,1571732,0,0,0
3 x 64 B,16,17918,1567894,7675163,20856918,1568411,0,0,0
3 x 64 B,17,17918,1565391,7665272,20856917,1565891,0,0,0
3 x 64 B,18,17918,1570042,7685550,20856918,1570543,0,0,0
3 x 64 B,19,17918,1568653,7678863,20856918,1569157,0,0,0
3 x 64 B,20,17918,1564680,7664351,20856917,1565185,0,0,0
3 x 64 B,21,17918,1565261,7661652,20856918,1565760,0,0,0
3 x 64 B,22,17918,1568435,7682619,20856917,1568931,0,0,0
3 x 64 B,23,17918,1575287,7708895,20856918,1575786,0,0,0
3 x 64 B,24,17918,1571691,7695103,20856917,1572200,0,0,0
3 x 64 B,25,17918,1571759,7689920,20856918,1572301,0,0,0
3 x 64 B,26,17918,1571012,7683928,20856918,1571552,0,0,0
3 x 64 B,27,17918,1560443,7642778,20856917,1561066,0,0,0
3 x 64 B,28,17918,1566139,7664163,20856918,1566697,0,0,0
3 x 64 B,29,17918,1571637,7697584,20856917,1572190,0,0,0
3 x 64 B,30,17918,1572587,7691558,20856918,1573137,0,0,0
3 x 64 B,31,17918,1570857,7693866,20856917,1571354,0,0,0
4 x 64 B,0,23368,1588271,7773103,29070158,1588812,0,0,0
4 x 64 B,1,23368,1586499,7764855,29070158,1587104,0,0,0
4 x 64 B,2,23368,1584642,7759706,29070157,1585359,0,0,0
4 x 64 B,3,23368,1590728,7770836,29070159,1591296,0,0,0
4 x 64 B,4,23368,1594681,7805278,29070157,1595994,0,0,0
4 x 64 B,5,23368,1589771,7775629,29070158,1590513,0,0,0
4 x 64 B,6,23368,1592785,7787697,29070158,1593607,0,0,0
4 x 64 B,7,23368,1589935,7779843,29070157,1591040,0,0,0
4 x 64 B,8,23368,1587673,7763983,29070158,1588258,0,0,0
4 x 64 B,9,23368,1592270,7757566,29070157,1587024,0,0,0
4 x 64 B,10,23368,1585982,7757973,29070158,1586487,0,0,0
4 x 64 B,11,23368,1580046,7736684,29070158,1580597,0,0,0
4 x 64 B,12,23368,1583998,7759322,29070157,1584763,0,0,0
4 x 64 B,13,23368,1586554,7764616,29070158,1587065,0,0,0
4 x 64 B,14,23368,1581767,7747706,29070157,1582264,0,0,0
4 x 64 B,15,23368,1586368,7760830,29070158,1586887,0,0,0
4 x 64 B,16,23368,1582481,7751430,29070157,1582960,0,0,0
4 x 64 B,17,23368,1590235,7779804,29070158,1590759,0,0,0
4 x 64 B,18,23368,1587129,7767178,29070158,1587639,0,0,0
4 x 64 B,19,23368,1985570,7771785,29070158,1986149,0,0,0
4 x 64 B,20,23368,1584811,7763309,29070157,1585302,0,0,0
4 x 64 B,21,23368,1584889,7756882,29070158,1585385,0,0,0
4 x 64 B,22,23368,1583918,7758528,29070157,1584486,0,0,0
4 x 64 B,23,23368,1585323,7760897,29070158,1585878,0,0,0
4 x 64 B,24,23368,1590117,7780411,29070158,1590690,0,0,0
4 x 64 B,25,23368,1579444,7737060,29070157,1579927,0,0,0
4 x 64 B,26,23368,1584071,7755831,29070158,1584557,0,0,0
4 x 64 B,27,23368,1588284,7781186,29070157,1588845,0,0,0
4 x 64 B,28,23368,1587143,7769852,29070158,1587697,0,0,0
4 x 64 B,29,23368,1583909,7759343,29070157,1584392,0,0,0
4 x 64 B,30,23368,1592598,7796213,29070158,1593154,0,0,0
4 x 64 B,31,23368,1582671,7747363,29070158,1583167,0,0,0
6 x 64 B,0,14956,1636625,8017337,25634949,1637144,0,0,0
6 x 64 B,1,14956,1644039,8049682,25634950,1644557,0,0,0
6 x 64 B,2,14956,1641160,8036483,25634950,1641637,0,0,0
6 x 64 B,3,14956,1641393,8041874,25634949,1641860,0,0,0
6 x 64 B,4,14956,1644503,8051220,25634950,1644998,0,0,0
6 x 64 B,5,14956,1639401,8031552,25634949,1639894,0,0,0
6 x 64 B,6,14956,1641253,8035921,25634950,1641758,0,0,0
6 x 64 B,7,14956,1639338,8026231,25634950,1639831,0,0,0
6 x 64 B,8,14956,1647265,8026261,25634949,1647755,0,0,0
6 x 64 B,9,14956,1662913,8023888,25634950,1663462,0,0,0
6 x 64 B,10,14956,1640893,8034119,25634950,1641393,0,0,0
6 x 64 B,11,14956,1643371,8051148,25634949,1643862,0,0,0
6 x 64 B,12,14956,1640017,8022059,25634950,1640499,0,0,0
6 x 64 B,13,14956,1643051,8045849,25634950,1643557,0,0,0
6 x 64 B,14,14956,1642133,8043753,25634949,1642643,0,0,0
6 x 64 B,15,14956,1640787,8033408,25634950,1641278,0,0,0
6 x 64 B,16,14956,1643304,8044146,25634950,1643807,0,0,0
6 x 64 B,17,14956,1640485,8036309,25634949,1641001,0,0,0
6 x 64 B,18,14956,1644303,8048025,25634950,1645071,0,0,0
6 x 64 B,19,14956,1644557,8046909,25634950,1645068,0,0,0
6 x 64 B,20,14956,1642271,8044148,25634949,1643019,0,0,0
6 x 64 B,21,14956,1651313,8076558,25634950,1651931,0,0,0
6 x 64 B,22,14956,1640150,8027767,25634949,1640782,0,0,0
6 x 64 B,23,14956,1650922,8068641,25634950,1651901,0,0,0
6 x 64 B,24,14956,1650411,8043037,25634950,1649202,0,0,0
6 x 64 B,25,14956,1637995,8024476,25634949,1638469,0,0,0
6 x 64 B,26,14956,1655014,8020588,25634950,1644791,0,0,0
6 x 64 B,27,14956,1640220,8027037,25634950,1640721,0,0,0
6 x 64 B,28,14956,1640626,8033798,25634949,1641171,0,0,0
6 x 64 B,29,14956,1641738,8038459,25634950,1642281,0,0,0
6 x 64 B,30,14956,1640368,8030618,25634950,1640864,0,0,0
6 x 64 B,31,14956,1671979,8043140,25634949,1672562,0,0,0
8 x 64 B,0,17459,1726230,8448142,26590423,1726825,0,0,0
8 x 64 B,1,17459,1724817,8445433,26590423,1725334,0,0,0
8 x 64 B,2,17459,1721646,8434228,26590422,1722155,0,0,0
8 x 64 B,3,17459,2120899,8465958,26590424,2121508,0,0,0
8 x 64 B,4,17459,1722845,8439878,26590422,1723356,0,0,0
8 x 64 B,5,17459,1728301,8454810,26590423,1728818,0,0,0
8 x 64 B,6,17459,1724042,8441851,26590423,1724609,0,0,0
8 x 64 B,7,17459,1726919,8454381,26590423,1727437,0,0,0
8 x 64 B,8,17459,1722204,8437259,26590422,1722695,0,0,0
8 x 64 B,9,17459,1727379,8457121,26590423,1727899,0,0,0
8 x 64 B,10,17459,1724702,8441569,26590423,1725214,0,0,0
8 x 64 B,11,17459,1724113,8446970,26590422,1724621,0,0,0
8 x 64 B,12,17459,1726798,8451129,26590423,1727311,0,0,0
8 x 64 B,13,17459,1725407,8447717,26590423,1725910,0,0,0
8 x 64 B,14,17459,1726508,8452302,26590423,1727017,0,0,0
8 x 64 B,15,17459,1722427,8438657,26590422,1722899,0,0,0
8 x 64 B,16,17459,1723858,8439945,26590423,1724360,0,0,0
8 x 64 B,17,17459,1724717,8444384,26590423,1725205,0,0,0
8 x 64 B,18,17459,1724049,8446594,26590422,1724545,0,0,0
8 x 64 B,19,17459,1726201,8450889,26590423,1726704,0,0,0
8 x 64 B,20,17459,1724543,8441466,26590423,1725050,0,0,0
8 x 64 B,21,17459,1726004,8447378,26590423,1726501,0,0,0
8 x 64 B,22,17459,1720952,8431106,26590422,1721428,0,0,0
8 x 64 B,23,17459,1725910,8450583,26590423,1726408,0,0,0
8 x 64 B,24,17459,1724014,8440872,26590423,1724509,0,0,0
8 x 64 B,25,17459,1727205,8457194,26590423,1727703,0,0,0
8 x 64 B,26,17459,1725091,8450666,26590422,1725593,0,0,0
8 x 64 B,27,17459,1724649,8441866,26590423,1725145,0,0,0
8 x 64 B,28,17459,1728602,8462254,26590423,1729105,0,0,0
8 x 64 B,29,17459,1721930,8433600,26590422,1722414,0,0,0
8 x 64 B,30,17459,1727290,8450944,26590423,1727806,0,0,0
8 x 64 B,31,17459,1729139,8433220,26590423,1725178,0,0,0
12 x 64 B,0,11375,1816647,8891332,28540241,1817338,0,0,0
12 x 64 B,1,11375,1818706,8897885,28540241,1819422,0,0,0
12 x 64 B,2,11375,1813605,8881155,28540240,1814211,0,0,0
12 x 64 B,3,11375,1816458,8883006,28540241,1817388,0,0,0
12 x 64 B,4,11375,1822067,8882941,28540241,1820760,0,0,0
12 x 64 B,5,11375,1818418,8867990,28540241,1814084,0,0,0
12 x 64 B,6,11375,1816079,8883108,28540241,1816634,0,0,0
12 x 64 B,7,11375,1810914,8872492,28540240,1811389,0,0,0
12 x 64 B,8,11375,1814636,8884877,28540241,1815173,0,0,0
12 x 64 B,9,11375,1812699,8875519,28540241,1813249,0,0,0
12 x 64 B,10,11375,1814828,8886010,28540241,1815371,0,0,0
12 x 64 B,11,11375,1813269,8875758,28540241,1813776,0,0,0
12 x 64 B,12,11375,1815453,8884392,28540241,1816016,0,0,0
12 x 64 B,13,11375,1811585,8873723,28540240,1812494,0,0,0
12 x 64 B,14,11375,1812732,8873338,28540241,1813223,0,0,0
12 x 64 B,15,11375,1814484,8883310,28540241,1815045,0,0,0
12 x 64 B,16,11375,1813200,8878786,28540241,1813746,0,0,0
12 x 64 B,17,11375,2193925,8888834,28540241,2194470,0,0,0
12 x 64 B,18,11375,1814419,8882159,28540241,1814965,0,0,0
12 x 64 B,19,11375,1814713,8882326,28540241,1815260,0,0,0
12 x 64 B,20,11375,1810610,8870851,28540240,1811085,0,0,0
12 x 64 B,21,11375,1816575,8893859,28540241,1817120,0,0,0
12 x 64 B,22,11375,1813261,8876942,28540241,1813818,0,0,0
12 x 64 B,23,11375,1815623,8889894,28540241,1816164,0,0,0
12 x 64 B,24,11375,1814089,8882359,28540241,1814630,0,0,0
12 x 64 B,25,11375,1816199,8892882,28540241,1816746,0,0,0
12 x 64 B,26,11375,1812746,8880450,28540240,1813285,0,0,0
12 x 64 B,27,11375,1814785,8883764,28540241,1815333,0,0,0
12 x 64 B,28,11375,1815623,8886559,28540241,1816119,0,0,0
12 x 64 B,29,11375,1812915,8877678,28540241,1813414,0,0,0
12 x 64 B,30,11375,1816655,8892084,28540241,1817157,0,0,0
12 x 64 B,31,11375,1824376,8872042,28540240,1824904,0,0,0
16 x 64 B,0,9525,1879783,8881557,26537016,1818110,0,0,0
16 x 64 B,1,9525,1818699,8897237,26537016,1819226,0,0,0
16 x 64 B,2,9525,1817029,8896794,26537016,1817526,0,0,0
16 x 64 B,3,9525,2210106,8887277,26537016,2210607,0,0,0
16 x 64 B,4,9525,1813669,8880170,26537016,1814167,0,0,0
16 x 64 B,5,9525,1817445,8898830,26537016,1817942,0,0,0
16 x 64 B,6,9525,1815820,8886603,26537016,1816318,0,0,0
16 x 64 B,7,9525,1814169,8884601,26537015,1814672,0,0,0
16 x 64 B,8,9525,1814252,8881956,26537016,1814828,0,0,0
16 x 64 B,9,9525,1815688,8887805,26537016,1816426,0,0,0
16 x 64 B,10,9525,1817665,8897739,26537016,1818183,0,0,0
16 x 64 B,11,9525,1820058,8905551,26537016,1820761,0,0,0
16 x 64 B,12,9525,1819936,8905812,26537016,1820529,0,0,0
16 x 64 B,13,9525,1815483,8891506,26537015,1816145,0,0,0
16 x 64 B,14,9525,1831110,8898307,26537016,1828558,0,0,0
16 x 64 B,15,9525,1821910,8891378,26537016,1822416,0,0,0
16 x 64 B,16,9525,1853482,8896912,26537016,1848740,0,0,0
16 x 64 B,17,9525,1817633,8891492,26537016,1818141,0,0,0
16 x 64 B,18,9525,1818859,8901610,26537016,1819368,0,0,0
16 x 64 B,19,9525,1815256,8892317,26537015,1815768,0,0,0
16 x 64 B,20,9525,1817222,8896822,26537016,1817729,0,0,0
16 x 64 B,21,9525,2216131,8897538,26537016,2216642,0,0,0
16 x 64 B,22,9525,1817025,8893921,26537016,1817533,0,0,0
16 x 64 B,23,9525,1818159,8899444,26537016,1818665,0,0,0
16 x 64 B,24,9525,1817175,8892014,26537016,1817673,0,0,0
16 x 64 B,25,9525,1814356,8883857,26537016,1814858,0,0,0
16 x 64 B,26,9525,1815238,8892876,26537015,1815743,0,0,0
16 x 64 B,27,9525,1815385,8889119,26537016,1815894,0,0,0
16 x 64 B,28,9525,1817404,8897820,26537016,1817906,0,0,0
16 x 64 B,29,9525,1819828,8902260,26537016,1820334,0,0,0
16 x 64 B,30,9525,1814734,8880383,26537016,1815247,0,0,0
16 x 64 B,31,9525,1816341,8890194,26537016,1816844,0,0,0
24 x 64 B,0,6689,1890432,9261326,27084126,1890993,0,0,0
24 x 64 B,1,6689,1937275,9274462,27084127,1928297,0,0,0
24 x 64 B,2,6689,1892854,9267517,27084127,1893375,0,0,0
24 x 64 B,3,6689,1893741,9271731,27084127,1894262,0,0,0
24 x 64 B,4,6689,1892687,9268330,27084127,1893191,0,0,0
24 x 64 B,5,6689,1894197,9272164,27084127,1894733,0,0,0
24 x 64 B,6,6689,1891594,9263272,27084127,1892125,0,0,0
24 x 64 B,7,6689,1894254,9274033,27084127,1894782,0,0,0
24 x 64 B,8,6689,1891980,9264063,27084127,1892503,0,0,0
24 x 64 B,9,6689,1892765,9267464,27084127,1893277,0,0,0
24 x 64 B,10,6689,1889810,9258510,27084126,1890307,0,0,0
24 x 64 B,11,6689,1894580,9276427,27084127,1895131,0,0,0
24 x 64 B,12,6689,1893364,9268221,27084127,1893875,0,0,0
24 x 64 B,13,6689,1893768,9272816,27084127,1894285,0,0,0
24 x 64 B,14,6689,1892116,9262460,27084127,1892631,0,0,0
24 x 64 B,15,6689,1893511,9271507,27084127,1894053,0,0,0
24 x 64 B,16,6689,1894216,9272626,27084127,1894735,0,0,0
24 x 64 B,17,6689,1893902,9269943,27084127,1894480,0,0,0
24 x 64 B,18,6689,1893321,9267515,27084127,1893877,0,0,0
24 x 64 B,19,6689,1890849,9260266,27084126,1891436,0,0,0
24 x 64 B,20,6689,1896893,9278236,27084127,1897433,0,0,0
24 x 64 B,21,6689,1926016,9282879,27084127,1926704,0,0,0
24 x 64 B,22,6689,1897280,9281319,27084127,1898189,0,0,0
24 x 64 B,23,6689,1900528,9277052,27084127,1901433,0,0,0
24 x 64 B,24,6689,1900559,9272271,27084127,1898552,0,0,0
24 x 64 B,25,6689,1900567,9262140,27084127,1896097,0,0,0
24 x 64 B,26,6689,1896820,9276106,27084127,1897322,0,0,0
24 x 64 B,27,6689,1894116,9272465,27084127,1894640,0,0,0
24 x 64 B,28,6689,1894175,9268278,27084127,1894693,0,0,0
24 x 64 B,29,6689,1888367,9250894,27084126,1888857,0,0,0
24 x 64 B,30,6689,1894117,9273059,27084127,1894652,0,0,0
24 x 64 B,31,6689,1892449,9262245,27084127,1892958,0,0,0
64 x 64 B,0,2596,1924131,9421972,26905310,1924768,0,0,0
64 x 64 B,1,2596,1927723,9438994,26905310,1928235,0,0,0
64 x 64 B,2,2596,1924352,9416890,26905310,1924872,0,0,0
64 x 64 B,3,2596,1926854,9434890,26905310,1927365,0,0,0
64 x 64 B,4,2596,1924413,9422570,26905310,1924922,0,0,0
64 x 64 B,5,2596,1926645,9433351,26905310,1927207,0,0,0
64 x 64 B,6,2596,1924408,9423166,26905310,1924930,0,0,0
64 x 64 B,7,2596,1962415,9518506,26905310,1962959,0,0,0
64 x 64 B,8,2596,1936930,9421823,26905310,1937497,0,0,0
64 x 64 B,9,2596,1926495,9433629,26905310,1927009,0,0,0
64 x 64 B,10,2596,1924180,9420861,26905310,1924695,0,0,0
64 x 64 B,11,2596,1923616,9424615,26905309,1924124,0,0,0
64 x 64 B,12,2596,1924775,9424228,26905310,1925291,0,0,0
64 x 64 B,13,2596,1924091,9422438,26905310,1924609,0,0,0
64 x 64 B,14,2596,1926126,9430547,26905310,1926669,0,0,0
64 x 64 B,15,2596,1926151,9429541,26905310,1926670,0,0,0
64 x 64 B,16,2596,1927871,9436516,26905310,1928405,0,0,0
64 x 64 B,17,2596,1924348,9423852,26905310,1924876,0,0,0
64 x 64 B,18,2596,1928339,9436781,26905310,1928872,0,0,0
64 x 64 B,19,2596,1925554,9428637,26905310,1926071,0,0,0
64 x 64 B,20,2596,1926355,9432105,26905310,1926863,0,0,0
64 x 64 B,21,2596,1923774,9421189,26905310,1924317,0,0,0
64 x 64 B,22,2596,1927157,9433471,26905310,1927675,0,0,0
64 x 64 B,23,2596,1922740,9416266,26905310,1923253,0,0,0
64 x 64 B,24,2596,1924157,9426486,26905309,1924687,0,0,0
64 x 64 B,25,2596,1924738,9424961,26905310,1925242,0,0,0
64 x 64 B,26,2596,1926115,9428322,26905310,1926628,0,0,0
64 x 64 B,27,2596,1923433,9419257,26905310,1924080,0,0,0
64 x 64 B,28,2596,1925591,9425483,26905310,1926110,0,0,0
64 x 64 B,29,2596,1926014,9427288,26905310,1926749,0,0,0
64 x 64 B,30,2596,1929776,9435430,26905310,1930426,0,0,0
64 x 64 B,31,2596,1927341,9432879,26905310,1927980,0,0,0
128 x 64 B,0,1329,1975459,9647791,27202338,1974493,0,0,0
128 x 64 B,1,1329,1980154,9648083,27202338,1975576,0,0,0
128 x 64 B,2,1329,1971892,9652937,27202338,1972491,0,0,0
128 x 64 B,3,1329,1974540,9658900,27202338,1975137,0,0,0
128 x 64 B,4,1329,1971058,9649891,27202338,1971616,0,0,0
128 x 64 B,5,1329,1981510,9676748,27202338,1982118,0,0,0
128 x 64 B,6,1329,1980271,9655347,27202338,1980792,0,0,0
128 x 64 B,7,1329,1972681,9655525,27202338,1973193,0,0,0
128 x 64 B,8,1329,1972368,9656409,27202338,1972874,0,0,0
128 x 64 B,9,1329,1972819,9659417,27202338,1973331,0,0,0
128 x 64 B,10,1329,1971535,9653266,27202338,1972048,0,0,0
128 x 64 B,11,1329,1972077,9656684,27202338,1972579,0,0,0
128 x 64 B,12,1329,1973598,9663216,27202338,1974098,0,0,0
128 x 64 B,13,1329,1972201,9657524,27202338,1972706,0,0,0
128 x 64 B,14,1329,2004609,9665997,27202338,2005116,0,0,0
128 x 64 B,15,1329,1973305,9662713,27202338,1973812,0,0,0
128 x 64 B,16,1329,1973204,9660038,27202338,1973698,0,0,0
128 x 64 B,17,1329,1972693,9659789,27202338,1973193,0,0,0
128 x 64 B,18,1329,1970711,9649699,27202338,1971208,0,0,0
128 x 64 B,19,1329,1970795,9650539,27202338,1971287,0,0,0
128 x 64 B,20,1329,1974331,9667110,27202338,1974821,0,0,0
128 x 64 B,21,1329,1968862,9646342,27202337,1969359,0,0,0
128 x 64 B,22,1329,1973930,9663136,27202338,1974434,0,0,0
128 x 64 B,23,1329,1973000,9658711,27202338,1973794,0,0,0
128 x 64 B,24,1329,1978101,9672731,27202338,1978664,0,0,0
128 x 64 B,25,1329,1976644,9672375,27202338,1977305,0,0,0
128 x 64 B,26,1329,1977853,9676737,27202338,1978545,0,0,0
128 x 64 B,27,1329,1975195,9666585,27202338,1975956,0,0,0
128 x 64 B,28,1329,1976539,9663546,27202338,1977245,0,0,0
128 x 64 B,29,1329,1973848,9659293,27202338,1974401,0,0,0
128 x 64 B,30,1329,1983465,9659234,27202338,1978236,0,0,0
128 x 64 B,31,1329,1971497,9648361,27202338,1972001,0,0,0
129 x 64 B,0,1290,1971887,9646627,27170346,1972546,0,0,0
129 x 64 B,1,1290,1977078,9649481,27170346,1973635,0,0,0
129 x 64 B,2,1290,1971497,9637880,27170346,1972059,0,0,0
129 x 64 B,3,1290,1977091,9663820,27170346,1977651,0,0,0
129 x 64 B,4,1290,1975276,9650383,27170346,1975995,0,0,0
129 x 64 B,5,1290,1972506,9651194,27170346,1973163,0,0,0
129 x 64 B,6,1290,1973289,9657969,27170346,1974186,0,0,0
129 x 64 B,7,1290,1976775,9663481,27170346,1977499,0,0,0
129 x 64 B,8,1290,1977419,9651492,27170346,1975547,0,0,0
129 x 64 B,9,1290,1978151,9644289,27170346,1973395,0,0,0
129 x 64 B,10,1290,1972913,9657860,27170346,1973460,0,0,0
129 x 64 B,11,1290,1973641,9660073,27170346,1974345,0,0,0
129 x 64 B,12,1290,1972591,9649743,27170346,1973172,0,0,0
129 x 64 B,13,1290,1974043,9660719,27170346,1974600,0,0,0
129 x 64 B,14,1290,1972948,9656922,27170346,1973498,0,0,0
129 x 64 B,15,1290,1970933,9647523,27170346,1971477,0,0,0
129 x 64 B,16,1290,1972126,9655589,27170346,1972677,0,0,0
129 x 64 B,17,1290,1970640,9650002,27170346,1971181,0,0,0
129 x 64 B,18,1290,2354320,9640819,27170346,2354823,0,0,0
129 x 64 B,19,1290,1971808,9656426,27170346,1972353,0,0,0
129 x 64 B,20,1290,1972275,9655359,27170346,1972817,0,0,0
129 x 64 B,21,1290,1970652,9648532,27170346,1971193,0,0,0
129 x 64 B,22,1290,1968884,9641589,27170346,1969429,0,0,0
129 x 64 B,23,1290,1969831,9647819,27170346,1970381,0,0,0
129 x 64 B,24,1290,1969993,9646472,27170346,1970550,0,0,0
129 x 64 B,25,1290,1971385,9651560,27170346,1971941,0,0,0
129 x 64 B,26,1290,1972193,9650848,27170346,1972747,0,0,0
129 x 64 B,27,1290,1969485,9641737,27170346,1970029,0,0,0
129 x 64 B,28,1290,1973664,9657967,27170346,1974218,0,0,0
129 x 64 B,29,1290,1968719,9640998,27170346,1969264,0,0,0
129 x 64 B,30,1290,1971353,9652845,27170346,1971905,0,0,0
129 x 64 B,31,1290,1969728,9646230,27170346,1970315,0,0,0
1024 x 64 B,0,163,1972906,9657816,26571974,1973596,0,0,0
1024 x 64 B,1,163,1970313,9647399,26571974,1970895,0,0,0
1024 x 64 B,2,163,1970706,9650988,26571974,1971266,0,0,0
1024 x 64 B,3,163,1970147,9647636,26571974,1970702,0,0,0
1024 x 64 B,4,163,1970119,9647873,26571974,1970661,0,0,0
1024 x 64 B,5,163,1970059,9646527,26571974,1970647,0,0,0
1024 x 64 B,6,163,1966539,9631246,26571974,1967097,0,0,0
1024 x 64 B,7,163,1970501,9647282,26571974,1971055,0,0,0
1024 x 64 B,8,163,1972489,9659127,26571974,1973044,0,0,0
1024 x 64 B,9,163,1971358,9651126,26571974,1972040,0,0,0
1024 x 64 B,10,163,1970181,9646218,26571974,1970754,0,0,0
1024 x 64 B,11,163,1970936,9647100,26571974,1971689,0,0,0
1024 x 64 B,12,163,1973398,9650693,26571974,1974202,0,0,0
1024 x 64 B,13,163,1970439,9651458,26571973,1971354,0,0,0
1024 x 64 B,14,163,1972778,9652194,26571974,1973414,0,0,0
1024 x 64 B,15,163,1982070,9647460,26571974,1976543,0,0,0
1024 x 64 B,16,163,1972032,9652747,26571974,1972595,0,0,0
1024 x 64 B,17,163,1971150,9652769,26571974,1971695,0,0,0
1024 x 64 B,18,163,1970775,9650877,26571974,1971320,0,0,0
1024 x 64 B,19,163,1969949,9646434,26571974,1970727,0,0,0
1024 x 64 B,20,163,1971198,9650969,26571974,1971740,0,0,0
1024 x 64 B,21,163,1971677,9646798,26571974,1972193,0,0,0
1024 x 64 B,22,163,1971880,9651838,26571974,1972410,0,0,0
1024 x 64 B,23,163,1971833,9654638,26571974,1972348,0,0,0
1024 x 64 B,24,163,1973904,9654202,26571974,1974433,0,0,0
1024 x 64 B,25,163,1971689,9654999,26571974,1972202,0,0,0
1024 x 64 B,26,163,1968291,9639834,26571974,1968808,0,0,0
1024 x 64 B,27,163,2360146,9645256,26571975,2360665,0,0,0
1024 x 64 B,28,163,1971305,9657784,26571973,1971817,0,0,0
1024 x 64 B,29,163,1970452,9648744,26571974,1970954,0,0,0
1024 x 64 B,30,163,1968035,9638005,26571974,1968558,0,0,0
1024 x 64 B,31,163,1971350,9653040,26571974,1971844,0,0,0
1 x 128 B,0,17373,1599881,7831841,21977211,1600474,0,0,0
1 x 128 B,1,17373,1601150,7838531,21977211,1601670,0,0,0
1 x 128 B,2,17373,1598971,7832527,21977210,1599487,0,0,0
1 x 128 B,3,17373,1598253,7825604,21977211,1598746,0,0,0
1 x 128 B,4,17373,1598308,7829826,21977210,1598817,0,0,0
1 x 128 B,5,17373,1601507,7837264,21977211,1602026,0,0,0
1 x 128 B,6,17373,1600074,7833311,21977211,1600594,0,0,0
1 x 128 B,7,17373,1598187,7828603,21977210,1598702,0,0,0
1 x 128 B,8,17373,1599745,7831175,21977211,1600242,0,0,0
1 x 128 B,9,17373,1598628,7824977,21977210,1599136,0,0,0
1 x 128 B,10,17373,1600627,7835525,21977211,1601146,0,0,0
1 x 128 B,11,17373,1600764,7836997,21977211,1601274,0,0,0
1 x 128 B,12,17373,1599280,7834417,21977210,1599790,0,0,0
1 x 128 B,13,17373,1597781,7823793,21977211,1598260,0,0,0
1 x 128 B,14,17373,1598966,7832620,21977210,1599475,0,0,0
1 x 128 B,15,17373,1602516,7845077,21977211,1603015,0,0,0
1 x 128 B,16,17373,1599499,7832071,21977211,1600013,0,0,0
1 x 128 B,17,17373,1598948,7832746,21977210,1599462,0,0,0
1 x 128 B,18,17373,1598391,7824770,21977211,1598870,0,0,0
1 x 128 B,19,17373,1599801,7836516,21977210,1600515,0,0,0
1 x 128 B,20,17373,1598757,7825995,21977211,1599450,0,0,0
1 x 128 B,21,17373,1600748,7835246,21977211,1601290,0,0,0
1 x 128 B,22,17373,1599606,7833798,21977210,1600324,0,0,0
1 x 128 B,23,17373,1599401,7825046,21977211,1600239,0,0,0
1 x 128 B,24,17373,1601006,7842957,21977210,1602072,0,0,0
1 x 128 B,25,17373,1602548,7838080,21977211,1603476,0,0,0
1 x 128 B,26,17373,1614069,7844991,21977211,1611785,0,0,0
1 x 128 B,27,17373,1601722,7823651,21977210,1600342,0,0,0
1 x 128 B,28,17373,1608736,7830960,21977211,1604402,0,0,0
1 x 128 B,29,17373,1598288,7828887,21977210,1598803,0,0,0
1 x 128 B,30,17373,1601969,7837587,21977211,1602500,0,0,0
1 x 128 B,31,17373,1599936,7831302,21977211,1600452,0,0,0
3 x 128 B,0,12953,1759596,8621246,31398437,1760103,0,0,0
3 x 128 B,1,12953,2138316,8655732,31398439,2138849,0,0,0
3 x 128 B,2,12953,1760154,8624075,31398437,1760637,0,0,0
3 x 128 B,3,12953,1766244,8647950,31398438,1766778,0,0,0
3 x 128 B,4,12953,1758696,8608715,31398438,1759187,0,0,0
3 x 128 B,5,12953,1768139,8656999,31398438,1768649,0,0,0
3 x 128 B,6,12953,1760541,8625168,31398437,1761039,0,0,0
3 x 128 B,7,12953,1758725,8612091,31398438,1759233,0,0,0
3 x 128 B,8,12953,1765763,8642755,31398438,1766273,0,0,0
3 x 128 B,9,12953,1765061,8644110,31398438,1765591,0,0,0
3 x 128 B,10,12953,1758787,8615908,31398437,1759292,0,0,0
3 x 128 B,11,12953,1761281,8625074,31398438,1761770,0,0,0
3 x 128 B,12,12953,1764950,8641562,31398438,1765449,0,0,0
3 x 128 B,13,12953,1760757,8622541,31398438,1761241,0,0,0
3 x 128 B,14,12953,1762906,8636967,31398437,1763408,0,0,0
3 x 128 B,15,12953,1760182,8623371,31398437,1762596,0,0,0
3 x 128 B,16,12953,1764021,8637232,31398438,1764528,0,0,0
3 x 128 B,17,12953,1763347,8633940,31398438,1763857,0,0,0
3 x 128 B,18,12953,1761204,8619411,31398438,1761722,0,0,0
3 x 128 B,19,12953,1758083,8612716,31398437,1758603,0,0,0
3 x 128 B,20,12953,1762985,8633089,31398438,1763493,0,0,0
3 x 128 B,21,12953,1766868,8647839,31398438,1767375,0,0,0
3 x 128 B,22,12953,1759927,8618472,31398438,1760411,0,0,0
3 x 128 B,23,12953,1763435,8639576,31398437,1763953,0,0,0
3 x 128 B,24,12953,1762878,8631477,31398438,1763374,0,0,0
3 x 128 B,25,12953,1769050,8647488,31398438,1769554,0,0,0
3 x 128 B,26,12953,1762675,8630661,31398438,1763172,0,0,0
3 x 128 B,27,12953,1759079,8618866,31398437,1759563,0,0,0
3 x 128 B,28,12953,1762629,8630448,31398438,1763136,0,0,0
3 x 128 B,29,12953,1760347,8620412,31398438,1760828,0,0,0
3 x 128 B,30,12953,1766533,8648400,31398438,1767036,0,0,0
3 x 128 B,31,12953,1760942,8627151,31398437,1761436,0,0,0
4 x 128 B,0,13394,1744682,8542180,30377958,1745800,0,0,0
4 x 128 B,1,13394,1743605,8536083,30377958,1744124,0,0,0
4 x 128 B,2,13394,1745631,8540270,30377958,1746185,0,0,0
4 x 128 B,3,13394,1744943,8544866,30377957,1745713,0,0,0
4 x 128 B,4,13394,1744200,8533536,30377958,1744970,0,0,0
4 x 128 B,5,13394,1748293,8553145,30377958,1749540,0,0,0
4 x 128 B,6,13394,1748511,8555669,30377958,1749181,0,0,0
4 x 128 B,7,13394,1740980,8528530,30377957,1741483,0,0,0
4 x 128 B,8,13394,1756424,8528493,30377958,1747264,0,0,0
4 x 128 B,9,13394,1746326,8544745,30377958,1746900,0,0,0
4 x 128 B,10,13394,1742567,8530183,30377958,1743110,0,0,0
4 x 128 B,11,13394,1741652,8529418,30377957,1742153,0,0,0
4 x 128 B,12,13394,1744804,8541069,30377958,1745328,0,0,0
4 x 128 B,13,13394,1743041,8534539,30377958,1743548,0,0,0
4 x 128 B,14,13394,2128322,8541403,30377958,2128818,0,0,0
4 x 128 B,15,13394,1742485,8533248,30377958,1742991,0,0,0
4 x 128 B,16,13394,1745320,8545045,30377958,1745827,0,0,0
4 x 128 B,17,13394,1740393,8526568,30377957,1740891,0,0,0
4 x 128 B,18,13394,1745290,8544571,30377958,1745796,0,0,0
4 x 128 B,19,13394,1741300,8527460,30377958,1741782,0,0,0
4 x 128 B,20,13394,1744956,8544033,30377958,1745468,0,0,0
4 x 128 B,21,13394,1739160,8520171,30377957,1739638,0,0,0
4 x 128 B,22,13394,1745688,8546557,30377958,1746199,0,0,0
4 x 128 B,23,13394,1744965,8540672,30377958,1745466,0,0,0
4 x 128 B,24,13394,1742479,8533720,30377958,1742982,0,0,0
4 x 128 B,25,13394,1742745,8537114,30377957,1743260,0,0,0
4 x 128 B,26,13394,1743709,8537782,30377958,1744228,0,0,0
4 x 128 B,27,13394,1743267,8535291,30377958,1743777,0,0,0
4 x 128 B,28,13394,1742807,8537474,30377957,1743322,0,0,0
4 x 128 B,29,13394,1741951,8530264,30377958,1742460,0,0,0
4 x 128 B,30,13394,1743869,8538610,30377958,1744370,0,0,0
4 x 128 B,31,13394,1742178,8529533,30377958,1742682,0,0,0
6 x 128 B,0,8273,1789279,8761736,26134773,1789803,0,0,0
6 x 128 B,1,8273,1792935,8783390,26134772,1793430,0,0,0
6 x 128 B,2,8273,1788832,8759155,26134773,1789325,0,0,0
6 x 128 B,3,8273,1791970,8773573,26134773,1792469,0,0,0
6 x 128 B,4,8273,1793063,8779830,26134773,1793548,0,0,0
6 x 128 B,5,8273,1790673,8769937,26134772,1791169,0,0,0
6 x 128 B,6,8273,1791033,8769937,26134773,1791535,0,0,0
6 x 128 B,7,8273,1791368,8771281,26134773,1791862,0,0,0
6 x 128 B,8,8273,1793468,8778530,26134773,1793968,0,0,0
6 x 128 B,9,8273,1789907,8765902,26134773,1790395,0,0,0
6 x 128 B,10,8273,1820689,8781028,26134772,1821185,0,0,0
6 x 128 B,11,8273,1793421,8773781,26134773,1793931,0,0,0
6 x 128 B,12,8273,1799051,8778217,26134773,1795021,0,0,0
6 x 128 B,13,8273,1788885,8758251,26134773,1789430,0,0,0
6 x 128 B,14,8273,1793832,8780064,26134773,1794480,0,0,0
6 x 128 B,15,8273,1821694,8776217,26134772,1822407,0,0,0
6 x 128 B,16,8273,1798022,8792052,26134773,1798700,0,0,0
6 x 128 B,17,8273,1799661,8800764,26134773,1800573,0,0,0
6 x 128 B,18,8273,1798829,8774703,26134773,1797397,0,0,0
6 x 128 B,19,8273,1799584,8771663,26134773,1795750,0,0,0
6 x 128 B,20,8273,1793559,8785918,26134772,1794115,0,0,0
6 x 128 B,21,8273,1793014,8775553,26134773,1793560,0,0,0
6 x 128 B,22,8273,1794464,8776197,26134773,1794997,0,0,0
6 x 128 B,23,8273,1794366,8783730,26134773,1794917,0,0,0
6 x 128 B,24,8273,1790210,8761068,26134773,1790757,0,0,0
6 x 128 B,25,8273,1792991,8778893,26134772,1793494,0,0,0
6 x 128 B,26,8273,1793500,8780040,26134773,1794056,0,0,0
6 x 128 B,27,8273,1791394,8772244,26134773,1791935,0,0,0
6 x 128 B,28,8273,2187329,8786682,26134773,2187872,0,0,0
6 x 128 B,29,8273,1792340,8771828,26134773,1792881,0,0,0
6 x 128 B,30,8273,1790952,8768024,26134773,1791452,0,0,0
6 x 128 B,31,8273,1792101,8775291,26134773,1792603,0,0,0
8 x 128 B,0,9932,1844339,9035193,27730509,1844886,0,0,0
8 x 128 B,1,9932,1847613,9042921,27730510,1848124,0,0,0
8 x 128 B,2,9932,1845601,9036574,27730510,1846098,0,0,0
8 x 128 B,3,9932,1847486,9046212,27730510,1847999,0,0,0
8 x 128 B,4,9932,1847776,9047089,27730510,1848321,0,0,0
8 x 128 B,5,9932,1845883,9037813,27730510,1846412,0,0,0
8 x 128 B,6,9932,1878941,9041323,27730510,1879445,0,0,0
8 x 128 B,7,9932,1844758,9038024,27730509,1845263,0,0,0
8 x 128 B,8,9932,1847029,9037786,27730510,1847549,0,0,0
8 x 128 B,9,9932,1844888,9032793,27730510,1845396,0,0,0
8 x 128 B,10,9932,1846562,9040905,27730510,1847100,0,0,0
8 x 128 B,11,9932,1847489,9046730,27730510,1847998,0,0,0
8 x 128 B,12,9932,1845455,9035853,27730510,1845969,0,0,0
8 x 128 B,13,9932,1882776,9030046,27730510,1875991,0,0,0
8 x 128 B,14,9932,1843996,9033392,27730509,1844515,0,0,0
8 x 128 B,15,9932,1845945,9037094,27730510,1846449,0,0,0
8 x 128 B,16,9932,1847577,9046266,27730510,1848088,0,0,0
8 x 128 B,17,9932,1846456,9041080,27730510,1846970,0,0,0
8 x 128 B,18,9932,1847664,9042810,27730510,1848170,0,0,0
8 x 128 B,19,9932,1845919,9038660,27730510,1846402,0,0,0
8 x 128 B,20,9932,1845216,9039693,27730509,1845723,0,0,0
8 x 128 B,21,9932,1845303,9033196,27730510,1845815,0,0,0
8 x 128 B,22,9932,1846858,9041818,27730510,1847365,0,0,0
8 x 128 B,23,9932,1847432,9041469,27730510,1848025,0,0,0
8 x 128 B,24,9932,1845145,9033534,27730510,1845708,0,0,0
8 x 128 B,25,9932,1849440,9046829,27730510,1850288,0,0,0
8 x 128 B,26,9932,1849653,9049892,27730510,1850247,0,0,0
8 x 128 B,27,9932,1847007,9046758,27730509,1847797,0,0,0
8 x 128 B,28,9932,1850761,9046622,27730510,1851555,0,0,0
8 x 128 B,29,9932,1853224,9043288,27730510,1851683,0,0,0
8 x 128 B,30,9932,1853385,9040025,27730510,1849572,0,0,0
8 x 128 B,31,9932,1847105,9041468,27730510,1847619,0,0,0
12 x 128 B,0,6209,1909319,9344559,29188875,1909863,0,0,0
12 x 128 B,1,6209,1910443,9349093,29188875,1910979,0,0,0
12 x 128 B,2,6209,1938876,9342970,29188875,1939458,0,0,0
12 x 128 B,3,6209,1906933,9333958,29188875,1907474,0,0,0
12 x 128 B,4,6209,1903961,9326860,29188874,1904487,0,0,0
12 x 128 B,5,6209,1907861,9338657,29188875,1908384,0,0,0
12 x 128 B,6,6209,1906710,9335683,29188875,1907221,0,0,0
12 x 128 B,7,6209,2302457,9342122,29188876,2302999,0,0,0
12 x 128 B,8,6209,1904653,9331092,29188874,1905183,0,0,0
12 x 128 B,9,6209,1908048,9338772,29188875,1908561,0,0,0
12 x 128 B,10,6209,1906546,9334413,29188875,1907046,0,0,0
12 x 128 B,11,6209,1907451,9339315,29188875,1907953,0,0,0
12 x 128 B,12,6209,1906483,9333418,29188875,1907008,0,0,0
12 x 128 B,13,6209,1907743,9338044,29188875,1908237,0,0,0
12 x 128 B,14,6209,1906645,9335338,29188875,1907140,0,0,0
12 x 128 B,15,6209,1907084,9337620,29188875,1907593,0,0,0
12 x 128 B,16,6209,1905993,9330194,29188875,1906487,0,0,0
12 x 128 B,17,6209,1908998,9344676,29188875,1909493,0,0,0
12 x 128 B,18,6209,1907718,9340197,29188875,1908222,0,0,0
12 x 128 B,19,6209,1906226,9338579,29188874,1906728,0,0,0
12 x 128 B,20,6209,1907006,9336004,29188875,1907512,0,0,0
12 x 128 B,21,6209,1907462,9336770,29188875,1907972,0,0,0
12 x 128 B,22,6209,1907317,9339156,29188875,1907820,0,0,0
12 x 128 B,23,6209,1906861,9336626,29188875,1907362,0,0,0
12 x 128 B,24,6209,1907418,9336760,29188875,1907927,0,0,0
12 x 128 B,25,6209,1908440,9342101,29188875,1908958,0,0,0
12 x 128 B,26,6209,1905726,9330237,29188875,1906260,0,0,0
12 x 128 B,27,6209,1907802,9338715,29188876,1908317,0,0,0
12 x 128 B,28,6209,1905933,9330605,29188875,1906438,0,0,0
12 x 128 B,29,6209,1907384,9337063,29188875,1907882,0,0,0
12 x 128 B,30,6209,1904135,9328263,29188874,1904651,0,0,0
12 x 128 B,31,6209,1907285,9338211,29188875,1907849,0,0,0
16 x 128 B,0,5249,1915944,9376716,27415893,1916554,0,0,0
16 x 128 B,1,5249,1919002,9387309,27415893,1919762,0,0,0
16 x 128 B,2,5249,1918474,9389095,27415893,1919474,0,0,0
16 x 128 B,3,5249,1919319,9390387,27415893,1920325,0,0,0
16 x 128 B,4,5249,1926363,9381331,27415893,1923714,0,0,0
16 x 128 B,5,5249,1926335,9376292,27415893,1920356,0,0,0
16 x 128 B,6,5249,1917399,9380963,27415893,1917968,0,0,0
16 x 128 B,7,5249,1918164,9389242,27415893,1918699,0,0,0
16 x 128 B,8,5249,1914479,9375410,27415893,1915002,0,0,0
16 x 128 B,9,5249,1916009,9381171,27415893,1916559,0,0,0
16 x 128 B,10,5249,1914116,9376860,27415892,1914640,0,0,0
16 x 128 B,11,5249,1915859,9380811,27415893,1916382,0,0,0
16 x 128 B,12,5249,1916248,9378781,27415893,1916764,0,0,0
16 x 128 B,13,5249,1918034,9385715,27415893,1918565,0,0,0
16 x 128 B,14,5249,1917251,9383103,27415893,1917775,0,0,0
16 x 128 B,15,5249,1916161,9382161,27415893,1916680,0,0,0
16 x 128 B,16,5249,1914582,9374983,27415893,1915092,0,0,0
16 x 128 B,17,5249,2297151,9392411,27415893,2297667,0,0,0
16 x 128 B,18,5249,1916379,9380680,27415893,1916917,0,0,0
16 x 128 B,19,5249,1917169,9387223,27415893,1917687,0,0,0
16 x 128 B,20,5249,1915029,9377358,27415893,1915545,0,0,0
16 x 128 B,21,5249,1917336,9388517,27415893,1917858,0,0,0
16 x 128 B,22,5249,1917014,9379765,27415893,1917535,0,0,0
16 x 128 B,23,5249,1916418,9380785,27415893,1916947,0,0,0
16 x 128 B,24,5249,1914834,9376445,27415893,1915349,0,0,0
16 x 128 B,25,5249,1916245,9383337,27415893,1916774,0,0,0
16 x 128 B,26,5249,1915786,9380125,27415893,1916301,0,0,0
16 x 128 B,27,5249,1913351,9372881,27415892,1913874,0,0,0
16 x 128 B,28,5249,1917931,9387600,27415893,1918453,0,0,0
16 x 128 B,29,5249,1914922,9376946,27415893,1915451,0,0,0
16 x 128 B,30,5249,1916939,9385682,27415893,1917468,0,0,0
16 x 128 B,31,5249,1916602,9384494,27415893,1917114,0,0,0
24 x 128 B,0,3584,1942287,9511855,27432302,1942838,0,0,0
24 x 128 B,1,3584,1945057,9521511,27432302,1945596,0,0,0
24 x 128 B,2,3584,1944198,9517438,27432302,1944723,0,0,0
24 x 128 B,3,3584,1945071,9519150,27432302,1945658,0,0,0
24 x 128 B,4,3584,1943015,9511122,27432302,1943554,0,0,0
24 x 128 B,5,3584,1944057,9518621,27432302,1944579,0,0,0
24 x 128 B,6,3584,1944082,9517160,27432302,1944598,0,0,0
24 x 128 B,7,3584,1944968,9517168,27432302,1945547,0,0,0
24 x 128 B,8,3584,1941689,9505567,27432302,1942695,0,0,0
24 x 128 B,9,3584,1946415,9523976,27432302,1947159,0,0,0
24 x 128 B,10,3584,1944510,9517057,27432302,1945196,0,0,0
24 x 128 B,11,3584,1943007,9513998,27432301,1943701,0,0,0
24 x 128 B,12,3584,1947128,9513420,27432302,1947957,0,0,0
24 x 128 B,13,3584,1948043,9507464,27432302,1946445,0,0,0
24 x 128 B,14,3584,1951048,9514051,27432302,1946614,0,0,0
24 x 128 B,15,3584,1943332,9510721,27432302,1943863,0,0,0
24 x 128 B,16,3584,1943868,9515537,27432302,1944383,0,0,0
24 x 128 B,17,3584,1942432,9511686,27432302,1942948,0,0,0
24 x 128 B,18,3584,2336616,9515659,27432302,2337153,0,0,0
24 x 128 B,19,3584,1942632,9511502,27432302,1943154,0,0,0
24 x 128 B,20,3584,1942880,9513406,27432302,1943403,0,0,0
24 x 128 B,21,3584,1945914,9509973,27432302,1946440,0,0,0
24 x 128 B,22,3584,1945506,9519441,27432302,1946024,0,0,0
24 x 128 B,23,3584,1942862,9510424,27432302,1943383,0,0,0
24 x 128 B,24,3584,1943186,9515265,27432302,1943697,0,0,0
24 x 128 B,25,3584,1942763,9512235,27432302,1943288,0,0,0
24 x 128 B,26,3584,1944589,9521232,27432302,1945125,0,0,0
24 x 128 B,27,3584,1943620,9514517,27432302,1944143,0,0,0
24 x 128 B,28,3584,1942904,9514048,27432302,1943420,0,0,0
24 x 128 B,29,3584,1943689,9517244,27432302,1944218,0,0,0
24 x 128 B,30,3584,1943863,9517923,27432302,1944397,0,0,0
24 x 128 B,31,3584,1943399,9515499,27432302,1943923,0,0,0
64 x 128 B,0,1379,1974207,9664355,27316977,1974758,0,0,0
64 x 128 B,1,1379,1973875,9662457,27316977,1974402,0,0,0
64 x 128 B,2,1379,1973715,9663850,27316977,1974229,0,0,0
64 x 128 B,3,1379,1972324,9658189,27316977,1972831,0,0,0
64 x 128 B,4,1379,1973077,9661820,27316977,1973591,0,0,0
64 x 128 B,5,1379,1974734,9669052,27316977,1975253,0,0,0
64 x 128 B,6,1379,1972727,9657538,27316977,1973249,0,0,0
64 x 128 B,7,1379,1973593,9664430,27316977,1974097,0,0,0
64 x 128 B,8,1379,1972972,9661210,27316977,1973510,0,0,0
64 x 128 B,9,1379,1974498,9665001,27316977,1974998,0,0,0
64 x 128 B,10,1379,1973802,9661863,27316977,1974305,0,0,0
64 x 128 B,11,1379,1971940,9660826,27316976,1972447,0,0,0
64 x 128 B,12,1379,1972356,9658847,27316977,1972860,0,0,0
64 x 128 B,13,1379,1973881,9661803,27316977,1974427,0,0,0
64 x 128 B,14,1379,1973798,9662363,27316977,1974313,0,0,0
64 x 128 B,15,1379,1974943,9665613,27316977,1975554,0,0,0
64 x 128 B,16,1379,1972600,9658606,27316977,1973098,0,0,0
64 x 128 B,17,1379,1982487,9679572,27316977,1983163,0,0,0
64 x 128 B,18,1379,1975470,9666018,27316977,1976281,0,0,0
64 x 128 B,19,1379,1974816,9665267,27316977,1975505,0,0,0
64 x 128 B,20,1379,1975721,9657925,27316977,1976388,0,0,0
64 x 128 B,21,1379,1974853,9669115,27316977,1975361,0,0,0
64 x 128 B,22,1379,1981661,9655104,27316977,1977211,0,0,0
64 x 128 B,23,1379,1974882,9667424,27316977,1975391,0,0,0
64 x 128 B,24,1379,1974399,9665617,27316977,1974891,0,0,0
64 x 128 B,25,1379,1974086,9660331,27316977,1974605,0,0,0
64 x 128 B,26,1379,1973086,9658686,27316977,1973594,0,0,0
64 x 128 B,27,1379,1973684,9664132,27316977,1974221,0,0,0
64 x 128 B,28,1379,2380401,9664721,27316977,2380932,0,0,0
64 x 128 B,29,1379,1975872,9672134,27316977,1976415,0,0,0
64 x 128 B,30,1379,1974808,9666911,27316977,1975318,0,0,0
64 x 128 B,31,1379,1974292,9666941,27316977,1974797,0,0,0
128 x 128 B,0,697,1990479,9743566,27362495,1991017,0,0,0
128 x 128 B,1,697,1991881,9750691,27362495,1992397,0,0,0
128 x 128 B,2,697,1991551,9752006,27362495,1992107,0,0,0
128 x 128 B,3,697,1991056,9749191,27362495,1991615,0,0,0
128 x 128 B,4,697,1990438,9743362,27362495,1990951,0,0,0
128 x 128 B,5,697,1991436,9746164,27362495,1991959,0,0,0
128 x 128 B,6,697,1990528,9743689,27362495,1991042,0,0,0
128 x 128 B,7,697,1989058,9739451,27362495,1989577,0,0,0
128 x 128 B,8,697,1990847,9744504,27362495,1991371,0,0,0
128 x 128 B,9,697,1989447,9738555,27362495,1989974,0,0,0
128 x 128 B,10,697,1989279,9740686,27362495,1989820,0,0,0
128 x 128 B,11,697,1990542,9746768,27362495,1991057,0,0,0
128 x 128 B,12,697,1989187,9737418,27362495,1989694,0,0,0
128 x 128 B,13,697,1990710,9744747,27362495,1991227,0,0,0
128 x 128 B,14,697,1990198,9745001,27362495,1990715,0,0,0
128 x 128 B,15,697,1989166,9740057,27362495,1989677,0,0,0
128 x 128 B,16,697,1989125,9738014,27362495,1989631,0,0,0
128 x 128 B,17,697,1990896,9746430,27362495,1991412,0,0,0
128 x 128 B,18,697,1990628,9746464,27362495,1991133,0,0,0
128 x 128 B,19,697,1989961,9743678,27362495,1990474,0,0,0
128 x 128 B,20,697,1989801,9740906,27362495,1990311,0,0,0
128 x 128 B,21,697,1991173,9746787,27362495,1991732,0,0,0
128 x 128 B,22,697,1989973,9743415,27362495,1990564,0,0,0
128 x 128 B,23,697,1989995,9742439,27362495,1990625,0,0,0
128 x 128 B,24,697,1991662,9745781,27362495,1992244,0,0,0
128 x 128 B,25,697,1994978,9755632,27362495,1995611,0,0,0
128 x 128 B,26,697,1992059,9749147,27362495,1992760,0,0,0
128 x 128 B,27,697,1998465,9747139,27362495,1999328,0,0,0
128 x 128 B,28,697,2001056,9738975,27362495,1997580,0,0,0
128 x 128 B,29,697,1997546,9741015,27362495,1993683,0,0,0
128 x 128 B,30,697,1990740,9747204,27362495,1991290,0,0,0
128 x 128 B,31,697,1993924,9742560,27362495,1994500,0,0,0
129 x 128 B,0,671,1980392,9661287,27064480,1976867,0,0,0
129 x 128 B,1,671,1975781,9668652,27064480,1976326,0,0,0
129 x 128 B,2,671,1975128,9666786,27064480,1975683,0,0,0
129 x 128 B,3,671,1976854,9677315,27064480,1977381,0,0,0
129 x 128 B,4,671,1975786,9669646,27064480,1976302,0,0,0
129 x 128 B,5,671,1975000,9669540,27064480,1975510,0,0,0
129 x 128 B,6,671,1974448,9667015,27064480,1974948,0,0,0
129 x 128 B,7,671,1976225,9675450,27064480,1976720,0,0,0
129 x 128 B,8,671,1978132,9681289,27064480,1978633,0,0,0
129 x 128 B,9,671,1975975,9675576,27064480,1976482,0,0,0
129 x 128 B,10,671,1973908,9665476,27064480,1974402,0,0,0
129 x 128 B,11,671,1975922,9675027,27064480,1976456,0,0,0
129 x 128 B,12,671,2077686,9675888,27064480,2009439,0,0,0
129 x 128 B,13,671,1975617,9672559,27064480,1976133,0,0,0
129 x 128 B,14,671,1973653,9664145,27064480,1974170,0,0,0
129 x 128 B,15,671,1976995,9678787,27064480,1977531,0,0,0
129 x 128 B,16,671,1973729,9664723,27064480,1974234,0,0,0
129 x 128 B,17,671,1974979,9671516,27064480,1975485,0,0,0
129 x 128 B,18,671,1972830,9657776,27064480,1973332,0,0,0
129 x 128 B,19,671,1975661,9674265,27064480,1976165,0,0,0
129 x 128 B,20,671,1972452,9658546,27064480,1972946,0,0,0
129 x 128 B,21,671,1974345,9667489,27064480,1974856,0,0,0
129 x 128 B,22,671,1974211,9666725,27064480,1974704,0,0,0
129 x 128 B,23,671,1975502,9669492,27064480,1976007,0,0,0
129 x 128 B,24,671,1974015,9666418,27064480,1974519,0,0,0
129 x 128 B,25,671,1974806,9670335,27064480,1975319,0,0,0
129 x 128 B,26,671,1974142,9665880,27064480,1974659,0,0,0
129 x 128 B,27,671,1974091,9666698,27064480,1974592,0,0,0
129 x 128 B,28,671,1974513,9667132,27064480,1975016,0,0,0
129 x 128 B,29,671,1978583,9667250,27064480,1979083,0,0,0
129 x 128 B,30,671,1972357,9655788,27064480,1973026,0,0,0
129 x 128 B,31,671,1976970,9676529,27064480,1977485,0,0,0
1024 x 128 B,0,86,2012586,9843253,26926106,2013714,0,0,0
1024 x 128 B,1,86,2019204,9839571,26926106,2017321,0,0,0
1024 x 128 B,2,86,2021648,9750377,26926106,2020595,0,0,0
1024 x 128 B,3,86,1993701,9720601,26926106,1988932,0,0,0
1024 x 128 B,4,86,1988746,9736610,26926106,1989301,0,0,0
1024 x 128 B,5,86,1987770,9733477,26926106,1988310,0,0,0
1024 x 128 B,6,86,1988840,9738489,26926106,1989389,0,0,0
1024 x 128 B,7,86,1989316,9738567,26926106,1989914,0,0,0
1024 x 128 B,8,86,1988778,9734312,26926106,1989339,0,0,0
1024 x 128 B,9,86,1987302,9725772,26926106,1987852,0,0,0
1024 x 128 B,10,86,1988215,9735096,26926106,1988854,0,0,0
1024 x 128 B,11,86,1986856,9729140,26926106,1987454,0,0,0
1024 x 128 B,12,86,2359561,9741348,26926106,2360113,0,0,0
1024 x 128 B,13,86,1985785,9720841,26926106,1986352,0,0,0
1024 x 128 B,14,86,1988865,9739007,26926106,1989574,0,0,0
1024 x 128 B,15,86,1988611,9731981,26926106,1989187,0,0,0
1024 x 128 B,16,86,1987035,9729397,26926106,1987704,0,0,0
1024 x 128 B,17,86,1987070,9728814,26926106,1988006,0,0,0
1024 x 128 B,18,86,1989367,9738028,26926106,1989934,0,0,0
1024 x 128 B,19,86,1987207,9730317,26926106,1987780,0,0,0
1024 x 128 B,20,86,1988533,9737103,26926106,1989125,0,0,0
1024 x 128 B,21,86,1986967,9727355,26926106,1987520,0,0,0
1024 x 128 B,22,86,1988665,9733930,26926106,1989213,0,0,0
1024 x 128 B,23,86,2019451,9736391,26926106,2019997,0,0,0
1024 x 128 B,24,86,1987223,9730009,26926106,1987781,0,0,0
1024 x 128 B,25,86,1987221,9728993,26926106,1987765,0,0,0
1024 x 128 B,26,86,1988127,9733375,26926106,1988691,0,0,0
1024 x 128 B,27,86,1988740,9737772,26926106,1989334,0,0,0
1024 x 128 B,28,86,1988380,9736023,26926106,1988951,0,0,0
1024 x 128 B,29,86,1987596,9729693,26926106,1988145,0,0,0
1024 x 128 B,30,86,1988707,9735006,26926106,1989258,0,0,0
1024 x 128 B,31,86,1986339,9726486,26926106,1986913,0,0,0
1 x 256 B,0,9685,1777406,8700041,21549491,1778028,0,0,0
1 x 256 B,1,9685,1774417,8690753,21549490,1774925,0,0,0
1 x 256 B,2,9685,1776985,8697356,21549491,1777567,0,0,0
1 x 256 B,3,9685,1777712,8702155,21549491,1778281,0,0,0
1 x 256 B,4,9685,1777427,8701178,21549491,1778066,0,0,0
1 x 256 B,5,9685,1776717,8697727,21549491,1777337,0,0,0
1 x 256 B,6,9685,1776733,8702919,21549490,1777338,0,0,0
1 x 256 B,7,9685,1781472,8715198,21549491,1782180,0,0,0
1 x 256 B,8,9685,1786913,8703800,21549491,1787524,0,0,0
1 x 256 B,9,9685,1784415,8714904,21549491,1785316,0,0,0
1 x 256 B,10,9685,1777715,8704704,21549490,1778474,0,0,0
1 x 256 B,11,9685,1795130,8704459,21549491,1784171,0,0,0
1 x 256 B,12,9685,1786052,8699228,21549491,1781146,0,0,0
1 x 256 B,13,9685,1778032,8701863,21549491,1778553,0,0,0
1 x 256 B,14,9685,1777926,8702070,21549491,1778428,0,0,0
1 x 256 B,15,9685,1777050,8705393,21549490,1777552,0,0,0
1 x 256 B,16,9685,1777830,8704129,21549491,1778349,0,0,0
1 x 256 B,17,9685,1779199,8707339,21549491,1779710,0,0,0
1 x 256 B,18,9685,1777744,8701740,21549491,1778259,0,0,0
1 x 256 B,19,9685,1777645,8701809,21549491,1778169,0,0,0
1 x 256 B,20,9685,1776552,8698711,21549490,1777062,0,0,0
1 x 256 B,21,9685,1778594,8705003,21549491,1779123,0,0,0
1 x 256 B,22,9685,1778587,8707729,21549491,1779106,0,0,0
1 x 256 B,23,9685,2142559,8702615,21549491,2143082,0,0,0
1 x 256 B,24,9685,1779412,8709575,21549491,1779937,0,0,0
1 x 256 B,25,9685,1778065,8702874,21549491,1778593,0,0,0
1 x 256 B,26,9685,1776789,8704063,21549490,1777310,0,0,0
1 x 256 B,27,9685,1776605,8697197,21549491,1777120,0,0,0
1 x 256 B,28,9685,1777736,8701192,21549491,1778264,0,0,0
1 x 256 B,29,9685,1779969,8708793,21549491,1780514,0,0,0
1 x 256 B,30,9685,1775568,8695263,21549490,1776093,0,0,0
1 x 256 B,31,9685,1780046,8711818,21549491,1780585,0,0,0
3 x 256 B,0,7344,1855723,9081516,31227054,1856266,0,0,0
3 x 256 B,1,7344,1854996,9081621,31227054,1855509,0,0,0
3 x 256 B,2,7344,1854637,9077057,31227054,1855134,0,0,0
3 x 256 B,3,7344,1855060,9081792,31227054,1855560,0,0,0
3 x 256 B,4,7344,1858955,9090048,31227054,1859473,0,0,0
3 x 256 B,5,7344,1852484,9074922,31227053,1852974,0,0,0
3 x 256 B,6,7344,1856058,9087970,31227054,1856565,0,0,0
3 x 256 B,7,7344,1857062,9088217,31227054,1857567,0,0,0
3 x 256 B,8,7344,1856574,9088156,31227054,1857071,0,0,0
3 x 256 B,9,7344,1855883,9086961,31227054,1856382,0,0,0
3 x 256 B,10,7344,1853003,9073044,31227054,1853506,0,0,0
3 x 256 B,11,7344,1855824,9087107,31227054,1856344,0,0,0
3 x 256 B,12,7344,1853255,9078930,31227053,1853786,0,0,0
3 x 256 B,13,7344,1857376,9086024,31227054,1857931,0,0,0
3 x 256 B,14,7344,1855027,9079341,31227054,1855538,0,0,0
3 x 256 B,15,7344,1853939,9077308,31227054,1854521,0,0,0
3 x 256 B,16,7344,1858957,9100369,31227054,1859689,0,0,0
3 x 256 B,17,7344,1858410,9091519,31227054,1859124,0,0,0
3 x 256 B,18,7344,1860311,9101530,31227054,1861038,0,0,0
3 x 256 B,19,7344,1855374,9086138,31227053,1856064,0,0,0
3 x 256 B,20,7344,1863151,9106105,31227054,1864084,0,0,0
3 x 256 B,21,7344,1863360,9079806,31227054,1861256,0,0,0
3 x 256 B,22,7344,1860323,9084339,31227054,1859338,0,0,0
3 x 256 B,23,7344,1856583,9087482,31227054,1857179,0,0,0
3 x 256 B,24,7344,1858369,9094533,31227054,1859094,0,0,0
3 x 256 B,25,7344,1856703,9089948,31227054,1857204,0,0,0
3 x 256 B,26,7344,1853111,9077886,31227053,1853616,0,0,0
3 x 256 B,27,7344,1855863,9082941,31227060,1856392,0,0,0
3 x 256 B,28,7344,1855396,9082197,31227060,1855909,0,0,0
3 x 256 B,29,7344,1857082,9090626,31227054,1857842,0,0,0
3 x 256 B,30,7344,1861259,9099103,31227054,1861913,0,0,0
3 x 256 B,31,7344,1858285,9094062,31227054,1858854,0,0,0
4 x 256 B,0,7461,1844876,9031733,30627771,1845478,0,0,0
4 x 256 B,1,7461,1842379,9021336,30627770,1842895,0,0,0
4 x 256 B,2,7461,2216887,9034822,30627772,2217403,0,0,0
4 x 256 B,3,7461,1844325,9020727,30627770,1845217,0,0,0
4 x 256 B,4,7461,1855698,9042221,30627771,1854082,0,0,0
4 x 256 B,5,7461,1851841,9035794,30627771,1850946,0,0,0
4 x 256 B,6,7461,1850533,9020192,30627771,1846382,0,0,0
4 x 256 B,7,7461,1843878,9024865,30627771,1844393,0,0,0
4 x 256 B,8,7461,1845755,9031671,30627771,1846328,0,0,0
4 x 256 B,9,7461,1844483,9026776,30627771,1844998,0,0,0
4 x 256 B,10,7461,1841138,9015470,30627770,1841679,0,0,0
4 x 256 B,11,7461,1844917,9028841,30627771,1845726,0,0,0
4 x 256 B,12,7461,1844175,9027940,30627771,1844714,0,0,0
4 x 256 B,13,7461,1844252,9024417,30627771,1844793,0,0,0
4 x 256 B,14,7461,1846331,9028272,30627771,1846897,0,0,0
4 x 256 B,15,7461,1852506,9020184,30627771,1845965,0,0,0
4 x 256 B,16,7461,1843167,9024192,30627770,1843672,0,0,0
4 x 256 B,17,7461,1841850,9017453,30627771,1842368,0,0,0
4 x 256 B,18,7461,1845804,9034643,30627771,1846316,0,0,0
4 x 256 B,19,7461,1844925,9034088,30627771,1845461,0,0,0
4 x 256 B,20,7461,1846986,9039854,30627771,1847491,0,0,0
4 x 256 B,21,7461,1842591,9023652,30627771,1843106,0,0,0
4 x 256 B,22,7461,1845442,9034931,30627771,1845953,0,0,0
4 x 256 B,23,7461,1839143,9010718,30627770,1839634,0,0,0
4 x 256 B,24,7461,1843614,9025233,30627771,1844121,0,0,0
4 x 256 B,25,7461,1843366,9024709,30627771,1844022,0,0,0
4 x 256 B,26,7461,1846101,9034843,30627771,1846614,0,0,0
4 x 256 B,27,7461,1901828,9030485,30627771,1902764,0,0,0
4 x 256 B,28,7461,1845322,9029770,30627771,1845936,0,0,0
4 x 256 B,29,7461,1845528,9027778,30627771,1846283,0,0,0
4 x 256 B,30,7461,1846412,9032068,30627770,1847389,0,0,0
4 x 256 B,31,7461,1848992,9022884,30627771,1847224,0,0,0
6 x 256 B,0,4489,1899134,9295511,26207148,1899745,0,0,0
6 x 256 B,1,4489,1898998,9293240,26207148,1899516,0,0,0
6 x 256 B,2,4489,1897112,9283745,26207148,1897612,0,0,0
6 x 256 B,3,4489,1895945,9282754,26207148,1896442,0,0,0
6 x 256 B,4,4489,1897786,9291844,26207148,1898283,0,0,0
6 x 256 B,5,4489,2270834,9285660,26207148,2271332,0,0,0
6 x 256 B,6,4489,1896736,9279607,26207148,1897234,0,0,0
6 x 256 B,7,4489,1898152,9294621,26207148,1898655,0,0,0
6 x 256 B,8,4489,1898025,9291538,26207148,1898524,0,0,0
6 x 256 B,9,4489,1900293,9301586,26207148,1900809,0,0,0
6 x 256 B,10,4489,1898497,9293364,26207148,1899008,0,0,0
6 x 256 B,11,4489,1895420,9285135,26207147,1895929,0,0,0
6 x 256 B,12,4489,1924738,9288264,26207148,1925248,0,0,0
6 x 256 B,13,4489,1899749,9301522,26207148,1900258,0,0,0
6 x 256 B,14,4489,1899580,9295196,26207148,1900082,0,0,0
6 x 256 B,15,4489,1898042,9292923,26207148,1898547,0,0,0
6 x 256 B,16,4489,1902730,9294884,26207148,1903231,0,0,0
6 x 256 B,17,4489,1898429,9294689,26207148,1898933,0,0,0
6 x 256 B,18,4489,1898578,9291392,26207148,1899078,0,0,0
6 x 256 B,19,4489,1897961,9292979,26207148,1898461,0,0,0
6 x 256 B,20,4489,1898148,9293684,26207148,1898651,0,0,0
6 x 256 B,21,4489,1896185,9289120,26207147,1896685,0,0,0
6 x 256 B,22,4489,1914203,9294324,26207148,1914737,0,0,0
6 x 256 B,23,4489,1909708,9287951,26207148,1910277,0,0,0
6 x 256 B,24,4489,1897883,9292483,26207148,1898381,0,0,0
6 x 256 B,25,4489,1898142,9292716,26207148,1898638,0,0,0
6 x 256 B,26,4489,1898177,9291266,26207148,1898676,0,0,0
6 x 256 B,27,4489,1897798,9289692,26207148,1898301,0,0,0
6 x 256 B,28,4489,1896463,9285338,26207148,1896960,0,0,0
6 x 256 B,29,4489,1898363,9295621,26207148,1898870,0,0,0
6 x 256 B,30,4489,1896859,9284541,26207148,1897361,0,0,0
6 x 256 B,31,4489,1925280,9286296,26207147,1925777,0,0,0
8 x 256 B,0,5365,1921397,9406148,27463801,1921945,0,0,0
8 x 256 B,1,5365,1921259,9406296,27463801,1921950,0,0,0
8 x 256 B,2,5365,1923286,9407149,27463801,1923836,0,0,0
8 x 256 B,3,5365,1923825,9415095,27463801,1924818,0,0,0
8 x 256 B,4,5365,1924184,9412550,27463801,1925198,0,0,0
8 x 256 B,5,5365,1923935,9410998,27463801,1924641,0,0,0
8 x 256 B,6,5365,1926252,9419256,27463801,1927080,0,0,0
8 x 256 B,7,5365,1924767,9397434,27463801,1923665,0,0,0
8 x 256 B,8,5365,1928917,9405050,27463801,1925037,0,0,0
8 x 256 B,9,5365,1921702,9402995,27463801,1922197,0,0,0
8 x 256 B,10,5365,1922157,9409885,27463801,1922661,0,0,0
8 x 256 B,11,5365,1920493,9402670,27463801,1920986,0,0,0
8 x 256 B,12,5365,1918984,9393183,27463801,1919531,0,0,0
8 x 256 B,13,5365,1921029,9411193,27463800,1921768,0,0,0
8 x 256 B,14,5365,1918996,9397822,27463801,1919488,0,0,0
8 x 256 B,15,5365,2324024,9406923,27463802,2318341,0,0,0
8 x 256 B,16,5365,1919483,9400386,27463801,1919990,0,0,0
8 x 256 B,17,5365,1920555,9404205,27463801,1921045,0,0,0
8 x 256 B,18,5365,1917425,9395437,27463800,1917895,0,0,0
8 x 256 B,19,5365,1922006,9411746,27463801,1922505,0,0,0
8 x 256 B,20,5365,1917821,9392305,27463801,1918288,0,0,0
8 x 256 B,21,5365,1921799,9410656,27463801,1922298,0,0,0
8 x 256 B,22,5365,1918010,9393444,27463801,1918493,0,0,0
8 x 256 B,23,5365,1920880,9405733,27463801,1921382,0,0,0
8 x 256 B,24,5365,1920512,9401881,27463801,1921004,0,0,0
8 x 256 B,25,5365,1921375,9408252,27463801,1921873,0,0,0
8 x 256 B,26,5365,1921355,9405700,27463801,1921844,0,0,0
8 x 256 B,27,5365,1921530,9406955,27463801,1922046,0,0,0
8 x 256 B,28,5365,1919478,9395953,27463801,1919969,0,0,0
8 x 256 B,29,5365,1920785,9405535,27463801,1921279,0,0,0
8 x 256 B,30,5365,1916207,9388542,27463800,1916681,0,0,0
8 x 256 B,31,5365,1920219,9404511,27463801,1920715,0,0,0
12 x 256 B,0,3280,1951392,9557117,29107086,1951906,0,0,0
12 x 256 B,1,3280,1951505,9555831,29107086,1951994,0,0,0
12 x 256 B,2,3280,1952270,9559669,29107086,1952773,0,0,0
12 x 256 B,3,3280,1951076,9553878,29107086,1951572,0,0,0
12 x 256 B,4,3280,1950654,9553459,29107086,1951152,0,0,0
12 x 256 B,5,3280,1951092,9554266,29107086,1951583,0,0,0
12 x 256 B,6,3280,1951415,9553298,29107086,1951946,0,0,0
12 x 256 B,7,3280,1951057,9553691,29107086,1951547,0,0,0
12 x 256 B,8,3280,1950618,9552110,29107086,1951115,0,0,0
12 x 256 B,9,3280,1950821,9550835,29107086,1951511,0,0,0
12 x 256 B,10,3280,1951494,9553954,29107086,1952077,0,0,0
12 x 256 B,11,3280,1955869,9559116,29107086,1956387,0,0,0
12 x 256 B,12,3280,1952498,9555503,29107086,1953131,0,0,0
12 x 256 B,13,3280,1953235,9555659,29107086,1953803,0,0,0
12 x 256 B,14,3280,1960747,9572611,29107086,1961750,0,0,0
12 x 256 B,15,3280,1957049,9551431,29107086,1955453,0,0,0
12 x 256 B,16,3280,1957251,9556398,29107086,1954033,0,0,0
12 x 256 B,17,3280,1952380,9556896,29107086,1952878,0,0,0
12 x 256 B,18,3280,1951122,9554725,29107086,1951638,0,0,0
12 x 256 B,19,3280,1950096,9553391,29107085,1950599,0,0,0
12 x 256 B,20,3280,1953286,9557663,29107086,1953869,0,0,0
12 x 256 B,21,3280,1955187,9569120,29107086,1955688,0,0,0
12 x 256 B,22,3280,1951464,9551171,29107086,1951961,0,0,0
12 x 256 B,23,3280,1952663,9560149,29107086,1953178,0,0,0
12 x 256 B,24,3280,1951097,9551581,29107086,1951580,0,0,0
12 x 256 B,25,3280,2369359,9568801,29107087,2369857,0,0,0
12 x 256 B,26,3280,1952522,9558099,29107086,1953025,0,0,0
12 x 256 B,27,3280,1953315,9564203,29107086,1953820,0,0,0
12 x 256 B,28,3280,1948188,9545002,29107085,1948669,0,0,0
12 x 256 B,29,3280,1952901,9562989,29107086,1953397,0,0,0
12 x 256 B,30,3280,1950211,9549454,29107086,1950705,0,0,0
12 x 256 B,31,3280,1952250,9559854,29107086,1952744,0,0,0
16 x 256 B,0,2774,1961933,9607074,27424130,1962528,0,0,0
16 x 256 B,1,2774,1959343,9594459,27424130,1959855,0,0,0
16 x 256 B,2,2774,1960187,9597353,27424130,1960689,0,0,0
16 x 256 B,3,2774,1958090,9588555,27424130,1958607,0,0,0
16 x 256 B,4,2774,1961666,9605973,27424130,1962173,0,0,0
16 x 256 B,5,2774,1959048,9590336,27424130,1959542,0,0,0
16 x 256 B,6,2774,1960462,9599747,27424130,1960974,0,0,0
16 x 256 B,7,2774,1959996,9595763,27424130,1960487,0,0,0
16 x 256 B,8,2774,1961555,9605374,27424130,1962051,0,0,0
16 x 256 B,9,2774,1959649,9594959,27424130,1960154,0,0,0
16 x 256 B,10,2774,1961098,9602272,27424130,1961610,0,0,0
16 x 256 B,11,2774,1958756,9589007,27424130,1959265,0,0,0
16 x 256 B,12,2774,1960376,9597048,27424130,1960885,0,0,0
16 x 256 B,13,2774,1959925,9596628,27424130,1960421,0,0,0
16 x 256 B,14,2774,1960910,9601218,27424130,1961416,0,0,0
16 x 256 B,15,2774,1958853,9589682,27424130,1959358,0,0,0
16 x 256 B,16,2774,1961699,9601383,27424130,1962201,0,0,0
16 x 256 B,17,2774,1959003,9591174,27424130,1959975,0,0,0
16 x 256 B,18,2774,1961193,9600324,27424130,1961721,0,0,0
16 x 256 B,19,2774,1961275,9598201,27424130,1961997,0,0,0
16 x 256 B,20,2774,1963233,9608699,27424130,1963934,0,0,0
16 x 256 B,21,2774,1961858,9597550,27424130,1962579,0,0,0
16 x 256 B,22,2774,1964524,9600279,27424129,1965358,0,0,0
16 x 256 B,23,2774,1969154,9589172,27424130,1965621,0,0,0
16 x 256 B,24,2774,1964777,9595841,27424130,1962144,0,0,0
16 x 256 B,25,2774,1959730,9594733,27424130,1960316,0,0,0
16 x 256 B,26,2774,1958953,9593200,27424130,1959592,0,0,0
16 x 256 B,27,2774,1960793,9601127,27424130,1961343,0,0,0
16 x 256 B,28,2774,1959103,9593071,27424130,1959653,0,0,0
16 x 256 B,29,2774,1961295,9600387,27424130,1961856,0,0,0
16 x 256 B,30,2774,1960409,9595055,27424130,1961122,0,0,0
16 x 256 B,31,2774,1959958,9592766,27424130,1960514,0,0,0
24 x 256 B,0,1870,1972404,9658122,27401476,1972999,0,0,0
24 x 256 B,1,1870,2365066,9653097,27401476,2365621,0,0,0
24 x 256 B,2,1870,1972673,9658673,27401476,1973209,0,0,0
24 x 256 B,3,1870,1970970,9652414,27401476,1971554,0,0,0
24 x 256 B,4,1870,1973753,9661827,27401476,1974312,0,0,0
24 x 256 B,5,1870,1971710,9653601,27401476,1972270,0,0,0
24 x 256 B,6,1870,1972390,9655446,27401476,1972955,0,0,0
24 x 256 B,7,1870,1972115,9658037,27401476,1972662,0,0,0
24 x 256 B,8,1870,1973024,9661062,27401476,1973585,0,0,0
24 x 256 B,9,1870,1971327,9654221,27401476,1971864,0,0,0
24 x 256 B,10,1870,1971950,9655777,27401476,1972502,0,0,0
24 x 256 B,11,1870,1972144,9655013,27401476,1972697,0,0,0
24 x 256 B,12,1870,1972872,9657417,27401476,1973425,0,0,0
24 x 256 B,13,1870,1973194,9661438,27401476,1973757,0,0,0
24 x 256 B,14,1870,1978530,9651178,27401476,1974368,0,0,0
24 x 256 B,15,1870,1972951,9660990,27401476,1973531,0,0,0
24 x 256 B,16,1870,1972406,9655067,27401476,1972905,0,0,0
24 x 256 B,17,1870,1972504,9656826,27401476,1972996,0,0,0
24 x 256 B,18,1870,1972048,9654733,27401476,1972549,0,0,0
24 x 256 B,19,1870,1972726,9657698,27401476,1973232,0,0,0
24 x 256 B,20,1870,1971731,9653967,27401476,1972230,0,0,0
24 x 256 B,21,1870,1972104,9657056,27401476,1972604,0,0,0
24 x 256 B,22,1870,1971238,9652355,27401476,1971747,0,0,0
24 x 256 B,23,1870,1973049,9659610,27401476,1973559,0,0,0
24 x 256 B,24,1870,1971266,9650905,27401476,1971762,0,0,0
24 x 256 B,25,1870,1971953,9654984,27401476,1972769,0,0,0
24 x 256 B,26,1870,2026920,9667209,27401476,2027544,0,0,0
24 x 256 B,27,1870,1973363,9654893,27401476,1974179,0,0,0
24 x 256 B,28,1870,1973982,9658854,27401476,1974660,0,0,0
24 x 256 B,29,1870,1973284,9651677,27401476,1974296,0,0,0
24 x 256 B,30,1870,1977748,9650063,27401476,1976201,0,0,0
24 x 256 B,31,1870,1978226,9646959,27401476,1973582,0,0,0
64 x 256 B,0,715,1986863,9727445,27519286,1987388,0,0,0
64 x 256 B,1,715,1988137,9732732,27519286,1988639,0,0,0
64 x 256 B,2,715,1988903,9739715,27519286,1989398,0,0,0
64 x 256 B,3,715,1988645,9737389,27519286,1989141,0,0,0
64 x 256 B,4,715,1986059,9724513,27519286,1986558,0,0,0
64 x 256 B,5,715,1988863,9735429,27519286,1989365,0,0,0
64 x 256 B,6,715,1988118,9729198,27519286,1988613,0,0,0
64 x 256 B,7,715,1987403,9726865,27519286,1987902,0,0,0
64 x 256 B,8,715,1986539,9727954,27519286,1987038,0,0,0
64 x 256 B,9,715,1987568,9732194,27519286,1988060,0,0,0
64 x 256 B,10,715,2367729,9737308,27519286,2368222,0,0,0
64 x 256 B,11,715,1986461,9726918,27519286,1986954,0,0,0
64 x 256 B,12,715,1990487,9743961,27519286,1990985,0,0,0
64 x 256 B,13,715,1988372,9735831,27519286,1988864,0,0,0
64 x 256 B,14,715,1986188,9726915,27519286,1986694,0,0,0
64 x 256 B,15,715,1987650,9733322,27519286,1988145,0,0,0
64 x 256 B,16,715,1986648,9729650,27519286,1987144,0,0,0
64 x 256 B,17,715,1986774,9726304,27519286,1987283,0,0,0
64 x 256 B,18,715,1986004,9726296,27519286,1986498,0,0,0
64 x 256 B,19,715,1986383,9726705,27519286,1986886,0,0,0
64 x 256 B,20,715,1986648,9729242,27519286,1987169,0,0,0
64 x 256 B,21,715,1987429,9732186,27519286,1987938,0,0,0
64 x 256 B,22,715,2017954,9738238,27519286,2018527,0,0,0
64 x 256 B,23,715,1988831,9734734,27519286,1989331,0,0,0
64 x 256 B,24,715,1987398,9731960,27519286,1987897,0,0,0
64 x 256 B,25,715,1987909,9733628,27519286,1988415,0,0,0
64 x 256 B,26,715,1986547,9728707,27519286,1987047,0,0,0
64 x 256 B,27,715,1987277,9731575,27519286,1987775,0,0,0
64 x 256 B,28,715,1987265,9727429,27519286,1987803,0,0,0
64 x 256 B,29,715,1987430,9731196,27519286,1987923,0,0,0
64 x 256 B,30,715,1988293,9735700,27519286,1988816,0,0,0
64 x 256 B,31,715,1987542,9731245,27519286,1988038,0,0,0
128 x 256 B,0,358,2001311,9796555,27431758,2002010,0,0,0
128 x 256 B,1,358,2004665,9809319,27431758,2005379,0,0,0
128 x 256 B,2,358,1999212,9779404,27431758,2000243,0,0,0
128 x 256 B,3,358,2000486,9786614,27431758,2001959,0,0,0
128 x 256 B,4,358,2000501,9780799,27431758,2001275,0,0,0
128 x 256 B,5,358,2012455,9786656,27431758,2004201,0,0,0
128 x 256 B,6,358,2000849,9790984,27431758,2001364,0,0,0
128 x 256 B,7,358,1999078,9788072,27431758,1999609,0,0,0
128 x 256 B,8,358,1999825,9787409,27431758,2000349,0,0,0
128 x 256 B,9,358,1998461,9787148,27431758,1998954,0,0,0
128 x 256 B,10,358,2395358,9798694,27431758,2395892,0,0,0
128 x 256 B,11,358,2002605,9802213,27431758,2003113,0,0,0
128 x 256 B,12,358,2007961,9797343,27431758,2003549,0,0,0
128 x 256 B,13,358,1999244,9790116,27431758,1999752,0,0,0
128 x 256 B,14,358,2001655,9794880,27431758,2002177,0,0,0
128 x 256 B,15,358,1998304,9786220,27431758,1998800,0,0,0
128 x 256 B,16,358,1998685,9784420,27431758,1999218,0,0,0
128 x 256 B,17,358,1997930,9784104,27431758,1998447,0,0,0
128 x 256 B,18,358,1999212,9789273,27431758,1999709,0,0,0
128 x 256 B,19,358,1999143,9789814,27431758,1999632,0,0,0
128 x 256 B,20,358,1999930,9792777,27431758,2000442,0,0,0
128 x 256 B,21,358,1999377,9791072,27431758,1999911,0,0,0
128 x 256 B,22,358,1998821,9787276,27431758,1999320,0,0,0
128 x 256 B,23,358,1999774,9790567,27431758,2000288,0,0,0
128 x 256 B,24,358,2001838,9800135,27431758,2002379,0,0,0
128 x 256 B,25,358,2000492,9795929,27431758,2000991,0,0,0
128 x 256 B,26,358,2001188,9798686,27431758,2001733,0,0,0
128 x 256 B,27,358,1998025,9784789,27431758,1998535,0,0,0
128 x 256 B,28,358,2000153,9793891,27431758,2000665,0,0,0
128 x 256 B,29,358,2000183,9794777,27431758,2000711,0,0,0
128 x 256 B,30,358,2002728,9803454,27431758,2003254,0,0,0
128 x 256 B,31,358,1999954,9792930,27431758,2000473,0,0,0
129 x 256 B,0,347,1997368,9781357,27248194,1997897,0,0,0
129 x 256 B,1,347,1997807,9780507,27248194,1998318,0,0,0
129 x 256 B,2,347,1997581,9782536,27248194,1998075,0,0,0
129 x 256 B,3,347,1998815,9787477,27248194,1999310,0,0,0
129 x 256 B,4,347,1997490,9781827,27248194,1997997,0,0,0
129 x 256 B,5,347,1998118,9783334,27248194,1998684,0,0,0
129 x 256 B,6,347,1998433,9784883,27248194,1999013,0,0,0
129 x 256 B,7,347,1998760,9783626,27248194,1999334,0,0,0
129 x 256 B,8,347,2001350,9782658,27248195,2002031,0,0,0
129 x 256 B,9,347,1999472,9783843,27248194,2000152,0,0,0
129 x 256 B,10,347,2010878,9791410,27248194,2008478,0,0,0
129 x 256 B,11,347,2003740,9787963,27248194,2002637,0,0,0
129 x 256 B,12,347,2002393,9777426,27248194,1999498,0,0,0
129 x 256 B,13,347,2000118,9790342,27248194,2000613,0,0,0
129 x 256 B,14,347,1998220,9784578,27248194,1998717,0,0,0
129 x 256 B,15,347,1998225,9782314,27248194,1998737,0,0,0
129 x 256 B,16,347,1997532,9777589,27248194,1998023,0,0,0
129 x 256 B,17,347,2001787,9800718,27248194,2002321,0,0,0
129 x 256 B,18,347,1998357,9783240,27248194,1998892,0,0,0
129 x 256 B,19,347,2395258,9797758,27248195,2395775,0,0,0
129 x 256 B,20,347,1998934,9788097,27248194,1999431,0,0,0
129 x 256 B,21,347,1999234,9785847,27248194,1999733,0,0,0
129 x 256 B,22,347,1998848,9785764,27248194,1999348,0,0,0
129 x 256 B,23,347,1997517,9780015,27248194,1998017,0,0,0
129 x 256 B,24,347,1998497,9787631,27248194,1998994,0,0,0
129 x 256 B,25,347,1998308,9784323,27248194,1998812,0,0,0
129 x 256 B,26,347,1999195,9786863,27248194,1999693,0,0,0
129 x 256 B,27,347,1997384,9780170,27248194,1997877,0,0,0
129 x 256 B,28,347,1996322,9777174,27248194,1996827,0,0,0
129 x 256 B,29,347,1997866,9783305,27248194,1998353,0,0,0
129 x 256 B,30,347,1997903,9782928,27248194,1998410,0,0,0
129 x 256 B,31,347,1997152,9779658,27248194,1997644,0,0,0
1024 x 256 B,0,45,2025165,9916562,27541536,2025763,0,0,0
1024 x 256 B,1,45,2027333,9927247,27541536,2027881,0,0,0
1024 x 256 B,2,45,2024857,9915053,27541536,2025367,0,0,0
1024 x 256 B,3,45,2026644,9926060,27541536,2027169,0,0,0
1024 x 256 B,4,45,2027266,9925711,27541536,2027778,0,0,0
1024 x 256 B,5,45,2029766,9939143,27541536,2030306,0,0,0
1024 x 256 B,6,45,2028505,9915436,27541536,2029037,0,0,0
1024 x 256 B,7,45,2025734,9921402,27541536,2026289,0,0,0
1024 x 256 B,8,45,2026140,9921140,27541536,2026674,0,0,0
1024 x 256 B,9,45,2027887,9926352,27541536,2028421,0,0,0
1024 x 256 B,10,45,2024413,9913202,27541536,2024933,0,0,0
1024 x 256 B,11,45,2026750,9923628,27541536,2027270,0,0,0
1024 x 256 B,12,45,2037585,9977667,27541536,2038186,0,0,0
1024 x 256 B,13,45,2090126,10091590,27541536,2090687,0,0,0
1024 x 256 B,14,45,2057559,10065238,27541537,2058400,0,0,0
1024 x 256 B,15,45,2033767,9952680,27541536,2035043,0,0,0
1024 x 256 B,16,45,2035939,9956459,27541536,2036925,0,0,0
1024 x 256 B,17,45,2027215,9924369,27541536,2028244,0,0,0
1024 x 256 B,18,45,2036817,9921787,27541536,2031691,0,0,0
1024 x 256 B,19,45,2027614,9926265,27541536,2028203,0,0,0
1024 x 256 B,20,45,2024897,9916840,27541536,2025449,0,0,0
1024 x 256 B,21,45,2025776,9918886,27541536,2026316,0,0,0
1024 x 256 B,22,45,2027983,9927564,27541536,2028535,0,0,0
1024 x 256 B,23,45,2030586,9942505,27541536,2031115,0,0,0
1024 x 256 B,24,45,2026465,9920193,27541536,2027014,0,0,0
1024 x 256 B,25,45,2027350,9926834,27541536,2027862,0,0,0
1024 x 256 B,26,45,2022861,9907678,27541536,2023353,0,0,0
1024 x 256 B,27,45,2394497,9927434,27541536,2395044,0,0,0
1024 x 256 B,28,45,2024332,9914131,27541536,2024869,0,0,0
1024 x 256 B,29,45,2026596,9922769,27541536,2027153,0,0,0
1024 x 256 B,30,45,2026155,9915285,27541536,2026673,0,0,0
1024 x 256 B,31,45,2028005,9930730,27541536,2028523,0,0,0
1 x 512 B,0,5134,1884559,9226629,21219188,1885162,0,0,0
1 x 512 B,1,5134,1882297,9218428,21219188,1882809,0,0,0
1 x 512 B,2,5134,1883837,9224336,21219188,1884364,0,0,0
1 x 512 B,3,5134,1882684,9219504,21219188,1883188,0,0,0
1 x 512 B,4,5134,1884047,9224117,21219188,1884571,0,0,0
1 x 512 B,5,5134,1882265,9218221,21219188,1882755,0,0,0
1 x 512 B,6,5134,1883469,9222675,21219188,1883985,0,0,0
1 x 512 B,7,5134,1883413,9221187,21219188,1883941,0,0,0
1 x 512 B,8,5134,1883629,9225806,21219187,1884142,0,0,0
1 x 512 B,9,5134,1891523,9219821,21219188,1886422,0,0,0
1 x 512 B,10,5134,1883860,9225332,21219188,1884390,0,0,0
1 x 512 B,11,5134,1882635,9218482,21219188,1883149,0,0,0
1 x 512 B,12,5134,1884193,9226181,21219188,1884713,0,0,0
1 x 512 B,13,5134,1882824,9219823,21219188,1883335,0,0,0
1 x 512 B,14,5134,1883074,9222152,21219188,1883587,0,0,0
1 x 512 B,15,5134,1883164,9220758,21219188,1883679,0,0,0
1 x 512 B,16,5134,1882490,9223135,21219187,1883012,0,0,0
1 x 512 B,17,5134,1884895,9226197,21219188,1885418,0,0,0
1 x 512 B,18,5134,1882979,9220348,21219188,1883482,0,0,0
1 x 512 B,19,5134,1884473,9226406,21219188,1885067,0,0,0
1 x 512 B,20,5134,1884256,9224425,21219188,1884908,0,0,0
1 x 512 B,21,5134,1884919,9228190,21219188,1885432,0,0,0
1 x 512 B,22,5134,1885440,9226773,21219188,1886192,0,0,0
1 x 512 B,23,5134,1887551,9231597,21219188,1888214,0,0,0
1 x 512 B,24,5134,1887006,9226707,21219188,1888109,0,0,0
1 x 512 B,25,5134,1885357,9231483,21219187,1886423,0,0,0
1 x 512 B,26,5134,1889464,9219441,21219188,1887553,0,0,0
1 x 512 B,27,5134,1889993,9221856,21219188,1886163,0,0,0
1 x 512 B,28,5134,1884344,9224422,21219188,1884859,0,0,0
1 x 512 B,29,5134,1884197,9226212,21219188,1884714,0,0,0
1 x 512 B,30,5134,1882443,9217706,21219188,1882952,0,0,0
1 x 512 B,31,5134,1884183,9222299,21219188,1884700,0,0,0
3 x 512 B,0,3954,1927126,9432306,31410942,1927673,0,0,0
3 x 512 B,1,3954,1926746,9427544,31410942,1927237,0,0,0
3 x 512 B,2,3954,1926673,9436335,31410942,1927179,0,0,0
3 x 512 B,3,3954,1924067,9425309,31410941,1924573,0,0,0
3 x 512 B,4,3954,2310690,9435868,31410943,2311184,0,0,0
3 x 512 B,5,3954,1926183,9425900,31410942,1926676,0,0,0
3 x 512 B,6,3954,1926282,9434313,31410942,1926824,0,0,0
3 x 512 B,7,3954,1926664,9433966,31410942,1927157,0,0,0
3 x 512 B,8,3954,1926677,9431311,31410942,1927181,0,0,0
3 x 512 B,9,3954,1924565,9428708,31410941,1925063,0,0,0
3 x 512 B,10,3954,1923650,9421906,31410942,1924117,0,0,0
3 x 512 B,11,3954,1927005,9435981,31410942,1927494,0,0,0
3 x 512 B,12,3954,1923991,9422457,31410942,1924486,0,0,0
3 x 512 B,13,3954,1926400,9432618,31410942,1926894,0,0,0
3 x 512 B,14,3954,1922412,9415162,31410942,1922889,0,0,0
3 x 512 B,15,3954,1926940,9434608,31410942,1927440,0,0,0
3 x 512 B,16,3954,1926724,9433155,31410942,1927211,0,0,0
3 x 512 B,17,3954,1938516,9436553,31410942,1939022,0,0,0
3 x 512 B,18,3954,1932500,9424339,31410942,1928620,0,0,0
3 x 512 B,19,3954,1929905,9444519,31410942,1930412,0,0,0
3 x 512 B,20,3954,1925009,9425617,31410942,1925511,0,0,0
3 x 512 B,21,3954,1927521,9437689,31410942,1928023,0,0,0
3 x 512 B,22,3954,1923897,9422379,31410942,1924395,0,0,0
3 x 512 B,23,3954,1924754,9429298,31410941,1925254,0,0,0
3 x 512 B,24,3954,1924486,9424114,31410942,1924992,0,0,0
3 x 512 B,25,3954,1974393,9447015,31410942,1974890,0,0,0
3 x 512 B,26,3954,1924598,9420656,31410942,1925100,0,0,0
3 x 512 B,27,3954,1926263,9431682,31410942,1926760,0,0,0
3 x 512 B,28,3954,1925103,9425310,31410942,1925711,0,0,0
3 x 512 B,29,3954,1929591,9445384,31410942,1930366,0,0,0
3 x 512 B,30,3954,1928882,9441381,31410942,1929515,0,0,0
3 x 512 B,31,3954,1932103,9451554,31410942,1932791,0,0,0
4 x 512 B,0,4012,1940485,9491277,31281930,1941253,0,0,0
4 x 512 B,1,4012,1937742,9454416,31281930,1935712,0,0,0
4 x 512 B,2,4012,1940525,9462642,31281930,1936092,0,0,0
4 x 512 B,3,4012,1933610,9465999,31281930,1934148,0,0,0
4 x 512 B,4,4012,1933300,9466961,31281930,1933860,0,0,0
4 x 512 B,5,4012,1930902,9454770,31281930,1931773,0,0,0
4 x 512 B,6,4012,1929754,9454745,31281929,1930294,0,0,0
4 x 512 B,7,4012,1932816,9463607,31281930,1933362,0,0,0
4 x 512 B,8,4012,1933968,9466191,31281930,1934511,0,0,0
4 x 512 B,9,4012,1935715,9470656,31281930,1936598,0,0,0
4 x 512 B,10,4012,2030144,9463497,31281930,1964459,0,0,0
4 x 512 B,11,4012,1935472,9472736,31281930,1936021,0,0,0
4 x 512 B,12,4012,1931041,9455502,31281930,1931598,0,0,0
4 x 512 B,13,4012,1933494,9467012,31281930,1934041,0,0,0
4 x 512 B,14,4012,2311758,9458201,31281930,2312292,0,0,0
4 x 512 B,15,4012,1933201,9464776,31281930,1933749,0,0,0
4 x 512 B,16,4012,1930873,9454847,31281930,1931409,0,0,0
4 x 512 B,17,4012,1933413,9465852,31281930,1933973,0,0,0
4 x 512 B,18,4012,1932688,9462146,31281930,1933230,0,0,0
4 x 512 B,19,4012,1934861,9471471,31281930,1935355,0,0,0
4 x 512 B,20,4012,1930996,9456021,31281930,1931489,0,0,0
4 x 512 B,21,4012,1933922,9468813,31281930,1934428,0,0,0
4 x 512 B,22,4012,1930421,9453668,31281930,1930915,0,0,0
4 x 512 B,23,4012,1934468,9472211,31281930,1934968,0,0,0
4 x 512 B,24,4012,1931745,9459987,31281930,1932234,0,0,0
4 x 512 B,25,4012,1933985,9469538,31281930,1934480,0,0,0
4 x 512 B,26,4012,1931317,9454605,31281930,1931818,0,0,0
4 x 512 B,27,4012,1934850,9471233,31281930,1935350,0,0,0
4 x 512 B,28,4012,1931090,9456959,31281930,1931595,0,0,0
4 x 512 B,29,4012,1931679,9463211,31281929,1932181,0,0,0
4 x 512 B,30,4012,1931747,9457379,31281930,1932242,0,0,0
4 x 512 B,31,4012,1933716,9468995,31281930,1934208,0,0,0
6 x 512 B,0,2299,1922513,9413280,25781352,1923065,0,0,0
6 x 512 B,1,2299,1921239,9406117,25781352,1921740,0,0,0
6 x 512 B,2,2299,1922202,9410196,25781352,1922699,0,0,0
6 x 512 B,3,2299,1950919,9411459,25781352,1951507,0,0,0
6 x 512 B,4,2299,1926749,9415592,25781352,1927264,0,0,0
6 x 512 B,5,2299,1928505,9419286,25781352,1929489,0,0,0
6 x 512 B,6,2299,1925049,9419626,25781352,1925793,0,0,0
6 x 512 B,7,2299,1925174,9417840,25781352,1925799,0,0,0
6 x 512 B,8,2299,1936153,9423349,25781352,1933940,0,0,0
6 x 512 B,9,2299,1931552,9420905,25781352,1927437,0,0,0
6 x 512 B,10,2299,1927480,9423916,25781352,1928026,0,0,0
6 x 512 B,11,2299,1920984,9409611,25781351,1921525,0,0,0
6 x 512 B,12,2299,1923584,9415128,25781352,1924133,0,0,0
6 x 512 B,13,2299,1922806,9409424,25781352,1923351,0,0,0
6 x 512 B,14,2299,1953540,9417759,25781352,1954085,0,0,0
6 x 512 B,15,2299,1923659,9419025,25781352,1924203,0,0,0
6 x 512 B,16,2299,2308798,9418910,25781353,2309350,0,0,0
6 x 512 B,17,2299,1921308,9412287,25781351,1921798,0,0,0
6 x 512 B,18,2299,1952073,9422237,25781352,1952572,0,0,0
6 x 512 B,19,2299,1922337,9411924,25781352,1922837,0,0,0
6 x 512 B,20,2299,1922865,9412464,25781352,1923357,0,0,0
6 x 512 B,21,2299,1923969,9417305,25781352,1924465,0,0,0
6 x 512 B,22,2299,1951712,9418499,25781352,1952200,0,0,0
6 x 512 B,23,2299,1923294,9417450,25781352,1923795,0,0,0
6 x 512 B,24,2299,1923420,9415123,25781352,1923934,0,0,0
6 x 512 B,25,2299,1923149,9413984,25781352,1923639,0,0,0
6 x 512 B,26,2299,1951831,9417233,25781352,1952328,0,0,0
6 x 512 B,27,2299,1921982,9410197,25781352,1922486,0,0,0
6 x 512 B,28,2299,1923330,9414846,25781352,1923822,0,0,0
6 x 512 B,29,2299,1923802,9416771,25781352,1924294,0,0,0
6 x 512 B,30,2299,1920975,9406120,25781352,1921467,0,0,0
6 x 512 B,31,2299,1950819,9416764,25781351,1951305,0,0,0
8 x 512 B,0,2802,1956178,9580953,27434747,1956765,0,0,0
8 x 512 B,1,2802,1955765,9576559,27434748,1956284,0,0,0
8 x 512 B,2,2802,1957436,9584360,27434748,1957942,0,0,0
8 x 512 B,3,2802,1957161,9579675,27434748,1957666,0,0,0
8 x 512 B,4,2802,1956955,9579593,27434748,1957456,0,0,0
8 x 512 B,5,2802,1956267,9578939,27434748,1956765,0,0,0
8 x 512 B,6,2802,1956403,9579246,27434748,1956907,0,0,0
8 x 512 B,7,2802,1956451,9576144,27434748,1956959,0,0,0
8 x 512 B,8,2802,1956048,9575269,27434748,1956561,0,0,0
8 x 512 B,9,2802,1956216,9578671,27434748,1956726,0,0,0
8 x 512 B,10,2802,1956970,9581088,27434748,1957465,0,0,0
8 x 512 B,11,2802,1955755,9573290,27434748,1956443,0,0,0
8 x 512 B,12,2802,1957292,9579531,27434748,1957856,0,0,0
8 x 512 B,13,2802,1958321,9580243,27434748,1959097,0,0,0
8 x 512 B,14,2802,1958497,9584988,27434748,1959479,0,0,0
8 x 512 B,15,2802,1957018,9576643,27434748,1957752,0,0,0
8 x 512 B,16,2802,1968085,9581770,27434748,1966681,0,0,0
8 x 512 B,17,2802,1963477,9570394,27434748,1959180,0,0,0
8 x 512 B,18,2802,1957504,9582288,27434748,1958014,0,0,0
8 x 512 B,19,2802,1955468,9575048,27434748,1955962,0,0,0
8 x 512 B,20,2802,1957542,9582930,27434748,1958044,0,0,0
8 x 512 B,21,2802,1955431,9573369,27434748,1955922,0,0,0
8 x 512 B,22,2802,1957001,9577360,27434748,1957501,0,0,0
8 x 512 B,23,2802,1955121,9574629,27434748,1955607,0,0,0
8 x 512 B,24,2802,1953411,9570672,27434747,1953907,0,0,0
8 x 512 B,25,2802,2347819,9587475,27434749,2348321,0,0,0
8 x 512 B,26,2802,1955740,9578472,27434748,1956232,0,0,0
8 x 512 B,27,2802,1954437,9570854,27434748,1954936,0,0,0
8 x 512 B,28,2802,1954769,9573154,27434748,1955261,0,0,0
8 x 512 B,29,2802,1956050,9574658,27434748,1956557,0,0,0
8 x 512 B,30,2802,1956022,9579830,27434748,1956522,0,0,0
8 x 512 B,31,2802,1955472,9573571,27434748,1955965,0,0,0
12 x 512 B,0,1689,1975099,9671582,29115348,1975619,0,0,0
12 x 512 B,1,1689,1974584,9670837,29115348,1975124,0,0,0
12 x 512 B,2,1689,1973404,9668122,29115347,1973919,0,0,0
12 x 512 B,3,1689,1972684,9661765,29115348,1973149,0,0,0
12 x 512 B,4,1689,1976133,9674837,29115348,1976629,0,0,0
12 x 512 B,5,1689,1972791,9661656,29115348,1973334,0,0,0
12 x 512 B,6,1689,1976106,9673858,29115348,1976735,0,0,0
12 x 512 B,7,1689,1975632,9671743,29115348,1976186,0,0,0
12 x 512 B,8,1689,1977503,9676917,29115348,1978213,0,0,0
12 x 512 B,9,1689,1976155,9668355,29115354,1976787,0,0,0
12 x 512 B,10,1689,1977176,9675053,29115354,1978018,0,0,0
12 x 512 B,11,1689,1979424,9665087,29115348,1977971,0,0,0
12 x 512 B,12,1689,1982641,9668764,29115348,1978199,0,0,0
12 x 512 B,13,1689,1975814,9670417,29115348,1976311,0,0,0
12 x 512 B,14,1689,1976203,9671441,29115348,1976708,0,0,0
12 x 512 B,15,1689,1974826,9670031,29115348,1975329,0,0,0
12 x 512 B,16,1689,1976399,9676746,29115348,1976900,0,0,0
12 x 512 B,17,1689,2357076,9678195,29115349,2357576,0,0,0
12 x 512 B,18,1689,1974170,9666686,29115348,1974660,0,0,0
12 x 512 B,19,1689,1974514,9671743,29115347,2000244,0,0,0
12 x 512 B,20,1689,2007019,9681567,29115348,2007730,0,0,0
12 x 512 B,21,1689,1974808,9667587,29115347,1975513,0,0,0
12 x 512 B,22,1689,1977330,9676617,29115348,1977957,0,0,0
12 x 512 B,23,1689,1980515,9675793,29115348,1981547,0,0,0
12 x 512 B,24,1689,1982226,9669479,29115348,1980757,0,0,0
12 x 512 B,25,1689,1980128,9659795,29115348,1975761,0,0,0
12 x 512 B,26,1689,1977692,9677507,29115348,1978198,0,0,0
12 x 512 B,27,1689,1973876,9666657,29115348,1974386,0,0,0
12 x 512 B,28,1689,1974773,9669632,29115348,1975271,0,0,0
12 x 512 B,29,1689,1975716,9671687,29115348,1976218,0,0,0
12 x 512 B,30,1689,1975554,9672088,29115348,1976090,0,0,0
12 x 512 B,31,1689,1973831,9661942,29115348,1974348,0,0,0
16 x 512 B,0,1427,1978517,9684494,27441576,1979119,0,0,0
16 x 512 B,1,1427,2381666,9695562,27441577,2382177,0,0,0
16 x 512 B,2,1427,1979473,9693652,27441576,1979984,0,0,0
16 x 512 B,3,1427,1978333,9687051,27441576,1978827,0,0,0
16 x 512 B,4,1427,1979005,9690748,27441576,1979517,0,0,0
16 x 512 B,5,1427,1979492,9690473,27441576,1979990,0,0,0
16 x 512 B,6,1427,1980219,9693058,27441576,1980720,0,0,0
16 x 512 B,7,1427,1982458,9685958,27441576,1980403,0,0,0
16 x 512 B,8,1427,1985195,9698432,27441577,1983805,0,0,0
16 x 512 B,9,1427,1977516,9681198,27441576,1978024,0,0,0
16 x 512 B,10,1427,1979626,9686736,27441575,1980134,0,0,0
16 x 512 B,11,1427,1981461,9696457,27441576,1981974,0,0,0
16 x 512 B,12,1427,1976547,9679095,27441576,1977068,0,0,0
16 x 512 B,13,1427,1981917,9694810,27441576,1982435,0,0,0
16 x 512 B,14,1427,1976950,9681563,27441576,1977458,0,0,0
16 x 512 B,15,1427,1979746,9693596,27441576,1980264,0,0,0
16 x 512 B,16,1427,1977902,9686423,27441576,1978421,0,0,0
16 x 512 B,17,1427,1979205,9691168,27441576,1979715,0,0,0
16 x 512 B,18,1427,1978566,9686629,27441576,1979072,0,0,0
16 x 512 B,19,1427,1980618,9695540,27441576,1981117,0,0,0
16 x 512 B,20,1427,1977821,9686312,27441576,1978326,0,0,0
16 x 512 B,21,1427,1979630,9692644,27441576,1980142,0,0,0
16 x 512 B,22,1427,1977164,9683059,27441576,1977671,0,0,0
16 x 512 B,23,1427,1979712,9693391,27441576,1980224,0,0,0
16 x 512 B,24,1427,1977933,9685087,27441576,1978442,0,0,0
16 x 512 B,25,1427,1979344,9690888,27441576,1979962,0,0,0
16 x 512 B,26,1427,1978154,9682521,27441576,1978858,0,0,0
16 x 512 B,27,1427,1980844,9690066,27441576,1981530,0,0,0
16 x 512 B,28,1427,1980292,9691890,27441576,1980967,0,0,0
16 x 512 B,29,1427,1981243,9696039,27441576,1982051,0,0,0
16 x 512 B,30,1427,1984748,9685795,27441576,1985744,0,0,0
16 x 512 B,31,1427,1986313,9693165,27441576,1984893,0,0,0
24 x 512 B,0,954,1980891,9697384,27350592,1981485,0,0,0
24 x 512 B,1,954,1978136,9687493,27350592,1978642,0,0,0
24 x 512 B,2,954,1980220,9696019,27350592,1980743,0,0,0
24 x 512 B,3,954,1979097,9687079,27350592,1979605,0,0,0
24 x 512 B,4,954,1981471,9694042,27350592,1981975,0,0,0
24 x 512 B,5,954,1980175,9691543,27350592,1980693,0,0,0
24 x 512 B,6,954,1979277,9690193,27350592,1979827,0,0,0
24 x 512 B,7,954,1979870,9690505,27350592,1980403,0,0,0
24 x 512 B,8,954,1980404,9697297,27350592,1980912,0,0,0
24 x 512 B,9,954,1977647,9684731,27350592,1978161,0,0,0
24 x 512 B,10,954,2364419,9692887,27350592,2364950,0,0,0
24 x 512 B,11,954,1978155,9687185,27350592,1978663,0,0,0
24 x 512 B,12,954,1978909,9689743,27350592,1979449,0,0,0
24 x 512 B,13,954,1977792,9685681,27350592,1978293,0,0,0
24 x 512 B,14,954,1980280,9696332,27350592,1980787,0,0,0
24 x 512 B,15,954,1977063,9682657,27350592,1977577,0,0,0
24 x 512 B,16,954,1980803,9696387,27350592,1981317,0,0,0
24 x 512 B,17,954,1978184,9687370,27350592,1978680,0,0,0
24 x 512 B,18,954,1979678,9692860,27350592,1980174,0,0,0
24 x 512 B,19,954,1978141,9687998,27350592,1978640,0,0,0
24 x 512 B,20,954,1979288,9691200,27350592,1979793,0,0,0
24 x 512 B,21,954,1977607,9684471,27350592,1978109,0,0,0
24 x 512 B,22,954,1980204,9691457,27350592,1980701,0,0,0
24 x 512 B,23,954,1978914,9686655,27350592,1979422,0,0,0
24 x 512 B,24,954,1980559,9697595,27350592,1981062,0,0,0
24 x 512 B,25,954,1977951,9687254,27350592,1978449,0,0,0
24 x 512 B,26,954,1979715,9693631,27350592,1980220,0,0,0
24 x 512 B,27,954,1978664,9690178,27350592,1979155,0,0,0
24 x 512 B,28,954,1980493,9694740,27350592,1981001,0,0,0
24 x 512 B,29,954,1978654,9689633,27350592,1979151,0,0,0
24 x 512 B,30,954,1979341,9692267,27350592,1979843,0,0,0
24 x 512 B,31,954,1978690,9688737,27350592,1979181,0,0,0
64 x 512 B,0,363,2001328,9797747,27538998,2002126,0,0,0
64 x 512 B,1,363,2003153,9804310,27538998,2003706,0,0,0
64 x 512 B,2,363,2004650,9809701,27538998,2005401,0,0,0
64 x 512 B,3,363,2002791,9797311,27538998,2003544,0,0,0
64 x 512 B,4,363,2002289,9789949,27538998,2003231,0,0,0
64 x 512 B,5,363,2009206,9800107,27538998,2007262,0,0,0
64 x 512 B,6,363,2004201,9793108,27538998,2003049,0,0,0
64 x 512 B,7,363,2002228,9793975,27538998,2002725,0,0,0
64 x 512 B,8,363,1999131,9788720,27538998,1999624,0,0,0
64 x 512 B,9,363,2000722,9796173,27538998,2001233,0,0,0
64 x 512 B,10,363,1998750,9787919,27538998,1999252,0,0,0
64 x 512 B,11,363,2000642,9796141,27538998,2001144,0,0,0
64 x 512 B,12,363,1997788,9783738,27538998,1998291,0,0,0
64 x 512 B,13,363,2002045,9799744,27538998,2002557,0,0,0
64 x 512 B,14,363,1999832,9790692,27538998,2000338,0,0,0
64 x 512 B,15,363,2000683,9791611,27538998,2001190,0,0,0
64 x 512 B,16,363,2000698,9795436,27538998,2001215,0,0,0
64 x 512 B,17,363,1999951,9789679,27538998,2000462,0,0,0
64 x 512 B,18,363,2380154,9795191,27538998,2380646,0,0,0
64 x 512 B,19,363,2000730,9794271,27538998,2001236,0,0,0
64 x 512 B,20,363,2000265,9794633,27538998,2000789,0,0,0
64 x 512 B,21,363,2001549,9797068,27538998,2002053,0,0,0
64 x 512 B,22,363,1999540,9789947,27538998,2000041,0,0,0
64 x 512 B,23,363,2000981,9794740,27538998,2001480,0,0,0
64 x 512 B,24,363,2000359,9791678,27538998,2000863,0,0,0
64 x 512 B,25,363,2000259,9791615,27538998,2000785,0,0,0
64 x 512 B,26,363,1999769,9791693,27538998,2000271,0,0,0
64 x 512 B,27,363,2000340,9790922,27538998,2000846,0,0,0
64 x 512 B,28,363,2000009,9792144,27538998,2000524,0,0,0
64 x 512 B,29,363,2002195,9794996,27538998,2002708,0,0,0
64 x 512 B,30,363,1998546,9785892,27538998,1999047,0,0,0
64 x 512 B,31,363,2000083,9790869,27538998,2000590,0,0,0
128 x 512 B,0,178,1969087,9639109,26945294,1969637,0,0,0
128 x 512 B,1,178,1967640,9634249,26945294,1968143,0,0,0
128 x 512 B,2,178,1969662,9641303,26945294,1970167,0,0,0
128 x 512 B,3,178,1967529,9633697,26945294,1968027,0,0,0
128 x 512 B,4,178,1975625,9634823,26945294,1970805,0,0,0
128 x 512 B,5,178,1969272,9639345,26945294,1969798,0,0,0
128 x 512 B,6,178,1968875,9637609,26945294,1969395,0,0,0
128 x 512 B,7,178,1970527,9647282,26945294,1971196,0,0,0
128 x 512 B,8,178,2025459,9778572,26945294,2025975,0,0,0
128 x 512 B,9,178,1972085,9651292,26945294,1972777,0,0,0
128 x 512 B,10,178,1971047,9646124,26945294,1971949,0,0,0
128 x 512 B,11,178,1969715,9637449,26945294,1970808,0,0,0
128 x 512 B,12,178,1974319,9646673,26945294,1975096,0,0,0
128 x 512 B,13,178,1970549,9641022,26945294,1971080,0,0,0
128 x 512 B,14,178,1978237,9639402,26945294,1972361,0,0,0
128 x 512 B,15,178,1970351,9643840,26945294,1970860,0,0,0
128 x 512 B,16,178,1970948,9645437,26945294,1971449,0,0,0
128 x 512 B,17,178,1968428,9638736,26945294,1968937,0,0,0
128 x 512 B,18,178,1969937,9642758,26945294,1970442,0,0,0
128 x 512 B,19,178,2369823,9646747,26945294,2370317,0,0,0
128 x 512 B,20,178,1969904,9642509,26945294,1970405,0,0,0
128 x 512 B,21,178,1968878,9639322,26945294,1969381,0,0,0
128 x 512 B,22,178,1971131,9643075,26945294,1971632,0,0,0
128 x 512 B,23,178,1969471,9642868,26945294,1969978,0,0,0
128 x 512 B,24,178,1970475,9645301,26945294,1970992,0,0,0
128 x 512 B,25,178,1968650,9639289,26945294,1969167,0,0,0
128 x 512 B,26,178,1969570,9639998,26945294,1970100,0,0,0
128 x 512 B,27,178,1968859,9640200,26945294,1969386,0,0,0
128 x 512 B,28,178,1969962,9642795,26945294,1970461,0,0,0
128 x 512 B,29,178,1968988,9640571,26945294,1969498,0,0,0
128 x 512 B,30,178,1969482,9639551,26945294,1969984,0,0,0
128 x 512 B,31,178,1967835,9632475,26945294,1968349,0,0,0
129 x 512 B,0,172,1967120,9632024,26650046,1967672,0,0,0
129 x 512 B,1,172,1966692,9626200,26650046,1967216,0,0,0
129 x 512 B,2,172,1965399,9619373,26650046,1965887,0,0,0
129 x 512 B,3,172,1971760,9613840,26650046,1967144,0,0,0
129 x 512 B,4,172,1963964,9616389,26650046,1964487,0,0,0
129 x 512 B,5,172,1965357,9620952,26650046,1965873,0,0,0
129 x 512 B,6,172,1963261,9610407,26650046,1963813,0,0,0
129 x 512 B,7,172,1965082,9619164,26650046,1965598,0,0,0
129 x 512 B,8,172,1963730,9614871,26650046,1964244,0,0,0
129 x 512 B,9,172,1965131,9621823,26650046,1965634,0,0,0
129 x 512 B,10,172,1963594,9612626,26650046,1964094,0,0,0
129 x 512 B,11,172,1965580,9621248,26650046,1966086,0,0,0
129 x 512 B,12,172,1964121,9616768,26650046,1964628,0,0,0
129 x 512 B,13,172,1965098,9620012,26650046,1965605,0,0,0
129 x 512 B,14,172,1961610,9610021,26650045,1962176,0,0,0
129 x 512 B,15,172,1964771,9618523,26650046,1965494,0,0,0
129 x 512 B,16,172,1966231,9621339,26650046,1966873,0,0,0
129 x 512 B,17,172,1970421,9624213,26650047,1971109,0,0,0
129 x 512 B,18,172,1968243,9625509,26650046,1968907,0,0,0
129 x 512 B,19,172,1969266,9627690,26650046,1970221,0,0,0
129 x 512 B,20,172,1972082,9621718,26650046,1969953,0,0,0
129 x 512 B,21,172,1970901,9611587,26650046,1966258,0,0,0
129 x 512 B,22,172,1966475,9620386,26650046,1966980,0,0,0
129 x 512 B,23,172,1964140,9614538,26650046,1964646,0,0,0
129 x 512 B,24,172,1964521,9616936,26650046,1965082,0,0,0
129 x 512 B,25,172,1965167,9617375,26650046,1965689,0,0,0
129 x 512 B,26,172,1964205,9614670,26650046,1964722,0,0,0
129 x 512 B,27,172,1963621,9614600,26650046,1964112,0,0,0
129 x 512 B,28,172,2362531,9615539,26650046,2363033,0,0,0
129 x 512 B,29,172,1963925,9613882,26650046,1964422,0,0,0
129 x 512 B,30,172,1963862,9612258,26650046,1964416,0,0,0
129 x 512 B,31,172,1964224,9617088,26650046,1964726,0,0,0
1024 x 512 B,0,23,2049283,10030513,27831332,2050004,0,0,0
1024 x 512 B,1,23,2046691,10021508,27831332,2047248,0,0,0
1024 x 512 B,2,23,2049146,10028723,27831332,2049711,0,0,0
1024 x 512 B,3,23,2054034,10019989,27831332,2049722,0,0,0
1024 x 512 B,4,23,2048906,10027481,27831332,2049445,0,0,0
1024 x 512 B,5,23,2048026,10027083,27831332,2048575,0,0,0
1024 x 512 B,6,23,2048575,10029103,27831332,2049121,0,0,0
1024 x 512 B,7,23,2048197,10026104,27831332,2048735,0,0,0
1024 x 512 B,8,23,2047447,10022098,27831332,2047994,0,0,0
1024 x 512 B,9,23,2046888,10021786,27831332,2047406,0,0,0
1024 x 512 B,10,23,2048684,10030935,27831332,2049257,0,0,0
1024 x 512 B,11,23,2047968,10023837,27831332,2048500,0,0,0
1024 x 512 B,12,23,2049161,10029941,27831332,2049695,0,0,0
1024 x 512 B,13,23,2047420,10024368,27831332,2047965,0,0,0
1024 x 512 B,14,23,2049130,10025519,27831333,2049678,0,0,0
1024 x 512 B,15,23,2046970,10019992,27831332,2047508,0,0,0
1024 x 512 B,16,23,2047634,10022106,27831332,2048177,0,0,0
1024 x 512 B,17,23,2046905,10019910,27831332,2047439,0,0,0
1024 x 512 B,18,23,2046783,10021266,27831332,2047327,0,0,0
1024 x 512 B,19,23,2051113,10012128,27831332,2051653,0,0,0
1024 x 512 B,20,23,2048703,10027078,27831332,2049241,0,0,0
1024 x 512 B,21,23,2060865,10086021,27831332,2061500,0,0,0
1024 x 512 B,22,23,2140662,10318921,27831332,2141416,0,0,0
1024 x 512 B,23,23,2065612,10104233,27831332,2066391,0,0,0
1024 x 512 B,24,23,2059429,10076023,27831332,2060239,0,0,0
1024 x 512 B,25,23,2071082,10124564,27831332,2072213,0,0,0
1024 x 512 B,26,23,2060188,10039785,27831332,2057873,0,0,0
1024 x 512 B,27,23,2056104,10022619,27831332,2051366,0,0,0
1024 x 512 B,28,23,2048907,10028324,27831332,2049508,0,0,0
1024 x 512 B,29,23,2046354,10016552,27831332,2046914,0,0,0
1024 x 512 B,30,23,2050798,10036867,27831332,2051340,0,0,0
1024 x 512 B,31,23,2084444,10075834,27831332,2085126,0,0,0
1 x 1024 B,0,2652,1944761,9513232,21081114,1945340,0,0,0
1 x 1024 B,1,2652,1954201,9510766,21081114,1944567,0,0,0
1 x 1024 B,2,2652,2312474,9515410,21081114,2312978,0,0,0
1 x 1024 B,3,2652,1941535,9507579,21081114,1942039,0,0,0
1 x 1024 B,4,2652,1943483,9516712,21081114,1944004,0,0,0
1 x 1024 B,5,2652,1942543,9509355,21081114,1943057,0,0,0
1 x 1024 B,6,2652,1943185,9512966,21081114,1943708,0,0,0
1 x 1024 B,7,2652,1941934,9508764,21081114,1942439,0,0,0
1 x 1024 B,8,2652,1942515,9511989,21081114,1943021,0,0,0
1 x 1024 B,9,2652,1942758,9513565,21081114,1943267,0,0,0
1 x 1024 B,10,2652,1940807,9508666,21081113,1941317,0,0,0
1 x 1024 B,11,2652,1942965,9513664,21081114,1943501,0,0,0
1 x 1024 B,12,2652,1943267,9511934,21081114,1943780,0,0,0
1 x 1024 B,13,2652,1943811,9517920,21081114,1944321,0,0,0
1 x 1024 B,14,2652,1942103,9511211,21081114,1942602,0,0,0
1 x 1024 B,15,2652,1942611,9511989,21081114,1943121,0,0,0
1 x 1024 B,16,2652,1941999,9510386,21081114,1942504,0,0,0
1 x 1024 B,17,2652,1942853,9513259,21081114,1943367,0,0,0
1 x 1024 B,18,2652,1942855,9509676,21081114,1943398,0,0,0
1 x 1024 B,19,2652,1944246,9515134,21081114,1944767,0,0,0
1 x 1024 B,20,2652,1943315,9512831,21081114,1943830,0,0,0
1 x 1024 B,21,2652,1943169,9514473,21081114,1943686,0,0,0
1 x 1024 B,22,2652,1942014,9510770,21081114,1942530,0,0,0
1 x 1024 B,23,2652,1942909,9512428,21081114,1943429,0,0,0
1 x 1024 B,24,2652,1943911,9511338,21081115,1944418,0,0,0
1 x 1024 B,25,2652,1943455,9515814,21081114,1943956,0,0,0
1 x 1024 B,26,2652,1942488,9506668,21081114,1942999,0,0,0
1 x 1024 B,27,2652,1942619,9516631,21081113,1943127,0,0,0
1 x 1024 B,28,2652,1940238,9506168,21081113,1942360,0,0,0
1 x 1024 B,29,2652,1945633,9522333,21081114,1946147,0,0,0
1 x 1024 B,30,2652,1944071,9514782,21081114,1944919,0,0,0
1 x 1024 B,31,2652,1945326,9521613,21081114,1946042,0,0,0
3 x 1024 B,0,2045,1961903,9581262,31337946,1963055,0,0,0
3 x 1024 B,1,2045,1966397,9565941,31337946,1960123,0,0,0
3 x 1024 B,2,2045,1955910,9574045,31337946,1956524,0,0,0
3 x 1024 B,3,2045,1955162,9572775,31337946,1955697,0,0,0
3 x 1024 B,4,2045,1955375,9575007,31337946,1955916,0,0,0
3 x 1024 B,5,2045,1954282,9567924,31337946,1954818,0,0,0
3 x 1024 B,6,2045,1955036,9572681,31337946,1955585,0,0,0
3 x 1024 B,7,2045,1956438,9573101,31337946,1956982,0,0,0
3 x 1024 B,8,2045,1955270,9571785,31337946,1955816,0,0,0
3 x 1024 B,9,2045,1956538,9575508,31337946,1957085,0,0,0
3 x 1024 B,10,2045,1956280,9578295,31337946,1956815,0,0,0
3 x 1024 B,11,2045,1956125,9575038,31337946,1956673,0,0,0
3 x 1024 B,12,2045,2351591,9571102,31337946,2352130,0,0,0
3 x 1024 B,13,2045,1955748,9574982,31337946,1956290,0,0,0
3 x 1024 B,14,2045,1955380,9574278,31337946,1955925,0,0,0
3 x 1024 B,15,2045,1960184,9576583,31337949,1960753,0,0,0
3 x 1024 B,16,2045,1956768,9576665,31337946,1957302,0,0,0
3 x 1024 B,17,2045,1956704,9575746,31337946,1957230,0,0,0
3 x 1024 B,18,2045,1956568,9574020,31337946,1957091,0,0,0
3 x 1024 B,19,2045,1955720,9574372,31337946,1956325,0,0,0
3 x 1024 B,20,2045,1955669,9570255,31337946,1956213,0,0,0
3 x 1024 B,21,2045,1956194,9573559,31337946,1956689,0,0,0
3 x 1024 B,22,2045,1954808,9570571,31337946,1955300,0,0,0
3 x 1024 B,23,2045,1955716,9571047,31337946,1956222,0,0,0
3 x 1024 B,24,2045,1954616,9570014,31337946,1955118,0,0,0
3 x 1024 B,25,2045,1955899,9574535,31337946,1956399,0,0,0
3 x 1024 B,26,2045,1955490,9574887,31337946,1955983,0,0,0
3 x 1024 B,27,2045,1954998,9569284,31337946,1955546,0,0,0
3 x 1024 B,28,2045,1953538,9569874,31337945,1954223,0,0,0
3 x 1024 B,29,2045,1955558,9571048,31337946,1956055,0,0,0
3 x 1024 B,30,2045,1955057,9568094,31337946,1955571,0,0,0
3 x 1024 B,31,2045,1954919,9572383,31337946,1955444,0,0,0
4 x 1024 B,0,2066,1968916,9609110,31356048,1965779,0,0,0
4 x 1024 B,1,2066,1964273,9613818,31356048,1964767,0,0,0
4 x 1024 B,2,2066,1964464,9618039,31356048,1964969,0,0,0
4 x 1024 B,3,2066,1965786,9621945,31356048,1966467,0,0,0
4 x 1024 B,4,2066,1964015,9614243,31356048,1964586,0,0,0
4 x 1024 B,5,2066,1967507,9622211,31356048,1968243,0,0,0
4 x 1024 B,6,2066,1967500,9624796,31356048,1968450,0,0,0
4 x 1024 B,7,2066,1968160,9620401,31356048,1969293,0,0,0
4 x 1024 B,8,2066,1970754,9611785,31356048,1969355,0,0,0
4 x 1024 B,9,2066,1970564,9607843,31356048,1965770,0,0,0
4 x 1024 B,10,2066,1964544,9617014,31356048,1965052,0,0,0
4 x 1024 B,11,2066,1963798,9612713,31356048,1964300,0,0,0
4 x 1024 B,12,2066,1963993,9612216,31356048,1964541,0,0,0
4 x 1024 B,13,2066,1963543,9614510,31356048,1964041,0,0,0
4 x 1024 B,14,2066,1963118,9612564,31356048,1963620,0,0,0
4 x 1024 B,15,2066,1964249,9615560,31356048,1964751,0,0,0
4 x 1024 B,16,2066,1965218,9618693,31356048,1965723,0,0,0
4 x 1024 B,17,2066,1967184,9606551,31356048,1967684,0,0,0
4 x 1024 B,18,2066,1964391,9613913,31356048,1964894,0,0,0
4 x 1024 B,19,2066,1964175,9617868,31356048,1964669,0,0,0
4 x 1024 B,20,2066,1963341,9614215,31356048,1963826,0,0,0
4 x 1024 B,21,2066,2341122,9617837,31356048,2341616,0,0,0
4 x 1024 B,22,2066,1965117,9622260,31356048,1965619,0,0,0
4 x 1024 B,23,2066,1964233,9615543,31356048,1964756,0,0,0
4 x 1024 B,24,2066,1963968,9613636,31356048,1964466,0,0,0
4 x 1024 B,25,2066,1964316,9615509,31356048,1964825,0,0,0
4 x 1024 B,26,2066,1963162,9612758,31356048,1963660,0,0,0
4 x 1024 B,27,2066,1963686,9615532,31356048,1964185,0,0,0
4 x 1024 B,28,2066,1962001,9607592,31356048,1962505,0,0,0
4 x 1024 B,29,2066,1963342,9612499,31356048,1963845,0,0,0
4 x 1024 B,30,2066,1964446,9616352,31356048,1964960,0,0,0
4 x 1024 B,31,2066,1963408,9613736,31356048,1963947,0,0,0
6 x 1024 B,0,1171,1946526,9531254,25717868,1947110,0,0,0
6 x 1024 B,1,1171,1948077,9535898,25717868,1948579,0,0,0
6 x 1024 B,2,1171,1944807,9527383,25717867,1945305,0,0,0
6 x 1024 B,3,1171,1972476,9522259,25717868,1972984,0,0,0
6 x 1024 B,4,1171,1947092,9534819,25717868,1947593,0,0,0
6 x 1024 B,5,1171,1948648,9541762,25717868,1949144,0,0,0
6 x 1024 B,6,1171,1945910,9525402,25717868,1946417,0,0,0
6 x 1024 B,7,1171,1974468,9538182,25717868,1974957,0,0,0
6 x 1024 B,8,1171,1948156,9539974,25717868,1948648,0,0,0
6 x 1024 B,9,1171,1949563,9540901,25717868,1950058,0,0,0
6 x 1024 B,10,1171,1947768,9536222,25717868,1948287,0,0,0
6 x 1024 B,11,1171,1949485,9538635,25717868,1950044,0,0,0
6 x 1024 B,12,1171,1949224,9540609,25717868,1949811,0,0,0
6 x 1024 B,13,1171,1968264,9535641,25717868,1968940,0,0,0
6 x 1024 B,14,1171,1957900,9536918,25717868,1958656,0,0,0
6 x 1024 B,15,1171,1953270,9541175,25717868,1954147,0,0,0
6 x 1024 B,16,1171,1953905,9535311,25717868,1952323,0,0,0
6 x 1024 B,17,1171,1956157,9527678,25717868,1951589,0,0,0
6 x 1024 B,18,1171,1947690,9534674,25717868,1948180,0,0,0
6 x 1024 B,19,1171,1948474,9535262,25717868,1948967,0,0,0
6 x 1024 B,20,1171,1946526,9531496,25717868,1947021,0,0,0
6 x 1024 B,21,1171,1948293,9537026,25717868,1948797,0,0,0
6 x 1024 B,22,1171,2336418,9538611,25717868,2336914,0,0,0
6 x 1024 B,23,1171,1947313,9532338,25717868,1947806,0,0,0
6 x 1024 B,24,1171,1977766,9540222,25717868,1978264,0,0,0
6 x 1024 B,25,1171,1948343,9532237,25717868,1948830,0,0,0
6 x 1024 B,26,1171,1946179,9529495,25717868,1946680,0,0,0
6 x 1024 B,27,1171,1948185,9536852,25717868,1948690,0,0,0
6 x 1024 B,28,1171,1946953,9532452,25717868,1947449,0,0,0
6 x 1024 B,29,1171,1948705,9539455,25717868,1949207,0,0,0
6 x 1024 B,30,1171,1947711,9537232,25717868,1948208,0,0,0
6 x 1024 B,31,1171,1947113,9531361,25717868,1947610,0,0,0
8 x 1024 B,0,1437,1980878,9696122,27491613,1981475,0,0,0
8 x 1024 B,1,1437,1976143,9678626,27491612,1976653,0,0,0
8 x 1024 B,2,1437,1977829,9684634,27491613,1978356,0,0,0
8 x 1024 B,3,1437,1978556,9687909,27491613,1979055,0,0,0
8 x 1024 B,4,1437,1978042,9685636,27491613,1978546,0,0,0
8 x 1024 B,5,1437,1979413,9686453,27491613,1979911,0,0,0
8 x 1024 B,6,1437,1978523,9687963,27491613,1979027,0,0,0
8 x 1024 B,7,1437,1978002,9685288,27491613,1978521,0,0,0
8 x 1024 B,8,1437,1977784,9684400,27491613,1978286,0,0,0
8 x 1024 B,9,1437,1978586,9682735,27491613,1979089,0,0,0
8 x 1024 B,10,1437,1979011,9690503,27491613,1979524,0,0,0
8 x 1024 B,11,1437,1977288,9681880,27491613,1977803,0,0,0
8 x 1024 B,12,1437,1977695,9683688,27491613,1978217,0,0,0
8 x 1024 B,13,1437,1979111,9685298,27491613,1979624,0,0,0
8 x 1024 B,14,1437,1978443,9688039,27491613,1978976,0,0,0
8 x 1024 B,15,1437,1979744,9686702,27491613,1980240,0,0,0
8 x 1024 B,16,1437,1979866,9688693,27491613,1980387,0,0,0
8 x 1024 B,17,1437,1979453,9687394,27491613,1980045,0,0,0
8 x 1024 B,18,1437,1978556,9688870,27491613,1979630,0,0,0
8 x 1024 B,19,1437,1980702,9695892,27491613,1981351,0,0,0
8 x 1024 B,20,1437,1980146,9687808,27491613,1980858,0,0,0
8 x 1024 B,21,1437,1980533,9690866,27491613,1981542,0,0,0
8 x 1024 B,22,1437,1990419,9686390,27491613,1988158,0,0,0
8 x 1024 B,23,1437,1981830,9683267,27491613,1980745,0,0,0
8 x 1024 B,24,1437,1984388,9677301,27491613,1979455,0,0,0
8 x 1024 B,25,1437,1978157,9683883,27491613,1978655,0,0,0
8 x 1024 B,26,1437,1980416,9692866,27491613,1980922,0,0,0
8 x 1024 B,27,1437,1978364,9683727,27491613,1978863,0,0,0
8 x 1024 B,28,1437,1978386,9682867,27491613,1978894,0,0,0
8 x 1024 B,29,1437,1979256,9689040,27491613,1979757,0,0,0
8 x 1024 B,30,1437,1978624,9685234,27491613,1979128,0,0,0
8 x 1024 B,31,1437,2387556,9691767,27491613,2383024,0,0,0
12 x 1024 B,0,858,1989726,9740757,29139762,1990521,0,0,0
12 x 1024 B,1,858,1990748,9745520,29139762,1991262,0,0,0
12 x 1024 B,2,858,2002384,9738895,29139762,2002944,0,0,0
12 x 1024 B,3,858,1990134,9742729,29139762,1990630,0,0,0
12 x 1024 B,4,858,1997400,9738926,29139762,1993515,0,0,0
12 x 1024 B,5,858,1987807,9734099,29139762,1988309,0,0,0
12 x 1024 B,6,858,1990309,9746574,29139762,1990807,0,0,0
12 x 1024 B,7,858,1988783,9738191,29139762,1989272,0,0,0
12 x 1024 B,8,858,1990501,9743806,29139762,1990998,0,0,0
12 x 1024 B,9,858,1988139,9736115,29139762,1988625,0,0,0
12 x 1024 B,10,858,1990272,9744430,29139762,1990788,0,0,0
12 x 1024 B,11,858,1989332,9740614,29139762,1989835,0,0,0
12 x 1024 B,12,858,1990414,9745701,29139762,1990914,0,0,0
12 x 1024 B,13,858,1988597,9734273,29139762,1989088,0,0,0
12 x 1024 B,14,858,1989687,9743523,29139762,1990193,0,0,0
12 x 1024 B,15,858,1989957,9743734,29139762,1990451,0,0,0
12 x 1024 B,16,858,1990094,9744907,29139762,1990600,0,0,0
12 x 1024 B,17,858,1989446,9738581,29139762,1989942,0,0,0
12 x 1024 B,18,858,1990109,9740535,29139762,1990645,0,0,0
12 x 1024 B,19,858,1989672,9742618,29139762,1990178,0,0,0
12 x 1024 B,20,858,1989788,9743089,29139762,1990294,0,0,0
12 x 1024 B,21,858,1988458,9734241,29139762,1988964,0,0,0
12 x 1024 B,22,858,1990139,9743078,29139762,1990636,0,0,0
12 x 1024 B,23,858,1989875,9741977,29139762,1990380,0,0,0
12 x 1024 B,24,858,1990691,9743971,29139762,1991182,0,0,0
12 x 1024 B,25,858,1988397,9735589,29139762,1989253,0,0,0
12 x 1024 B,26,858,1991634,9748995,29139762,1992144,0,0,0
12 x 1024 B,27,858,1990784,9741399,29139762,1991424,0,0,0
12 x 1024 B,28,858,1991028,9742986,29139762,1991665,0,0,0
12 x 1024 B,29,858,2002021,9746605,29139762,1999915,0,0,0
12 x 1024 B,30,858,2091673,9741747,29139762,2024139,0,0,0
12 x 1024 B,31,858,1995752,9734527,29139762,1991197,0,0,0
16 x 1024 B,0,724,1988232,9735802,27450102,1988808,0,0,0
16 x 1024 B,1,724,1988538,9737767,27450102,1989107,0,0,0
16 x 1024 B,2,724,1989716,9737104,27450102,1990225,0,0,0
16 x 1024 B,3,724,1989924,9741550,27450102,1990426,0,0,0
16 x 1024 B,4,724,1988534,9733293,27450102,1989052,0,0,0
16 x 1024 B,5,724,1989066,9738614,27450102,1989592,0,0,0
16 x 1024 B,6,724,1988345,9732653,27450102,1988849,0,0,0
16 x 1024 B,7,724,2370229,9739976,27450103,2370725,0,0,0
16 x 1024 B,8,724,1987653,9731657,27450102,1988206,0,0,0
16 x 1024 B,9,724,1986734,9733048,27450101,1987454,0,0,0
16 x 1024 B,10,724,1986220,9726772,27450102,1986719,0,0,0
16 x 1024 B,11,724,1988936,9738489,27450102,1989483,0,0,0
16 x 1024 B,12,724,1986826,9729850,27450102,1987316,0,0,0
16 x 1024 B,13,724,1990600,9743394,27450102,1991099,0,0,0
16 x 1024 B,14,724,1988379,9734590,27450102,1988881,0,0,0
16 x 1024 B,15,724,1989841,9740154,27450102,1990351,0,0,0
16 x 1024 B,16,724,1986522,9728695,27450102,1987023,0,0,0
16 x 1024 B,17,724,1990030,9744115,27450102,1990526,0,0,0
16 x 1024 B,18,724,1987064,9729800,27450102,1987561,0,0,0
16 x 1024 B,19,724,1988086,9734863,27450102,1988586,0,0,0
16 x 1024 B,20,724,1986502,9728034,27450102,1987033,0,0,0
16 x 1024 B,21,724,1988101,9734591,27450102,1988602,0,0,0
16 x 1024 B,22,724,1987188,9729185,27450102,1987681,0,0,0
16 x 1024 B,23,724,1988582,9734190,27450102,1989093,0,0,0
16 x 1024 B,24,724,1987132,9731315,27450102,1987638,0,0,0
16 x 1024 B,25,724,1988476,9736641,27450102,1988993,0,0,0
16 x 1024 B,26,724,1986841,9729895,27450102,1987344,0,0,0
16 x 1024 B,27,724,1989131,9739302,27450102,1989634,0,0,0
16 x 1024 B,28,724,1987680,9729607,27450102,1988184,0,0,0
16 x 1024 B,29,724,1996336,9733644,27450102,1990498,0,0,0
16 x 1024 B,30,724,1986698,9724970,27450102,1987220,0,0,0
16 x 1024 B,31,724,1989026,9738146,27450102,1989529,0,0,0
24 x 1024 B,0,483,1998973,9785418,27385017,1999951,0,0,0
24 x 1024 B,1,483,1997407,9775048,27385017,1998165,0,0,0
24 x 1024 B,2,483,1996757,9771134,27385017,1997399,0,0,0
24 x 1024 B,3,483,1996127,9760829,27385017,1997185,0,0,0
24 x 1024 B,4,483,1997221,9767243,27385017,1997961,0,0,0
24 x 1024 B,5,483,2004927,9760285,27385017,1998964,0,0,0
24 x 1024 B,6,483,1995141,9766984,27385017,1995646,0,0,0
24 x 1024 B,7,483,1992246,9756483,27385017,1992778,0,0,0
24 x 1024 B,8,483,1994393,9765982,27385017,1994900,0,0,0
24 x 1024 B,9,483,1994066,9762537,27385017,1994563,0,0,0
24 x 1024 B,10,483,1995669,9768997,27385017,1996192,0,0,0
24 x 1024 B,11,483,1993994,9761471,27385017,1994494,0,0,0
24 x 1024 B,12,483,1995016,9764615,27385017,1995514,0,0,0
24 x 1024 B,13,483,1993599,9762279,27385017,1994125,0,0,0
24 x 1024 B,14,483,1994769,9767690,27385017,1995270,0,0,0
24 x 1024 B,15,483,2380822,9768827,27385018,2381341,0,0,0
24 x 1024 B,16,483,1993295,9760567,27385017,1993785,0,0,0
24 x 1024 B,17,483,1994926,9768885,27385017,1995443,0,0,0
24 x 1024 B,18,483,1993642,9760284,27385017,1994139,0,0,0
24 x 1024 B,19,483,1995290,9769098,27385017,1995788,0,0,0
24 x 1024 B,20,483,1994488,9765459,27385017,1995101,0,0,0
24 x 1024 B,21,483,1994298,9762064,27385017,1994983,0,0,0
24 x 1024 B,22,483,2063044,9941292,27385017,2063959,0,0,0
24 x 1024 B,23,483,1997979,9772724,27385017,1998607,0,0,0
24 x 1024 B,24,483,1994393,9765919,27385017,1994883,0,0,0
24 x 1024 B,25,483,1995315,9770361,27385017,1995861,0,0,0
24 x 1024 B,26,483,1994196,9765041,27385017,1994682,0,0,0
24 x 1024 B,27,483,1996249,9764909,27385017,1996828,0,0,0
24 x 1024 B,28,483,2001781,9761501,27385017,1996775,0,0,0
24 x 1024 B,29,483,1995477,9771140,27385017,1995982,0,0,0
24 x 1024 B,30,483,1993877,9763346,27385017,1994363,0,0,0
24 x 1024 B,31,483,1993310,9761497,27385017,1993801,0,0,0
64 x 1024 B,0,179,1975115,9671581,26959914,1975733,0,0,0
64 x 1024 B,1,179,1974462,9668658,26959914,1974963,0,0,0
64 x 1024 B,2,179,1973543,9663437,26959914,1974054,0,0,0
64 x 1024 B,3,179,1975560,9671810,26959914,1976062,0,0,0
64 x 1024 B,4,179,1974255,9665592,26959914,1974761,0,0,0
64 x 1024 B,5,179,1974222,9665958,26959914,1974774,0,0,0
64 x 1024 B,6,179,1978663,9684939,26959914,1979335,0,0,0
64 x 1024 B,7,179,1974782,9673202,26959913,1975441,0,0,0
64 x 1024 B,8,179,1977327,9670021,26959914,1978045,0,0,0
64 x 1024 B,9,179,1977423,9676106,26959914,1978072,0,0,0
64 x 1024 B,10,179,1977036,9666681,26959914,1978428,0,0,0
64 x 1024 B,11,179,1983399,9668317,26959914,1981689,0,0,0
64 x 1024 B,12,179,1983314,9668343,26959914,1978484,0,0,0
64 x 1024 B,13,179,1976386,9673388,26959914,1976962,0,0,0
64 x 1024 B,14,179,1975261,9671146,26959914,1975919,0,0,0
64 x 1024 B,15,179,1976372,9666701,26959914,1976894,0,0,0
64 x 1024 B,16,179,1976167,9673596,26959914,1976679,0,0,0
64 x 1024 B,17,179,1977410,9676781,26959914,1977927,0,0,0
64 x 1024 B,18,179,1976387,9671134,26959914,1976896,0,0,0
64 x 1024 B,19,179,1979442,9677061,26959914,1980207,0,0,0
64 x 1024 B,20,179,1975431,9660555,26959914,1976509,0,0,0
64 x 1024 B,21,179,1976792,9672985,26959914,1977326,0,0,0
64 x 1024 B,22,179,1974984,9665270,26959914,1975535,0,0,0
64 x 1024 B,23,179,1979810,9686533,26959914,1980305,0,0,0
64 x 1024 B,24,179,1974392,9666611,26959914,1974894,0,0,0
64 x 1024 B,25,179,1978572,9674586,26959914,1979229,0,0,0
64 x 1024 B,26,179,1975867,9669388,26959914,1976790,0,0,0
64 x 1024 B,27,179,2053668,9801173,26959915,2045459,0,0,0
64 x 1024 B,28,179,1981853,9663396,26959914,1977001,0,0,0
64 x 1024 B,29,179,1977370,9676162,26959914,1977892,0,0,0
64 x 1024 B,30,179,1973541,9663448,26959914,1974038,0,0,0
64 x 1024 B,31,179,1976271,9673177,26959914,1976774,0,0,0
128 x 1024 B,0,91,2002652,9804738,27380082,2003196,0,0,0
128 x 1024 B,1,91,2000545,9796518,27380082,2001038,0,0,0
128 x 1024 B,2,91,2002117,9803728,27380082,2002669,0,0,0
128 x 1024 B,3,91,2003333,9802447,27380082,2003870,0,0,0
128 x 1024 B,4,91,2003659,9808623,27380082,2004155,0,0,0
128 x 1024 B,5,91,1999495,9791910,27380082,2000001,0,0,0
128 x 1024 B,6,91,2002428,9804843,27380082,2002934,0,0,0
128 x 1024 B,7,91,1999908,9793824,27380082,2000410,0,0,0
128 x 1024 B,8,91,2002306,9803407,27380082,2002806,0,0,0
128 x 1024 B,9,91,2000179,9795028,27380082,2000702,0,0,0
128 x 1024 B,10,91,2001503,9800225,27380082,2002011,0,0,0
128 x 1024 B,11,91,2001610,9797673,27380082,2002115,0,0,0
128 x 1024 B,12,91,2003352,9806222,27380082,2003864,0,0,0
128 x 1024 B,13,91,2002951,9806115,27380082,2003602,0,0,0
128 x 1024 B,14,91,2060781,9951281,27380082,2061561,0,0,0
128 x 1024 B,15,91,2005847,9816204,27380082,2006660,0,0,0
128 x 1024 B,16,91,2078154,10048946,27380082,2078824,0,0,0
128 x 1024 B,17,91,2080233,9801643,27380082,2081609,0,0,0
128 x 1024 B,18,91,2014493,9810046,27380082,2012501,0,0,0
128 x 1024 B,19,91,2014991,9796266,27380082,2010207,0,0,0
128 x 1024 B,20,91,2005355,9814629,27380082,2005882,0,0,0
128 x 1024 B,21,91,2001224,9798606,27380082,2001764,0,0,0
128 x 1024 B,22,91,2004324,9809573,27380082,2004837,0,0,0
128 x 1024 B,23,91,2016983,9873175,27380082,2017567,0,0,0
128 x 1024 B,24,91,2033874,9808460,27380082,2034380,0,0,0
128 x 1024 B,25,91,2002231,9803693,27380082,2002773,0,0,0
128 x 1024 B,26,91,2001515,9800225,27380082,2002008,0,0,0
128 x 1024 B,27,91,2003335,9803714,27380082,2003861,0,0,0
128 x 1024 B,28,91,2002517,9802278,27380082,2003016,0,0,0
128 x 1024 B,29,91,2001870,9803066,27380082,2002385,0,0,0
128 x 1024 B,30,91,1999984,9793262,27380082,2000478,0,0,0
128 x 1024 B,31,91,2001289,9799996,27380082,2001795,0,0,0
129 x 1024 B,0,87,1975961,9674919,26775834,1976512,0,0,0
129 x 1024 B,1,87,1976046,9673565,26775834,1976605,0,0,0
129 x 1024 B,2,87,1976102,9676865,26775834,1976609,0,0,0
129 x 1024 B,3,87,1975587,9671121,26775834,1976082,0,0,0
129 x 1024 B,4,87,1980020,9674947,26775834,1980544,0,0,0
129 x 1024 B,5,87,1975797,9675252,26775834,1976304,0,0,0
129 x 1024 B,6,87,1976825,9679312,26775834,1977322,0,0,0
129 x 1024 B,7,87,1975400,9672878,26775834,1975888,0,0,0
129 x 1024 B,8,87,1974105,9668354,26775833,1974615,0,0,0
129 x 1024 B,9,87,1977413,9682065,26775834,1977925,0,0,0
129 x 1024 B,10,87,1976364,9675780,26775834,1976866,0,0,0
129 x 1024 B,11,87,1976953,9676047,26775834,1977459,0,0,0
129 x 1024 B,12,87,1975111,9668899,26775834,1975645,0,0,0
129 x 1024 B,13,87,1977431,9682641,26775834,1977937,0,0,0
129 x 1024 B,14,87,1975296,9673121,26775834,1975796,0,0,0
129 x 1024 B,15,87,1976968,9680024,26775834,1977471,0,0,0
129 x 1024 B,16,87,1975111,9671861,26775834,1975610,0,0,0
129 x 1024 B,17,87,1977111,9677576,26775834,1977622,0,0,0
129 x 1024 B,18,87,1975158,9671158,26775834,1975657,0,0,0
129 x 1024 B,19,87,1976818,9678727,26775834,1977324,0,0,0
129 x 1024 B,20,87,1974907,9668839,26775834,1975520,0,0,0
129 x 1024 B,21,87,1979933,9683322,26775834,1980486,0,0,0
129 x 1024 B,22,87,1978719,9682574,26775834,1979388,0,0,0
129 x 1024 B,23,87,1979381,9687852,26775834,1980068,0,0,0
129 x 1024 B,24,87,1988269,9702024,26775834,1989255,0,0,0
129 x 1024 B,25,87,1993153,9672260,26775834,1984124,0,0,0
129 x 1024 B,26,87,1981095,9661316,26775834,1976608,0,0,0
129 x 1024 B,27,87,1977847,9679928,26775834,1978438,0,0,0
129 x 1024 B,28,87,1978677,9672294,26775834,1979233,0,0,0
129 x 1024 B,29,87,1976987,9677939,26775834,1977540,0,0,0
129 x 1024 B,30,87,1975630,9666962,26775834,1976141,0,0,0
129 x 1024 B,31,87,1979101,9686901,26775834,1979615,0,0,0
1024 x 1024 B,0,12,2511673,10483847,28872870,2512866,0,0,0
1024 x 1024 B,1,12,2145794,10497046,28872871,2146538,0,0,0
1024 x 1024 B,2,12,2137067,10462132,28872870,2137742,0,0,0
1024 x 1024 B,3,12,2137767,10465007,28872870,2138458,0,0,0
1024 x 1024 B,4,12,2137684,10463183,28872870,2138358,0,0,0
1024 x 1024 B,5,12,2137361,10460478,28872870,2138053,0,0,0
1024 x 1024 B,6,12,2133276,10444837,28872870,2133971,0,0,0
1024 x 1024 B,7,12,2137488,10463485,28872870,2138153,0,0,0
1024 x 1024 B,8,12,2136180,10452674,28872871,2136859,0,0,0
1024 x 1024 B,9,12,2133757,10445942,28872870,2134437,0,0,0
1024 x 1024 B,10,12,2134235,10448954,28872870,2134911,0,0,0
1024 x 1024 B,11,12,2134423,10446367,28872870,2135098,0,0,0
1024 x 1024 B,12,12,2133936,10447422,28872870,2134606,0,0,0
1024 x 1024 B,13,12,2131949,10437507,28872870,2132630,0,0,0
1024 x 1024 B,14,12,2133396,10444862,28872870,2134096,0,0,0
1024 x 1024 B,15,12,2134807,10445873,28872871,2135475,0,0,0
1024 x 1024 B,16,12,2134565,10448249,28872870,2135263,0,0,0
1024 x 1024 B,17,12,2132118,10436361,28872870,2132801,0,0,0
1024 x 1024 B,18,12,2134508,10445827,28872870,2135198,0,0,0
1024 x 1024 B,19,12,2131160,10434330,28872870,2131868,0,0,0
1024 x 1024 B,20,12,2134499,10449710,28872870,2135217,0,0,0
1024 x 1024 B,21,12,2129985,10429324,28872870,2130673,0,0,0
1024 x 1024 B,22,12,2133852,10445971,28872870,2134576,0,0,0
1024 x 1024 B,23,12,2134777,10445224,28872871,2135460,0,0,0
1024 x 1024 B,24,12,2132582,10437609,28872870,2133270,0,0,0
1024 x 1024 B,25,12,2146563,10504295,28872870,2147327,0,0,0
1024 x 1024 B,26,12,2216906,10683363,28872870,2217621,0,0,0
1024 x 1024 B,27,12,2150219,10516091,28872870,2151379,0,0,0
1024 x 1024 B,28,12,2157658,10530394,28872870,2158898,0,0,0
1024 x 1024 B,29,12,2174816,10598121,28872871,2175979,0,0,0
1024 x 1024 B,30,12,2145022,10422259,28872870,2136375,0,0,0
1024 x 1024 B,31,12,2131366,10429756,28872870,2132141,0,0,0
1 x 2048 B,0,2548,1973337,9652775,19698954,1973948,0,0,0
1 x 2048 B,1,2548,1972535,9639811,19698954,1973038,0,0,0
1 x 2048 B,2,2548,1975885,9672957,19698954,1976384,0,0,0
1 x 2048 B,3,2548,1985164,9711813,19698954,1985673,0,0,0
1 x 2048 B,4,2548,1967053,9631221,19698954,1967561,0,0,0
1 x 2048 B,5,2548,1974258,9668578,19698954,1974755,0,0,0
1 x 2048 B,6,2548,2345824,9684236,19698954,2346370,0,0,0
1 x 2048 B,7,2548,1980457,9698188,19698954,1980957,0,0,0
1 x 2048 B,8,2548,1970812,9649954,19698954,1971312,0,0,0
1 x 2048 B,9,2548,1971768,9655216,19698954,1972262,0,0,0
1 x 2048 B,10,2548,1989297,9737947,19698954,1989789,0,0,0
1 x 2048 B,11,2548,1974801,9671088,19698954,1975305,0,0,0
1 x 2048 B,12,2548,1971401,9652809,19698954,1971904,0,0,0
1 x 2048 B,13,2548,1970672,9648135,19698954,1971166,0,0,0
1 x 2048 B,14,2548,1978650,9684792,19698954,1979150,0,0,0
1 x 2048 B,15,2548,1985303,9722125,19698954,1985803,0,0,0
1 x 2048 B,16,2548,1986558,9727261,19698954,1987093,0,0,0
1 x 2048 B,17,2548,1972772,9661071,19698954,1973270,0,0,0
1 x 2048 B,18,2548,1977173,9680612,19698954,1977673,0,0,0
1 x 2048 B,19,2548,2003184,9810307,19698954,2003688,0,0,0
1 x 2048 B,20,2548,1989415,9740950,19698954,1989912,0,0,0
1 x 2048 B,21,2548,1980656,9697483,19698954,1981151,0,0,0
1 x 2048 B,22,2548,1968567,9636634,19698954,1969059,0,0,0
1 x 2048 B,23,2548,1984390,9717872,19698954,1984935,0,0,0
1 x 2048 B,24,2548,1966479,9628295,19698954,1966981,0,0,0
1 x 2048 B,25,2548,1973448,9664493,19698954,1973941,0,0,0
1 x 2048 B,26,2548,1990331,9745385,19698954,1990825,0,0,0
1 x 2048 B,27,2548,1982360,9708096,19698954,1982859,0,0,0
1 x 2048 B,28,2548,1992015,9753818,19698954,1992515,0,0,0
1 x 2048 B,29,2548,1992184,9751591,19698954,1992740,0,0,0
1 x 2048 B,30,2548,1974991,9669579,19698954,1975542,0,0,0
1 x 2048 B,31,2548,1970037,9645282,19698954,1970526,0,0,0
3 x 2048 B,0,867,1988692,9732736,19890213,1989476,0,0,0
3 x 2048 B,1,867,1994737,9762902,19890213,1995363,0,0,0
3 x 2048 B,2,867,1999194,9766608,19890213,1999791,0,0,0
3 x 2048 B,3,867,2004266,9747136,19890213,2001574,0,0,0
3 x 2048 B,4,867,1998370,9725118,19890213,1991664,0,0,0
3 x 2048 B,5,867,1989856,9737499,19890213,1990454,0,0,0
3 x 2048 B,6,867,1982975,9709289,19890213,1983563,0,0,0
3 x 2048 B,7,867,1987990,9731512,19890213,1988491,0,0,0
3 x 2048 B,8,867,1990818,9747651,19890213,1991319,0,0,0
3 x 2048 B,9,867,1993761,9759629,19890213,1994262,0,0,0
3 x 2048 B,10,867,1996715,9757272,19890213,1997223,0,0,0
3 x 2048 B,11,867,1988211,9733899,19890213,1988711,0,0,0
3 x 2048 B,12,867,1995343,9765224,19890213,1995847,0,0,0
3 x 2048 B,13,867,1997301,9777069,19890213,1997814,0,0,0
3 x 2048 B,14,867,1984771,9713419,19890213,1985274,0,0,0
3 x 2048 B,15,867,1985922,9722859,19890213,1986460,0,0,0
3 x 2048 B,16,867,1989313,9740320,19890213,1989807,0,0,0
3 x 2048 B,17,867,1994109,9761636,19890213,1994614,0,0,0
3 x 2048 B,18,867,1979403,9688967,19890213,1979893,0,0,0
3 x 2048 B,19,867,1997014,9735544,19890213,1991233,0,0,0
3 x 2048 B,20,867,1979087,9690158,19890213,1979590,0,0,0
3 x 2048 B,21,867,1989819,9739641,19890213,1990327,0,0,0
3 x 2048 B,22,867,1993238,9757300,19890213,1993794,0,0,0
3 x 2048 B,23,867,1987737,9737946,19890212,1988460,0,0,0
3 x 2048 B,24,867,1991562,9751731,19890213,1992062,0,0,0
3 x 2048 B,25,867,1988111,9734633,19890213,1988643,0,0,0
3 x 2048 B,26,867,1986084,9717982,19890213,1986630,0,0,0
3 x 2048 B,27,867,1980444,9696579,19890213,1980944,0,0,0
3 x 2048 B,28,867,1989207,9739817,19890213,1989706,0,0,0
3 x 2048 B,29,867,1987745,9732848,19890213,1988242,0,0,0
3 x 2048 B,30,867,1987840,9728887,19890213,1988344,0,0,0
3 x 2048 B,31,867,1991184,9749716,19890213,1991685,0,0,0
4 x 2048 B,0,654,1992451,9756485,19977450,1993042,0,0,0
4 x 2048 B,1,654,1991596,9743356,19977450,1992101,0,0,0
4 x 2048 B,2,654,2001238,9798645,19977450,2001733,0,0,0
4 x 2048 B,3,654,1995003,9768863,19977450,1995501,0,0,0
4 x 2048 B,4,654,1996043,9770914,19977450,1996547,0,0,0
4 x 2048 B,5,654,2000255,9789411,19977450,2000796,0,0,0
4 x 2048 B,6,654,1999616,9780104,19977450,2000141,0,0,0
4 x 2048 B,7,654,1990942,9746270,19977450,1991630,0,0,0
4 x 2048 B,8,654,1996557,9771600,19977450,1997203,0,0,0
4 x 2048 B,9,654,2005926,9793162,19977450,2006604,0,0,0
4 x 2048 B,10,654,2007427,9771777,19977450,2004997,0,0,0
4 x 2048 B,11,654,1996611,9752388,19977450,1995588,0,0,0
4 x 2048 B,12,654,2003507,9774248,19977450,1999442,0,0,0
4 x 2048 B,13,654,1998402,9784524,19977450,1998906,0,0,0
4 x 2048 B,14,654,1999648,9788595,19977450,2000150,0,0,0
4 x 2048 B,15,654,2005556,9817177,19977450,2006058,0,0,0
4 x 2048 B,16,654,1994573,9766094,19977450,1995074,0,0,0
4 x 2048 B,17,654,1994007,9763326,19977450,1994508,0,0,0
4 x 2048 B,18,654,1999992,9773549,19977450,2000500,0,0,0
4 x 2048 B,19,654,1992303,9750023,19977450,1992801,0,0,0
4 x 2048 B,20,654,1994027,9762536,19977450,1994523,0,0,0
4 x 2048 B,21,654,1996178,9769387,19977450,1996681,0,0,0
4 x 2048 B,22,654,1992036,9732104,19977450,1992528,0,0,0
4 x 2048 B,23,654,1996070,9765997,19977450,1996583,0,0,0
4 x 2048 B,24,654,1993691,9761017,19977450,1994190,0,0,0
4 x 2048 B,25,654,1991372,9750375,19977450,1991879,0,0,0
4 x 2048 B,26,654,1995421,9771031,19977450,1995927,0,0,0
4 x 2048 B,27,654,1997744,9775833,19977450,1998251,0,0,0
4 x 2048 B,28,654,1993045,9758839,19977450,1993541,0,0,0
4 x 2048 B,29,654,1997755,9781978,19977450,1998292,0,0,0
4 x 2048 B,30,654,1991223,9749980,19977450,1991745,0,0,0
4 x 2048 B,31,654,1997766,9776682,19977450,1998257,0,0,0
6 x 2048 B,0,437,1993950,9763222,19995738,1994458,0,0,0
6 x 2048 B,1,437,1995191,9769364,19995738,1995702,0,0,0
6 x 2048 B,2,437,1992972,9753298,19995738,1993472,0,0,0
6 x 2048 B,3,437,1997996,9780702,19995738,1998547,0,0,0
6 x 2048 B,4,437,1997250,9776119,19995739,1997755,0,0,0
6 x 2048 B,5,437,1996659,9776617,19995738,1997157,0,0,0
6 x 2048 B,6,437,2005685,9816338,19995738,2006184,0,0,0
6 x 2048 B,7,437,2003177,9808585,19995738,2003667,0,0,0
6 x 2048 B,8,437,1996282,9774524,19995738,1996832,0,0,0
6 x 2048 B,9,437,1993640,9761810,19995738,1994131,0,0,0
6 x 2048 B,10,437,1995924,9767039,19995738,1996463,0,0,0
6 x 2048 B,11,437,1994673,9765399,19995738,1995173,0,0,0
6 x 2048 B,12,437,1999620,9790841,19995738,2000117,0,0,0
6 x 2048 B,13,437,1996845,9776139,19995738,1997466,0,0,0
6 x 2048 B,14,437,1994627,9759673,19995738,1995183,0,0,0
6 x 2048 B,15,437,1998032,9776525,19995738,1998726,0,0,0
6 x 2048 B,16,437,1997238,9773627,19995738,1997941,0,0,0
6 x 2048 B,17,437,2014982,9789371,19995738,2008613,0,0,0
6 x 2048 B,18,437,2001080,9770453,19995738,2000016,0,0,0
6 x 2048 B,19,437,2004214,9765258,19995738,1999076,0,0,0
6 x 2048 B,20,437,1999037,9783385,19995738,1999541,0,0,0
6 x 2048 B,21,437,1996221,9770361,19995738,1996761,0,0,0
6 x 2048 B,22,437,1995140,9765683,19995738,1995633,0,0,0
6 x 2048 B,23,437,1998891,9787537,19995738,1999417,0,0,0
6 x 2048 B,24,437,2362626,9750324,19995739,2363130,0,0,0
6 x 2048 B,25,437,1994041,9761704,19995738,1994578,0,0,0
6 x 2048 B,26,437,2000934,9794530,19995738,2001430,0,0,0
6 x 2048 B,27,437,1997178,9779090,19995738,1997672,0,0,0
6 x 2048 B,28,437,1993832,9762927,19995738,1994373,0,0,0
6 x 2048 B,29,437,1999380,9787281,19995738,1999877,0,0,0
6 x 2048 B,30,437,1996659,9774411,19995738,1997159,0,0,0
6 x 2048 B,31,437,1995185,9765829,19995738,1995688,0,0,0
8 x 2048 B,0,329,1998597,9783438,20058180,1999165,0,0,0
8 x 2048 B,1,329,2004786,9813986,20058180,2005276,0,0,0
8 x 2048 B,2,329,2002713,9806172,20058180,2003216,0,0,0
8 x 2048 B,3,329,2002731,9804836,20058180,2003226,0,0,0
8 x 2048 B,4,329,1999481,9788018,20058180,1999982,0,0,0
8 x 2048 B,5,329,1996589,9773917,20058180,1997087,0,0,0
8 x 2048 B,6,329,2000857,9797234,20058180,2001357,0,0,0
8 x 2048 B,7,329,1996491,9775961,20058180,1997027,0,0,0
8 x 2048 B,8,329,2001685,9798472,20058180,2002188,0,0,0
8 x 2048 B,9,329,1999533,9788424,20058180,2000035,0,0,0
8 x 2048 B,10,329,2001138,9799161,20058180,2001642,0,0,0
8 x 2048 B,11,329,2010083,9842736,20058180,2010635,0,0,0
8 x 2048 B,12,329,1999159,9786444,20058180,1999661,0,0,0
8 x 2048 B,13,329,2001418,9798085,20058180,2001922,0,0,0
8 x 2048 B,14,329,2002563,9805809,20058180,2003110,0,0,0
8 x 2048 B,15,329,2000390,9795105,20058180,2000885,0,0,0
8 x 2048 B,16,329,2002307,9802006,20058180,2002822,0,0,0
8 x 2048 B,17,329,2002437,9803101,20058180,2002931,0,0,0
8 x 2048 B,18,329,2001107,9797331,20058180,2001602,0,0,0
8 x 2048 B,19,329,2000021,9792777,20058180,2000572,0,0,0
8 x 2048 B,20,329,2005428,9813120,20058180,2006126,0,0,0
8 x 2048 B,21,329,2005486,9812789,20058180,2006144,0,0,0
8 x 2048 B,22,329,2003719,9806296,20058180,2004333,0,0,0
8 x 2048 B,23,329,2006160,9812721,20058180,2006792,0,0,0
8 x 2048 B,24,329,2005199,9801802,20058180,2005986,0,0,0
8 x 2048 B,25,329,2010330,9808748,20058180,2008608,0,0,0
8 x 2048 B,26,329,2007288,9791912,20058180,2003135,0,0,0
8 x 2048 B,27,329,1999381,9786395,20058180,1999882,0,0,0
8 x 2048 B,28,329,1999157,9785717,20058180,1999655,0,0,0
8 x 2048 B,29,329,2007235,9820432,20058180,2007739,0,0,0
8 x 2048 B,30,329,2002685,9804947,20058180,2003190,0,0,0
8 x 2048 B,31,329,1999577,9789681,20058180,2000093,0,0,0
12 x 2048 B,0,178,1625529,7953587,16267074,1626121,0,0,0
12 x 2048 B,1,178,1622215,7946090,16267073,1622723,0,0,0
12 x 2048 B,2,178,1621841,7939362,16267074,1622339,0,0,0
12 x 2048 B,3,178,1621073,7941725,16267073,1621555,0,0,0
12 x 2048 B,4,178,1622783,7944037,16267074,1623332,0,0,0
12 x 2048 B,5,178,1622128,7938832,16267074,1622636,0,0,0
12 x 2048 B,6,178,1620230,7936987,16267073,1620775,0,0,0
12 x 2048 B,7,178,1623852,7947261,16267074,1624399,0,0,0
12 x 2048 B,8,178,1620994,7936062,16267074,1621559,0,0,0
12 x 2048 B,9,178,1620863,7939808,16267073,1621588,0,0,0
12 x 2048 B,10,178,1622875,7945105,16267074,1623371,0,0,0
12 x 2048 B,11,178,1623575,7953783,16267073,1624120,0,0,0
12 x 2048 B,12,178,1624845,7954288,16267074,1625355,0,0,0
12 x 2048 B,13,178,1619345,7928860,16267074,1619841,0,0,0
12 x 2048 B,14,178,1622072,7945845,16267073,1622603,0,0,0
12 x 2048 B,15,178,1627054,7963158,16267074,1627558,0,0,0
12 x 2048 B,16,178,1622383,7948009,16267073,1622879,0,0,0
12 x 2048 B,17,178,1620655,7933626,16267074,1621152,0,0,0
12 x 2048 B,18,178,1622339,7943484,16267074,1622844,0,0,0
12 x 2048 B,19,178,1624341,7956866,16267073,1624838,0,0,0
12 x 2048 B,20,178,1623384,7947524,16267074,1623873,0,0,0
12 x 2048 B,21,178,1625745,7958069,16267074,1626260,0,0,0
12 x 2048 B,22,178,1623342,7949465,16267073,1623848,0,0,0
12 x 2048 B,23,178,1620588,7934745,16267074,1621092,0,0,0
12 x 2048 B,24,178,1620916,7940138,16267073,1621472,0,0,0
12 x 2048 B,25,178,1623372,7947392,16267074,1623869,0,0,0
12 x 2048 B,26,178,1631669,7966406,16267074,1632173,0,0,0
12 x 2048 B,27,178,1620825,7940121,16267073,1621333,0,0,0
12 x 2048 B,28,178,1619505,7929553,16267074,1620009,0,0,0
12 x 2048 B,29,178,1622384,7942340,16267074,1622879,0,0,0
12 x 2048 B,30,178,1620312,7935056,16267073,1620807,0,0,0
12 x 2048 B,31,178,1622827,7941428,16267074,1623331,0,0,0
16 x 2048 B,0,165,2006405,9819849,20098356,2007055,0,0,0
16 x 2048 B,1,165,2019441,9803847,20098356,2019973,0,0,0
16 x 2048 B,2,165,2008189,9824509,20098356,2008852,0,0,0
16 x 2048 B,3,165,2007817,9820852,20098356,2008574,0,0,0
16 x 2048 B,4,165,2011040,9811274,20098356,2012915,0,0,0
16 x 2048 B,5,165,2010840,9808541,20098356,2009005,0,0,0
16 x 2048 B,6,165,2013359,9817489,20098356,2009215,0,0,0
16 x 2048 B,7,165,2002558,9803790,20098356,2003056,0,0,0
16 x 2048 B,8,165,2006406,9824937,20098356,2006903,0,0,0
16 x 2048 B,9,165,2298027,9814371,20098356,2298535,0,0,0
16 x 2048 B,10,165,2004357,9811811,20098356,2004864,0,0,0
16 x 2048 B,11,165,2007989,9828449,20098356,2008486,0,0,0
16 x 2048 B,12,165,2007707,9830339,20098356,2008212,0,0,0
16 x 2048 B,13,165,2005488,9820303,20098356,2006000,0,0,0
16 x 2048 B,14,165,2379718,9827483,20098357,2380233,0,0,0
16 x 2048 B,15,165,2004617,9814000,20098356,2005121,0,0,0
16 x 2048 B,16,165,2007563,9827391,20098356,2008059,0,0,0
16 x 2048 B,17,165,2005665,9821833,20098356,2006175,0,0,0
16 x 2048 B,18,165,2006448,9824459,20098356,2006955,0,0,0
16 x 2048 B,19,165,2012230,9811203,20098356,2007467,0,0,0
16 x 2048 B,20,165,2007538,9830422,20098356,2008044,0,0,0
16 x 2048 B,21,165,2003808,9811463,20098356,2004311,0,0,0
16 x 2048 B,22,165,2004696,9815775,20098356,2005190,0,0,0
16 x 2048 B,23,165,2007966,9829062,20098356,2008470,0,0,0
16 x 2048 B,24,165,2005047,9817663,20098356,2005544,0,0,0
16 x 2048 B,25,165,2004293,9816097,20098356,2004794,0,0,0
16 x 2048 B,26,165,2008436,9833619,20098356,2008979,0,0,0
16 x 2048 B,27,165,2004622,9817273,20098356,2005124,0,0,0
16 x 2048 B,28,165,2004472,9814730,20098356,2004993,0,0,0
16 x 2048 B,29,165,2006673,9822552,20098356,2007170,0,0,0
16 x 2048 B,30,165,2006697,9825469,20098356,2007196,0,0,0
16 x 2048 B,31,165,2007025,9829068,20098356,2007534,0,0,0
24 x 2048 B,0,110,2003161,9810534,20091426,2003730,0,0,0
24 x 2048 B,1,110,2003391,9809549,20091426,2003897,0,0,0
24 x 2048 B,2,110,2005078,9815016,20091426,2005574,0,0,0
24 x 2048 B,3,110,2003100,9808082,20091426,2003599,0,0,0
24 x 2048 B,4,110,2001598,9800495,20091426,2002098,0,0,0
24 x 2048 B,5,110,2002600,9804757,20091426,2003093,0,0,0
24 x 2048 B,6,110,2004204,9812170,20091426,2004913,0,0,0
24 x 2048 B,7,110,2004486,9812552,20091426,2005002,0,0,0
24 x 2048 B,8,110,2006645,9819703,20091426,2007401,0,0,0
24 x 2048 B,9,110,2008124,9826665,20091426,2008841,0,0,0
24 x 2048 B,10,110,2006551,9814379,20091426,2007434,0,0,0
24 x 2048 B,11,110,2008384,9815086,20091426,2009046,0,0,0
24 x 2048 B,12,110,2010775,9795236,20091426,2005221,0,0,0
24 x 2048 B,13,110,2005680,9818936,20091426,2006189,0,0,0
24 x 2048 B,14,110,2001419,9801479,20091426,2001922,0,0,0
24 x 2048 B,15,110,2004462,9814707,20091426,2004963,0,0,0
24 x 2048 B,16,110,2001300,9800580,20091426,2001840,0,0,0
24 x 2048 B,17,110,2006152,9821702,20091426,2006674,0,0,0
24 x 2048 B,18,110,2008904,9829641,20091426,2009417,0,0,0
24 x 2048 B,19,110,2005063,9812671,20091426,2005564,0,0,0
24 x 2048 B,20,110,2005992,9821267,20091426,2006541,0,0,0
24 x 2048 B,21,110,2009993,9841294,20091426,2010542,0,0,0
24 x 2048 B,22,110,2370954,9819884,20091426,2371452,0,0,0
24 x 2048 B,23,110,2009201,9835503,20091426,2009698,0,0,0
24 x 2048 B,24,110,2002500,9805631,20091426,2003001,0,0,0
24 x 2048 B,25,110,2004819,9816550,20091426,2005315,0,0,0
24 x 2048 B,26,110,2002810,9804091,20091426,2003318,0,0,0
24 x 2048 B,27,110,2005559,9817605,20091426,2006059,0,0,0
24 x 2048 B,28,110,2002565,9805522,20091426,2003069,0,0,0
24 x 2048 B,29,110,2007650,9830995,20091426,2008148,0,0,0
24 x 2048 B,30,110,2005743,9818459,20091426,2006250,0,0,0
24 x 2048 B,31,110,2005435,9813306,20091426,2005940,0,0,0
64 x 2048 B,0,42,2036604,9969933,20447898,2037223,0,0,0
64 x 2048 B,1,42,2038534,9980672,20447898,2039034,0,0,0
64 x 2048 B,2,42,2038018,9975862,20447898,2038518,0,0,0
64 x 2048 B,3,42,2038502,9981023,20447898,2039026,0,0,0
64 x 2048 B,4,42,2039911,9986270,20447898,2040416,0,0,0
64 x 2048 B,5,42,2038390,9981122,20447898,2038885,0,0,0
64 x 2048 B,6,42,2037562,9974720,20447898,2038067,0,0,0
64 x 2048 B,7,42,2048439,10027951,20447898,2048957,0,0,0
64 x 2048 B,8,42,2042957,10001265,20447898,2043454,0,0,0
64 x 2048 B,9,42,2047485,10002325,20447898,2048020,0,0,0
64 x 2048 B,10,42,2098185,10096330,20447898,2098704,0,0,0
64 x 2048 B,11,42,2045203,9986428,20447898,2044163,0,0,0
64 x 2048 B,12,42,2039537,9980756,20447898,2040093,0,0,0
64 x 2048 B,13,42,2041320,9992015,20447898,2041861,0,0,0
64 x 2048 B,14,42,2039282,9982810,20447898,2040019,0,0,0
64 x 2048 B,15,42,2042935,9995997,20447898,2043596,0,0,0
64 x 2048 B,16,42,2043239,9980261,20447898,2044043,0,0,0
64 x 2048 B,17,42,2094317,9982741,20447898,2051606,0,0,0
64 x 2048 B,18,42,2043881,9985148,20447898,2042796,0,0,0
64 x 2048 B,19,42,2048764,9985860,20447899,2044400,0,0,0
64 x 2048 B,20,42,2036883,9970917,20447898,2037409,0,0,0
64 x 2048 B,21,42,2041235,9992334,20447898,2041749,0,0,0
64 x 2048 B,22,42,2038316,9980920,20447898,2038820,0,0,0
64 x 2048 B,23,42,2043593,10006524,20447898,2044104,0,0,0
64 x 2048 B,24,42,2042740,9999213,20447898,2043245,0,0,0
64 x 2048 B,25,42,2047211,10000061,20447898,2047716,0,0,0
64 x 2048 B,26,42,2040749,9991344,20447898,2041326,0,0,0
64 x 2048 B,27,42,2038919,9979466,20447898,2039420,0,0,0
64 x 2048 B,28,42,2040799,9991427,20447898,2041308,0,0,0
64 x 2048 B,29,42,2039139,9977669,20447898,2039643,0,0,0
64 x 2048 B,30,42,2405372,9972366,20447898,2405917,0,0,0
64 x 2048 B,31,42,2039318,9985725,20447898,2039829,0,0,0
128 x 2048 B,0,21,2039935,9984368,20445252,2040571,0,0,0
128 x 2048 B,1,21,2039698,9987350,20445252,2040215,0,0,0
128 x 2048 B,2,21,2038690,9982747,20445252,2039201,0,0,0
128 x 2048 B,3,21,2038524,9979064,20445252,2039031,0,0,0
128 x 2048 B,4,21,2040852,9990628,20445252,2041357,0,0,0
128 x 2048 B,5,21,2040029,9989414,20445252,2040528,0,0,0
128 x 2048 B,6,21,2039691,9987902,20445252,2040197,0,0,0
128 x 2048 B,7,21,2044154,10006074,20445252,2044649,0,0,0
128 x 2048 B,8,21,2042621,9999576,20445252,2043165,0,0,0
128 x 2048 B,9,21,2039729,9987461,20445252,2040237,0,0,0
128 x 2048 B,10,21,2040350,9990881,20445252,2040861,0,0,0
128 x 2048 B,11,21,2042097,9996734,20445252,2042597,0,0,0
128 x 2048 B,12,21,2041294,9992874,20445252,2041793,0,0,0
128 x 2048 B,13,21,2038809,9983354,20445252,2039309,0,0,0
128 x 2048 B,14,21,2038453,9981211,20445252,2039030,0,0,0
128 x 2048 B,15,21,2106502,10004714,20445252,2047207,0,0,0
128 x 2048 B,16,21,2040686,9987447,20445252,2041203,0,0,0
128 x 2048 B,17,21,2041899,9997275,20445252,2042394,0,0,0
128 x 2048 B,18,21,2042129,9997523,20445252,2042811,0,0,0
128 x 2048 B,19,21,2049646,10023167,20445253,2050205,0,0,0
128 x 2048 B,20,21,2045172,10007609,20445252,2045835,0,0,0
128 x 2048 B,21,21,2043849,10004109,20445252,2044475,0,0,0
128 x 2048 B,22,21,2048029,10010714,20445252,2048925,0,0,0
128 x 2048 B,23,21,2047034,9986983,20445252,2044663,0,0,0
128 x 2048 B,24,21,2047036,9983053,20445252,2042765,0,0,0
128 x 2048 B,25,21,2039450,9981448,20445252,2039968,0,0,0
128 x 2048 B,26,21,2039349,9981670,20445252,2039855,0,0,0
128 x 2048 B,27,21,2040467,9987344,20445252,2040963,0,0,0
128 x 2048 B,28,21,2041093,9993572,20445252,2041603,0,0,0
128 x 2048 B,29,21,2408037,9980758,20445252,2408542,0,0,0
128 x 2048 B,30,21,2038903,9981528,20445252,2039396,0,0,0
128 x 2048 B,31,21,2038378,9979766,20445252,2038922,0,0,0
129 x 2048 B,0,21,2056688,10069397,20604957,2057283,0,0,0
129 x 2048 B,1,21,2055889,10064667,20604957,2056402,0,0,0
129 x 2048 B,2,21,2056780,10071233,20604957,2057282,0,0,0
129 x 2048 B,3,21,2055225,10060021,20604957,2055768,0,0,0
129 x 2048 B,4,21,2057643,10074022,20604957,2058137,0,0,0
129 x 2048 B,5,21,2058403,10075882,20604957,2058913,0,0,0
129 x 2048 B,6,21,2059082,10082330,20604957,2059593,0,0,0
129 x 2048 B,7,21,2056756,10069958,20604957,2057281,0,0,0
129 x 2048 B,8,21,2055918,10064441,20604957,2056422,0,0,0
129 x 2048 B,9,21,2057229,10070807,20604957,2057741,0,0,0
129 x 2048 B,10,21,2056723,10070912,20604957,2057232,0,0,0
129 x 2048 B,11,21,2053608,10053373,20604957,2054133,0,0,0
129 x 2048 B,12,21,2054142,10056823,20604957,2054656,0,0,0
129 x 2048 B,13,21,2056039,10065488,20604957,2056539,0,0,0
129 x 2048 B,14,21,2057412,10074357,20604957,2057905,0,0,0
129 x 2048 B,15,21,2058008,10069967,20604958,2058511,0,0,0
129 x 2048 B,16,21,2056216,10064671,20604957,2056725,0,0,0
129 x 2048 B,17,21,2055032,10063135,20604957,2055544,0,0,0
129 x 2048 B,18,21,2057750,10075955,20604957,2058252,0,0,0
129 x 2048 B,19,21,2052300,10047770,20604957,2052802,0,0,0
129 x 2048 B,20,21,2056955,10070549,20604957,2057461,0,0,0
129 x 2048 B,21,21,2055919,10067048,20604957,2056431,0,0,0
129 x 2048 B,22,21,2055188,10063383,20604957,2055737,0,0,0
129 x 2048 B,23,21,2055003,10059658,20604957,2055522,0,0,0
129 x 2048 B,24,21,2055631,10062177,20604957,2056232,0,0,0
129 x 2048 B,25,21,2057444,10070868,20604957,2057993,0,0,0
129 x 2048 B,26,21,2056768,10061964,20604957,2057462,0,0,0
129 x 2048 B,27,21,2055144,10058284,20604957,2056009,0,0,0
129 x 2048 B,28,21,2060491,10082408,20604957,2061419,0,0,0
129 x 2048 B,29,21,2067784,10070318,20604957,2065795,0,0,0
129 x 2048 B,30,21,2068488,10062716,20604957,2061539,0,0,0
129 x 2048 B,31,21,2058305,10076125,20604957,2085490,0,0,0
1024 x 2048 B,0,3,2337183,11423084,23363305,2338247,0,0,0
1024 x 2048 B,1,3,2328680,11398433,23363304,2329430,0,0,0
1024 x 2048 B,2,3,2332348,11413007,23363304,2333097,0,0,0
1024 x 2048 B,3,3,2703485,11411047,23363305,2704203,0,0,0
1024 x 2048 B,4,3,2328586,11397839,23363304,2329341,0,0,0
1024 x 2048 B,5,3,2338464,11436158,23363305,2339171,0,0,0
1024 x 2048 B,6,3,2335048,11424866,23363304,2335766,0,0,0
1024 x 2048 B,7,3,2332551,11414637,23363304,2333265,0,0,0
1024 x 2048 B,8,3,2336799,11430414,23363305,2337535,0,0,0
1024 x 2048 B,9,3,2331872,11412184,23363304,2332607,0,0,0
1024 x 2048 B,10,3,2330559,11401250,23363304,2331297,0,0,0
1024 x 2048 B,11,3,2334459,11417527,23363305,2335168,0,0,0
1024 x 2048 B,12,3,2335910,11431724,23363304,2336715,0,0,0
1024 x 2048 B,13,3,2334311,11416356,23363304,2335185,0,0,0
1024 x 2048 B,14,3,2352939,11501080,23363305,2353848,0,0,0
1024 x 2048 B,15,3,2339752,11444087,23363304,2340637,0,0,0
1024 x 2048 B,16,3,2339746,11440652,23363310,2340730,0,0,0
1024 x 2048 B,17,3,2357808,11496877,23363311,2358863,0,0,0
1024 x 2048 B,18,3,2341852,11409350,23363304,2338452,0,0,0
1024 x 2048 B,19,3,2354340,11449686,23363305,2347929,0,0,0
1024 x 2048 B,20,3,2334484,11421482,23363304,2335225,0,0,0
1024 x 2048 B,21,3,2330021,11400466,23363304,2330739,0,0,0
1024 x 2048 B,22,3,2333532,11413243,23363305,2334206,0,0,0
1024 x 2048 B,23,3,2334396,11424881,23363304,2335115,0,0,0
1024 x 2048 B,24,3,2703229,11400446,23363305,2703999,0,0,0
1024 x 2048 B,25,3,2329760,11398771,23363304,2330584,0,0,0
1024 x 2048 B,26,3,2374927,11619434,23363304,2375823,0,0,0
1024 x 2048 B,27,3,2343051,11452063,23363305,2343972,0,0,0
1024 x 2048 B,28,3,2339814,11444203,23363304,2340790,0,0,0
1024 x 2048 B,29,3,2350200,11487535,23363304,2351613,0,0,0
1024 x 2048 B,30,3,2346802,11422310,23363305,2344218,0,0,0
1024 x 2048 B,31,3,2340514,11405635,23363304,2335075,0,0,0
1 x 2047 B,0,1311,1976240,9674503,20229096,1976818,0,0,0
1 x 2047 B,1,1311,1976801,9674394,20229096,1977305,0,0,0
1 x 2047 B,2,1311,1975638,9673699,20229096,1976140,0,0,0
1 x 2047 B,3,1311,1991417,9669025,20229096,1986128,0,0,0
1 x 2047 B,4,1311,1975595,9672689,20229096,1976093,0,0,0
1 x 2047 B,5,1311,1976103,9672656,20229096,1976609,0,0,0
1 x 2047 B,6,1311,1975944,9672710,20229096,1976474,0,0,0
1 x 2047 B,7,1311,1976165,9674198,20229096,1976701,0,0,0
1 x 2047 B,8,1311,1976163,9670574,20229096,1976729,0,0,0
1 x 2047 B,9,1311,1975819,9672859,20229096,1976362,0,0,0
1 x 2047 B,10,1311,1976683,9674509,20229096,1977259,0,0,0
1 x 2047 B,11,1311,1975189,9670388,20229096,1975704,0,0,0
1 x 2047 B,12,1311,1976443,9675030,20229096,1976958,0,0,0
1 x 2047 B,13,1311,1975554,9671512,20229096,1976043,0,0,0
1 x 2047 B,14,1311,1976273,9675257,20229096,1976783,0,0,0
1 x 2047 B,15,1311,1974670,9670973,20229096,1975173,0,0,0
1 x 2047 B,16,1311,1976803,9678757,20229096,1977301,0,0,0
1 x 2047 B,17,1311,1974572,9669521,20229096,1975067,0,0,0
1 x 2047 B,18,1311,1975436,9670165,20229096,1975926,0,0,0
1 x 2047 B,19,1311,1977056,9671912,20229096,1977554,0,0,0
1 x 2047 B,20,1311,1975888,9674605,20229096,1976429,0,0,0
1 x 2047 B,21,1311,1974965,9671695,20229096,1975459,0,0,0
1 x 2047 B,22,1311,1974829,9670258,20229096,1975323,0,0,0
1 x 2047 B,23,1311,1974858,9671981,20229096,1975361,0,0,0
1 x 2047 B,24,1311,1975365,9671691,20229096,1975871,0,0,0
1 x 2047 B,25,1311,1974854,9671457,20229096,1975348,0,0,0
1 x 2047 B,26,1311,1975763,9674052,20229096,1976260,0,0,0
1 x 2047 B,27,1311,1972239,9663770,20229095,1972704,0,0,0
1 x 2047 B,28,1311,1975050,9671535,20229096,1975557,0,0,0
1 x 2047 B,29,1311,1976230,9673957,20229096,1976720,0,0,0
1 x 2047 B,30,1311,1975874,9674317,20229096,1976372,0,0,0
1 x 2047 B,31,1311,1974386,9668395,20229096,1974861,0,0,0
3 x 2047 B,0,443,1992964,9756273,20395200,1993807,0,0,0
3 x 2047 B,1,443,1995779,9765411,20395200,1996496,0,0,0
3 x 2047 B,2,443,1994181,9757687,20395200,1994703,0,0,0
3 x 2047 B,3,443,1995557,9759602,20395200,1996310,0,0,0
3 x 2047 B,4,443,2007009,9755219,20395200,2005286,0,0,0
3 x 2047 B,5,443,2001118,9753863,20395200,1995002,0,0,0
3 x 2047 B,6,443,1992629,9757578,20395200,1993127,0,0,0
3 x 2047 B,7,443,1992277,9754096,20395200,1992776,0,0,0
3 x 2047 B,8,443,1993312,9757142,20395200,1993861,0,0,0
3 x 2047 B,9,443,1992265,9755542,20395200,1992792,0,0,0
3 x 2047 B,10,443,1992415,9755374,20395200,1992955,0,0,0
3 x 2047 B,11,443,1993196,9756118,20395200,1993703,0,0,0
3 x 2047 B,12,443,1993566,9756549,20395200,1994069,0,0,0
3 x 2047 B,13,443,1992352,9757322,20395200,1992849,0,0,0
3 x 2047 B,14,443,1992240,9752947,20395200,1992774,0,0,0
3 x 2047 B,15,443,2358442,9764155,20395201,2358947,0,0,0
3 x 2047 B,16,443,1992968,9760223,20395200,1993456,0,0,0
3 x 2047 B,17,443,1993090,9760556,20395200,1993583,0,0,0
3 x 2047 B,18,443,1993758,9762952,20395200,1994263,0,0,0
3 x 2047 B,19,443,1993914,9763380,20395200,1994412,0,0,0
3 x 2047 B,20,443,1992536,9753965,20395200,1993027,0,0,0
3 x 2047 B,21,443,1992131,9755902,20395200,1992619,0,0,0
3 x 2047 B,22,443,1991443,9752683,20395200,1991934,0,0,0
3 x 2047 B,23,443,1992631,9757682,20395200,1993132,0,0,0
3 x 2047 B,24,443,1991304,9751258,20395200,1991798,0,0,0
3 x 2047 B,25,443,1991789,9754202,20395200,1992282,0,0,0
3 x 2047 B,26,443,1991331,9751794,20395200,1991813,0,0,0
3 x 2047 B,27,443,1992465,9756842,20395200,1992971,0,0,0
3 x 2047 B,28,443,1993637,9757230,20395200,1994157,0,0,0
3 x 2047 B,29,443,1992189,9755263,20395200,1992675,0,0,0
3 x 2047 B,30,443,1992230,9752726,20395200,1992729,0,0,0
3 x 2047 B,31,443,1992328,9755549,20395200,1992819,0,0,0
4 x 2047 B,0,333,1995121,9770442,20427252,1995642,0,0,0
4 x 2047 B,1,333,1994846,9769658,20427252,1995327,0,0,0
4 x 2047 B,2,333,1996267,9775161,20427252,1996769,0,0,0
4 x 2047 B,3,333,1995294,9770044,20427252,1995784,0,0,0
4 x 2047 B,4,333,1994937,9767822,20427252,1995435,0,0,0
4 x 2047 B,5,333,1994521,9766543,20427252,1995022,0,0,0
4 x 2047 B,6,333,1996656,9771822,20427252,1997152,0,0,0
4 x 2047 B,7,333,1999615,9773630,20427252,2000259,0,0,0
4 x 2047 B,8,333,1998161,9778345,20427252,1998789,0,0,0
4 x 2047 B,9,333,1997946,9775610,20427252,1998579,0,0,0
4 x 2047 B,10,333,2002146,9779794,20427252,2003221,0,0,0
4 x 2047 B,11,333,2002337,9772638,20427252,2000536,0,0,0
4 x 2047 B,12,333,2004297,9772422,20427252,2000095,0,0,0
4 x 2047 B,13,333,1995426,9768944,20427252,1995930,0,0,0
4 x 2047 B,14,333,1996431,9772620,20427252,1996977,0,0,0
4 x 2047 B,15,333,1994658,9766608,20427252,1995153,0,0,0
4 x 2047 B,16,333,1995394,9768935,20427252,1995897,0,0,0
4 x 2047 B,17,333,1995725,9772515,20427252,1996227,0,0,0
4 x 2047 B,18,333,1996406,9772551,20427252,1996903,0,0,0
4 x 2047 B,19,333,1996025,9771474,20427252,1996527,0,0,0
4 x 2047 B,20,333,1996427,9772138,20427252,1996942,0,0,0
4 x 2047 B,21,333,1995994,9773326,20427252,1996505,0,0,0
4 x 2047 B,22,333,1996084,9770490,20427252,1996575,0,0,0
4 x 2047 B,23,333,2359116,9767597,20427252,2359606,0,0,0
4 x 2047 B,24,333,1995659,9768500,20427252,1996171,0,0,0
4 x 2047 B,25,333,1995283,9771076,20427252,1995776,0,0,0
4 x 2047 B,26,333,1996411,9772121,20427252,1996918,0,0,0
4 x 2047 B,27,333,1995334,9769792,20427252,1995838,0,0,0
4 x 2047 B,28,333,1996373,9773499,20427252,1996875,0,0,0
4 x 2047 B,29,333,1995338,9770748,20427252,1995838,0,0,0
4 x 2047 B,30,333,1996175,9770761,20427252,1996681,0,0,0
4 x 2047 B,31,333,1994966,9768684,20427252,1995458,0,0,0
6 x 2047 B,0,223,2010378,9806578,20505216,2006433,0,0,0
6 x 2047 B,1,223,2004289,9812743,20505216,2004794,0,0,0
6 x 2047 B,2,223,2003638,9809163,20505216,2004140,0,0,0
6 x 2047 B,3,223,2003634,9808854,20505216,2004143,0,0,0
6 x 2047 B,4,223,2003076,9808901,20505216,2003607,0,0,0
6 x 2047 B,5,223,2003636,9808408,20505216,2004176,0,0,0
6 x 2047 B,6,223,2003134,9808562,20505216,2003629,0,0,0
6 x 2047 B,7,223,2003301,9808041,20505216,2003802,0,0,0
6 x 2047 B,8,223,2002963,9808147,20505216,2003463,0,0,0
6 x 2047 B,9,223,2004284,9810830,20505216,2004788,0,0,0
6 x 2047 B,10,223,2002839,9807161,20505216,2003338,0,0,0
6 x 2047 B,11,223,2004009,9807578,20505216,2004523,0,0,0
6 x 2047 B,12,223,2003214,9808258,20505216,2003709,0,0,0
6 x 2047 B,13,223,2004778,9813576,20505216,2008959,0,0,0
6 x 2047 B,14,223,2002413,9804624,20505216,2002976,0,0,0
6 x 2047 B,15,223,2005150,9813497,20505216,2006102,0,0,0
6 x 2047 B,16,223,2005242,9805881,20505216,2005844,0,0,0
6 x 2047 B,17,223,2007809,9816731,20505216,2008553,0,0,0
6 x 2047 B,18,223,2008299,9807771,20505216,2007251,0,0,0
6 x 2047 B,19,223,2013039,9808614,20505216,2008723,0,0,0
6 x 2047 B,20,223,2003025,9806835,20505216,2003521,0,0,0
6 x 2047 B,21,223,2004301,9811204,20505216,2004844,0,0,0
6 x 2047 B,22,223,2003289,9807736,20505216,2003831,0,0,0
6 x 2047 B,23,223,2003056,9807779,20505216,2003577,0,0,0
6 x 2047 B,24,223,2379092,9806076,20505216,2379597,0,0,0
6 x 2047 B,25,223,2004236,9810882,20505216,2004750,0,0,0
6 x 2047 B,26,223,2002432,9805506,20505216,2002918,0,0,0
6 x 2047 B,27,223,2004974,9811201,20505216,2005479,0,0,0
6 x 2047 B,28,223,2002675,9806967,20505216,2003169,0,0,0
6 x 2047 B,29,223,2002738,9808613,20505216,2003243,0,0,0
6 x 2047 B,30,223,2002544,9805937,20505216,2003029,0,0,0
6 x 2047 B,31,223,2003945,9810302,20505216,2004449,0,0,0
8 x 2047 B,0,167,2007451,9793898,20467552,2002252,0,0,0
8 x 2047 B,1,167,1998164,9790416,20467551,2001274,0,0,0
8 x 2047 B,2,167,2001229,9796548,20467552,2002027,0,0,0
8 x 2047 B,3,167,1998643,9787423,20467552,1999244,0,0,0
8 x 2047 B,4,167,1999884,9793189,20467552,2000429,0,0,0
8 x 2047 B,5,167,1999112,9790667,20467552,1999706,0,0,0
8 x 2047 B,6,167,2000539,9793614,20467552,2001257,0,0,0
8 x 2047 B,7,167,1998649,9787556,20467552,1999149,0,0,0
8 x 2047 B,8,167,2000596,9793469,20467552,2001093,0,0,0
8 x 2047 B,9,167,2000026,9792222,20467552,2000526,0,0,0
8 x 2047 B,10,167,2000102,9790739,20467552,2000609,0,0,0
8 x 2047 B,11,167,1998927,9788242,20467552,1999411,0,0,0
8 x 2047 B,12,167,1999629,9791897,20467552,2000125,0,0,0
8 x 2047 B,13,167,1998573,9787358,20467552,1999071,0,0,0
8 x 2047 B,14,167,1999224,9789816,20467552,1999716,0,0,0
8 x 2047 B,15,167,1998285,9786801,20467552,1998761,0,0,0
8 x 2047 B,16,167,1999505,9791455,20467552,1999999,0,0,0
8 x 2047 B,17,167,1999254,9791123,20467552,1999799,0,0,0
8 x 2047 B,18,167,2000204,9790818,20467552,2000696,0,0,0
8 x 2047 B,19,167,2000131,9792501,20467552,2000628,0,0,0
8 x 2047 B,20,167,2000579,9794393,20467552,2001306,0,0,0
8 x 2047 B,21,167,1999708,9790045,20467552,2000326,0,0,0
8 x 2047 B,22,167,2002232,9798543,20467552,2002952,0,0,0
8 x 2047 B,23,167,2001793,9794750,20467552,2002433,0,0,0
8 x 2047 B,24,167,2016799,9792153,20467552,2013702,0,0,0
8 x 2047 B,25,167,2004492,9792746,20467552,2003635,0,0,0
8 x 2047 B,26,167,2005413,9793065,20467552,2002476,0,0,0
8 x 2047 B,27,167,2000516,9793341,20467552,2001012,0,0,0
8 x 2047 B,28,167,2000754,9795226,20467552,2001247,0,0,0
8 x 2047 B,29,167,2001034,9792067,20467552,2001581,0,0,0
8 x 2047 B,30,167,1998996,9789234,20467552,1999540,0,0,0
8 x 2047 B,31,167,1999844,9792327,20467552,2000339,0,0,0
12 x 2047 B,0,91,1631815,7993720,16723799,1632321,0,0,0
12 x 2047 B,1,91,1633204,7996688,16723800,1633695,0,0,0
12 x 2047 B,2,91,1632775,7998241,16723799,1633279,0,0,0
12 x 2047 B,3,91,1633372,7997642,16723800,1633916,0,0,0
12 x 2047 B,4,91,1634429,8001649,16723800,1634930,0,0,0
12 x 2047 B,5,91,1632848,7995559,16723799,1633336,0,0,0
12 x 2047 B,6,91,1633353,7997219,16723800,1633841,0,0,0
12 x 2047 B,7,91,1635056,8001595,16723800,1635559,0,0,0
12 x 2047 B,8,91,1632531,7996641,16723799,1633031,0,0,0
12 x 2047 B,9,91,1633833,7999781,16723800,1634341,0,0,0
12 x 2047 B,10,91,1634004,7997948,16723800,1634534,0,0,0
12 x 2047 B,11,91,1632185,7995817,16723799,1632677,0,0,0
12 x 2047 B,12,91,1633636,7999082,16723800,1634133,0,0,0
12 x 2047 B,13,91,1632703,7998485,16723799,1633194,0,0,0
12 x 2047 B,14,91,1633756,7999547,16723800,1634269,0,0,0
12 x 2047 B,15,91,1633703,7999066,16723800,1634199,0,0,0
12 x 2047 B,16,91,1632556,7995454,16723799,1633040,0,0,0
12 x 2047 B,17,91,1634179,7999193,16723800,1634677,0,0,0
12 x 2047 B,18,91,1633202,7996101,16723800,1633693,0,0,0
12 x 2047 B,19,91,1632473,7997585,16723799,1633021,0,0,0
12 x 2047 B,20,91,1633535,7998017,16723800,1634034,0,0,0
12 x 2047 B,21,91,1633674,7999419,16723800,1634178,0,0,0
12 x 2047 B,22,91,1632496,7996097,16723799,1632991,0,0,0
12 x 2047 B,23,91,1633170,7996160,16723800,1633664,0,0,0
12 x 2047 B,24,91,1632240,7996247,16723799,1632764,0,0,0
12 x 2047 B,25,91,1633615,7998156,16723800,1634111,0,0,0
12 x 2047 B,26,91,1633547,7995170,16723800,1634055,0,0,0
12 x 2047 B,27,91,1631307,7991752,16723799,1631792,0,0,0
12 x 2047 B,28,91,1633538,7997964,16723800,1634036,0,0,0
12 x 2047 B,29,91,1633303,7997105,16723800,1633807,0,0,0
12 x 2047 B,30,91,1632129,7996344,16723799,1632625,0,0,0
12 x 2047 B,31,91,1633845,7998241,16723800,1634347,0,0,0
16 x 2047 B,0,84,2012439,9852825,20579526,2013257,0,0,0
16 x 2047 B,1,84,2038670,9980778,20579526,2039294,0,0,0
16 x 2047 B,2,84,2015089,9861169,20579526,2015827,0,0,0
16 x 2047 B,3,84,2023003,9847329,20579526,2016114,0,0,0
16 x 2047 B,4,84,2019930,9855560,20579526,2020781,0,0,0
16 x 2047 B,5,84,2014439,9851721,20579526,2015090,0,0,0
16 x 2047 B,6,84,2021166,9844112,20579526,2015489,0,0,0
16 x 2047 B,7,84,2010750,9844335,20579526,2011307,0,0,0
16 x 2047 B,8,84,2011440,9849298,20579526,2012064,0,0,0
16 x 2047 B,9,84,2011459,9845371,20579526,2012034,0,0,0
16 x 2047 B,10,84,2011118,9847230,20579526,2011623,0,0,0
16 x 2047 B,11,84,2012098,9847609,20579526,2012646,0,0,0
16 x 2047 B,12,84,2010906,9847545,20579526,2011435,0,0,0
16 x 2047 B,13,84,2382610,9849198,20579527,2383114,0,0,0
16 x 2047 B,14,84,2010783,9846538,20579526,2011282,0,0,0
16 x 2047 B,15,84,2010711,9844038,20579526,2011202,0,0,0
16 x 2047 B,16,84,2011640,9848591,20579526,2012186,0,0,0
16 x 2047 B,17,84,2010465,9844873,20579526,2010955,0,0,0
16 x 2047 B,18,84,2010982,9847816,20579526,2011475,0,0,0
16 x 2047 B,19,84,2010675,9845954,20579526,2011172,0,0,0
16 x 2047 B,20,84,2011893,9852030,20579526,2012448,0,0,0
16 x 2047 B,21,84,2010299,9844315,20579526,2010814,0,0,0
16 x 2047 B,22,84,2010975,9847456,20579526,2011473,0,0,0
16 x 2047 B,23,84,2010808,9844355,20579526,2011311,0,0,0
16 x 2047 B,24,84,2011376,9849536,20579526,2011877,0,0,0
16 x 2047 B,25,84,2011454,9846707,20579526,2011944,0,0,0
16 x 2047 B,26,84,2011096,9847300,20579526,2011604,0,0,0
16 x 2047 B,27,84,2010084,9843350,20579526,2010579,0,0,0
16 x 2047 B,28,84,2011246,9848544,20579526,2011746,0,0,0
16 x 2047 B,29,84,2010726,9846067,20579526,2011224,0,0,0
16 x 2047 B,30,84,2011192,9848768,20579526,2011701,0,0,0
16 x 2047 B,31,84,2010849,9844147,20579526,2011349,0,0,0
24 x 2047 B,0,56,2010004,9840641,20575998,2010522,0,0,0
24 x 2047 B,1,56,2011942,9844213,20575998,2012451,0,0,0
24 x 2047 B,2,56,2015938,9839702,20575998,2011701,0,0,0
24 x 2047 B,3,56,2010802,9847182,20575998,2011308,0,0,0
24 x 2047 B,4,56,2009876,9842936,20575998,2010372,0,0,0
24 x 2047 B,5,56,2011305,9846923,20575998,2011861,0,0,0
24 x 2047 B,6,56,2009951,9842435,20575998,2010504,0,0,0
24 x 2047 B,7,56,2021125,9846859,20575998,2021631,0,0,0
24 x 2047 B,8,56,2011042,9845059,20575998,2011898,0,0,0
24 x 2047 B,9,56,2013110,9852446,20575998,2013706,0,0,0
24 x 2047 B,10,56,2012160,9845018,20575998,2012854,0,0,0
24 x 2047 B,11,56,2015513,9850323,20575998,2016340,0,0,0
24 x 2047 B,12,56,2015812,9842627,20575998,2014334,0,0,0
24 x 2047 B,13,56,2017508,9840469,20575998,2012622,0,0,0
24 x 2047 B,14,56,2010420,9843409,20575998,2010926,0,0,0
24 x 2047 B,15,56,2011026,9847409,20575998,2011536,0,0,0
24 x 2047 B,16,56,2010200,9843990,20575998,2010689,0,0,0
24 x 2047 B,17,56,2012071,9846522,20575998,2012567,0,0,0
24 x 2047 B,18,56,2010498,9843481,20575998,2010994,0,0,0
24 x 2047 B,19,56,2011068,9843825,20575998,2011568,0,0,0
24 x 2047 B,20,56,2010294,9842002,20575998,2010799,0,0,0
24 x 2047 B,21,56,2010183,9843475,20575998,2010678,0,0,0
24 x 2047 B,22,56,2374951,9842811,20575999,2375526,0,0,0
24 x 2047 B,23,56,2010805,9846241,20575998,2011565,0,0,0
24 x 2047 B,24,56,2010139,9844401,20575998,2010630,0,0,0
24 x 2047 B,25,56,2009957,9842329,20575998,2010453,0,0,0
24 x 2047 B,26,56,2010014,9843720,20575998,2010554,0,0,0
24 x 2047 B,27,56,2011311,9845701,20575998,2011859,0,0,0
24 x 2047 B,28,56,2010559,9844325,20575998,2011058,0,0,0
24 x 2047 B,29,56,2011571,9842937,20575999,2012105,0,0,0
24 x 2047 B,30,56,2009933,9842898,20575998,2010436,0,0,0
24 x 2047 B,31,56,2009769,9841412,20575998,2010306,0,0,0
64 x 2047 B,0,21,2015995,9837859,20571588,2011712,0,0,0
64 x 2047 B,1,21,2008686,9837098,20571588,2009226,0,0,0
64 x 2047 B,2,21,2009522,9840057,20571588,2010070,0,0,0
64 x 2047 B,3,21,2009484,9838791,20571588,2010001,0,0,0
64 x 2047 B,4,21,2009583,9839050,20571588,2010085,0,0,0
64 x 2047 B,5,21,2009779,9835771,20571588,2010301,0,0,0
64 x 2047 B,6,21,2009561,9840287,20571588,2010102,0,0,0
64 x 2047 B,7,21,2008644,9837412,20571588,2009186,0,0,0
64 x 2047 B,8,21,2008464,9836157,20571588,2009001,0,0,0
64 x 2047 B,9,21,2009419,9838791,20571588,2009918,0,0,0
64 x 2047 B,10,21,2009718,9840818,20571588,2010225,0,0,0
64 x 2047 B,11,21,2009498,9839374,20571588,2010045,0,0,0
64 x 2047 B,12,21,2009684,9839550,20571588,2010179,0,0,0
64 x 2047 B,13,21,2012003,9849365,20571588,2012716,0,0,0
64 x 2047 B,14,21,2013828,9856081,20571588,2014329,0,0,0
64 x 2047 B,15,21,2013289,9852489,20571588,2014125,0,0,0
64 x 2047 B,16,21,2009941,9838044,20571588,2010611,0,0,0
64 x 2047 B,17,21,2012564,9842494,20571588,2013476,0,0,0
64 x 2047 B,18,21,2017874,9842365,20571588,2016497,0,0,0
64 x 2047 B,19,21,2017088,9838215,20571588,2012006,0,0,0
64 x 2047 B,20,21,2009516,9838565,20571588,2010022,0,0,0
64 x 2047 B,21,21,2009108,9836198,20571588,2009616,0,0,0
64 x 2047 B,22,21,2009371,9838549,20571588,2009877,0,0,0
64 x 2047 B,23,21,2009276,9839794,20571588,2009770,0,0,0
64 x 2047 B,24,21,2009593,9839811,20571588,2010091,0,0,0
64 x 2047 B,25,21,2010256,9840341,20571588,2010759,0,0,0
64 x 2047 B,26,21,2010181,9840732,20571588,2010676,0,0,0
64 x 2047 B,27,21,2014521,9839802,20571588,2015071,0,0,0
64 x 2047 B,28,21,2008665,9836916,20571588,2009198,0,0,0
64 x 2047 B,29,21,2009235,9839269,20571588,2009733,0,0,0
64 x 2047 B,30,21,2373341,9837799,20571588,2373862,0,0,0
64 x 2047 B,31,21,2008709,9837342,20571588,2009211,0,0,0
128 x 2047 B,0,11,2105195,10306847,21549784,2105800,0,0,0
128 x 2047 B,1,11,2105070,10305064,21549784,2105573,0,0,0
128 x 2047 B,2,11,2103629,10302784,21549784,2104119,0,0,0
128 x 2047 B,3,11,2103984,10300908,21549784,2104478,0,0,0
128 x 2047 B,4,11,2104762,10305669,21549784,2105264,0,0,0
128 x 2047 B,5,11,2104158,10304309,21549784,2104649,0,0,0
128 x 2047 B,6,11,2103701,10302197,21549784,2104196,0,0,0
128 x 2047 B,7,11,2105820,10305426,21549785,2106315,0,0,0
128 x 2047 B,8,11,2104689,10305857,21549784,2105195,0,0,0
128 x 2047 B,9,11,2104216,10305504,21549784,2104708,0,0,0
128 x 2047 B,10,11,2104494,10305292,21549784,2105031,0,0,0
128 x 2047 B,11,11,2103873,10303558,21549784,2104370,0,0,0
128 x 2047 B,12,11,2104350,10304846,21549784,2104868,0,0,0
128 x 2047 B,13,11,2104912,10305664,21549784,2105411,0,0,0
128 x 2047 B,14,11,2103349,10301156,21549784,2103863,0,0,0
128 x 2047 B,15,11,2103798,10303808,21549784,2104295,0,0,0
128 x 2047 B,16,11,2105585,10306807,21549785,2106082,0,0,0
128 x 2047 B,17,11,2104981,10306691,21549784,2105483,0,0,0
128 x 2047 B,18,11,2104415,10302014,21549784,2104919,0,0,0
128 x 2047 B,19,11,2119206,10374529,21549784,2120050,0,0,0
128 x 2047 B,20,11,2115470,10349001,21549784,2116166,0,0,0
128 x 2047 B,21,11,2108062,10316718,21549784,2108700,0,0,0
128 x 2047 B,22,11,2106284,10310333,21549784,2106886,0,0,0
128 x 2047 B,23,11,2110085,10313425,21549784,2110841,0,0,0
128 x 2047 B,24,11,2111362,10304847,21549784,2109744,0,0,0
128 x 2047 B,25,11,2107545,10306235,21549785,2108106,0,0,0
128 x 2047 B,26,11,2105504,10308913,21549784,2106099,0,0,0
128 x 2047 B,27,11,2104567,10302793,21549784,2105069,0,0,0
128 x 2047 B,28,11,2105061,10306431,21549784,2105549,0,0,0
128 x 2047 B,29,11,2104386,10302932,21549784,2104882,0,0,0
128 x 2047 B,30,11,2104499,10305425,21549784,2105016,0,0,0
128 x 2047 B,31,11,2118397,10304979,21549784,2118898,0,0,0
129 x 2047 B,0,11,2122511,10384514,21718129,2123082,0,0,0
129 x 2047 B,1,11,2120821,10384113,21718128,2121320,0,0,0
129 x 2047 B,2,11,2121098,10386792,21718128,2121596,0,0,0
129 x 2047 B,3,11,2127912,10417036,21718128,2128454,0,0,0
129 x 2047 B,4,11,2121155,10384564,21718128,2121698,0,0,0
129 x 2047 B,5,11,2121255,10386902,21718128,2121807,0,0,0
129 x 2047 B,6,11,2120760,10385163,21718128,2121305,0,0,0
129 x 2047 B,7,11,2121229,10385240,21718128,2121748,0,0,0
129 x 2047 B,8,11,2123218,10388692,21718129,2123721,0,0,0
129 x 2047 B,9,11,2121166,10387043,21718128,2121671,0,0,0
129 x 2047 B,10,11,2120776,10384681,21718128,2121285,0,0,0
129 x 2047 B,11,11,2120991,10384769,21718128,2121490,0,0,0
129 x 2047 B,12,11,2121465,10385915,21718128,2121966,0,0,0
129 x 2047 B,13,11,2121043,10386411,21718128,2121546,0,0,0
129 x 2047 B,14,11,2120868,10385242,21718128,2121375,0,0,0
129 x 2047 B,15,11,2121342,10385013,21718128,2121857,0,0,0
129 x 2047 B,16,11,2123193,10388571,21718129,2123703,0,0,0
129 x 2047 B,17,11,2120564,10384146,21718128,2121064,0,0,0
129 x 2047 B,18,11,2122178,10383483,21718128,2122676,0,0,0
129 x 2047 B,19,11,2120973,10383162,21718128,2121471,0,0,0
129 x 2047 B,20,11,2120658,10384523,21718128,2121160,0,0,0
129 x 2047 B,21,11,2120162,10382107,21718128,2120663,0,0,0
129 x 2047 B,22,11,2121387,10385836,21718128,2121884,0,0,0
129 x 2047 B,23,11,2121157,10383547,21718128,2121989,0,0,0
129 x 2047 B,24,11,2121840,10388419,21718128,2122433,0,0,0
129 x 2047 B,25,11,2125322,10394455,21718129,2126042,0,0,0
129 x 2047 B,26,11,2129919,10384537,21718128,2125655,0,0,0
129 x 2047 B,27,11,2124092,10393454,21718128,2124988,0,0,0
129 x 2047 B,28,11,2132260,10388777,21718128,2130398,0,0,0
129 x 2047 B,29,11,2133312,10382694,21718128,2126728,0,0,0
129 x 2047 B,30,11,2121146,10384285,21718128,2121708,0,0,0
129 x 2047 B,31,11,2122473,10390766,21718128,2122971,0,0,0
1024 x 2047 B,0,2,3433219,14987572,31343211,3434333,0,0,0
1024 x 2047 B,1,2,3064041,14988104,31343211,3064749,0,0,0
1024 x 2047 B,2,2,3062187,14988710,31343211,3062934,0,0,0
1024 x 2047 B,3,2,3125021,15277954,31343212,3125741,0,0,0
1024 x 2047 B,4,2,3066382,15001322,31343211,3067073,0,0,0
1024 x 2047 B,5,2,3063596,14992602,31343211,3064264,0,0,0
1024 x 2047 B,6,2,3063484,14991283,31343211,3064206,0,0,0
1024 x 2047 B,7,2,3065575,15005598,31343211,3066276,0,0,0
1024 x 2047 B,8,2,3145769,15212889,31343211,3146596,0,0,0
1024 x 2047 B,9,2,3086754,15036955,31343211,3087474,0,0,0
1024 x 2047 B,10,2,3072855,15035133,31343211,3073554,0,0,0
1024 x 2047 B,11,2,3070295,15023594,31343211,3071053,0,0,0
1024 x 2047 B,12,2,3067719,15010654,31343211,3068424,0,0,0
1024 x 2047 B,13,2,3065844,15001799,31343211,3066547,0,0,0
1024 x 2047 B,14,2,3063686,14995791,31343211,3064403,0,0,0
1024 x 2047 B,15,2,3078386,14991510,31343212,3069371,0,0,0
1024 x 2047 B,16,2,3065563,15003677,31343211,3066220,0,0,0
1024 x 2047 B,17,2,3063726,14992818,31343211,3064391,0,0,0
1024 x 2047 B,18,2,3078904,15061006,31343211,3079690,0,0,0
1024 x 2047 B,19,2,3089841,15098596,31343211,3090898,0,0,0
1024 x 2047 B,20,2,3069553,15010297,31343211,3070587,0,0,0
1024 x 2047 B,21,2,3091457,15095356,31343211,3092873,0,0,0
1024 x 2047 B,22,2,3076305,14998801,31343211,3074340,0,0,0
1024 x 2047 B,23,2,3072807,14988087,31343211,3067467,0,0,0
1024 x 2047 B,24,2,3071072,15028659,31343211,3071790,0,0,0
1024 x 2047 B,25,2,3075727,15051649,31343211,3076433,0,0,0
1024 x 2047 B,26,2,3095300,15148329,31343211,3095998,0,0,0
1024 x 2047 B,27,2,3440133,15018603,31343212,3440819,0,0,0
1024 x 2047 B,28,2,3062574,14992440,31343211,3063282,0,0,0
1024 x 2047 B,29,2,3064753,15000292,31343211,3065428,0,0,0
1024 x 2047 B,30,2,3061887,14989022,31343211,3062573,0,0,0
1024 x 2047 B,31,2,3063453,14989713,31343211,3064147,0,0,0
1 x 2049 B,0,2253,1977648,9683843,20171475,1978182,0,0,0
1 x 2049 B,1,2253,1982252,9707842,20171475,1982752,0,0,0
1 x 2049 B,2,2253,1978529,9689376,20171475,1979025,0,0,0
1 x 2049 B,3,2253,1972591,9659453,20171475,1973082,0,0,0
1 x 2049 B,4,2253,1990570,9747873,20171475,1991070,0,0,0
1 x 2049 B,5,2253,2043614,9664482,20171475,1978341,0,0,0
1 x 2049 B,6,2253,1978834,9689504,20171475,1979323,0,0,0
1 x 2049 B,7,2253,1974710,9669704,20171475,1975218,0,0,0
1 x 2049 B,8,2253,1962533,9610226,20171475,1963019,0,0,0
1 x 2049 B,9,2253,1973818,9666246,20171475,1974306,0,0,0
1 x 2049 B,10,2253,1980817,9700583,20171475,1981304,0,0,0
1 x 2049 B,11,2253,1963527,9615955,20171475,1964017,0,0,0
1 x 2049 B,12,2253,1979109,9692270,20171475,1979601,0,0,0
1 x 2049 B,13,2253,1989511,9737177,20171475,1990007,0,0,0
1 x 2049 B,14,2253,1977220,9683034,20171475,1977704,0,0,0
1 x 2049 B,15,2253,1984511,9715209,20171475,1985012,0,0,0
1 x 2049 B,16,2253,1966550,9630413,20171475,1967048,0,0,0
1 x 2049 B,17,2253,1990228,9744236,20171475,1990720,0,0,0
1 x 2049 B,18,2253,1990712,9746089,20171475,1991274,0,0,0
1 x 2049 B,19,2253,1989172,9735459,20171475,1989707,0,0,0
1 x 2049 B,20,2253,1973423,9660896,20171475,1974060,0,0,0
1 x 2049 B,21,2253,1973794,9662047,20171475,1974409,0,0,0
1 x 2049 B,22,2253,1982035,9699261,20171475,1982688,0,0,0
1 x 2049 B,23,2253,1974190,9655837,20171475,1975271,0,0,0
1 x 2049 B,24,2253,1978766,9654682,20171475,1974738,0,0,0
1 x 2049 B,25,2253,1965889,9623434,20171475,1966393,0,0,0
1 x 2049 B,26,2253,1972356,9656496,20171475,1972849,0,0,0
1 x 2049 B,27,2253,2002822,9807341,20171475,2003320,0,0,0
1 x 2049 B,28,2253,1992439,9755833,20171475,1992931,0,0,0
1 x 2049 B,29,2253,1990303,9744506,20171475,1990809,0,0,0
1 x 2049 B,30,2253,1965907,9624022,20171475,1966407,0,0,0
1 x 2049 B,31,2253,1990549,9744242,20171475,1991045,0,0,0
3 x 2049 B,0,768,2006311,9822475,20434542,2006842,0,0,0
3 x 2049 B,1,768,2010983,9848658,20434542,2011517,0,0,0
3 x 2049 B,2,768,1988236,9736862,20434542,1988734,0,0,0
3 x 2049 B,3,768,1988894,9740077,20434542,1989392,0,0,0
3 x 2049 B,4,768,2004475,9812965,20434542,2004989,0,0,0
3 x 2049 B,5,768,1998555,9781031,20434542,1999081,0,0,0
3 x 2049 B,6,768,1988600,9735614,20434542,1989106,0,0,0
3 x 2049 B,7,768,1988907,9735726,20434542,1989410,0,0,0
3 x 2049 B,8,768,1993461,9761388,20434542,1993971,0,0,0
3 x 2049 B,9,768,1989174,9740867,20434542,1989666,0,0,0
3 x 2049 B,10,768,1999862,9793763,20434542,2000350,0,0,0
3 x 2049 B,11,768,1993923,9765278,20434542,1994402,0,0,0
3 x 2049 B,12,768,1990598,9747379,20434542,1991088,0,0,0
3 x 2049 B,13,768,1993576,9760298,20434542,1994074,0,0,0
3 x 2049 B,14,768,2022674,9784384,20434542,2023256,0,0,0
3 x 2049 B,15,768,2017929,9770172,20434542,2018439,0,0,0
3 x 2049 B,16,768,1994956,9764851,20434542,1995456,0,0,0
3 x 2049 B,17,768,1993439,9760473,20434542,1993948,0,0,0
3 x 2049 B,18,768,1996408,9771969,20434542,1996915,0,0,0
3 x 2049 B,19,768,2005725,9796632,20434542,2006210,0,0,0
3 x 2049 B,20,768,1995786,9772636,20434542,1996291,0,0,0
3 x 2049 B,21,768,1993870,9763187,20434542,1994360,0,0,0
3 x 2049 B,22,768,2000953,9798027,20434542,2001449,0,0,0
3 x 2049 B,23,768,1989161,9740702,20434542,1989648,0,0,0
3 x 2049 B,24,768,1991884,9748497,20434542,1992392,0,0,0
3 x 2049 B,25,768,1994781,9767400,20434542,1995346,0,0,0
3 x 2049 B,26,768,2015973,9768701,20434542,2016938,0,0,0
3 x 2049 B,27,768,1988750,9734752,20434542,1989425,0,0,0
3 x 2049 B,28,768,2000243,9787279,20434542,2000909,0,0,0
3 x 2049 B,29,768,1992074,9746150,20434542,1992709,0,0,0
3 x 2049 B,30,768,2008186,9801979,20434542,2009088,0,0,0
3 x 2049 B,31,768,2000199,9764881,20434542,1998953,0,0,0
4 x 2049 B,0,575,1987165,9728242,20374916,1988051,0,0,0
4 x 2049 B,1,575,1991248,9745752,20374916,1992002,0,0,0
4 x 2049 B,2,575,1986593,9727806,20374916,1987133,0,0,0
4 x 2049 B,3,575,1999409,9734070,20374916,1992067,0,0,0
4 x 2049 B,4,575,2001120,9774110,20374916,2003661,0,0,0
4 x 2049 B,5,575,1985967,9718380,20374916,2000008,0,0,0
4 x 2049 B,6,575,1990517,9736527,20374916,1991194,0,0,0
4 x 2049 B,7,575,1986155,9719370,20374916,1986795,0,0,0
4 x 2049 B,8,575,1991896,9753813,20374916,1992488,0,0,0
4 x 2049 B,9,575,2354944,9732624,20374916,2355502,0,0,0
4 x 2049 B,10,575,1995786,9761918,20374916,1996457,0,0,0
4 x 2049 B,11,575,2023325,9870913,20374916,2024210,0,0,0
4 x 2049 B,12,575,1994056,9725039,20374916,1992974,0,0,0
4 x 2049 B,13,575,1994716,9727066,20374916,1990645,0,0,0
4 x 2049 B,14,575,1989485,9742099,20374916,1989976,0,0,0
4 x 2049 B,15,575,1985955,9718660,20374916,1986451,0,0,0
4 x 2049 B,16,575,1991171,9749358,20374916,1991676,0,0,0
4 x 2049 B,17,575,1987986,9729115,20374916,1988490,0,0,0
4 x 2049 B,18,575,1984319,9716351,20374916,1984834,0,0,0
4 x 2049 B,19,575,1986735,9722718,20374916,1987247,0,0,0
4 x 2049 B,20,575,1988678,9737829,20374916,1989172,0,0,0
4 x 2049 B,21,575,1995422,9760068,20374916,1995921,0,0,0
4 x 2049 B,22,575,1986783,9727125,20374916,1987289,0,0,0
4 x 2049 B,23,575,1991890,9746338,20374916,1992415,0,0,0
4 x 2049 B,24,575,1990195,9745398,20374916,1990686,0,0,0
4 x 2049 B,25,575,1982227,9705115,20374916,1982727,0,0,0
4 x 2049 B,26,575,1987260,9732380,20374916,1987760,0,0,0
4 x 2049 B,27,575,1986295,9725633,20374916,1986831,0,0,0
4 x 2049 B,28,575,1992297,9756793,20374916,1992789,0,0,0
4 x 2049 B,29,575,1989010,9738381,20374916,1989564,0,0,0
4 x 2049 B,30,575,1985982,9723057,20374916,1986473,0,0,0
4 x 2049 B,31,575,1991522,9746715,20374916,1992020,0,0,0
6 x 2049 B,0,387,2005871,9818173,20545422,2006715,0,0,0
6 x 2049 B,1,387,2012493,9842964,20545422,2013145,0,0,0
6 x 2049 B,2,387,2023492,9815161,20545422,2024184,0,0,0
6 x 2049 B,3,387,2010308,9833266,20545422,2010928,0,0,0
6 x 2049 B,4,387,2012620,9822209,20545422,2013613,0,0,0
6 x 2049 B,5,387,2011050,9812895,20545422,2009162,0,0,0
6 x 2049 B,6,387,2011986,9813363,20545422,2008055,0,0,0
6 x 2049 B,7,387,2004170,9787051,20545422,2004683,0,0,0
6 x 2049 B,8,387,2002393,9801419,20545422,2002890,0,0,0
6 x 2049 B,9,387,2002178,9802262,20545422,2002682,0,0,0
6 x 2049 B,10,387,2007715,9826523,20545422,2008217,0,0,0
6 x 2049 B,11,387,2003406,9809805,20545422,2003899,0,0,0
6 x 2049 B,12,387,2005797,9818884,20545422,2006294,0,0,0
6 x 2049 B,13,387,2003959,9810162,20545422,2004464,0,0,0
6 x 2049 B,14,387,2002776,9804473,20545422,2003285,0,0,0
6 x 2049 B,15,387,2004666,9811960,20545422,2005170,0,0,0
6 x 2049 B,16,387,2004017,9809656,20545422,2004513,0,0,0
6 x 2049 B,17,387,1999864,9793985,20545422,2000401,0,0,0
6 x 2049 B,18,387,2377332,9832401,20545422,2377839,0,0,0
6 x 2049 B,19,387,2006854,9827740,20545422,2007397,0,0,0
6 x 2049 B,20,387,2003046,9808348,20545422,2003548,0,0,0
6 x 2049 B,21,387,2001601,9800098,20545422,2002108,0,0,0
6 x 2049 B,22,387,2005199,9815833,20545422,2005724,0,0,0
6 x 2049 B,23,387,2003818,9812942,20545422,2004359,0,0,0
6 x 2049 B,24,387,2005340,9796660,20545422,2005852,0,0,0
6 x 2049 B,25,387,2005268,9819616,20545422,2005764,0,0,0
6 x 2049 B,26,387,2004323,9814135,20545422,2004832,0,0,0
6 x 2049 B,27,387,1999952,9794284,20545422,2000449,0,0,0
6 x 2049 B,28,387,2000396,9794780,20545422,2000899,0,0,0
6 x 2049 B,29,387,2002388,9801446,20545422,2002882,0,0,0
6 x 2049 B,30,387,2001786,9801479,20545422,2002283,0,0,0
6 x 2049 B,31,387,2002465,9806851,20545422,2002978,0,0,0
8 x 2049 B,0,290,2001995,9803771,20515546,2002520,0,0,0
8 x 2049 B,1,290,1998283,9781544,20515546,1998779,0,0,0
8 x 2049 B,2,290,1999662,9792263,20515546,2000170,0,0,0
8 x 2049 B,3,290,2002421,9804836,20515546,2002919,0,0,0
8 x 2049 B,4,290,2004192,9814948,20515546,2004685,0,0,0
8 x 2049 B,5,290,1996633,9776014,20515546,1997210,0,0,0
8 x 2049 B,6,290,1999580,9790560,20515546,2000469,0,0,0
8 x 2049 B,7,290,1998655,9783838,20515546,1999155,0,0,0
8 x 2049 B,8,290,2003984,9801204,20515546,2005102,0,0,0
8 x 2049 B,9,290,2000216,9783052,20515546,2000932,0,0,0
8 x 2049 B,10,290,2000259,9781727,20515546,2000912,0,0,0
8 x 2049 B,11,290,2005823,9806400,20515546,2006641,0,0,0
8 x 2049 B,12,290,2009030,9803080,20515546,2007305,0,0,0
8 x 2049 B,13,290,2025248,9780546,20515546,2020742,0,0,0
8 x 2049 B,14,290,2001667,9797100,20515546,2002284,0,0,0
8 x 2049 B,15,290,2006711,9821393,20515546,2007260,0,0,0
8 x 2049 B,16,290,1998354,9776402,20515546,1998914,0,0,0
8 x 2049 B,17,290,2003666,9809550,20515546,2004216,0,0,0
8 x 2049 B,18,290,2368924,9784114,20515547,2369475,0,0,0
8 x 2049 B,19,290,2002622,9801052,20515546,2003160,0,0,0
8 x 2049 B,20,290,2001317,9789357,20515546,2001863,0,0,0
8 x 2049 B,21,290,2001010,9790338,20515546,2001555,0,0,0
8 x 2049 B,22,290,1998004,9782165,20515546,1998564,0,0,0
8 x 2049 B,23,290,2002876,9801060,20515546,2003426,0,0,0
8 x 2049 B,24,290,1999892,9792261,20515546,2000430,0,0,0
8 x 2049 B,25,290,1999063,9787761,20515546,1999605,0,0,0
8 x 2049 B,26,290,2000586,9792756,20515546,2001135,0,0,0
8 x 2049 B,27,290,2002057,9799367,20515546,2002616,0,0,0
8 x 2049 B,28,290,2001570,9800476,20515546,2002115,0,0,0
8 x 2049 B,29,290,1998597,9785920,20515546,1999148,0,0,0
8 x 2049 B,30,290,2001784,9799273,20515546,2002333,0,0,0
8 x 2049 B,31,290,2005035,9814695,20515546,2005579,0,0,0
12 x 2049 B,0,192,1986802,9729077,20361966,1987422,0,0,0
12 x 2049 B,1,192,1989189,9735516,20361966,1989988,0,0,0
12 x 2049 B,2,192,1987455,9728100,20361966,1987997,0,0,0
12 x 2049 B,3,192,1992827,9758025,20361966,1993423,0,0,0
12 x 2049 B,4,192,1983486,9712006,20361966,1984033,0,0,0
12 x 2049 B,5,192,1985899,9721358,20361966,1986486,0,0,0
12 x 2049 B,6,192,1986334,9723366,20361966,1986879,0,0,0
12 x 2049 B,7,192,1983497,9711955,20361966,1984058,0,0,0
12 x 2049 B,8,192,1992211,9755455,20361966,1992757,0,0,0
12 x 2049 B,9,192,1985962,9721408,20361966,1986515,0,0,0
12 x 2049 B,10,192,1986701,9725007,20361966,1987255,0,0,0
12 x 2049 B,11,192,1985156,9720307,20361966,1985706,0,0,0
12 x 2049 B,12,192,1983699,9712604,20361966,1984243,0,0,0
12 x 2049 B,13,192,1989812,9740073,20361966,1990447,0,0,0
12 x 2049 B,14,192,1984859,9714514,20361966,1985428,0,0,0
12 x 2049 B,15,192,1989138,9736627,20361966,1989831,0,0,0
12 x 2049 B,16,192,1991478,9745371,20361966,1992158,0,0,0
12 x 2049 B,17,192,1993989,9754636,20361966,1994696,0,0,0
12 x 2049 B,18,192,1994329,9717722,20361966,1992759,0,0,0
12 x 2049 B,19,192,1997409,9720791,20361966,1990803,0,0,0
12 x 2049 B,20,192,1987133,9727182,20361966,1987643,0,0,0
12 x 2049 B,21,192,1990011,9741067,20361966,1990514,0,0,0
12 x 2049 B,22,192,1986727,9723970,20361966,1987229,0,0,0
12 x 2049 B,23,192,1985144,9716497,20361966,1985675,0,0,0
12 x 2049 B,24,192,1989617,9741424,20361966,1990112,0,0,0
12 x 2049 B,25,192,1992824,9752673,20361966,1993330,0,0,0
12 x 2049 B,26,192,2353216,9712885,20361966,2353703,0,0,0
12 x 2049 B,27,192,1981952,9704565,20361966,1982466,0,0,0
12 x 2049 B,28,192,1985485,9721961,20361966,1985987,0,0,0
12 x 2049 B,29,192,1985915,9718804,20361966,1986415,0,0,0
12 x 2049 B,30,192,1982451,9707095,20361966,1982945,0,0,0
12 x 2049 B,31,192,1983635,9710935,20361966,1984122,0,0,0
16 x 2049 B,0,145,2001559,9795188,20497276,2002086,0,0,0
16 x 2049 B,1,145,2000167,9793575,20497276,2000672,0,0,0
16 x 2049 B,2,145,1997554,9780905,20497276,1998090,0,0,0
16 x 2049 B,3,145,1995232,9769883,20497276,1995774,0,0,0
16 x 2049 B,4,145,1997605,9776215,20497276,1998120,0,0,0
16 x 2049 B,5,145,1997505,9778072,20497276,1998005,0,0,0
16 x 2049 B,6,145,2003047,9802228,20497276,2003550,0,0,0
16 x 2049 B,7,145,1997530,9773535,20497276,1998027,0,0,0
16 x 2049 B,8,145,2000123,9787849,20497276,2000626,0,0,0
16 x 2049 B,9,145,1995980,9773434,20497276,1996482,0,0,0
16 x 2049 B,10,145,2000081,9793252,20497276,2000585,0,0,0
16 x 2049 B,11,145,2001348,9798648,20497276,2001849,0,0,0
16 x 2049 B,12,145,1997675,9777080,20497276,1998169,0,0,0
16 x 2049 B,13,145,1998127,9783830,20497276,1998625,0,0,0
16 x 2049 B,14,145,1999091,9788337,20497276,1999597,0,0,0
16 x 2049 B,15,145,1996170,9774159,20497276,1996674,0,0,0
16 x 2049 B,16,145,1995749,9767246,20497276,1996244,0,0,0
16 x 2049 B,17,145,1994696,9766890,20497276,1995203,0,0,0
16 x 2049 B,18,145,1999399,9790346,20497276,1999905,0,0,0
16 x 2049 B,19,145,1998976,9786589,20497276,1999485,0,0,0
16 x 2049 B,20,145,1999514,9784222,20497276,2000082,0,0,0
16 x 2049 B,21,145,1997479,9777997,20497276,1998067,0,0,0
16 x 2049 B,22,145,1996861,9772048,20497276,1997902,0,0,0
16 x 2049 B,23,145,2000550,9790532,20497276,2001214,0,0,0
16 x 2049 B,24,145,2000852,9792399,20497276,2001640,0,0,0
16 x 2049 B,25,145,2000985,9784783,20497276,2001659,0,0,0
16 x 2049 B,26,145,1999010,9784682,20497276,1999610,0,0,0
16 x 2049 B,27,145,2005333,9771383,20497276,2000413,0,0,0
16 x 2049 B,28,145,2000458,9792142,20497276,2000977,0,0,0
16 x 2049 B,29,145,1998727,9784314,20497276,1999235,0,0,0
16 x 2049 B,30,145,1999302,9781149,20497276,1999803,0,0,0
16 x 2049 B,31,145,2003931,9787910,20497276,2000753,0,0,0
24 x 2049 B,0,97,2002749,9808181,20561844,2003342,0,0,0
24 x 2049 B,1,97,2002643,9805893,20561844,2003149,0,0,0
24 x 2049 B,2,97,2375364,9827627,20561844,2375866,0,0,0
24 x 2049 B,3,97,2000563,9796089,20561844,2001057,0,0,0
24 x 2049 B,4,97,2000649,9797324,20561844,2001145,0,0,0
24 x 2049 B,5,97,2002275,9804169,20561844,2002807,0,0,0
24 x 2049 B,6,97,2001795,9800103,20561844,2002322,0,0,0
24 x 2049 B,7,97,2000634,9796211,20561844,2001142,0,0,0
24 x 2049 B,8,97,2004177,9811115,20561844,2004667,0,0,0
24 x 2049 B,9,97,2004064,9813158,20561844,2004565,0,0,0
24 x 2049 B,10,97,2002923,9805644,20561844,2003416,0,0,0
24 x 2049 B,11,97,2003329,9809340,20561844,2003827,0,0,0
24 x 2049 B,12,97,2002033,9804627,20561844,2002548,0,0,0
24 x 2049 B,13,97,2004901,9813333,20561844,2005395,0,0,0
24 x 2049 B,14,97,2001013,9799489,20561844,2001509,0,0,0
24 x 2049 B,15,97,2009997,9842039,20561844,2010546,0,0,0
24 x 2049 B,16,97,2005363,9820410,20561844,2005868,0,0,0
24 x 2049 B,17,97,2003367,9806803,20561844,2003880,0,0,0
24 x 2049 B,18,97,2010843,9846757,20561844,2011341,0,0,0
24 x 2049 B,19,97,2003404,9807603,20561844,2003902,0,0,0
24 x 2049 B,20,97,2005843,9822075,20561844,2006388,0,0,0
24 x 2049 B,21,97,2002710,9802260,20561844,2003206,0,0,0
24 x 2049 B,22,97,2008599,9833044,20561844,2009140,0,0,0
24 x 2049 B,23,97,2003000,9807852,20561844,2003496,0,0,0
24 x 2049 B,24,97,2003771,9812229,20561844,2004269,0,0,0
24 x 2049 B,25,97,2002853,9802763,20561844,2003347,0,0,0
24 x 2049 B,26,97,2005658,9819546,20561844,2006158,0,0,0
24 x 2049 B,27,97,2001294,9797647,20561844,2001859,0,0,0
24 x 2049 B,28,97,2001922,9800568,20561844,2002486,0,0,0
24 x 2049 B,29,97,2007030,9802167,20561844,2007736,0,0,0
24 x 2049 B,30,97,2002149,9796370,20561844,2003079,0,0,0
24 x 2049 B,31,97,2007953,9820742,20561844,2008757,0,0,0
64 x 2049 B,0,37,2045603,9978956,20907364,2041800,0,0,0
64 x 2049 B,1,37,2040020,9987274,20907364,2040560,0,0,0
64 x 2049 B,2,37,2037278,9971670,20907364,2037864,0,0,0
64 x 2049 B,3,37,2033941,9957313,20907364,2034491,0,0,0
64 x 2049 B,4,37,2037163,9976918,20907364,2037709,0,0,0
64 x 2049 B,5,37,2037233,9974940,20907364,2037780,0,0,0
64 x 2049 B,6,37,2040981,9991714,20907364,2041542,0,0,0
64 x 2049 B,7,37,2058562,10075853,20907364,2059115,0,0,0
64 x 2049 B,8,37,2035989,9970039,20907364,2036560,0,0,0
64 x 2049 B,9,37,2033792,9958470,20907364,2034375,0,0,0
64 x 2049 B,10,37,2397833,9963468,20907364,2398377,0,0,0
64 x 2049 B,11,37,2035514,9966825,20907364,2036097,0,0,0
64 x 2049 B,12,37,2034254,9958097,20907364,2034809,0,0,0
64 x 2049 B,13,37,2034060,9960141,20907364,2034612,0,0,0
64 x 2049 B,14,37,2043639,10003504,20907365,2044251,0,0,0
64 x 2049 B,15,37,2032325,9952279,20907364,2032866,0,0,0
64 x 2049 B,16,37,2038328,9981918,20907364,2038873,0,0,0
64 x 2049 B,17,37,2038443,9980399,20907364,2038935,0,0,0
64 x 2049 B,18,37,2034063,9960452,20907364,2034607,0,0,0
64 x 2049 B,19,37,2035796,9969395,20907364,2036346,0,0,0
64 x 2049 B,20,37,2040214,9991208,20907364,2040799,0,0,0
64 x 2049 B,21,37,2036163,9969343,20907364,2036709,0,0,0
64 x 2049 B,22,37,2035111,9962300,20907364,2035684,0,0,0
64 x 2049 B,23,37,2033236,9957132,20907364,2033734,0,0,0
64 x 2049 B,24,37,2034859,9964605,20907364,2035357,0,0,0
64 x 2049 B,25,37,2036250,9971664,20907364,2036774,0,0,0
64 x 2049 B,26,37,2035790,9969719,20907364,2036333,0,0,0
64 x 2049 B,27,37,2039554,9984312,20907364,2040045,0,0,0
64 x 2049 B,28,37,2045910,9984450,20907364,2041619,0,0,0
64 x 2049 B,29,37,2037707,9978922,20907364,2038201,0,0,0
64 x 2049 B,30,37,2036194,9971187,20907364,2036688,0,0,0
64 x 2049 B,31,37,2034238,9960591,20907364,2034772,0,0,0
128 x 2049 B,0,19,2098738,10270510,21470025,2099454,0,0,0
128 x 2049 B,1,19,2119237,10375036,21470024,2119792,0,0,0
128 x 2049 B,2,19,2102032,10288244,21470024,2102757,0,0,0
128 x 2049 B,3,19,2093818,10244088,21470024,2094925,0,0,0
128 x 2049 B,4,19,2096905,10250701,21470024,2097790,0,0,0
128 x 2049 B,5,19,2100528,10245241,21470024,2098786,0,0,0
128 x 2049 B,6,19,2101377,10248470,21470024,2096341,0,0,0
128 x 2049 B,7,19,2092254,10240014,21470024,2092762,0,0,0
128 x 2049 B,8,19,2096303,10232306,21470024,2096811,0,0,0
128 x 2049 B,9,19,2089545,10231006,21470024,2090094,0,0,0
128 x 2049 B,10,19,2091845,10234064,21470025,2092359,0,0,0
128 x 2049 B,11,19,2088463,10226406,21470024,2088960,0,0,0
128 x 2049 B,12,19,2094530,10252459,21470024,2095038,0,0,0
128 x 2049 B,13,19,2089726,10228899,21470024,2090228,0,0,0
128 x 2049 B,14,19,2089475,10227285,21470024,2089967,0,0,0
128 x 2049 B,15,19,2092624,10245976,21470024,2093124,0,0,0
128 x 2049 B,16,19,2092083,10241766,21470024,2092592,0,0,0
128 x 2049 B,17,19,2459863,10249597,21470026,2460371,0,0,0
128 x 2049 B,18,19,2089810,10230641,21470024,2090311,0,0,0
128 x 2049 B,19,19,2090735,10233466,21470024,2091234,0,0,0
128 x 2049 B,20,19,2088847,10227873,21470024,2089348,0,0,0
128 x 2049 B,21,19,2089296,10230592,21470024,2089801,0,0,0
128 x 2049 B,22,19,2090589,10233914,21470024,2091086,0,0,0
128 x 2049 B,23,19,2092094,10242095,21470024,2092594,0,0,0
128 x 2049 B,24,19,2090260,10234743,21470024,2090770,0,0,0
128 x 2049 B,25,19,2091234,10239677,21470024,2091741,0,0,0
128 x 2049 B,26,19,2090142,10232328,21470024,2090648,0,0,0
128 x 2049 B,27,19,2096031,10260581,21470024,2096520,0,0,0
128 x 2049 B,28,19,2093220,10244702,21470025,2093775,0,0,0
128 x 2049 B,29,19,2094630,10254194,21470024,2095143,0,0,0
128 x 2049 B,30,19,2089229,10227328,21470024,2089738,0,0,0
128 x 2049 B,31,19,2090156,10232587,21470024,2090654,0,0,0
129 x 2049 B,0,18,1996502,9773726,20498928,1997056,0,0,0
129 x 2049 B,1,18,1995540,9771626,20498928,1996060,0,0,0
129 x 2049 B,2,18,1995229,9767475,20498928,1995751,0,0,0
129 x 2049 B,3,18,1994377,9765913,20498928,1994877,0,0,0
129 x 2049 B,4,18,2001054,9795228,20498928,2001554,0,0,0
129 x 2049 B,5,18,1996767,9776957,20498928,1997260,0,0,0
129 x 2049 B,6,18,1997919,9780915,20498928,1998637,0,0,0
129 x 2049 B,7,18,1997881,9779711,20498928,1998528,0,0,0
129 x 2049 B,8,18,1998374,9778785,20498928,1999044,0,0,0
129 x 2049 B,9,18,1998387,9781068,20498928,1999142,0,0,0
129 x 2049 B,10,18,2011537,9809703,20498928,2012674,0,0,0
129 x 2049 B,11,18,2010999,9804921,20498928,2007862,0,0,0
129 x 2049 B,12,18,2006651,9781224,20498928,2001500,0,0,0
129 x 2049 B,13,18,1998228,9782703,20498928,1998769,0,0,0
129 x 2049 B,14,18,1995964,9766737,20498928,1996484,0,0,0
129 x 2049 B,15,18,1996315,9771807,20498928,1996829,0,0,0
129 x 2049 B,16,18,1995524,9765386,20498928,1996042,0,0,0
129 x 2049 B,17,18,2374360,9782481,20498928,2374956,0,0,0
129 x 2049 B,18,18,1997597,9776263,20498928,1998166,0,0,0
129 x 2049 B,19,18,1996550,9769224,20498928,1997065,0,0,0
129 x 2049 B,20,18,1995971,9767334,20498928,1996519,0,0,0
129 x 2049 B,21,18,1995880,9770060,20498928,1996392,0,0,0
129 x 2049 B,22,18,2005750,9817672,20498928,2006253,0,0,0
129 x 2049 B,23,18,1995778,9771990,20498928,1996271,0,0,0
129 x 2049 B,24,18,1995893,9772293,20498928,1996390,0,0,0
129 x 2049 B,25,18,1998844,9783878,20498928,1999345,0,0,0
129 x 2049 B,26,18,1995648,9768443,20498928,1996193,0,0,0
129 x 2049 B,27,18,1998778,9776897,20498928,1999283,0,0,0
129 x 2049 B,28,18,1995523,9770910,20498928,1996060,0,0,0
129 x 2049 B,29,18,1994513,9766916,20498928,1995018,0,0,0
129 x 2049 B,30,18,1996160,9774107,20498928,1996675,0,0,0
129 x 2049 B,31,18,1997770,9779348,20498928,1998275,0,0,0
1024 x 2049 B,0,3,2678568,13112757,27117288,2679714,0,0,0
1024 x 2049 B,1,3,2677809,13097001,27117289,2678617,0,0,0
1024 x 2049 B,2,3,2677538,13101198,27117289,2678312,0,0,0
1024 x 2049 B,3,3,2678286,13110746,27117288,2679128,0,0,0
1024 x 2049 B,4,3,2680756,13112667,27117289,2681599,0,0,0
1024 x 2049 B,5,3,2685027,13130825,27117289,2685777,0,0,0
1024 x 2049 B,6,3,2657572,13009839,27117288,2658285,0,0,0
1024 x 2049 B,7,3,2655495,12993916,27117289,2656195,0,0,0
1024 x 2049 B,8,3,2652480,12965962,27117289,2653281,0,0,0
1024 x 2049 B,9,3,2681266,12990545,27117288,2682074,0,0,0
1024 x 2049 B,10,3,2667064,13042878,27117289,2668094,0,0,0
1024 x 2049 B,11,3,2664712,13018327,27117289,2665690,0,0,0
1024 x 2049 B,12,3,2682361,13118737,27117288,2683521,0,0,0
1024 x 2049 B,13,3,2674651,12976383,27117289,2664057,0,0,0
1024 x 2049 B,14,3,2653083,12966435,27117289,2653828,0,0,0
1024 x 2049 B,15,3,2649572,12967126,27117288,2650442,0,0,0
1024 x 2049 B,16,3,2664195,12985150,27117289,2658764,0,0,0
1024 x 2049 B,17,3,2649686,12964441,27117289,2650379,0,0,0
1024 x 2049 B,18,3,3024643,12981346,27117289,3025352,0,0,0
1024 x 2049 B,19,3,2651070,12979689,27117288,2651798,0,0,0
1024 x 2049 B,20,3,2660681,13014246,27117289,2661390,0,0,0
1024 x 2049 B,21,3,2650757,12964816,27117289,2651461,0,0,0
1024 x 2049 B,22,3,2650321,12975299,27117288,2651042,0,0,0
1024 x 2049 B,23,3,2655864,12986345,27117289,2656570,0,0,0
1024 x 2049 B,24,3,2653548,12976912,27117289,2654214,0,0,0
1024 x 2049 B,25,3,2648599,12965772,27117288,2649445,0,0,0
1024 x 2049 B,26,3,2651425,12973682,27117289,2652160,0,0,0
1024 x 2049 B,27,3,2651052,12966364,27117289,2651740,0,0,0
1024 x 2049 B,28,3,2649226,12970388,27117288,2649937,0,0,0
1024 x 2049 B,29,3,2649577,12965345,27117289,2650286,0,0,0
1024 x 2049 B,30,3,2651547,12966925,27117289,2652194,0,0,0
1024 x 2049 B,31,3,2649591,12971470,27117288,2650319,0,0,0
