point,sample,calls,wall_ns,p_cycles,p_instructions,p_ns,e_cycles,e_instructions,e_ns
1 x 64 B,0,20162,1509379,0,0,0,5719565,15666240,1510550
1 x 64 B,1,20162,1506155,0,0,0,5716966,15666239,1507066
1 x 64 B,2,20162,1507537,0,0,0,5717289,15666240,1508443
1 x 64 B,3,20162,1508495,0,0,0,5716922,15666239,1509453
1 x 64 B,4,20162,1513766,0,0,0,5717313,15666240,1514766
1 x 64 B,5,20162,1505368,0,0,0,5716772,15666239,1506232
1 x 64 B,6,20162,1507681,0,0,0,5717235,15666240,1508551
1 x 64 B,7,20162,1505670,0,0,0,5716784,15666239,1506517
1 x 64 B,8,20162,1507228,0,0,0,5717124,15666240,1508089
1 x 64 B,9,20162,1505767,0,0,0,5716770,15666239,1506639
1 x 64 B,10,20162,1507564,0,0,0,5717260,15666240,1508422
1 x 64 B,11,20162,1505843,0,0,0,5716758,15666239,1506707
1 x 64 B,12,20162,1507974,0,0,0,5717266,15666240,1508849
1 x 64 B,13,20162,1505203,0,0,0,5716762,15666239,1506051
1 x 64 B,14,20162,1507575,0,0,0,5717245,15666240,1508428
1 x 64 B,15,20162,1505751,0,0,0,5716839,15666239,1506604
1 x 64 B,16,20162,1523519,0,0,0,5717943,15666240,1516856
1 x 64 B,17,20162,1505943,0,0,0,5716847,15666239,1506821
1 x 64 B,18,20162,1507048,0,0,0,5717606,15666240,1507954
1 x 64 B,19,20162,1505785,0,0,0,5716725,15666239,1506639
1 x 64 B,20,20162,1507506,0,0,0,5717160,15666240,1508362
1 x 64 B,21,20162,1505622,0,0,0,5716763,15666239,1506475
1 x 64 B,22,20162,1507490,0,0,0,5717155,15666240,1508347
1 x 64 B,23,20162,1505537,0,0,0,5716896,15666239,1506386
1 x 64 B,24,20162,1507438,0,0,0,5717172,15666240,1508297
1 x 64 B,25,20162,1505727,0,0,0,5716802,15666239,1506576
1 x 64 B,26,20162,1518319,0,0,0,5717630,15666240,1514644
1 x 64 B,27,20162,1506135,0,0,0,5716792,15666239,1507019
1 x 64 B,28,20162,1507536,0,0,0,5717127,15666240,1508400
1 x 64 B,29,20162,1507874,0,0,0,5718821,15666240,1508738
1 x 64 B,30,20162,1506099,0,0,0,5716819,15666239,1506957
1 x 64 B,31,20162,1507111,0,0,0,5717244,15666240,1507969
3 x 64 B,0,10576,1724336,0,0,0,6547276,12353133,1725264
3 x 64 B,1,10576,1726575,0,0,0,6546291,12353134,1728345
3 x 64 B,2,10576,1722651,0,0,0,6532742,12353134,1723740
3 x 64 B,3,10576,1725209,0,0,0,6493076,12353133,1718348
3 x 64 B,4,10576,1718336,0,0,0,6503205,12353134,1719919
3 x 64 B,5,10576,1718755,0,0,0,6512815,12353134,1720302
3 x 64 B,6,10576,1742689,0,0,0,6568436,12353134,1744659
3 x 64 B,7,10576,1727863,0,0,0,6557518,12353133,1729459
3 x 64 B,8,10576,1743651,0,0,0,6581541,12353134,1741961
3 x 64 B,9,10576,1750120,0,0,0,6572597,12353134,1738750
3 x 64 B,10,10576,1729735,0,0,0,6555556,12353134,1730791
3 x 64 B,11,10576,1733648,0,0,0,6581535,12353133,1734633
3 x 64 B,12,10576,1727161,0,0,0,6550834,12353134,1728133
3 x 64 B,13,10576,1735000,0,0,0,6581947,12353134,1735981
3 x 64 B,14,10576,1721692,0,0,0,6530288,12353134,1722692
3 x 64 B,15,10576,1725230,0,0,0,6550655,12353133,1726208
3 x 64 B,16,10576,1736244,0,0,0,6585346,12353134,1737221
3 x 64 B,17,10576,1734442,0,0,0,6579459,12353134,1735414
3 x 64 B,18,10576,1728357,0,0,0,6561519,12353133,1729323
3 x 64 B,19,10576,1729491,0,0,0,6560793,12353134,1730456
3 x 64 B,20,10576,1725986,0,0,0,6547874,12353134,1726952
3 x 64 B,21,10576,1711772,0,0,0,6493873,12353134,1712746
3 x 64 B,22,10576,1734035,0,0,0,6584886,12353133,1734983
3 x 64 B,23,10576,1724677,0,0,0,6542669,12353134,1725649
3 x 64 B,24,10576,1721769,0,0,0,6531292,12353134,1722793
3 x 64 B,25,10576,1708653,0,0,0,6480182,12353134,1709630
3 x 64 B,26,10576,1715242,0,0,0,6512754,12353133,1716213
3 x 64 B,27,10576,1709323,0,0,0,6483588,12353134,1710311
3 x 64 B,28,10576,1704033,0,0,0,6463331,12353134,1705022
3 x 64 B,29,10576,1714603,0,0,0,6511102,12353133,1715552
3 x 64 B,30,10576,1713850,0,0,0,6500281,12353134,1714837
3 x 64 B,31,10576,1726394,0,0,0,6547043,12353134,1727376
4 x 64 B,0,9933,1798508,0,0,0,6824068,12396750,1799564
4 x 64 B,1,9933,1789246,0,0,0,6792819,12396749,1790258
4 x 64 B,2,9933,1799706,0,0,0,6824455,12396750,1800729
4 x 64 B,3,9933,1812255,0,0,0,6873730,12396750,1813253
4 x 64 B,4,9933,1819573,0,0,0,6897304,12396750,1820617
4 x 64 B,5,9933,1830331,0,0,0,6942838,12396750,1831325
4 x 64 B,6,9933,1823149,0,0,0,6918409,12396750,1824157
4 x 64 B,7,9933,1818723,0,0,0,6905895,12396749,1819684
4 x 64 B,8,9933,1819859,0,0,0,6902875,12396750,1820819
4 x 64 B,9,9933,1828191,0,0,0,6936845,12396750,1829174
4 x 64 B,10,9933,1818473,0,0,0,6898835,12396750,1819443
4 x 64 B,11,9933,1812086,0,0,0,6875101,12396750,1813062
4 x 64 B,12,9933,1817006,0,0,0,6898993,12396749,1817987
4 x 64 B,13,9933,1818616,0,0,0,6899780,12396750,1819661
4 x 64 B,14,9933,1810459,0,0,0,6863299,12396750,1812269
4 x 64 B,15,9933,1826083,0,0,0,6925364,12396750,1827193
4 x 64 B,16,9933,1823769,0,0,0,6910435,12396750,1825468
4 x 64 B,17,9933,1818979,0,0,0,6897238,12396750,1820661
4 x 64 B,18,9933,1811660,0,0,0,6877786,12396749,1813334
4 x 64 B,19,9933,1800456,0,0,0,6817769,12396750,1802331
4 x 64 B,20,9933,1812503,0,0,0,6831734,12396750,1810773
4 x 64 B,21,9933,1813494,0,0,0,6832462,12396750,1806673
4 x 64 B,22,9933,1826729,0,0,0,6925138,12396750,1827766
4 x 64 B,23,9933,1823946,0,0,0,6924750,12396749,1824974
4 x 64 B,24,9933,1813882,0,0,0,6879742,12396750,1814868
4 x 64 B,25,9933,1817632,0,0,0,6893654,12396750,1818604
4 x 64 B,26,9933,1806845,0,0,0,6853604,12396750,1807834
4 x 64 B,27,9933,1818297,0,0,0,6899162,12396750,1819271
4 x 64 B,28,9933,1818448,0,0,0,6899520,12396750,1819424
4 x 64 B,29,9933,2197442,0,0,0,6871969,12396750,2198480
4 x 64 B,30,9933,1819069,0,0,0,6900254,12396750,1820039
4 x 64 B,31,9933,1817647,0,0,0,6901591,12396749,1818622
6 x 64 B,0,6660,1860646,0,0,0,7058884,11442246,1861763
6 x 64 B,1,6660,1851714,0,0,0,7025729,11442246,1852693
6 x 64 B,2,6660,1849841,0,0,0,7019646,11442246,1850814
6 x 64 B,3,6660,1858113,0,0,0,7049441,11442246,1859086
6 x 64 B,4,6660,1842511,0,0,0,6991464,11442246,1843487
6 x 64 B,5,6660,1861353,0,0,0,7061001,11442246,1862319
6 x 64 B,6,6660,1845429,0,0,0,7007289,11442245,1846385
6 x 64 B,7,6660,1848167,0,0,0,7011924,11442246,1849158
6 x 64 B,8,6660,1846676,0,0,0,7004989,11442246,1847633
6 x 64 B,9,6660,1852878,0,0,0,7028445,11442246,1853857
6 x 64 B,10,6660,1855576,0,0,0,7038716,11442246,1856560
6 x 64 B,11,6660,1851296,0,0,0,7023693,11442246,1852268
6 x 64 B,12,6660,1845902,0,0,0,7009993,11442245,1846856
6 x 64 B,13,6660,1853931,0,0,0,7034503,11442246,1854910
6 x 64 B,14,6660,1851745,0,0,0,7025805,11442246,1852707
6 x 64 B,15,6660,1846770,0,0,0,7007533,11442246,1847749
6 x 64 B,16,6660,1857199,0,0,0,7045103,11442246,1858151
6 x 64 B,17,6660,1840872,0,0,0,6984275,11442246,1841855
6 x 64 B,18,6660,1841101,0,0,0,6983917,11442246,1842082
6 x 64 B,19,6660,1850457,0,0,0,7028208,11442245,1851408
6 x 64 B,20,6660,1859013,0,0,0,7052808,11442246,1859962
6 x 64 B,21,6660,1840841,0,0,0,6985658,11442246,1841798
6 x 64 B,22,6660,1849354,0,0,0,7014828,11442246,1850319
6 x 64 B,23,6660,1852676,0,0,0,7028537,11442246,1853706
6 x 64 B,24,6660,1862317,0,0,0,7061658,11442246,1863765
6 x 64 B,25,6660,1850445,0,0,0,7017167,11442246,1851562
6 x 64 B,26,6660,1852384,0,0,0,7030926,11442245,1853553
6 x 64 B,27,6660,1854015,0,0,0,7024921,11442246,1855440
6 x 64 B,28,6660,1849375,0,0,0,7011052,11442246,1850597
6 x 64 B,29,6660,1857321,0,0,0,7037962,11442246,1859357
6 x 64 B,30,6660,1866672,0,0,0,7077351,11442246,1868206
6 x 64 B,31,6660,1852739,0,0,0,6974647,11442246,1845351
8 x 64 B,0,7844,1824150,0,0,0,6920210,11978154,1825271
8 x 64 B,1,7844,1823838,0,0,0,6926434,11978153,1824835
8 x 64 B,2,7844,1819219,0,0,0,6900837,11978154,1820277
8 x 64 B,3,7844,1820107,0,0,0,6904815,11978154,1821121
8 x 64 B,4,7844,1817619,0,0,0,6893224,11978154,1818644
8 x 64 B,5,7844,1817238,0,0,0,6894214,11978154,1818241
8 x 64 B,6,7844,1815953,0,0,0,6894725,11978153,1816970
8 x 64 B,7,7844,1816600,0,0,0,6885411,11978154,1817649
8 x 64 B,8,7844,2193432,0,0,0,6893664,11978154,2194486
8 x 64 B,9,7844,1814661,0,0,0,6883546,11978154,1815672
8 x 64 B,10,7844,1891530,0,0,0,6922530,11978154,1831581
8 x 64 B,11,7844,1818360,0,0,0,6899278,11978154,1819348
8 x 64 B,12,7844,1816698,0,0,0,6890970,11978154,1817695
8 x 64 B,13,7844,1815441,0,0,0,6888393,11978154,1816423
8 x 64 B,14,7844,1816184,0,0,0,6896829,11978153,1817175
8 x 64 B,15,7844,1821950,0,0,0,6912213,11978154,1822929
8 x 64 B,16,7844,1820076,0,0,0,6904488,11978154,1821070
8 x 64 B,17,7844,1822371,0,0,0,6911898,11978154,1823366
8 x 64 B,18,7844,1816376,0,0,0,6889592,11978154,1817382
8 x 64 B,19,7844,1815609,0,0,0,6885778,11978154,1816610
8 x 64 B,20,7844,1812765,0,0,0,6883476,11978153,1813780
8 x 64 B,21,7844,1823020,0,0,0,6917500,11978154,1824020
8 x 64 B,22,7844,1816396,0,0,0,6890920,11978154,1817393
8 x 64 B,23,7844,1821993,0,0,0,6913136,11978154,1822999
8 x 64 B,24,7844,1822878,0,0,0,6916031,11978154,1823868
8 x 64 B,25,7844,1818650,0,0,0,6900560,11978154,1819644
8 x 64 B,26,7844,1816014,0,0,0,6895951,11978153,1817025
8 x 64 B,27,7844,1818985,0,0,0,6899532,11978154,1819990
8 x 64 B,28,7844,1820922,0,0,0,6907241,11978154,1821916
8 x 64 B,29,7844,1814585,0,0,0,6884975,11978154,1815579
8 x 64 B,30,7844,1818640,0,0,0,6899739,11978154,1819643
8 x 64 B,31,7844,1817226,0,0,0,6900917,11978153,1818217
12 x 64 B,0,4708,1898892,0,0,0,7202545,11831570,1900070
12 x 64 B,1,4708,1905685,0,0,0,7231134,11831570,1906763
12 x 64 B,2,4708,1902040,0,0,0,7213791,11831570,1903771
12 x 64 B,3,4708,1902052,0,0,0,7214517,11831570,1903263
12 x 64 B,4,4708,1907294,0,0,0,7226706,11831570,1909346
12 x 64 B,5,4708,1910095,0,0,0,7242462,11831570,1911407
12 x 64 B,6,4708,1904964,0,0,0,7213870,11831570,1906973
12 x 64 B,7,4708,1902601,0,0,0,7215145,11831570,1904218
12 x 64 B,8,4708,1906032,0,0,0,7230097,11831570,1907026
12 x 64 B,9,4708,1906282,0,0,0,7230830,11831570,1907298
12 x 64 B,10,4708,1897554,0,0,0,7205512,11831569,1898620
12 x 64 B,11,4708,1901930,0,0,0,7214181,11831570,1902956
12 x 64 B,12,4708,1907637,0,0,0,7234373,11831570,1908623
12 x 64 B,13,4708,1899783,0,0,0,7207645,11831570,1900784
12 x 64 B,14,4708,1903428,0,0,0,7220377,11831570,1904428
12 x 64 B,15,4708,1903558,0,0,0,7220601,11831570,1904574
12 x 64 B,16,4708,1906800,0,0,0,7231035,11831570,1907795
12 x 64 B,17,4708,1902498,0,0,0,7217219,11831570,1903509
12 x 64 B,18,4708,1903885,0,0,0,7222770,11831570,1904880
12 x 64 B,19,4708,2291536,0,0,0,7235305,11831570,2292598
12 x 64 B,20,4708,1906160,0,0,0,7228014,11831570,1907169
12 x 64 B,21,4708,1903396,0,0,0,7222024,11831570,1904405
12 x 64 B,22,4708,1899016,0,0,0,7204018,11831570,1900018
12 x 64 B,23,4708,1901086,0,0,0,7212849,11831570,1902088
12 x 64 B,24,4708,1901747,0,0,0,7220101,11831569,1902738
12 x 64 B,25,4708,1899440,0,0,0,7205707,11831570,1900438
12 x 64 B,26,4708,1901844,0,0,0,7214882,11831570,1902848
12 x 64 B,27,4708,1900772,0,0,0,7211760,11831570,1901781
12 x 64 B,28,4708,1905049,0,0,0,7225574,11831570,1906051
12 x 64 B,29,4708,1902133,0,0,0,7215893,11831570,1903119
12 x 64 B,30,4708,1900827,0,0,0,7210978,11831570,1901848
12 x 64 B,31,4708,1901338,0,0,0,7214033,11831570,1902345
16 x 64 B,0,4258,1904942,0,0,0,7225288,11880186,1906050
16 x 64 B,1,4258,1904620,0,0,0,7225535,11880186,1905629
16 x 64 B,2,4258,1904283,0,0,0,7225424,11880186,1905272
16 x 64 B,3,4258,1902613,0,0,0,7224424,11880185,1903650
16 x 64 B,4,4258,1904998,0,0,0,7224901,11880186,1905973
16 x 64 B,5,4258,1904508,0,0,0,7224878,11880186,1905506
16 x 64 B,6,4258,1904512,0,0,0,7226074,11880186,1905492
16 x 64 B,7,4258,1904397,0,0,0,7224820,11880186,1905385
16 x 64 B,8,4258,1905969,0,0,0,7224901,11880186,1906988
16 x 64 B,9,4258,1904798,0,0,0,7225498,11880186,1905861
16 x 64 B,10,4258,1904313,0,0,0,7224857,11880186,1905431
16 x 64 B,11,4258,1905949,0,0,0,7225619,11880186,1907655
16 x 64 B,12,4258,1905412,0,0,0,7225196,11880186,1906774
16 x 64 B,13,4258,1906508,0,0,0,7225287,11880186,1908204
16 x 64 B,14,4258,1903666,0,0,0,7225725,11880185,1904896
16 x 64 B,15,4258,1905688,0,0,0,7225150,11880186,1908126
16 x 64 B,16,4258,1914354,0,0,0,7225467,11880186,1912826
16 x 64 B,17,4258,1905431,0,0,0,7224921,11880186,1906443
16 x 64 B,18,4258,1904666,0,0,0,7224246,11880186,1905693
16 x 64 B,19,4258,1904327,0,0,0,7224498,11880186,1905326
16 x 64 B,20,4258,1904481,0,0,0,7224884,11880186,1905502
16 x 64 B,21,4258,1904440,0,0,0,7224494,11880186,1905440
16 x 64 B,22,4258,1904540,0,0,0,7224745,11880186,1905570
16 x 64 B,23,4258,1902300,0,0,0,7216079,11880186,1903339
16 x 64 B,24,4258,1899281,0,0,0,7212763,11880185,1900263
16 x 64 B,25,4258,1902561,0,0,0,7217014,11880186,1903581
16 x 64 B,26,4258,1903050,0,0,0,7217205,11880186,1904042
16 x 64 B,27,4258,1903377,0,0,0,7219286,11880186,1904396
16 x 64 B,28,4258,1902122,0,0,0,7216754,11880186,1903122
16 x 64 B,29,4258,1901952,0,0,0,7215377,11880186,1902954
16 x 64 B,30,4258,1902736,0,0,0,7216458,11880186,1903733
16 x 64 B,31,4258,1901464,0,0,0,7212734,11880186,1902463
24 x 64 B,0,2941,1945517,0,0,0,7380452,11920239,1946650
24 x 64 B,1,2941,1937203,0,0,0,7347713,11920239,1938200
24 x 64 B,2,2941,1941504,0,0,0,7365596,11920239,1942508
24 x 64 B,3,2941,1939318,0,0,0,7358322,11920239,1940322
24 x 64 B,4,2941,1944105,0,0,0,7375343,11920239,1945115
24 x 64 B,5,2941,1936055,0,0,0,7351642,11920238,1937034
24 x 64 B,6,2941,1946347,0,0,0,7382738,11920239,1947354
24 x 64 B,7,2941,1938141,0,0,0,7354023,11920239,1939154
24 x 64 B,8,2941,1937135,0,0,0,7349281,11920239,1938145
24 x 64 B,9,2941,1944839,0,0,0,7378197,11920239,1945863
24 x 64 B,10,2941,1938253,0,0,0,7352149,11920239,1939276
24 x 64 B,11,2941,1935584,0,0,0,7344471,11920239,1936586
24 x 64 B,12,2941,1943418,0,0,0,7373831,11920239,1944416
24 x 64 B,13,2941,1937161,0,0,0,7348025,11920239,1938164
24 x 64 B,14,2941,1938141,0,0,0,7352039,11920239,1939142
24 x 64 B,15,2941,1942192,0,0,0,7369510,11920239,1943212
24 x 64 B,16,2941,1938211,0,0,0,7353353,11920239,1939222
24 x 64 B,17,2941,1938287,0,0,0,7353368,11920239,1939306
24 x 64 B,18,2941,1941759,0,0,0,7365973,11920239,1942835
24 x 64 B,19,2941,1935567,0,0,0,7343303,11920239,1936794
24 x 64 B,20,2941,1942144,0,0,0,7357508,11920239,1943291
24 x 64 B,21,2941,1937091,0,0,0,7344447,11920239,1938520
24 x 64 B,22,2941,1949963,0,0,0,7393010,11920239,1951461
24 x 64 B,23,2941,1940854,0,0,0,7363122,11920238,1942048
24 x 64 B,24,2941,1939178,0,0,0,7348130,11920239,1941702
24 x 64 B,25,2941,1937115,0,0,0,7348074,11920239,1938177
24 x 64 B,26,2941,1939948,0,0,0,7357199,11920239,1941106
24 x 64 B,27,2941,1937998,0,0,0,7350567,11920239,1939338
24 x 64 B,28,2941,1938139,0,0,0,7349179,11920239,1939255
24 x 64 B,29,2941,1938934,0,0,0,7355116,11920239,1940000
24 x 64 B,30,2941,1937905,0,0,0,7353324,11920239,1938900
24 x 64 B,31,2941,2318804,0,0,0,7344900,11920239,2319834
64 x 64 B,0,1136,1976267,0,0,0,7490894,11778414,1978276
64 x 64 B,1,1136,1974362,0,0,0,7488323,11778414,1975650
64 x 64 B,2,1136,1975702,0,0,0,7493383,11778414,1976717
64 x 64 B,3,1136,1973485,0,0,0,7488239,11778414,1974519
64 x 64 B,4,1136,1975121,0,0,0,7490103,11778414,1976164
64 x 64 B,5,1136,1973393,0,0,0,7489341,11778414,1974406
64 x 64 B,6,1136,1973349,0,0,0,7486963,11778414,1974380
64 x 64 B,7,1136,1973591,0,0,0,7490005,11778414,1974596
64 x 64 B,8,1136,1976358,0,0,0,7491504,11778414,1978599
64 x 64 B,9,1136,1987438,0,0,0,7492451,11778414,1985239
64 x 64 B,10,1136,1981444,0,0,0,7491384,11778414,1980627
64 x 64 B,11,1136,1973908,0,0,0,7486299,11778414,1974942
64 x 64 B,12,1136,1974964,0,0,0,7492271,11778414,1975987
64 x 64 B,13,1136,1973711,0,0,0,7487369,11778414,1974816
64 x 64 B,14,1136,1974058,0,0,0,7488729,11778414,1975069
64 x 64 B,15,1136,2360666,0,0,0,7492314,11778414,2361706
64 x 64 B,16,1136,1974018,0,0,0,7488665,11778414,1975026
64 x 64 B,17,1136,1973820,0,0,0,7489221,11778414,1974845
64 x 64 B,18,1136,1974491,0,0,0,7490095,11778414,1975503
64 x 64 B,19,1136,1974538,0,0,0,7487866,11778414,1975733
64 x 64 B,20,1136,1988437,0,0,0,7498424,11778414,1982241
64 x 64 B,21,1136,1974396,0,0,0,7490462,11778414,1975451
64 x 64 B,22,1136,1975000,0,0,0,7492333,11778414,1976017
64 x 64 B,23,1136,1975856,0,0,0,7498435,11778414,1976843
64 x 64 B,24,1136,1976932,0,0,0,7501560,11778414,1977941
64 x 64 B,25,1136,1976306,0,0,0,7497288,11778414,1977385
64 x 64 B,26,1136,1974193,0,0,0,7490023,11778414,1975709
64 x 64 B,27,1136,1977428,0,0,0,7498604,11778414,1978637
64 x 64 B,28,1136,1976005,0,0,0,7491248,11778414,1977551
64 x 64 B,29,1136,1975749,0,0,0,7491201,11778414,1977678
64 x 64 B,30,1136,1973838,0,0,0,7486682,11778414,1975094
64 x 64 B,31,1136,1979558,0,0,0,7499080,11778414,1981398
128 x 64 B,0,577,2001715,0,0,0,7539121,11812710,1994552
128 x 64 B,1,577,1987195,0,0,0,7534537,11812710,1988315
128 x 64 B,2,577,1985908,0,0,0,7533249,11812710,1987022
128 x 64 B,3,577,1986039,0,0,0,7533555,11812710,1987067
128 x 64 B,4,577,1987660,0,0,0,7539014,11812710,1988705
128 x 64 B,5,577,1988062,0,0,0,7538814,11812710,1989100
128 x 64 B,6,577,1987963,0,0,0,7534479,11812710,1989073
128 x 64 B,7,577,2370235,0,0,0,7540629,11812710,2371346
128 x 64 B,8,577,1990668,0,0,0,7538511,11812710,1991790
128 x 64 B,9,577,1987420,0,0,0,7539113,11812710,1988452
128 x 64 B,10,577,1985894,0,0,0,7533530,11812710,1986947
128 x 64 B,11,577,1986418,0,0,0,7537207,11812710,1987472
128 x 64 B,12,577,1987694,0,0,0,7540366,11812710,1988743
128 x 64 B,13,577,1986305,0,0,0,7536173,11812710,1987351
128 x 64 B,14,577,1987997,0,0,0,7542935,11812710,1989020
128 x 64 B,15,577,1986031,0,0,0,7535073,11812710,1987065
128 x 64 B,16,577,1985920,0,0,0,7533903,11812710,1986964
128 x 64 B,17,577,1987412,0,0,0,7539611,11812710,1988445
128 x 64 B,18,577,1987164,0,0,0,7539983,11812710,1988206
128 x 64 B,19,577,1986423,0,0,0,7535053,11812710,1987456
128 x 64 B,20,577,1986378,0,0,0,7535575,11812710,1987397
128 x 64 B,21,577,1988064,0,0,0,7541537,11812710,1989091
128 x 64 B,22,577,1987846,0,0,0,7542381,11812710,1988895
128 x 64 B,23,577,1985783,0,0,0,7532679,11812710,1986816
128 x 64 B,24,577,1988624,0,0,0,7544409,11812710,1989651
128 x 64 B,25,577,1987488,0,0,0,7538921,11812710,1988524
128 x 64 B,26,577,1986629,0,0,0,7537460,11812710,1987655
128 x 64 B,27,577,1988427,0,0,0,7543504,11812710,1989471
128 x 64 B,28,577,1987188,0,0,0,7538788,11812710,1988248
128 x 64 B,29,577,1987238,0,0,0,7537985,11812710,1988263
128 x 64 B,30,577,1987054,0,0,0,7538915,11812710,1988081
128 x 64 B,31,577,1987630,0,0,0,7540837,11812710,1988694
129 x 64 B,0,567,1990727,0,0,0,7549909,11945355,1992240
129 x 64 B,1,567,1990914,0,0,0,7550242,11945355,1993071
129 x 64 B,2,567,1992401,0,0,0,7556570,11945355,1993866
129 x 64 B,3,567,1993182,0,0,0,7555743,11945355,1994873
129 x 64 B,4,567,1992447,0,0,0,7554807,11945355,1993829
129 x 64 B,5,567,1994720,0,0,0,7553798,11945355,1997213
129 x 64 B,6,567,1991638,0,0,0,7547347,11945355,1992825
129 x 64 B,7,567,2001552,0,0,0,7542809,11945355,1994385
129 x 64 B,8,567,1988493,0,0,0,7543844,11945355,1989552
129 x 64 B,9,567,1989998,0,0,0,7549511,11945355,1991053
129 x 64 B,10,567,1989222,0,0,0,7547534,11945355,1990295
129 x 64 B,11,567,1990605,0,0,0,7550093,11945355,1991662
129 x 64 B,12,567,1991081,0,0,0,7553095,11945355,1992133
129 x 64 B,13,567,1989838,0,0,0,7546855,11945355,1990889
129 x 64 B,14,567,1987874,0,0,0,7542738,11945355,1988928
129 x 64 B,15,567,1988305,0,0,0,7543522,11945355,1989357
129 x 64 B,16,567,2365992,0,0,0,7546221,11945355,2367031
129 x 64 B,17,567,1986187,0,0,0,7533850,11945355,1987258
129 x 64 B,18,567,1987622,0,0,0,7541574,11945355,1988654
129 x 64 B,19,567,1987955,0,0,0,7541371,11945355,1989017
129 x 64 B,20,567,1988514,0,0,0,7543115,11945355,1989559
129 x 64 B,21,567,1987903,0,0,0,7540786,11945355,1988956
129 x 64 B,22,567,1987760,0,0,0,7542120,11945355,1988810
129 x 64 B,23,567,1987495,0,0,0,7538902,11945355,1988538
129 x 64 B,24,567,1987639,0,0,0,7540659,11945355,1988692
129 x 64 B,25,567,1987567,0,0,0,7539433,11945355,1988608
129 x 64 B,26,567,1987816,0,0,0,7541936,11945355,1988867
129 x 64 B,27,567,1987555,0,0,0,7540444,11945355,1988596
129 x 64 B,28,567,1988022,0,0,0,7542157,11945355,1989082
129 x 64 B,29,567,1986353,0,0,0,7536634,11945355,1987402
129 x 64 B,30,567,1985087,0,0,0,7531519,11945355,1986117
129 x 64 B,31,567,1985510,0,0,0,7533880,11945355,1986551
1024 x 64 B,0,72,1998401,0,0,0,7581002,11738310,1999631
1024 x 64 B,1,72,1996726,0,0,0,7574773,11738310,1997790
1024 x 64 B,2,72,1997960,0,0,0,7581344,11738310,1999027
1024 x 64 B,3,72,1998426,0,0,0,7580145,11738310,1999491
1024 x 64 B,4,72,1997872,0,0,0,7578885,11738310,1998958
1024 x 64 B,5,72,1998737,0,0,0,7582719,11738310,1999835
1024 x 64 B,6,72,1998099,0,0,0,7581319,11738310,1999157
1024 x 64 B,7,72,1999403,0,0,0,7583604,11738310,2000553
1024 x 64 B,8,72,2001931,0,0,0,7591417,11738310,2003633
1024 x 64 B,9,72,2001740,0,0,0,7591821,11738310,2004281
1024 x 64 B,10,72,2000879,0,0,0,7583066,11738310,2002626
1024 x 64 B,11,72,1999816,0,0,0,7583773,11738310,2001163
1024 x 64 B,12,72,1998683,0,0,0,7582440,11738310,2000845
1024 x 64 B,13,72,2002169,0,0,0,7582063,11738310,2003690
1024 x 64 B,14,72,2005234,0,0,0,7584167,11738310,2003673
1024 x 64 B,15,72,1998757,0,0,0,7578269,11738310,1999826
1024 x 64 B,16,72,1997341,0,0,0,7577874,11738310,1998435
1024 x 64 B,17,72,1998641,0,0,0,7582670,11738310,1999727
1024 x 64 B,18,72,1997793,0,0,0,7581857,11738310,1998840
1024 x 64 B,19,72,1997792,0,0,0,7579242,11738310,1998902
1024 x 64 B,20,72,1998988,0,0,0,7583284,11738310,2000082
1024 x 64 B,21,72,1999838,0,0,0,7586506,11738310,2000916
1024 x 64 B,22,72,1999201,0,0,0,7583736,11738310,2000298
1024 x 64 B,23,72,2002309,0,0,0,7596207,11738310,2003378
1024 x 64 B,24,72,1999916,0,0,0,7588537,11738310,2000981
1024 x 64 B,25,72,2381518,0,0,0,7589676,11738311,2382633
1024 x 64 B,26,72,2000811,0,0,0,7591433,11738310,2001885
1024 x 64 B,27,72,2001494,0,0,0,7593633,11738310,2002559
1024 x 64 B,28,72,2001720,0,0,0,7594015,11738310,2002769
1024 x 64 B,29,72,2000217,0,0,0,7588645,11738310,2001282
1024 x 64 B,30,72,2000013,0,0,0,7588089,11738310,2001057
1024 x 64 B,31,72,2000397,0,0,0,7590103,11738310,2001461
1 x 128 B,0,12448,1671232,0,0,0,6338354,16369486,1672355
1 x 128 B,1,12448,1667691,0,0,0,6332582,16369485,1668653
1 x 128 B,2,12448,1665755,0,0,0,6316507,16369486,1666734
1 x 128 B,3,12448,1672271,0,0,0,6337900,16369486,1673300
1 x 128 B,4,12448,1652059,0,0,0,6273084,16369485,1653038
1 x 128 B,5,12448,1670153,0,0,0,6335340,16369486,1671138
1 x 128 B,6,12448,1668300,0,0,0,6329115,16369486,1669259
1 x 128 B,7,12448,1668431,0,0,0,6334740,16369485,1669406
1 x 128 B,8,12448,1670642,0,0,0,6299124,16369486,1665807
1 x 128 B,9,12448,1668488,0,0,0,6325742,16369486,1669498
1 x 128 B,10,12448,1668643,0,0,0,6335114,16369485,1669608
1 x 128 B,11,12448,1667802,0,0,0,6326848,16369486,1668783
1 x 128 B,12,12448,1669570,0,0,0,6331420,16369486,1670546
1 x 128 B,13,12448,1665431,0,0,0,6324363,16369485,1666415
1 x 128 B,14,12448,1670263,0,0,0,6335578,16369486,1671262
1 x 128 B,15,12448,1669723,0,0,0,6334170,16369486,1670681
1 x 128 B,16,12448,1669329,0,0,0,6337760,16369485,1670363
1 x 128 B,17,12448,1671637,0,0,0,6338047,16369486,1673099
1 x 128 B,18,12448,1650270,0,0,0,6256785,16369486,1651568
1 x 128 B,19,12448,1670022,0,0,0,6337636,16369485,1672100
1 x 128 B,20,12448,1670659,0,0,0,6332164,16369486,1672146
1 x 128 B,21,12448,1668864,0,0,0,6324570,16369486,1670123
1 x 128 B,22,12448,1652068,0,0,0,6271105,16369485,1654949
1 x 128 B,23,12448,1670684,0,0,0,6326791,16369486,1671780
1 x 128 B,24,12448,1671025,0,0,0,6336362,16369486,1672016
1 x 128 B,25,12448,1668738,0,0,0,6337462,16369485,1669700
1 x 128 B,26,12448,1651010,0,0,0,6262275,16369486,1651988
1 x 128 B,27,12448,1654365,0,0,0,6277718,16369486,1655313
1 x 128 B,28,12448,1649857,0,0,0,6264944,16369485,1650818
1 x 128 B,29,12448,1669297,0,0,0,6332473,16369486,1670272
1 x 128 B,30,12448,1667576,0,0,0,6326238,16369486,1668537
1 x 128 B,31,12448,1667922,0,0,0,6332160,16369485,1668892
3 x 128 B,0,5336,1903794,0,0,0,7221741,12940166,1904887
3 x 128 B,1,5336,1891099,0,0,0,7176787,12940166,1892080
3 x 128 B,2,5336,1916093,0,0,0,7270710,12940166,1917060
3 x 128 B,3,5336,1909736,0,0,0,7248568,12940166,1910714
3 x 128 B,4,5336,1910281,0,0,0,7247712,12940166,1911255
3 x 128 B,5,5336,1908344,0,0,0,7241882,12940166,1909337
3 x 128 B,6,5336,1897645,0,0,0,7201161,12940166,1898621
3 x 128 B,7,5336,1900078,0,0,0,7211029,12940166,1901030
3 x 128 B,8,5336,1893900,0,0,0,7192744,12940165,1894876
3 x 128 B,9,5336,1907407,0,0,0,7237996,12940166,1908375
3 x 128 B,10,5336,1909868,0,0,0,7248320,12940166,1910835
3 x 128 B,11,5336,1900296,0,0,0,7210952,12940166,1901286
3 x 128 B,12,5336,1897543,0,0,0,7199085,12940166,1898521
3 x 128 B,13,5336,1894000,0,0,0,7187246,12940166,1894977
3 x 128 B,14,5336,1909184,0,0,0,7245697,12940166,1910152
3 x 128 B,15,5336,1894130,0,0,0,7187124,12940166,1895105
3 x 128 B,16,5336,1909603,0,0,0,7247405,12940166,1910566
3 x 128 B,17,5336,1909545,0,0,0,7245505,12940166,1910512
3 x 128 B,18,5336,1893629,0,0,0,7191304,12940165,1894596
3 x 128 B,19,5336,1893933,0,0,0,7186871,12940166,1894891
3 x 128 B,20,5336,1894107,0,0,0,7188064,12940166,1895066
3 x 128 B,21,5336,1884320,0,0,0,7150185,12940166,1885299
3 x 128 B,22,5336,1888078,0,0,0,7164753,12940166,1889043
3 x 128 B,23,5336,1900833,0,0,0,7213037,12940166,1901792
3 x 128 B,24,5336,1894278,0,0,0,7190016,12940166,1895237
3 x 128 B,25,5336,1915353,0,0,0,7267741,12940166,1916327
3 x 128 B,26,5336,1925201,0,0,0,7304178,12940166,1926170
3 x 128 B,27,5336,1922145,0,0,0,7293833,12940166,1923173
3 x 128 B,28,5336,1915417,0,0,0,7265291,12940166,1917048
3 x 128 B,29,5336,1921177,0,0,0,7293916,12940165,1922597
3 x 128 B,30,5336,1914269,0,0,0,7257126,12940166,1916051
3 x 128 B,31,5336,1903503,0,0,0,7207693,12940167,1904988
4 x 128 B,0,5517,1912167,0,0,0,7206729,12518439,1910492
4 x 128 B,1,5517,1912644,0,0,0,7205255,12518439,1905084
4 x 128 B,2,5517,1891873,0,0,0,7173261,12518439,1893027
4 x 128 B,3,5517,1899795,0,0,0,7204232,12518439,1900809
4 x 128 B,4,5517,1885390,0,0,0,7153138,12518439,1886390
4 x 128 B,5,5517,1897065,0,0,0,7197253,12518439,1898036
4 x 128 B,6,5517,1887022,0,0,0,7160296,12518439,1888013
4 x 128 B,7,5517,1885254,0,0,0,7152077,12518438,1886262
4 x 128 B,8,5517,1896848,0,0,0,7196416,12518439,1897861
4 x 128 B,9,5517,1885653,0,0,0,7152955,12518439,1886635
4 x 128 B,10,5517,1903436,0,0,0,7223647,12518439,1904411
4 x 128 B,11,5517,1893424,0,0,0,7182767,12518439,1894394
4 x 128 B,12,5517,1903477,0,0,0,7186501,12518439,1898285
4 x 128 B,13,5517,1889277,0,0,0,7165000,12518445,1890291
4 x 128 B,14,5517,1893631,0,0,0,7181806,12518445,1894647
4 x 128 B,15,5517,1897173,0,0,0,7195583,12518439,1898157
4 x 128 B,16,5517,1903288,0,0,0,7223277,12518439,1904250
4 x 128 B,17,5517,1898400,0,0,0,7208328,12518438,1899371
4 x 128 B,18,5517,1885332,0,0,0,7153768,12518439,1886304
4 x 128 B,19,5517,1900925,0,0,0,7212292,12518439,1901887
4 x 128 B,20,5517,1892853,0,0,0,7181986,12518439,1893801
4 x 128 B,21,5517,1902274,0,0,0,7216330,12518439,1903232
4 x 128 B,22,5517,1885403,0,0,0,7152696,12518439,1886379
4 x 128 B,23,5517,1890049,0,0,0,7171049,12518439,1891020
4 x 128 B,24,5517,1904133,0,0,0,7225430,12518439,1905091
4 x 128 B,25,5517,1894968,0,0,0,7187089,12518439,1895945
4 x 128 B,26,5517,1894953,0,0,0,7190411,12518439,1895913
4 x 128 B,27,5517,1907753,0,0,0,7245221,12518438,1908696
4 x 128 B,28,5517,1901032,0,0,0,7212757,12518439,1902011
4 x 128 B,29,5517,1883734,0,0,0,7146930,12518439,1884712
4 x 128 B,30,5517,1900656,0,0,0,7209407,12518439,1901629
4 x 128 B,31,5517,1900127,0,0,0,7210455,12518439,1901085
6 x 128 B,0,3676,1926979,0,0,0,7312034,11616526,1928050
6 x 128 B,1,3676,1932675,0,0,0,7333378,11616526,1933645
6 x 128 B,2,3676,1950879,0,0,0,7401541,11616526,1951918
6 x 128 B,3,3676,1933048,0,0,0,7333322,11616526,1934038
6 x 128 B,4,3676,1939722,0,0,0,7354805,11616526,1941390
6 x 128 B,5,3676,1938913,0,0,0,7354059,11616526,1940105
6 x 128 B,6,3676,1927148,0,0,0,7301227,11616526,1928713
6 x 128 B,7,3676,1947415,0,0,0,7386396,11616526,1949432
6 x 128 B,8,3676,1912809,0,0,0,7258587,11616525,1914676
6 x 128 B,9,3676,1946041,0,0,0,7374574,11616526,1947950
6 x 128 B,10,3676,1918807,0,0,0,7278297,11616526,1919797
6 x 128 B,11,3676,1937683,0,0,0,7295697,11616526,1929866
6 x 128 B,12,3676,1951211,0,0,0,7398238,11616526,1952273
6 x 128 B,13,3676,1940006,0,0,0,7358365,11616526,1941026
6 x 128 B,14,3676,1928205,0,0,0,7313313,11616526,1929193
6 x 128 B,15,3676,1928533,0,0,0,7315881,11616526,1929523
6 x 128 B,16,3676,1951009,0,0,0,7362473,11616527,1949072
6 x 128 B,17,3676,1948203,0,0,0,7390346,11616526,1949206
6 x 128 B,18,3676,1924885,0,0,0,7301192,11616526,1925885
6 x 128 B,19,3676,1935600,0,0,0,7343115,11616526,1936583
6 x 128 B,20,3676,1929528,0,0,0,7319501,11616526,1930501
6 x 128 B,21,3676,1953514,0,0,0,7412671,11616526,1954500
6 x 128 B,22,3676,1938106,0,0,0,7352584,11616526,1939086
6 x 128 B,23,3676,1961155,0,0,0,7442407,11616526,1962145
6 x 128 B,24,3676,1924087,0,0,0,7300398,11616526,1925047
6 x 128 B,25,3676,1926237,0,0,0,7316385,11616525,1927197
6 x 128 B,26,3676,1930809,0,0,0,7324981,11616526,1931768
6 x 128 B,27,3676,1933881,0,0,0,7339551,11616526,1934842
6 x 128 B,28,3676,1921279,0,0,0,7288743,11616526,1922245
6 x 128 B,29,3676,1927391,0,0,0,7311721,11616526,1928373
6 x 128 B,30,3676,1921272,0,0,0,7287332,11616526,1922255
6 x 128 B,31,3676,1928030,0,0,0,7317436,11616526,1928985
8 x 128 B,0,4332,1909361,0,0,0,7246413,12099642,1910453
8 x 128 B,1,4332,1909827,0,0,0,7245057,12099642,1910812
8 x 128 B,2,4332,1909260,0,0,0,7246094,12099642,1910237
8 x 128 B,3,4332,1910104,0,0,0,7245767,12099642,1911103
8 x 128 B,4,4332,1909379,0,0,0,7243876,12099642,1910361
8 x 128 B,5,4332,1910638,0,0,0,7246463,12099642,1911839
8 x 128 B,6,4332,1907251,0,0,0,7243623,12099641,1908216
8 x 128 B,7,4332,1910692,0,0,0,7244987,12099642,1911732
8 x 128 B,8,4332,1909805,0,0,0,7246104,12099642,1910804
8 x 128 B,9,4332,1909665,0,0,0,7245629,12099642,1910660
8 x 128 B,10,4332,1910329,0,0,0,7245822,12099642,1911335
8 x 128 B,11,4332,1927272,0,0,0,7249972,12099643,1917816
8 x 128 B,12,4332,1909828,0,0,0,7244713,12099642,1911269
8 x 128 B,13,4332,1923002,0,0,0,7245918,12099642,1917962
8 x 128 B,14,4332,1910589,0,0,0,7245117,12099642,1911728
8 x 128 B,15,4332,1911846,0,0,0,7244789,12099642,1913511
8 x 128 B,16,4332,1910708,0,0,0,7245511,12099642,1911960
8 x 128 B,17,4332,1912709,0,0,0,7245516,12099642,1914974
8 x 128 B,18,4332,1916160,0,0,0,7244776,12099641,1914673
8 x 128 B,19,4332,1922400,0,0,0,7245022,12099642,1914811
8 x 128 B,20,4332,1910165,0,0,0,7245089,12099642,1911232
8 x 128 B,21,4332,1909638,0,0,0,7243887,12099642,1910645
8 x 128 B,22,4332,1909838,0,0,0,7244371,12099642,1910845
8 x 128 B,23,4332,1910284,0,0,0,7243952,12099642,1911390
8 x 128 B,24,4332,1910480,0,0,0,7245932,12099642,1911519
8 x 128 B,25,4332,1912555,0,0,0,7245619,12099642,1913676
8 x 128 B,26,4332,1910933,0,0,0,7246347,12099642,1912099
8 x 128 B,27,4332,1910621,0,0,0,7246438,12099642,1911683
8 x 128 B,28,4332,1910306,0,0,0,7245759,12099642,1911341
8 x 128 B,29,4332,1908189,0,0,0,7246012,12099641,1909170
8 x 128 B,30,4332,1909151,0,0,0,7242987,12099642,1910161
8 x 128 B,31,4332,1911417,0,0,0,7246330,12099642,1912431
12 x 128 B,0,2543,1959651,0,0,0,7434885,11957552,1960775
12 x 128 B,1,2543,1954180,0,0,0,7414956,11957552,1955206
12 x 128 B,2,2543,1945909,0,0,0,7382935,11957552,1946898
12 x 128 B,3,2543,1948350,0,0,0,7393833,11957552,1949337
12 x 128 B,4,2543,1947864,0,0,0,7389111,11957552,1948868
12 x 128 B,5,2543,1956042,0,0,0,7409131,11957552,1957093
12 x 128 B,6,2543,1949375,0,0,0,7393181,11957552,1950410
12 x 128 B,7,2543,1952596,0,0,0,7409551,11957552,1953600
12 x 128 B,8,2543,1952124,0,0,0,7404818,11957552,1953118
12 x 128 B,9,2543,1951456,0,0,0,7405772,11957552,1952458
12 x 128 B,10,2543,1951540,0,0,0,7405177,11957552,1952520
12 x 128 B,11,2543,1945867,0,0,0,7383052,11957552,1946864
12 x 128 B,12,2543,1952492,0,0,0,7408783,11957552,1953490
12 x 128 B,13,2543,1956561,0,0,0,7386351,11957552,1952092
12 x 128 B,14,2543,1948852,0,0,0,7387812,11957552,1949904
12 x 128 B,15,2543,1955009,0,0,0,7417576,11957552,1956031
12 x 128 B,16,2543,1949380,0,0,0,7396918,11957552,1950362
12 x 128 B,17,2543,1935035,0,0,0,7348311,11957551,1936020
12 x 128 B,18,2543,1933912,0,0,0,7336421,11957552,1934894
12 x 128 B,19,2543,1933282,0,0,0,7335532,11957552,1934273
12 x 128 B,20,2543,1938024,0,0,0,7349973,11957552,1939073
12 x 128 B,21,2543,1940737,0,0,0,7362119,11957552,1942383
12 x 128 B,22,2543,1938149,0,0,0,7350827,11957552,1939345
12 x 128 B,23,2543,1938085,0,0,0,7340815,11957552,1939862
12 x 128 B,24,2543,1939767,0,0,0,7354538,11957552,1941523
12 x 128 B,25,2543,1939370,0,0,0,7352891,11957552,1941646
12 x 128 B,26,2543,1952297,0,0,0,7363822,11957552,1951394
12 x 128 B,27,2543,1954509,0,0,0,7352619,11957552,1945600
12 x 128 B,28,2543,1935673,0,0,0,7340311,11957552,1936801
12 x 128 B,29,2543,1935768,0,0,0,7344793,11957552,1936854
12 x 128 B,30,2543,1934808,0,0,0,7340847,11957552,1935808
12 x 128 B,31,2543,1936969,0,0,0,7344298,11957552,1937988
16 x 128 B,0,2265,1950749,0,0,0,7398127,11832726,1951867
16 x 128 B,1,2265,1951357,0,0,0,7401289,11832726,1952373
16 x 128 B,2,2265,1951088,0,0,0,7402848,11832726,1952124
16 x 128 B,3,2265,1948058,0,0,0,7397587,11832725,1949047
16 x 128 B,4,2265,1951303,0,0,0,7403302,11832726,1952288
16 x 128 B,5,2265,2331510,0,0,0,7401781,11832727,2332561
16 x 128 B,6,2265,1952546,0,0,0,7403701,11832726,1953583
16 x 128 B,7,2265,1951652,0,0,0,7404949,11832726,1952655
16 x 128 B,8,2265,1952040,0,0,0,7404688,11832726,1953045
16 x 128 B,9,2265,1951824,0,0,0,7404464,11832726,1952840
16 x 128 B,10,2265,1949635,0,0,0,7398135,11832726,1950642
16 x 128 B,11,2265,1948561,0,0,0,7400275,11832725,1949556
16 x 128 B,12,2265,1950992,0,0,0,7401528,11832726,1951990
16 x 128 B,13,2265,1952158,0,0,0,7399051,11832726,1953198
16 x 128 B,14,2265,1951584,0,0,0,7403994,11832726,1952588
16 x 128 B,15,2265,1951835,0,0,0,7406693,11832726,1952865
16 x 128 B,16,2265,1952088,0,0,0,7405382,11832726,1953075
16 x 128 B,17,2265,1952838,0,0,0,7410519,11832726,1953849
16 x 128 B,18,2265,1953223,0,0,0,7410926,11832726,1954222
16 x 128 B,19,2265,1952195,0,0,0,7408457,11832726,1953196
16 x 128 B,20,2265,1951997,0,0,0,7406138,11832726,1952991
16 x 128 B,21,2265,1954876,0,0,0,7409739,11832726,1955954
16 x 128 B,22,2265,1952934,0,0,0,7408467,11832726,1953952
16 x 128 B,23,2265,1952469,0,0,0,7408744,11832726,1953480
16 x 128 B,24,2265,1953228,0,0,0,7410002,11832726,1954230
16 x 128 B,25,2265,1952439,0,0,0,7408444,11832726,1953437
16 x 128 B,26,2265,1952239,0,0,0,7407794,11832726,1953234
16 x 128 B,27,2265,1953612,0,0,0,7411021,11832726,1954597
16 x 128 B,28,2265,1952791,0,0,0,7409187,11832726,1953866
16 x 128 B,29,2265,1954068,0,0,0,7410524,11832726,1955947
16 x 128 B,30,2265,1953809,0,0,0,7409818,11832726,1955149
16 x 128 B,31,2265,1954350,0,0,0,7410128,11832726,1955934
24 x 128 B,0,1536,1971458,0,0,0,7468046,11758446,1973388
24 x 128 B,1,1536,1969754,0,0,0,7465467,11758446,1971269
24 x 128 B,2,1536,1980743,0,0,0,7463615,11758446,1973190
24 x 128 B,3,1536,1964525,0,0,0,7459750,11758445,1965534
24 x 128 B,4,1536,1968882,0,0,0,7471787,11758446,1969909
24 x 128 B,5,1536,1969077,0,0,0,7471595,11758446,1970059
24 x 128 B,6,1536,1966488,0,0,0,7462710,11758446,1967511
24 x 128 B,7,1536,1967770,0,0,0,7466581,11758446,1968785
24 x 128 B,8,1536,1969249,0,0,0,7470480,11758446,1970276
24 x 128 B,9,1536,1961715,0,0,0,7442515,11758446,1962784
24 x 128 B,10,1536,1962921,0,0,0,7445792,11758446,1963976
24 x 128 B,11,1536,1962342,0,0,0,7445283,11758446,1963347
24 x 128 B,12,1536,1962423,0,0,0,7446525,11758446,1963452
24 x 128 B,13,1536,1963673,0,0,0,7450682,11758446,1964689
24 x 128 B,14,1536,2341911,0,0,0,7443884,11758447,2342977
24 x 128 B,15,1536,1959984,0,0,0,7443509,11758445,1960979
24 x 128 B,16,1536,1961346,0,0,0,7441249,11758446,1962365
24 x 128 B,17,1536,1960499,0,0,0,7437439,11758446,1961510
24 x 128 B,18,1536,1961183,0,0,0,7441423,11758446,1962197
24 x 128 B,19,1536,1961698,0,0,0,7443406,11758446,1962724
24 x 128 B,20,1536,1960561,0,0,0,7437828,11758446,1961567
24 x 128 B,21,1536,1964060,0,0,0,7450595,11758446,1965059
24 x 128 B,22,1536,1963321,0,0,0,7449682,11758446,1964331
24 x 128 B,23,1536,1960630,0,0,0,7438193,11758446,1961653
24 x 128 B,24,1536,1962770,0,0,0,7448125,11758446,1963766
24 x 128 B,25,1536,1961531,0,0,0,7443258,11758446,1962532
24 x 128 B,26,1536,1960248,0,0,0,7438343,11758446,1961258
24 x 128 B,27,1536,1962776,0,0,0,7447829,11758446,1963774
24 x 128 B,28,1536,1962190,0,0,0,7446747,11758446,1963196
24 x 128 B,29,1536,1962625,0,0,0,7445827,11758446,1963638
24 x 128 B,30,1536,1962715,0,0,0,7446370,11758446,1963738
24 x 128 B,31,1536,1963673,0,0,0,7448560,11758446,1964683
64 x 128 B,0,589,1983022,0,0,0,7522990,11668456,1984176
64 x 128 B,1,589,1985665,0,0,0,7534157,11668456,1986762
64 x 128 B,2,589,1986709,0,0,0,7536838,11668456,1987841
64 x 128 B,3,589,1985680,0,0,0,7534861,11668456,1986910
64 x 128 B,4,589,1987637,0,0,0,7537190,11668456,1988766
64 x 128 B,5,589,1988586,0,0,0,7534820,11668456,1989897
64 x 128 B,6,589,1988834,0,0,0,7535057,11668456,1990362
64 x 128 B,7,589,1986530,0,0,0,7534725,11668456,1987861
64 x 128 B,8,589,1988198,0,0,0,7534614,11668456,1990374
64 x 128 B,9,589,1988673,0,0,0,7537880,11668456,1990120
64 x 128 B,10,589,1992955,0,0,0,7530187,11668456,1990703
64 x 128 B,11,589,2049962,0,0,0,7539105,11668456,1990862
64 x 128 B,12,589,1986649,0,0,0,7535518,11668456,1987724
64 x 128 B,13,589,1985932,0,0,0,7536034,11668456,1986969
64 x 128 B,14,589,1986039,0,0,0,7535317,11668456,1987069
64 x 128 B,15,589,2354675,0,0,0,7536694,11668456,2355723
64 x 128 B,16,589,1986557,0,0,0,7536323,11668456,1987595
64 x 128 B,17,589,1985861,0,0,0,7536255,11668456,1986874
64 x 128 B,18,589,1988118,0,0,0,7537148,11668456,1989158
64 x 128 B,19,589,1985900,0,0,0,7535329,11668456,1986942
64 x 128 B,20,589,1986803,0,0,0,7536816,11668456,1987839
64 x 128 B,21,589,1986016,0,0,0,7536340,11668456,1987053
64 x 128 B,22,589,1986973,0,0,0,7539156,11668456,1988009
64 x 128 B,23,589,1986161,0,0,0,7536694,11668456,1987203
64 x 128 B,24,589,1986658,0,0,0,7538334,11668456,1987691
64 x 128 B,25,589,1986238,0,0,0,7536654,11668456,1987286
64 x 128 B,26,589,1986185,0,0,0,7536218,11668456,1987226
64 x 128 B,27,589,1986982,0,0,0,7535434,11668456,1988000
64 x 128 B,28,589,1985018,0,0,0,7530397,11668456,1986037
64 x 128 B,29,589,1985967,0,0,0,7536073,11668456,1986991
64 x 128 B,30,589,1986589,0,0,0,7538112,11668456,1987602
64 x 128 B,31,589,1986574,0,0,0,7538199,11668456,1987664
128 x 128 B,0,296,2001563,0,0,0,7595472,11620734,2002720
128 x 128 B,1,296,2000501,0,0,0,7589353,11620734,2001539
128 x 128 B,2,296,2002551,0,0,0,7597326,11620734,2003594
128 x 128 B,3,296,2003014,0,0,0,7600019,11620734,2004050
128 x 128 B,4,296,2003046,0,0,0,7600329,11620734,2004102
128 x 128 B,5,296,2002023,0,0,0,7596364,11620734,2003072
128 x 128 B,6,296,2002789,0,0,0,7600091,11620734,2003835
128 x 128 B,7,296,2003855,0,0,0,7602387,11620734,2004923
128 x 128 B,8,296,2001717,0,0,0,7595341,11620734,2002782
128 x 128 B,9,296,2005581,0,0,0,7609198,11620734,2006653
128 x 128 B,10,296,2003433,0,0,0,7598607,11620734,2005132
128 x 128 B,11,296,2003593,0,0,0,7596872,11620734,2004917
128 x 128 B,12,296,2004721,0,0,0,7599560,11620734,2006794
128 x 128 B,13,296,2003672,0,0,0,7597273,11620734,2005147
128 x 128 B,14,296,2004719,0,0,0,7601757,11620734,2006992
128 x 128 B,15,296,2016476,0,0,0,7603703,11620734,2015050
128 x 128 B,16,296,2022220,0,0,0,7608136,11620734,2013052
128 x 128 B,17,296,2004685,0,0,0,7600924,11620734,2005858
128 x 128 B,18,296,2005842,0,0,0,7604845,11620734,2006967
128 x 128 B,19,296,2006548,0,0,0,7610243,11620734,2007610
128 x 128 B,20,296,2004513,0,0,0,7605425,11620734,2005571
128 x 128 B,21,296,2000405,0,0,0,7587253,11620734,2001462
128 x 128 B,22,296,2004277,0,0,0,7606436,11620734,2005330
128 x 128 B,23,296,2387136,0,0,0,7601135,11620735,2388220
128 x 128 B,24,296,2002175,0,0,0,7596855,11620734,2003249
128 x 128 B,25,296,2002324,0,0,0,7598283,11620734,2003378
128 x 128 B,26,296,2004508,0,0,0,7605584,11620734,2005556
128 x 128 B,27,296,2004356,0,0,0,7603683,11620734,2005451
128 x 128 B,28,296,2003951,0,0,0,7603890,11620734,2005013
128 x 128 B,29,296,2003497,0,0,0,7601271,11620734,2004560
128 x 128 B,30,296,2003885,0,0,0,7603217,11620734,2004952
128 x 128 B,31,296,2003467,0,0,0,7602839,11620734,2004529
129 x 128 B,0,291,1998559,0,0,0,7582808,11738724,1999707
129 x 128 B,1,291,2003266,0,0,0,7599280,11738724,2004326
129 x 128 B,2,291,2000691,0,0,0,7585586,11738724,2001753
129 x 128 B,3,291,2003525,0,0,0,7601591,11738724,2004577
129 x 128 B,4,291,2003934,0,0,0,7604397,11738724,2004986
129 x 128 B,5,291,2000196,0,0,0,7589405,11738724,2001246
129 x 128 B,6,291,2000813,0,0,0,7592840,11738724,2001867
129 x 128 B,7,291,2003429,0,0,0,7602185,11738724,2004475
129 x 128 B,8,291,2004426,0,0,0,7604782,11738724,2005477
129 x 128 B,9,291,1998650,0,0,0,7582288,11738724,1999698
129 x 128 B,10,291,2001608,0,0,0,7595463,11738724,2002652
129 x 128 B,11,291,2000817,0,0,0,7593358,11738724,2001859
129 x 128 B,12,291,2002128,0,0,0,7597474,11738724,2003163
129 x 128 B,13,291,2000186,0,0,0,7592078,11738724,2001237
129 x 128 B,14,291,2001733,0,0,0,7594804,11738724,2002783
129 x 128 B,15,291,2001228,0,0,0,7593284,11738724,2002289
129 x 128 B,16,291,1999975,0,0,0,7588173,11738724,2001025
129 x 128 B,17,291,2001526,0,0,0,7593573,11738724,2003105
129 x 128 B,18,291,2003332,0,0,0,7594834,11738724,2004788
129 x 128 B,19,291,2002013,0,0,0,7588159,11738724,2003818
129 x 128 B,20,291,2003646,0,0,0,7594753,11738724,2005116
129 x 128 B,21,291,2005894,0,0,0,7599406,11738724,2008397
129 x 128 B,22,291,2006465,0,0,0,7602869,11738724,2007909
129 x 128 B,23,291,2019754,0,0,0,7611727,11738724,2012361
129 x 128 B,24,291,2002931,0,0,0,7598932,11738724,2004014
129 x 128 B,25,291,2003387,0,0,0,7602826,11738724,2004440
129 x 128 B,26,291,2001598,0,0,0,7594109,11738724,2002673
129 x 128 B,27,291,2002423,0,0,0,7595198,11738724,2003505
129 x 128 B,28,291,2002124,0,0,0,7594271,11738724,2003196
129 x 128 B,29,291,2004662,0,0,0,7606155,11738724,2005766
129 x 128 B,30,291,2004265,0,0,0,7603368,11738724,2005326
129 x 128 B,31,291,2000497,0,0,0,7591641,11738724,2001541
1024 x 128 B,0,30,1649242,0,0,0,6256010,9393726,1650523
1024 x 128 B,1,30,1647786,0,0,0,6255545,9393725,1648883
1024 x 128 B,2,30,1649803,0,0,0,6258173,9393726,1650859
1024 x 128 B,3,30,1650838,0,0,0,6259958,9393726,1651950
1024 x 128 B,4,30,1648143,0,0,0,6256963,9393725,1649208
1024 x 128 B,5,30,1651476,0,0,0,6256860,9393726,1652611
1024 x 128 B,6,30,1651093,0,0,0,6259748,9393726,1652176
1024 x 128 B,7,30,1651280,0,0,0,6269549,9393725,1652410
1024 x 128 B,8,30,1668695,0,0,0,6324112,9393726,1670285
1024 x 128 B,9,30,1676149,0,0,0,6293891,9393726,1677503
1024 x 128 B,10,30,1663447,0,0,0,6313176,9393725,1664911
1024 x 128 B,11,30,1659474,0,0,0,6289624,9393726,1660932
1024 x 128 B,12,30,1654397,0,0,0,6270094,9393726,1656199
1024 x 128 B,13,30,1649382,0,0,0,6259947,9393725,1651138
1024 x 128 B,14,30,1652314,0,0,0,6258600,9393726,1654135
1024 x 128 B,15,30,1660592,0,0,0,6259538,9393726,1658641
1024 x 128 B,16,30,1665937,0,0,0,6258011,9393725,1657985
1024 x 128 B,17,30,1650538,0,0,0,6254839,9393726,1651676
1024 x 128 B,18,30,1650148,0,0,0,6257527,9393726,1651219
1024 x 128 B,19,30,1647500,0,0,0,6255411,9393725,1648547
1024 x 128 B,20,30,1649956,0,0,0,6256309,9393726,1651018
1024 x 128 B,21,30,1647875,0,0,0,6257049,9393725,1648921
1024 x 128 B,22,30,1649605,0,0,0,6256532,9393726,1650735
1024 x 128 B,23,30,1650534,0,0,0,6259589,9393726,1651620
1024 x 128 B,24,30,1647851,0,0,0,6256116,9393725,1648903
1024 x 128 B,25,30,1649997,0,0,0,6257812,9393726,1651061
1024 x 128 B,26,30,1649725,0,0,0,6257031,9393726,1650820
1024 x 128 B,27,30,1648300,0,0,0,6257789,9393725,1649403
1024 x 128 B,28,30,1650028,0,0,0,6256688,9393726,1651082
1024 x 128 B,29,30,2030250,0,0,0,6256045,9393726,2031579
1024 x 128 B,30,30,1650295,0,0,0,6255555,9393726,1651479
1024 x 128 B,31,30,1648317,0,0,0,6256886,9393725,1650028
1 x 256 B,0,7379,1837836,0,0,0,6967741,16787591,1839503
1 x 256 B,1,7379,1834208,0,0,0,6948096,16787591,1836004
1 x 256 B,2,7379,1841785,0,0,0,6953358,16787591,1839819
1 x 256 B,3,7379,1847182,0,0,0,6956234,16787591,1839768
1 x 256 B,4,7379,1836110,0,0,0,6963030,16787591,1837119
1 x 256 B,5,7379,1831411,0,0,0,6948405,16787590,1832645
1 x 256 B,6,7379,1831874,0,0,0,6947725,16787591,1833057
1 x 256 B,7,7379,1837076,0,0,0,6968057,16787591,1838063
1 x 256 B,8,7379,1833721,0,0,0,6954595,16787591,1834707
1 x 256 B,9,7379,1835797,0,0,0,6959941,16787591,1836905
1 x 256 B,10,7379,1832433,0,0,0,6949289,16787591,1833409
1 x 256 B,11,7379,1831966,0,0,0,6953806,16787590,1832950
1 x 256 B,12,7379,1832644,0,0,0,6951165,16787591,1833630
1 x 256 B,13,7379,1831962,0,0,0,6948885,16787591,1832983
1 x 256 B,14,7379,1835899,0,0,0,6963709,16787591,1836870
1 x 256 B,15,7379,1831722,0,0,0,6950507,16787591,1832695
1 x 256 B,16,7379,1836725,0,0,0,6967332,16787591,1837693
1 x 256 B,17,7379,1832193,0,0,0,6951714,16787591,1833179
1 x 256 B,18,7379,1829957,0,0,0,6948082,16787590,1830924
1 x 256 B,19,7379,1833224,0,0,0,6953093,16787591,1834196
1 x 256 B,20,7379,1834185,0,0,0,6958872,16787591,1835161
1 x 256 B,21,7379,1833860,0,0,0,6956782,16787591,1834806
1 x 256 B,22,7379,1830399,0,0,0,6941217,16787591,1831363
1 x 256 B,23,7379,1832386,0,0,0,6951522,16787591,1833349
1 x 256 B,24,7379,1830266,0,0,0,6951447,16787590,1831221
1 x 256 B,25,7379,1832864,0,0,0,6953227,16787591,1833864
1 x 256 B,26,7379,1831168,0,0,0,6946862,16787591,1832147
1 x 256 B,27,7379,1832682,0,0,0,6951658,16787591,1833652
1 x 256 B,28,7379,1836470,0,0,0,6968020,16787591,1837424
1 x 256 B,29,7379,1832584,0,0,0,6950852,16787591,1833553
1 x 256 B,30,7379,1830827,0,0,0,6951570,16787590,1831778
1 x 256 B,31,7379,1838115,0,0,0,6965382,16787591,1839112
3 x 256 B,0,2901,1972690,0,0,0,7485245,12338319,1973782
3 x 256 B,1,2901,1922888,0,0,0,7284692,12338319,1923978
3 x 256 B,2,2901,1963794,0,0,0,7451066,12338319,1964781
3 x 256 B,3,2901,1964930,0,0,0,7456359,12338319,1965899
3 x 256 B,4,2901,1957463,0,0,0,7426511,12338319,1958435
3 x 256 B,5,2901,1968705,0,0,0,7467932,12338319,1969692
3 x 256 B,6,2901,1955977,0,0,0,7419115,12338319,1957712
3 x 256 B,7,2901,1949580,0,0,0,7394437,12338319,1950782
3 x 256 B,8,2901,1919632,0,0,0,7275896,12338319,1922943
3 x 256 B,9,2901,1950331,0,0,0,7397759,12338319,1951755
3 x 256 B,10,2901,1949756,0,0,0,7393241,12338319,1951093
3 x 256 B,11,2901,1950980,0,0,0,7357441,12338319,1949817
3 x 256 B,12,2901,1955461,0,0,0,7351305,12338319,1945696
3 x 256 B,13,2901,1956796,0,0,0,7419255,12338319,1957830
3 x 256 B,14,2901,1955446,0,0,0,7418506,12338319,1956480
3 x 256 B,15,2901,1925151,0,0,0,7308682,12338318,1926115
3 x 256 B,16,2901,1928154,0,0,0,7316224,12338319,1929141
3 x 256 B,17,2901,1915623,0,0,0,7268369,12338319,1916603
3 x 256 B,18,2901,1953983,0,0,0,7414427,12338319,1955065
3 x 256 B,19,2901,1952075,0,0,0,7405597,12338319,1953121
3 x 256 B,20,2901,1958259,0,0,0,7428879,12338319,1959255
3 x 256 B,21,2901,1939507,0,0,0,7357823,12338319,1940510
3 x 256 B,22,2901,1951820,0,0,0,7403918,12338319,1952813
3 x 256 B,23,2901,1955432,0,0,0,7418240,12338319,1956408
3 x 256 B,24,2901,1942951,0,0,0,7372012,12338319,1943919
3 x 256 B,25,2901,2324068,0,0,0,7385367,12338319,2325116
3 x 256 B,26,2901,1926491,0,0,0,7306042,12338319,1927509
3 x 256 B,27,2901,1940824,0,0,0,7364429,12338319,1941802
3 x 256 B,28,2901,1957258,0,0,0,7427650,12338319,1958228
3 x 256 B,29,2901,1951120,0,0,0,7402793,12338319,1952096
3 x 256 B,30,2901,1949151,0,0,0,7394654,12338319,1950126
3 x 256 B,31,2901,1924135,0,0,0,7297455,12338319,1925111
4 x 256 B,0,2918,1942002,0,0,0,7367467,11981674,1943069
4 x 256 B,1,2918,1939332,0,0,0,7358003,11981674,1940322
4 x 256 B,2,2918,1940715,0,0,0,7358232,11981674,1941721
4 x 256 B,3,2918,1928749,0,0,0,7318235,11981674,1929733
4 x 256 B,4,2918,1946375,0,0,0,7380270,11981674,1947379
4 x 256 B,5,2918,1926524,0,0,0,7304872,11981674,1927562
4 x 256 B,6,2918,1944326,0,0,0,7374475,11981674,1945295
4 x 256 B,7,2918,1948183,0,0,0,7393373,11981674,1949186
4 x 256 B,8,2918,1957439,0,0,0,7433092,11981673,1958397
4 x 256 B,9,2918,1952667,0,0,0,7410243,11981674,1953633
4 x 256 B,10,2918,1953935,0,0,0,7414200,11981674,1954902
4 x 256 B,11,2918,1954531,0,0,0,7416833,11981674,1955493
4 x 256 B,12,2918,1945301,0,0,0,7379787,11981674,1946265
4 x 256 B,13,2918,1935477,0,0,0,7343339,11981674,1936441
4 x 256 B,14,2918,1946314,0,0,0,7351607,11981674,1944032
4 x 256 B,15,2918,1938463,0,0,0,7348277,11981674,1939574
4 x 256 B,16,2918,1931097,0,0,0,7322194,11981674,1933289
4 x 256 B,17,2918,1939863,0,0,0,7354409,11981674,1940985
4 x 256 B,18,2918,1939943,0,0,0,7353517,11981674,1941251
4 x 256 B,19,2918,1943347,0,0,0,7363170,11981674,1945126
4 x 256 B,20,2918,1939800,0,0,0,7332178,11981674,1938519
4 x 256 B,21,2918,1943553,0,0,0,7369308,11981674,1944582
4 x 256 B,22,2918,1944181,0,0,0,7377879,11981674,1945138
4 x 256 B,23,2918,1929993,0,0,0,7322193,11981674,1930986
4 x 256 B,24,2918,1945174,0,0,0,7381050,11981674,1946164
4 x 256 B,25,2918,2297148,0,0,0,7315214,11981674,2298178
4 x 256 B,26,2918,1928609,0,0,0,7319523,11981674,1929596
4 x 256 B,27,2918,1943798,0,0,0,7376324,11981674,1944771
4 x 256 B,28,2918,1927515,0,0,0,7315565,11981674,1928498
4 x 256 B,29,2918,1946377,0,0,0,7379847,11981674,1947395
4 x 256 B,30,2918,1928430,0,0,0,7318529,11981674,1929393
4 x 256 B,31,2918,1945532,0,0,0,7383289,11981674,1946508
6 x 256 B,0,1928,1965075,0,0,0,7455610,11257958,1966198
6 x 256 B,1,1928,1963110,0,0,0,7456170,11257957,1964085
6 x 256 B,2,1928,1953903,0,0,0,7414552,11257958,1954891
6 x 256 B,3,1928,1955327,0,0,0,7420977,11257958,1956306
6 x 256 B,4,1928,1965015,0,0,0,7456640,11257958,1966011
6 x 256 B,5,1928,1969058,0,0,0,7470634,11257958,1970024
6 x 256 B,6,1928,1968414,0,0,0,7470258,11257958,1969377
6 x 256 B,7,1928,1953986,0,0,0,7415206,11257958,1954944
6 x 256 B,8,1928,1962274,0,0,0,7446370,11257958,1963249
6 x 256 B,9,1928,1943145,0,0,0,7375332,11257958,1944115
6 x 256 B,10,1928,1963916,0,0,0,7451986,11257958,1964880
6 x 256 B,11,1928,1969551,0,0,0,7475788,11257958,1970521
6 x 256 B,12,1928,1970091,0,0,0,7475747,11257958,1971059
6 x 256 B,13,1928,1956966,0,0,0,7427677,11257958,1957936
6 x 256 B,14,1928,1958524,0,0,0,7430727,11257958,1959490
6 x 256 B,15,1928,1967765,0,0,0,7469296,11257958,1968725
6 x 256 B,16,1928,1952727,0,0,0,7409532,11257958,1953692
6 x 256 B,17,1928,1961774,0,0,0,7445034,11257958,1962747
6 x 256 B,18,1928,1958273,0,0,0,7430698,11257958,1959247
6 x 256 B,19,1928,1962204,0,0,0,7447857,11257958,1963179
6 x 256 B,20,1928,1943310,0,0,0,7373389,11257958,1944305
6 x 256 B,21,1928,1962540,0,0,0,7446442,11257958,1963524
6 x 256 B,22,1928,1954989,0,0,0,7413773,11257958,1956397
6 x 256 B,23,1928,1969839,0,0,0,7473459,11257958,1971015
6 x 256 B,24,1928,1970277,0,0,0,7467688,11257958,1972087
6 x 256 B,25,1928,1942186,0,0,0,7366184,11257958,1943438
6 x 256 B,26,1928,1966624,0,0,0,7456730,11257958,1967939
6 x 256 B,27,1928,1962232,0,0,0,7441771,11257957,1964071
6 x 256 B,28,1928,1977398,0,0,0,7474535,11257958,1975776
6 x 256 B,29,1928,1978262,0,0,0,7458153,11257958,1971480
6 x 256 B,30,1928,1955996,0,0,0,7418893,11257958,1957112
6 x 256 B,31,1928,1942553,0,0,0,7368556,11257958,1943543
8 x 256 B,0,2298,1954009,0,0,0,7414284,11766126,1955130
8 x 256 B,1,2298,1955622,0,0,0,7421533,11766126,1956627
8 x 256 B,2,2298,2326651,0,0,0,7415754,11766127,2327689
8 x 256 B,3,2298,1954511,0,0,0,7417157,11766126,1955502
8 x 256 B,4,2298,1955576,0,0,0,7416559,11766126,1956606
8 x 256 B,5,2298,1953174,0,0,0,7417220,11766125,1954162
8 x 256 B,6,2298,1956311,0,0,0,7423270,11766126,1957291
8 x 256 B,7,2298,1953641,0,0,0,7414427,11766126,1954652
8 x 256 B,8,2298,1955531,0,0,0,7421048,11766126,1956504
8 x 256 B,9,2298,1955234,0,0,0,7420335,11766126,1956235
8 x 256 B,10,2298,1954734,0,0,0,7416103,11766126,1955733
8 x 256 B,11,2298,1953539,0,0,0,7413587,11766126,1954546
8 x 256 B,12,2298,1955581,0,0,0,7421213,11766126,1956563
8 x 256 B,13,2298,1952923,0,0,0,7410843,11766126,1953923
8 x 256 B,14,2298,1955400,0,0,0,7419472,11766126,1956381
8 x 256 B,15,2298,1954253,0,0,0,7417747,11766126,1955255
8 x 256 B,16,2298,1955950,0,0,0,7421554,11766126,1956940
8 x 256 B,17,2298,1954120,0,0,0,7417637,11766126,1955120
8 x 256 B,18,2298,1954858,0,0,0,7417003,11766126,1955856
8 x 256 B,19,2298,1952887,0,0,0,7412561,11766126,1953884
8 x 256 B,20,2298,1954520,0,0,0,7416681,11766126,1955526
8 x 256 B,21,2298,1953973,0,0,0,7416419,11766126,1954973
8 x 256 B,22,2298,1955352,0,0,0,7418098,11766126,1956344
8 x 256 B,23,2298,1954400,0,0,0,7419070,11766126,1955387
8 x 256 B,24,2298,1954660,0,0,0,7416665,11766126,1955634
8 x 256 B,25,2298,1953414,0,0,0,7414480,11766126,1954407
8 x 256 B,26,2298,1954117,0,0,0,7414351,11766126,1955110
8 x 256 B,27,2298,1953679,0,0,0,7415433,11766126,1954682
8 x 256 B,28,2298,1952354,0,0,0,7412684,11766125,1953338
8 x 256 B,29,2298,1955464,0,0,0,7420931,11766126,1956531
8 x 256 B,30,2298,1957618,0,0,0,7423391,11766126,1959312
8 x 256 B,31,2298,1956639,0,0,0,7422847,11766126,1957825
12 x 256 B,0,1321,1972060,0,0,0,7480263,11724241,1974290
12 x 256 B,1,1321,1975607,0,0,0,7493041,11724241,1977915
12 x 256 B,2,1321,1974104,0,0,0,7484968,11724241,1975529
12 x 256 B,3,1321,1977592,0,0,0,7456255,11724242,1976190
12 x 256 B,4,1321,1969301,0,0,0,7469213,11724241,1970351
12 x 256 B,5,1321,1972056,0,0,0,7483093,11724241,1973054
12 x 256 B,6,1321,1972194,0,0,0,7483542,11724241,1973305
12 x 256 B,7,1321,1970335,0,0,0,7471332,11724241,1971360
12 x 256 B,8,1321,1972240,0,0,0,7484324,11724241,1973246
12 x 256 B,9,1321,1974350,0,0,0,7490790,11724241,1975365
12 x 256 B,10,1321,1979530,0,0,0,7509768,11724241,1980549
12 x 256 B,11,1321,1980788,0,0,0,7515472,11724241,1981813
12 x 256 B,12,1321,1971993,0,0,0,7481767,11724241,1972995
12 x 256 B,13,1321,1976908,0,0,0,7501193,11724241,1977906
12 x 256 B,14,1321,1976673,0,0,0,7501528,11724241,1977687
12 x 256 B,15,1321,1971869,0,0,0,7482262,11724241,1972875
12 x 256 B,16,1321,1975486,0,0,0,7497740,11724241,1976494
12 x 256 B,17,1321,1979197,0,0,0,7511348,11724241,1980195
12 x 256 B,18,1321,1975567,0,0,0,7496561,11724241,1976568
12 x 256 B,19,1321,1974995,0,0,0,7495718,11724241,1975999
12 x 256 B,20,1321,1978233,0,0,0,7505861,11724241,1979240
12 x 256 B,21,1321,1976842,0,0,0,7500719,11724241,1977838
12 x 256 B,22,1321,1977434,0,0,0,7503273,11724241,1978440
12 x 256 B,23,1321,1972016,0,0,0,7483323,11724241,1973006
12 x 256 B,24,1321,1975379,0,0,0,7495992,11724241,1976385
12 x 256 B,25,1321,1974128,0,0,0,7492437,11724241,1975131
12 x 256 B,26,1321,1980592,0,0,0,7515821,11724241,1981595
12 x 256 B,27,1321,1968347,0,0,0,7470099,11724241,1969350
12 x 256 B,28,1321,1979003,0,0,0,7510139,11724241,1979997
12 x 256 B,29,1321,1984823,0,0,0,7530950,11724241,1985837
12 x 256 B,30,1321,1987662,0,0,0,7542219,11724241,1988678
12 x 256 B,31,1321,1969171,0,0,0,7473350,11724241,1970169
16 x 256 B,0,1179,1972903,0,0,0,7487444,11657145,1974068
16 x 256 B,1,1179,1971449,0,0,0,7481398,11657145,1972451
16 x 256 B,2,1179,1972830,0,0,0,7482151,11657139,1973871
16 x 256 B,3,1179,1974680,0,0,0,7490493,11657139,1975703
16 x 256 B,4,1179,1973756,0,0,0,7488118,11657139,1975121
16 x 256 B,5,1179,1973696,0,0,0,7482660,11657139,1974972
16 x 256 B,6,1179,1973848,0,0,0,7492691,11657138,1975542
16 x 256 B,7,1179,1970684,0,0,0,7479773,11657138,1972426
16 x 256 B,8,1179,1973827,0,0,0,7482839,11657139,1974992
16 x 256 B,9,1179,1980120,0,0,0,7494888,11657139,1982557
16 x 256 B,10,1179,1974233,0,0,0,7487233,11657139,1975502
16 x 256 B,11,1179,1974426,0,0,0,7489410,11657139,1975513
16 x 256 B,12,1179,1977342,0,0,0,7498212,11657139,1978427
16 x 256 B,13,1179,1975504,0,0,0,7492994,11657139,1976506
16 x 256 B,14,1179,1976304,0,0,0,7494439,11657139,1977354
16 x 256 B,15,1179,1971996,0,0,0,7480976,11657139,1973041
16 x 256 B,16,1179,1972315,0,0,0,7481228,11657139,1973343
16 x 256 B,17,1179,1973049,0,0,0,7485464,11657139,1974064
16 x 256 B,18,1179,1973294,0,0,0,7484338,11657139,1974345
16 x 256 B,19,1179,1974086,0,0,0,7490425,11657139,1975093
16 x 256 B,20,1179,1977850,0,0,0,7500889,11657139,1978896
16 x 256 B,21,1179,1973216,0,0,0,7485824,11657139,1974231
16 x 256 B,22,1179,1976561,0,0,0,7497008,11657139,1977574
16 x 256 B,23,1179,1974720,0,0,0,7494187,11657139,1975728
16 x 256 B,24,1179,1972477,0,0,0,7483234,11657139,1973497
16 x 256 B,25,1179,1972338,0,0,0,7484457,11657139,1973339
16 x 256 B,26,1179,1972515,0,0,0,7484044,11657139,1973500
16 x 256 B,27,1179,1973651,0,0,0,7488229,11657139,1974637
16 x 256 B,28,1179,1973701,0,0,0,7486551,11657139,1974683
16 x 256 B,29,1179,1974377,0,0,0,7491310,11657139,1975352
16 x 256 B,30,1179,1974193,0,0,0,7487793,11657139,1975183
16 x 256 B,31,1179,1972886,0,0,0,7486042,11657139,1973891
24 x 256 B,0,794,1984027,0,0,0,7530334,11635642,1985161
24 x 256 B,1,794,1985328,0,0,0,7531993,11635642,1986314
24 x 256 B,2,794,1983731,0,0,0,7528312,11635642,1984747
24 x 256 B,3,794,1987080,0,0,0,7537967,11635642,1988072
24 x 256 B,4,794,1983552,0,0,0,7528555,11635642,1984559
24 x 256 B,5,794,1984784,0,0,0,7529963,11635642,1985787
24 x 256 B,6,794,1986953,0,0,0,7541634,11635642,1987975
24 x 256 B,7,794,1987786,0,0,0,7540347,11635642,1988815
24 x 256 B,8,794,1987496,0,0,0,7541505,11635642,1988521
24 x 256 B,9,794,1988538,0,0,0,7540707,11635642,1989592
24 x 256 B,10,794,1987371,0,0,0,7539273,11635642,1988385
24 x 256 B,11,794,1991210,0,0,0,7541862,11635642,1992298
24 x 256 B,12,794,1988935,0,0,0,7543111,11635642,1990554
24 x 256 B,13,794,1988088,0,0,0,7539883,11635642,1989608
24 x 256 B,14,794,1990611,0,0,0,7543232,11635642,1992279
24 x 256 B,15,794,1989781,0,0,0,7543184,11635642,1991806
24 x 256 B,16,794,1991006,0,0,0,7542187,11635642,1993209
24 x 256 B,17,794,1998533,0,0,0,7545805,11635642,1997090
24 x 256 B,18,794,2000299,0,0,0,7539819,11635642,1992544
24 x 256 B,19,794,1988371,0,0,0,7540060,11635642,1989440
24 x 256 B,20,794,1987451,0,0,0,7541277,11635642,1988477
24 x 256 B,21,794,1986541,0,0,0,7537852,11635642,1987551
24 x 256 B,22,794,1987065,0,0,0,7538753,11635642,1988081
24 x 256 B,23,794,1988230,0,0,0,7542856,11635642,1989244
24 x 256 B,24,794,1988295,0,0,0,7540808,11635642,1989474
24 x 256 B,25,794,1988202,0,0,0,7540924,11635642,1989233
24 x 256 B,26,794,1989206,0,0,0,7543225,11635642,1990296
24 x 256 B,27,794,1987815,0,0,0,7541749,11635642,1988816
24 x 256 B,28,794,1987625,0,0,0,7538342,11635642,1988677
24 x 256 B,29,794,1987500,0,0,0,7539781,11635642,1988504
24 x 256 B,30,794,1987539,0,0,0,7540195,11635642,1988559
24 x 256 B,31,794,1987296,0,0,0,7538339,11635642,1988306
64 x 256 B,0,301,1997603,0,0,0,7573880,11585555,1998827
64 x 256 B,1,301,1995735,0,0,0,7573394,11585555,1996804
64 x 256 B,2,301,1995695,0,0,0,7571915,11585555,1996734
64 x 256 B,3,301,1995104,0,0,0,7570169,11585555,1996124
64 x 256 B,4,301,1998344,0,0,0,7577202,11585555,1999352
64 x 256 B,5,301,1996380,0,0,0,7576561,11585555,1997421
64 x 256 B,6,301,1996345,0,0,0,7573978,11585555,1997368
64 x 256 B,7,301,1996136,0,0,0,7574034,11585555,1997183
64 x 256 B,8,301,1996723,0,0,0,7574952,11585555,1997731
64 x 256 B,9,301,1994030,0,0,0,7567766,11585555,1995065
64 x 256 B,10,301,2008258,0,0,0,7573730,11585555,2003589
64 x 256 B,11,301,1997298,0,0,0,7575597,11585555,1998365
64 x 256 B,12,301,1996940,0,0,0,7577393,11585555,1997971
64 x 256 B,13,301,1995296,0,0,0,7572182,11585555,1996330
64 x 256 B,14,301,1996540,0,0,0,7576352,11585555,1997587
64 x 256 B,15,301,1996587,0,0,0,7577498,11585555,1997669
64 x 256 B,16,301,1996926,0,0,0,7577019,11585555,1997978
64 x 256 B,17,301,1996479,0,0,0,7575019,11585555,1997506
64 x 256 B,18,301,1996032,0,0,0,7572421,11585555,1997319
64 x 256 B,19,301,1997088,0,0,0,7574204,11585555,1998907
64 x 256 B,20,301,1997860,0,0,0,7577061,11585555,1999379
64 x 256 B,21,301,1996687,0,0,0,7572786,11585555,1998585
64 x 256 B,22,301,1996142,0,0,0,7571031,11585555,1997412
64 x 256 B,23,301,1997429,0,0,0,7571567,11585555,2000109
64 x 256 B,24,301,2008427,0,0,0,7571595,11585555,2007282
64 x 256 B,25,301,1997002,0,0,0,7571569,11585555,1998081
64 x 256 B,26,301,1994761,0,0,0,7567238,11585555,1995841
64 x 256 B,27,301,1994892,0,0,0,7563786,11585555,1995985
64 x 256 B,28,301,1995169,0,0,0,7571518,11585555,1996226
64 x 256 B,29,301,1996807,0,0,0,7571370,11585555,1997908
64 x 256 B,30,301,1993373,0,0,0,7564865,11585555,1994418
64 x 256 B,31,301,1994720,0,0,0,7567397,11585555,1995756
128 x 256 B,0,149,2005961,0,0,0,7608676,11417491,2007144
128 x 256 B,1,149,2004686,0,0,0,7607118,11417491,2005746
128 x 256 B,2,149,2004906,0,0,0,7606419,11417491,2005958
128 x 256 B,3,149,2004632,0,0,0,7606619,11417491,2005791
128 x 256 B,4,149,2005562,0,0,0,7608053,11417491,2006609
128 x 256 B,5,149,2005053,0,0,0,7608407,11417491,2006179
128 x 256 B,6,149,2005338,0,0,0,7608605,11417491,2006383
128 x 256 B,7,149,2004508,0,0,0,7607092,11417491,2005623
128 x 256 B,8,149,2005875,0,0,0,7609473,11417491,2006942
128 x 256 B,9,149,2013501,0,0,0,7611403,11417491,2010111
128 x 256 B,10,149,2005301,0,0,0,7607829,11417491,2006351
128 x 256 B,11,149,2005036,0,0,0,7607493,11417491,2006110
128 x 256 B,12,149,2005875,0,0,0,7608684,11417491,2006901
128 x 256 B,13,149,2005084,0,0,0,7609393,11417491,2006138
128 x 256 B,14,149,2005573,0,0,0,7607892,11417491,2006615
128 x 256 B,15,149,2003901,0,0,0,7605146,11417491,2004954
128 x 256 B,16,149,2006050,0,0,0,7607540,11417491,2007114
128 x 256 B,17,149,2005266,0,0,0,7608709,11417491,2006337
128 x 256 B,18,149,2005780,0,0,0,7609666,11417491,2006818
128 x 256 B,19,149,2004282,0,0,0,7603903,11417491,2005326
128 x 256 B,20,149,2004866,0,0,0,7607198,11417491,2005907
128 x 256 B,21,149,2004934,0,0,0,7608624,11417491,2005996
128 x 256 B,22,149,2005032,0,0,0,7607463,11417491,2006058
128 x 256 B,23,149,2005069,0,0,0,7608765,11417491,2006134
128 x 256 B,24,149,2005122,0,0,0,7607603,11417491,2006165
128 x 256 B,25,149,2006528,0,0,0,7610403,11417491,2007769
128 x 256 B,26,149,2006034,0,0,0,7607622,11417491,2007639
128 x 256 B,27,149,2004715,0,0,0,7603343,11417491,2006594
128 x 256 B,28,149,2006334,0,0,0,7607293,11417491,2008127
128 x 256 B,29,149,2005154,0,0,0,7604303,11417491,2006567
128 x 256 B,30,149,2007752,0,0,0,7607847,11417491,2010152
128 x 256 B,31,149,2008407,0,0,0,7606602,11417491,2009761
129 x 256 B,0,145,1985696,0,0,0,7529358,11386926,1986942
129 x 256 B,1,145,1985400,0,0,0,7529793,11386926,1986526
129 x 256 B,2,145,1985177,0,0,0,7528558,11386926,1986284
129 x 256 B,3,145,1983396,0,0,0,7525233,11386926,1984488
129 x 256 B,4,145,1985515,0,0,0,7529777,11386926,1986625
129 x 256 B,5,145,1984412,0,0,0,7527658,11386926,1985517
129 x 256 B,6,145,1982919,0,0,0,7523241,11386926,1983994
129 x 256 B,7,145,1984599,0,0,0,7528207,11386926,1985667
129 x 256 B,8,145,1982209,0,0,0,7522439,11386926,1983261
129 x 256 B,9,145,1982397,0,0,0,7521628,11386926,1983453
129 x 256 B,10,145,1981576,0,0,0,7519953,11386926,1982676
129 x 256 B,11,145,1984969,0,0,0,7530557,11386926,1986024
129 x 256 B,12,145,1983303,0,0,0,7525532,11386926,1984353
129 x 256 B,13,145,1984054,0,0,0,7525905,11386926,1985108
129 x 256 B,14,145,1982732,0,0,0,7524398,11386926,1983799
129 x 256 B,15,145,1983897,0,0,0,7526744,11386926,1984952
129 x 256 B,16,145,1984317,0,0,0,7530360,11386926,1985373
129 x 256 B,17,145,1984037,0,0,0,7525771,11386926,1985098
129 x 256 B,18,145,1983636,0,0,0,7528542,11386926,1984685
129 x 256 B,19,145,1984275,0,0,0,7527300,11386926,1985338
129 x 256 B,20,145,1983724,0,0,0,7527019,11386926,1984788
129 x 256 B,21,145,1983294,0,0,0,7522474,11386926,1984365
129 x 256 B,22,145,1982666,0,0,0,7523845,11386926,1983746
129 x 256 B,23,145,1983609,0,0,0,7525145,11386926,1984673
129 x 256 B,24,145,1984983,0,0,0,7533405,11386926,1986059
129 x 256 B,25,145,1984691,0,0,0,7528332,11386926,1985765
129 x 256 B,26,145,1982711,0,0,0,7522558,11386926,1983796
129 x 256 B,27,145,1985446,0,0,0,7529388,11386926,1986545
129 x 256 B,28,145,1984935,0,0,0,7530768,11386926,1986024
129 x 256 B,29,145,1985309,0,0,0,7527478,11386926,1986414
129 x 256 B,30,145,1983434,0,0,0,7525944,11386926,1984517
129 x 256 B,31,145,1984360,0,0,0,7527531,11386926,1985428
1024 x 256 B,0,19,2062431,0,0,0,7823267,11629278,2064493
1024 x 256 B,1,19,2073269,0,0,0,7864290,11629278,2075074
1024 x 256 B,2,19,2062144,0,0,0,7819059,11629278,2063878
1024 x 256 B,3,19,2057787,0,0,0,7803694,11629278,2059203
1024 x 256 B,4,19,2056739,0,0,0,7794098,11629278,2059573
1024 x 256 B,5,19,2060382,0,0,0,7782859,11629278,2058884
1024 x 256 B,6,19,2052303,0,0,0,7783127,11629278,2053441
1024 x 256 B,7,19,2053546,0,0,0,7783840,11629279,2054636
1024 x 256 B,8,19,2049796,0,0,0,7777908,11629278,2050894
1024 x 256 B,9,19,2050711,0,0,0,7777485,11629278,2051816
1024 x 256 B,10,19,2051938,0,0,0,7781901,11629278,2053059
1024 x 256 B,11,19,2051738,0,0,0,7784610,11629278,2052803
1024 x 256 B,12,19,2051941,0,0,0,7785400,11629278,2053000
1024 x 256 B,13,19,2437619,0,0,0,7785417,11629278,2438719
1024 x 256 B,14,19,2052292,0,0,0,7785044,11629278,2053355
1024 x 256 B,15,19,2051573,0,0,0,7785079,11629278,2052636
1024 x 256 B,16,19,2051935,0,0,0,7785946,11629278,2052990
1024 x 256 B,17,19,2051175,0,0,0,7784212,11629278,2052212
1024 x 256 B,18,19,2053198,0,0,0,7784992,11629279,2054242
1024 x 256 B,19,19,2051404,0,0,0,7783716,11629278,2052455
1024 x 256 B,20,19,2052016,0,0,0,7786559,11629278,2053077
1024 x 256 B,21,19,2051735,0,0,0,7782529,11629278,2052777
1024 x 256 B,22,19,2051339,0,0,0,7784131,11629278,2052401
1024 x 256 B,23,19,2051591,0,0,0,7784467,11629278,2052651
1024 x 256 B,24,19,2051551,0,0,0,7786077,11629278,2052618
1024 x 256 B,25,19,2052251,0,0,0,7786468,11629278,2053306
1024 x 256 B,26,19,2051401,0,0,0,7785929,11629278,2052469
1024 x 256 B,27,19,2053084,0,0,0,7785054,11629278,2054193
1024 x 256 B,28,19,2050865,0,0,0,7782630,11629278,2051919
1024 x 256 B,29,19,2052093,0,0,0,7785066,11629278,2053142
1024 x 256 B,30,19,2050996,0,0,0,7784047,11629278,2052080
1024 x 256 B,31,19,2051437,0,0,0,7783209,11629278,2052492
1 x 512 B,0,3976,1901557,0,0,0,7214290,16631974,1902602
1 x 512 B,1,3976,1900947,0,0,0,7213978,16631974,1901826
1 x 512 B,2,3976,1900077,0,0,0,7209967,16631974,1900941
1 x 512 B,3,3976,1901803,0,0,0,7215894,16631974,1902669
1 x 512 B,4,3976,1902589,0,0,0,7218277,16631974,1903457
1 x 512 B,5,3976,1965419,0,0,0,7213830,16631974,1906068
1 x 512 B,6,3976,1904159,0,0,0,7220041,16631974,1905600
1 x 512 B,7,3976,1902575,0,0,0,7216054,16631974,1903461
1 x 512 B,8,3976,1900739,0,0,0,7213815,16631973,1902197
1 x 512 B,9,3976,1902682,0,0,0,7214159,16631974,1903920
1 x 512 B,10,3976,1903290,0,0,0,7218528,16631974,1904417
1 x 512 B,11,3976,1904284,0,0,0,7216690,16631974,1906341
1 x 512 B,12,3976,1902722,0,0,0,7216735,16631974,1903861
1 x 512 B,13,3976,1901543,0,0,0,7212948,16631974,1902525
1 x 512 B,14,3976,1901813,0,0,0,7214762,16631974,1902873
1 x 512 B,15,3976,1902110,0,0,0,7216892,16631974,1903076
1 x 512 B,16,3976,1901905,0,0,0,7216562,16631974,1902876
1 x 512 B,17,3976,1901986,0,0,0,7216587,16631974,1902993
1 x 512 B,18,3976,1899074,0,0,0,7209911,16631973,1900079
1 x 512 B,19,3976,1901960,0,0,0,7214819,16631974,1902944
1 x 512 B,20,3976,1903735,0,0,0,7216952,16631974,1904780
1 x 512 B,21,3976,1902577,0,0,0,7217504,16631974,1903570
1 x 512 B,22,3976,1902193,0,0,0,7217289,16631974,1903181
1 x 512 B,23,3976,2278056,0,0,0,7214893,16631974,2279065
1 x 512 B,24,3976,1901116,0,0,0,7214220,16631974,1902098
1 x 512 B,25,3976,1901647,0,0,0,7216083,16631974,1902616
1 x 512 B,26,3976,1901743,0,0,0,7216333,16631974,1902718
1 x 512 B,27,3976,1902322,0,0,0,7216367,16631974,1903290
1 x 512 B,28,3976,1903008,0,0,0,7218421,16631974,1903985
1 x 512 B,29,3976,1902254,0,0,0,7218058,16631974,1903215
1 x 512 B,30,3976,1902308,0,0,0,7218638,16631974,1903267
1 x 512 B,31,3976,1901984,0,0,0,7216181,16631974,1902952
3 x 512 B,0,1506,1959111,0,0,0,7431019,11965536,1960182
3 x 512 B,1,1506,1983648,0,0,0,7526961,11965536,1984630
3 x 512 B,2,1506,1968788,0,0,0,7470719,11965536,1969751
3 x 512 B,3,1506,1951279,0,0,0,7410340,11965535,1952251
3 x 512 B,4,1506,1965106,0,0,0,7457197,11965536,1966068
3 x 512 B,5,1506,1953994,0,0,0,7413672,11965536,1954979
3 x 512 B,6,1506,1961312,0,0,0,7442689,11965536,1962285
3 x 512 B,7,1506,1962624,0,0,0,7447278,11965536,1963645
3 x 512 B,8,1506,1989959,0,0,0,7551352,11965536,1990948
3 x 512 B,9,1506,1961600,0,0,0,7443763,11965536,1962564
3 x 512 B,10,1506,1968807,0,0,0,7471388,11965536,1969765
3 x 512 B,11,1506,1968006,0,0,0,7466314,11965536,1968969
3 x 512 B,12,1506,1967070,0,0,0,7465047,11965536,1968045
3 x 512 B,13,1506,1982567,0,0,0,7521756,11965536,1983526
3 x 512 B,14,1506,1961298,0,0,0,7442424,11965536,1962567
3 x 512 B,15,1506,1982193,0,0,0,7518281,11965536,1983923
3 x 512 B,16,1506,1967665,0,0,0,7461070,11965536,1969174
3 x 512 B,17,1506,2003649,0,0,0,7599322,11965536,2005262
3 x 512 B,18,1506,1981096,0,0,0,7513027,11965536,1982322
3 x 512 B,19,1506,1976239,0,0,0,7444263,11965536,1975486
3 x 512 B,20,1506,1983056,0,0,0,7497716,11965536,1982376
3 x 512 B,21,1506,1992749,0,0,0,7505776,11965536,1984031
3 x 512 B,22,1506,1959819,0,0,0,7435664,11965536,1960815
3 x 512 B,23,1506,1966107,0,0,0,7459820,11965536,1967092
3 x 512 B,24,1506,1972627,0,0,0,7484669,11965536,1973580
3 x 512 B,25,1506,1999816,0,0,0,7587757,11965536,2000787
3 x 512 B,26,1506,1968107,0,0,0,7461119,11965536,1969166
3 x 512 B,27,1506,1980797,0,0,0,7514829,11965536,1981824
3 x 512 B,28,1506,1938445,0,0,0,7353626,11965536,1939421
3 x 512 B,29,1506,1953805,0,0,0,7409992,11965536,1954820
3 x 512 B,30,1506,1964770,0,0,0,7454568,11965536,1965728
3 x 512 B,31,1506,1935477,0,0,0,7340212,11965536,1936487
4 x 512 B,0,1522,1968739,0,0,0,7470086,11868922,1969799
4 x 512 B,1,1522,1968195,0,0,0,7467705,11868922,1969171
4 x 512 B,2,1522,1966100,0,0,0,7461529,11868922,1967076
4 x 512 B,3,1522,1965285,0,0,0,7457366,11868922,1966263
4 x 512 B,4,1522,1953663,0,0,0,7412934,11868922,1954658
4 x 512 B,5,1522,1956710,0,0,0,7425005,11868922,1957700
4 x 512 B,6,1522,1953988,0,0,0,7419120,11868921,1954948
4 x 512 B,7,1522,1964225,0,0,0,7453478,11868922,1965182
4 x 512 B,8,1522,1970277,0,0,0,7476396,11868922,1971229
4 x 512 B,9,1522,1962305,0,0,0,7446322,11868922,1963277
4 x 512 B,10,1522,1979061,0,0,0,7509700,11868922,1980029
4 x 512 B,11,1522,1960160,0,0,0,7438293,11868922,1961132
4 x 512 B,12,1522,1968195,0,0,0,7467065,11868922,1969152
4 x 512 B,13,1522,1965696,0,0,0,7456940,11868922,1966675
4 x 512 B,14,1522,1956315,0,0,0,7421456,11868922,1957282
4 x 512 B,15,1522,1958197,0,0,0,7430869,11868922,1959150
4 x 512 B,16,1522,1963538,0,0,0,7450873,11868922,1964507
4 x 512 B,17,1522,1967354,0,0,0,7465389,11868922,1968318
4 x 512 B,18,1522,1972268,0,0,0,7484183,11868922,1973249
4 x 512 B,19,1522,1967278,0,0,0,7465852,11868922,1968267
4 x 512 B,20,1522,1955603,0,0,0,7418604,11868922,1956593
4 x 512 B,21,1522,1961010,0,0,0,7440174,11868922,1962005
4 x 512 B,22,1522,1981129,0,0,0,7510226,11868922,1982807
4 x 512 B,23,1522,1971269,0,0,0,7478084,11868922,1972353
4 x 512 B,24,1522,1969041,0,0,0,7464889,11868922,1970713
4 x 512 B,25,1522,1975031,0,0,0,7490074,11868922,1976163
4 x 512 B,26,1522,1969589,0,0,0,7465712,11868922,1971006
4 x 512 B,27,1522,1971171,0,0,0,7465358,11868922,1973418
4 x 512 B,28,1522,1984835,0,0,0,7523393,11868922,1985977
4 x 512 B,29,1522,1989455,0,0,0,7546155,11868922,1990510
4 x 512 B,30,1522,1992671,0,0,0,7552104,11868922,1994300
4 x 512 B,31,1522,1989862,0,0,0,7550041,11868922,1990930
6 x 512 B,0,982,2353315,0,0,0,7501431,11013496,2354483
6 x 512 B,1,982,1977772,0,0,0,7505092,11013496,1978756
6 x 512 B,2,982,1964337,0,0,0,7451915,11013496,1965749
6 x 512 B,3,982,1973289,0,0,0,7470984,11013496,1974792
6 x 512 B,4,982,1970184,0,0,0,7468845,11013496,1971945
6 x 512 B,5,982,1970322,0,0,0,7465934,11013496,1972709
6 x 512 B,6,982,1963564,0,0,0,7448781,11013496,1964626
6 x 512 B,7,982,1979092,0,0,0,7454538,11013496,1971561
6 x 512 B,8,982,1963936,0,0,0,7447662,11013496,1964965
6 x 512 B,9,982,1966114,0,0,0,7458078,11013496,1967103
6 x 512 B,10,982,1971012,0,0,0,7478680,11013496,1971971
6 x 512 B,11,982,1985876,0,0,0,7534751,11013496,1986967
6 x 512 B,12,982,1985425,0,0,0,7528959,11013496,1986408
6 x 512 B,13,982,1968866,0,0,0,7467397,11013496,1969900
6 x 512 B,14,982,1970278,0,0,0,7474481,11013496,1971253
6 x 512 B,15,982,1992338,0,0,0,7561039,11013496,1993305
6 x 512 B,16,982,2338860,0,0,0,7475474,11013496,2339892
6 x 512 B,17,982,1977440,0,0,0,7503484,11013496,1978422
6 x 512 B,18,982,2001304,0,0,0,7594126,11013496,2002278
6 x 512 B,19,982,1988465,0,0,0,7545850,11013496,1989434
6 x 512 B,20,982,1976732,0,0,0,7500378,11013496,1977695
6 x 512 B,21,982,1970707,0,0,0,7478876,11013496,1971691
6 x 512 B,22,982,1984671,0,0,0,7529436,11013496,1985640
6 x 512 B,23,982,1984942,0,0,0,7530830,11013496,1985911
6 x 512 B,24,982,1967645,0,0,0,7460794,11013496,1968687
6 x 512 B,25,982,1973809,0,0,0,7488419,11013496,1974805
6 x 512 B,26,982,1966640,0,0,0,7462145,11013496,1967629
6 x 512 B,27,982,1965036,0,0,0,7454938,11013496,1966004
6 x 512 B,28,982,1965594,0,0,0,7454105,11013496,1966619
6 x 512 B,29,982,1966255,0,0,0,7456726,11013496,1967716
6 x 512 B,30,982,1975300,0,0,0,7490951,11013496,1976518
6 x 512 B,31,982,1967896,0,0,0,7456776,11013496,1969299
8 x 512 B,0,1183,1976524,0,0,0,7484929,11584302,1977919
8 x 512 B,1,1183,1975185,0,0,0,7481021,11584302,1977046
8 x 512 B,2,1183,1975932,0,0,0,7487571,11584302,1977107
8 x 512 B,3,1183,1972999,0,0,0,7483672,11584302,1974149
8 x 512 B,4,1183,1974229,0,0,0,7484887,11584302,1975309
8 x 512 B,5,1183,1974379,0,0,0,7488792,11584302,1975438
8 x 512 B,6,1183,1974118,0,0,0,7484094,11584302,1975182
8 x 512 B,7,1183,1972256,0,0,0,7480867,11584302,1973298
8 x 512 B,8,1183,1975786,0,0,0,7490059,11584302,1976840
8 x 512 B,9,1183,1974030,0,0,0,7489523,11584302,1975035
8 x 512 B,10,1183,1972745,0,0,0,7483895,11584302,1973748
8 x 512 B,11,1183,1975726,0,0,0,7484656,11584302,1976805
8 x 512 B,12,1183,1972587,0,0,0,7481338,11584302,1973615
8 x 512 B,13,1183,1970854,0,0,0,7484522,11584301,1971855
8 x 512 B,14,1183,1968594,0,0,0,7475465,11584301,1971945
8 x 512 B,15,1183,1972728,0,0,0,7485199,11584302,1973716
8 x 512 B,16,1183,1971667,0,0,0,7478501,11584302,1972676
8 x 512 B,17,1183,1971220,0,0,0,7478790,11584302,1972225
8 x 512 B,18,1183,1971179,0,0,0,7478551,11584302,1972180
8 x 512 B,19,1183,1972096,0,0,0,7482546,11584302,1973104
8 x 512 B,20,1183,1971909,0,0,0,7479319,11584302,1972938
8 x 512 B,21,1183,1973302,0,0,0,7486267,11584302,1974311
8 x 512 B,22,1183,1972390,0,0,0,7482644,11584302,1973399
8 x 512 B,23,1183,1971137,0,0,0,7479124,11584302,1972169
8 x 512 B,24,1183,1973987,0,0,0,7485555,11584302,1974999
8 x 512 B,25,1183,1971857,0,0,0,7480144,11584302,1972856
8 x 512 B,26,1183,1971522,0,0,0,7479342,11584302,1972509
8 x 512 B,27,1183,1971090,0,0,0,7479084,11584302,1972096
8 x 512 B,28,1183,1971938,0,0,0,7479671,11584302,1972959
8 x 512 B,29,1183,1971616,0,0,0,7479357,11584302,1972627
8 x 512 B,30,1183,1969188,0,0,0,7470992,11584302,1970190
8 x 512 B,31,1183,1964884,0,0,0,7455261,11584302,1965895
12 x 512 B,0,679,1994209,0,0,0,7565509,11705647,1995344
12 x 512 B,1,679,1997978,0,0,0,7579940,11705647,1998987
12 x 512 B,2,679,2005859,0,0,0,7579069,11705647,2003125
12 x 512 B,3,679,2001276,0,0,0,7589991,11705647,2002318
12 x 512 B,4,679,1994156,0,0,0,7559470,11705647,1995814
12 x 512 B,5,679,1983870,0,0,0,7524640,11705647,1985308
12 x 512 B,6,679,2001688,0,0,0,7585305,11705647,2003448
12 x 512 B,7,679,1999047,0,0,0,7581458,11705647,2000353
12 x 512 B,8,679,1994479,0,0,0,7556281,11705647,1996867
12 x 512 B,9,679,1986594,0,0,0,7529808,11705647,1987962
12 x 512 B,10,679,2000885,0,0,0,7582349,11705647,2001966
12 x 512 B,11,679,1993093,0,0,0,7518820,11705647,1986589
12 x 512 B,12,679,2000079,0,0,0,7586857,11705647,2001175
12 x 512 B,13,679,2003137,0,0,0,7598089,11705647,2004218
12 x 512 B,14,679,2000596,0,0,0,7588812,11705647,2001635
12 x 512 B,15,679,1993259,0,0,0,7556874,11705647,1994326
12 x 512 B,16,679,1984320,0,0,0,7525549,11705647,1985335
12 x 512 B,17,679,1993716,0,0,0,7559799,11705647,1994770
12 x 512 B,18,679,1983156,0,0,0,7521783,11705647,1984172
12 x 512 B,19,679,1997039,0,0,0,7572726,11705647,1998091
12 x 512 B,20,679,1995580,0,0,0,7569485,11705647,1996608
12 x 512 B,21,679,1987306,0,0,0,7536929,11705647,1988346
12 x 512 B,22,679,1994190,0,0,0,7560293,11705647,1995238
12 x 512 B,23,679,1985210,0,0,0,7530677,11705647,1986230
12 x 512 B,24,679,1985402,0,0,0,7531038,11705647,1986413
12 x 512 B,25,679,1996723,0,0,0,7576076,11705647,1997726
12 x 512 B,26,679,1997967,0,0,0,7581342,11705647,1998982
12 x 512 B,27,679,1999355,0,0,0,7583633,11705647,2000364
12 x 512 B,28,679,1996657,0,0,0,7574325,11705647,1997658
12 x 512 B,29,679,1994866,0,0,0,7568028,11705647,1995881
12 x 512 B,30,679,1987921,0,0,0,7542832,11705647,1988928
12 x 512 B,31,679,1986001,0,0,0,7533135,11705647,1987004
16 x 512 B,0,601,1984968,0,0,0,7530813,11558197,1986088
16 x 512 B,1,601,1985540,0,0,0,7533876,11558197,1986571
16 x 512 B,2,601,1985210,0,0,0,7529658,11558197,1986231
16 x 512 B,3,601,1985323,0,0,0,7532467,11558197,1986325
16 x 512 B,4,601,1985709,0,0,0,7533136,11558197,1986718
16 x 512 B,5,601,1985033,0,0,0,7532067,11558197,1986037
16 x 512 B,6,601,1985683,0,0,0,7532584,11558197,1986716
16 x 512 B,7,601,1984849,0,0,0,7530969,11558197,1985852
16 x 512 B,8,601,1984805,0,0,0,7530468,11558197,1985830
16 x 512 B,9,601,1985921,0,0,0,7533208,11558197,1986976
16 x 512 B,10,601,1985873,0,0,0,7533201,11558197,1987164
16 x 512 B,11,601,1986137,0,0,0,7531541,11558197,1987754
16 x 512 B,12,601,1986155,0,0,0,7530774,11558197,1987457
16 x 512 B,13,601,1987752,0,0,0,7537511,11558197,1989140
16 x 512 B,14,601,1987672,0,0,0,7538244,11558197,1988957
16 x 512 B,15,601,1991276,0,0,0,7541778,11558197,1993761
16 x 512 B,16,601,1989159,0,0,0,7543932,11558197,1990377
16 x 512 B,17,601,1999948,0,0,0,7541545,11558197,1993740
16 x 512 B,18,601,1988983,0,0,0,7543507,11558197,1990041
16 x 512 B,19,601,1988538,0,0,0,7543538,11558197,1989584
16 x 512 B,20,601,1987170,0,0,0,7540324,11558197,1988171
16 x 512 B,21,601,1987726,0,0,0,7540988,11558197,1988784
16 x 512 B,22,601,1988895,0,0,0,7542644,11558197,1989960
16 x 512 B,23,601,1988538,0,0,0,7539321,11558197,1989614
16 x 512 B,24,601,1987708,0,0,0,7541469,11558197,1988718
16 x 512 B,25,601,1988245,0,0,0,7540009,11558197,1989291
16 x 512 B,26,601,1987759,0,0,0,7540118,11558197,1988784
16 x 512 B,27,601,1989081,0,0,0,7545276,11558197,1990101
16 x 512 B,28,601,1986250,0,0,0,7535956,11558197,1987265
16 x 512 B,29,601,1988405,0,0,0,7543929,11558197,1989450
16 x 512 B,30,601,1988150,0,0,0,7543125,11558197,1989185
16 x 512 B,31,601,1988269,0,0,0,7541244,11558197,1989294
24 x 512 B,0,402,1991421,0,0,0,7549139,11525706,1992629
24 x 512 B,1,402,2001746,0,0,0,7558566,11525706,1996539
24 x 512 B,2,402,1990096,0,0,0,7548290,11525706,1991117
24 x 512 B,3,402,1990362,0,0,0,7552098,11525706,1991378
24 x 512 B,4,402,1989744,0,0,0,7548715,11525706,1990762
24 x 512 B,5,402,1991427,0,0,0,7554631,11525706,1992455
24 x 512 B,6,402,1990601,0,0,0,7551457,11525706,1991605
24 x 512 B,7,402,1990522,0,0,0,7552427,11525706,1991554
24 x 512 B,8,402,1989485,0,0,0,7548504,11525706,1990510
24 x 512 B,9,402,1991327,0,0,0,7553189,11525706,1992366
24 x 512 B,10,402,1989651,0,0,0,7547886,11525706,1990656
24 x 512 B,11,402,1990625,0,0,0,7552039,11525706,1991657
24 x 512 B,12,402,1989481,0,0,0,7548579,11525706,1990501
24 x 512 B,13,402,1989822,0,0,0,7547780,11525706,1990875
24 x 512 B,14,402,1990823,0,0,0,7552770,11525706,1991842
24 x 512 B,15,402,1989494,0,0,0,7547933,11525706,1990513
24 x 512 B,16,402,1989954,0,0,0,7549246,11525706,1990966
24 x 512 B,17,402,1991230,0,0,0,7552697,11525706,1992314
24 x 512 B,18,402,1990916,0,0,0,7548738,11525706,1992287
24 x 512 B,19,402,1990813,0,0,0,7549401,11525706,1992088
24 x 512 B,20,402,1989798,0,0,0,7549546,11525705,1991487
24 x 512 B,21,402,1990543,0,0,0,7545725,11525706,1992436
24 x 512 B,22,402,1986200,0,0,0,7530481,11525706,1988326
24 x 512 B,23,402,1988525,0,0,0,7536159,11525706,1990257
24 x 512 B,24,402,1985280,0,0,0,7531146,11525706,1986373
24 x 512 B,25,402,1999071,0,0,0,7537046,11525706,1992861
24 x 512 B,26,402,1986812,0,0,0,7538702,11525706,1987855
24 x 512 B,27,402,1988887,0,0,0,7544824,11525706,1989941
24 x 512 B,28,402,1984964,0,0,0,7529343,11525706,1986010
24 x 512 B,29,402,1988444,0,0,0,7544112,11525706,1989473
24 x 512 B,30,402,1986130,0,0,0,7534708,11525706,1987245
24 x 512 B,31,402,1987286,0,0,0,7538547,11525706,1988319
64 x 512 B,0,151,2013970,0,0,0,7603203,11455981,2009404
64 x 512 B,1,151,2003862,0,0,0,7600981,11455981,2004961
64 x 512 B,2,151,2004736,0,0,0,7602174,11455981,2005842
64 x 512 B,3,151,2003858,0,0,0,7603523,11455981,2004950
64 x 512 B,4,151,2004105,0,0,0,7602222,11455981,2005163
64 x 512 B,5,151,2003291,0,0,0,7601498,11455981,2004353
64 x 512 B,6,151,2004463,0,0,0,7605295,11455981,2007262
64 x 512 B,7,151,2004196,0,0,0,7602081,11455981,2005257
64 x 512 B,8,151,2003124,0,0,0,7599575,11455981,2004163
64 x 512 B,9,151,2003712,0,0,0,7603247,11455981,2004779
64 x 512 B,10,151,2003897,0,0,0,7603347,11455981,2004969
64 x 512 B,11,151,2004122,0,0,0,7604783,11455981,2005206
64 x 512 B,12,151,2003333,0,0,0,7601948,11455981,2004393
64 x 512 B,13,151,2003946,0,0,0,7603961,11455981,2005024
64 x 512 B,14,151,2004211,0,0,0,7604225,11455981,2005264
64 x 512 B,15,151,2003926,0,0,0,7602823,11455981,2004993
64 x 512 B,16,151,2004043,0,0,0,7601003,11455981,2005132
64 x 512 B,17,151,2004213,0,0,0,7604050,11455981,2005306
64 x 512 B,18,151,2003204,0,0,0,7601604,11455981,2004284
64 x 512 B,19,151,2003685,0,0,0,7601972,11455981,2004754
64 x 512 B,20,151,2003621,0,0,0,7602103,11455981,2004681
64 x 512 B,21,151,2005306,0,0,0,7604998,11455981,2006385
64 x 512 B,22,151,2003759,0,0,0,7601995,11455981,2004934
64 x 512 B,23,151,2003829,0,0,0,7602395,11455981,2004896
64 x 512 B,24,151,2003675,0,0,0,7601417,11455981,2004735
64 x 512 B,25,151,2004446,0,0,0,7602753,11455981,2006001
64 x 512 B,26,151,2005042,0,0,0,7603153,11455981,2006258
64 x 512 B,27,151,2005362,0,0,0,7600968,11455981,2007045
64 x 512 B,28,151,2005053,0,0,0,7602964,11455981,2007123
64 x 512 B,29,151,2006488,0,0,0,7603209,11455981,2008836
64 x 512 B,30,151,2004338,0,0,0,7601245,11455981,2005620
64 x 512 B,31,151,2004508,0,0,0,7603776,11455981,2005588
128 x 512 B,0,76,2016525,0,0,0,7651236,11505018,2017766
128 x 512 B,1,76,2018522,0,0,0,7654567,11505018,2019628
128 x 512 B,2,76,2017927,0,0,0,7654428,11505018,2019016
128 x 512 B,3,76,2017396,0,0,0,7651164,11505018,2018556
128 x 512 B,4,76,2016867,0,0,0,7652169,11505018,2017952
128 x 512 B,5,76,2017609,0,0,0,7652946,11505018,2018703
128 x 512 B,6,76,2017022,0,0,0,7652658,11505018,2018119
128 x 512 B,7,76,2016471,0,0,0,7651262,11505024,2017608
128 x 512 B,8,76,2017065,0,0,0,7653615,11505024,2018152
128 x 512 B,9,76,2016822,0,0,0,7653133,11505018,2017898
128 x 512 B,10,76,2017045,0,0,0,7653750,11505018,2018126
128 x 512 B,11,76,2016951,0,0,0,7652450,11505018,2018047
128 x 512 B,12,76,2017524,0,0,0,7653851,11505018,2018589
128 x 512 B,13,76,2016354,0,0,0,7651804,11505018,2017428
128 x 512 B,14,76,2016643,0,0,0,7650222,11505018,2017719
128 x 512 B,15,76,2016342,0,0,0,7651834,11505018,2017416
128 x 512 B,16,76,2017002,0,0,0,7652693,11505018,2018073
128 x 512 B,17,76,2017897,0,0,0,7650160,11505018,2018995
128 x 512 B,18,76,2017122,0,0,0,7651813,11505018,2018187
128 x 512 B,19,76,2016123,0,0,0,7651120,11505018,2017188
128 x 512 B,20,76,2016744,0,0,0,7651169,11505018,2017800
128 x 512 B,21,76,2016733,0,0,0,7652242,11505018,2017802
128 x 512 B,22,76,2017759,0,0,0,7654911,11505018,2018815
128 x 512 B,23,76,2016760,0,0,0,7653926,11505018,2017829
128 x 512 B,24,76,2017146,0,0,0,7652693,11505018,2018199
128 x 512 B,25,76,2016709,0,0,0,7653191,11505018,2017758
128 x 512 B,26,76,2017148,0,0,0,7653348,11505018,2018208
128 x 512 B,27,76,2016984,0,0,0,7654621,11505018,2018061
128 x 512 B,28,76,2017556,0,0,0,7654172,11505018,2018632
128 x 512 B,29,76,2016772,0,0,0,7653605,11505018,2017833
128 x 512 B,30,76,2017829,0,0,0,7654534,11505018,2018999
128 x 512 B,31,76,2017902,0,0,0,7655362,11505018,2018982
129 x 512 B,0,75,2029312,0,0,0,7683931,11621166,2030873
129 x 512 B,1,75,2024438,0,0,0,7676758,11621166,2026155
129 x 512 B,2,75,2024525,0,0,0,7676762,11621166,2025895
129 x 512 B,3,75,2028136,0,0,0,7685162,11621166,2030881
129 x 512 B,4,75,2024580,0,0,0,7676575,11621166,2026060
129 x 512 B,5,75,2023179,0,0,0,7675763,11621166,2024421
129 x 512 B,6,75,2025354,0,0,0,7682112,11621166,2026438
129 x 512 B,7,75,2023579,0,0,0,7678364,11621166,2024688
129 x 512 B,8,75,2025998,0,0,0,7681832,11621166,2027111
129 x 512 B,9,75,2023987,0,0,0,7680325,11621166,2025081
129 x 512 B,10,75,2023712,0,0,0,7673876,11621166,2024835
129 x 512 B,11,75,2023468,0,0,0,7677247,11621166,2024561
129 x 512 B,12,75,2025943,0,0,0,7685712,11621166,2027000
129 x 512 B,13,75,2025825,0,0,0,7688216,11621166,2026903
129 x 512 B,14,75,2026234,0,0,0,7687289,11621166,2027282
129 x 512 B,15,75,2026064,0,0,0,7688894,11621166,2027159
129 x 512 B,16,75,2026672,0,0,0,7690214,11621166,2027733
129 x 512 B,17,75,2026199,0,0,0,7688751,11621166,2027254
129 x 512 B,18,75,2026679,0,0,0,7689766,11621166,2027732
129 x 512 B,19,75,2024285,0,0,0,7680170,11621166,2025337
129 x 512 B,20,75,2025232,0,0,0,7682806,11621166,2026284
129 x 512 B,21,75,2023432,0,0,0,7678060,11621166,2024489
129 x 512 B,22,75,2025877,0,0,0,7687025,11621166,2026940
129 x 512 B,23,75,2025158,0,0,0,7683143,11621166,2026218
129 x 512 B,24,75,2026165,0,0,0,7686749,11621166,2027216
129 x 512 B,25,75,2024975,0,0,0,7684292,11621166,2026029
129 x 512 B,26,75,2028901,0,0,0,7683775,11621166,2029997
129 x 512 B,27,75,2043030,0,0,0,7676585,11621166,2044957
129 x 512 B,28,75,2022611,0,0,0,7673526,11621166,2023677
129 x 512 B,29,75,2038159,0,0,0,7676172,11621166,2030513
129 x 512 B,30,75,2023847,0,0,0,7676323,11621166,2025046
129 x 512 B,31,75,2022597,0,0,0,7673467,11621166,2023651
1024 x 512 B,0,10,2122015,0,0,0,8053058,12101006,2123259
1024 x 512 B,1,10,2122881,0,0,0,8049027,12101007,2123962
1024 x 512 B,2,10,2121693,0,0,0,8050180,12101006,2122751
1024 x 512 B,3,10,2123269,0,0,0,8055490,12101006,2124328
1024 x 512 B,4,10,2139809,0,0,0,8117609,12101006,2141712
1024 x 512 B,5,10,2136383,0,0,0,8102989,12101006,2137680
1024 x 512 B,6,10,2144293,0,0,0,8131994,12101006,2146460
1024 x 512 B,7,10,2126185,0,0,0,8064709,12101006,2127944
1024 x 512 B,8,10,2123941,0,0,0,8055068,12101006,2125343
1024 x 512 B,9,10,2143968,0,0,0,8053528,12101007,2139026
1024 x 512 B,10,10,2135746,0,0,0,8050956,12101006,2127131
1024 x 512 B,11,10,2121965,0,0,0,8049864,12101006,2123057
1024 x 512 B,12,10,2122368,0,0,0,8052368,12101006,2123461
1024 x 512 B,13,10,2123748,0,0,0,8048787,12101006,2124873
1024 x 512 B,14,10,2125123,0,0,0,8051270,12101006,2126240
1024 x 512 B,15,10,2122756,0,0,0,8049859,12101006,2123857
1024 x 512 B,16,10,2124253,0,0,0,8050940,12101007,2125343
1024 x 512 B,17,10,2122447,0,0,0,8051738,12101006,2123515
1024 x 512 B,18,10,2121626,0,0,0,8049716,12101006,2122693
1024 x 512 B,19,10,2122413,0,0,0,8050135,12101006,2123481
1024 x 512 B,20,10,2121692,0,0,0,8051820,12101006,2122785
1024 x 512 B,21,10,2122152,0,0,0,8051876,12101006,2123235
1024 x 512 B,22,10,2121559,0,0,0,8051183,12101006,2122631
1024 x 512 B,23,10,2121700,0,0,0,8050663,12101006,2122773
1024 x 512 B,24,10,2123585,0,0,0,8051906,12101007,2124623
1024 x 512 B,25,10,2123036,0,0,0,8050688,12101006,2124154
1024 x 512 B,26,10,2129127,0,0,0,8049604,12101006,2125292
1024 x 512 B,27,10,2121763,0,0,0,8052326,12101006,2122853
1024 x 512 B,28,10,2125742,0,0,0,8049993,12101006,2126936
1024 x 512 B,29,10,2121495,0,0,0,8051668,12101006,2122572
1024 x 512 B,30,10,2121577,0,0,0,8050380,12101006,2122635
1024 x 512 B,31,10,2121385,0,0,0,8051853,12101006,2122437
1 x 1024 B,0,2065,1952369,0,0,0,7410617,16518301,1953381
1 x 1024 B,1,2065,1952781,0,0,0,7410331,16518301,1953669
1 x 1024 B,2,2065,1952273,0,0,0,7410270,16518301,1953158
1 x 1024 B,3,2065,1952779,0,0,0,7410556,16518301,1953631
1 x 1024 B,4,2065,1952248,0,0,0,7410016,16518301,1953103
1 x 1024 B,5,2065,1952374,0,0,0,7409966,16518301,1953241
1 x 1024 B,6,2065,1952336,0,0,0,7410112,16518301,1953189
1 x 1024 B,7,2065,1953063,0,0,0,7410239,16518301,1953925
1 x 1024 B,8,2065,1953063,0,0,0,7410090,16518301,1953930
1 x 1024 B,9,2065,1952626,0,0,0,7409970,16518301,1953480
1 x 1024 B,10,2065,1953447,0,0,0,7410049,16518301,1955119
1 x 1024 B,11,2065,1953649,0,0,0,7409523,16518301,1954827
1 x 1024 B,12,2065,1955132,0,0,0,7410085,16518301,1956573
1 x 1024 B,13,2065,1954061,0,0,0,7410623,16518301,1955820
1 x 1024 B,14,2065,1955698,0,0,0,7411458,16518301,1958394
1 x 1024 B,15,2065,1963933,0,0,0,7411719,16518301,1962294
1 x 1024 B,16,2065,1966892,0,0,0,7411590,16518301,1959395
1 x 1024 B,17,2065,1954349,0,0,0,7411295,16518301,1955413
1 x 1024 B,18,2065,1953430,0,0,0,7411036,16518301,1954596
1 x 1024 B,19,2065,1953066,0,0,0,7410779,16518301,1954058
1 x 1024 B,20,2065,1954473,0,0,0,7410939,16518301,1955530
1 x 1024 B,21,2065,1951336,0,0,0,7410448,16518300,1952414
1 x 1024 B,22,2065,1953889,0,0,0,7410988,16518301,1954905
1 x 1024 B,23,2065,1954128,0,0,0,7410874,16518301,1955169
1 x 1024 B,24,2065,1953911,0,0,0,7411011,16518301,1954916
1 x 1024 B,25,2065,1953654,0,0,0,7411049,16518301,1954655
1 x 1024 B,26,2065,1953863,0,0,0,7411025,16518301,1954866
1 x 1024 B,27,2065,1953065,0,0,0,7410865,16518301,1954038
1 x 1024 B,28,2065,1953349,0,0,0,7411024,16518301,1954323
1 x 1024 B,29,2065,1952809,0,0,0,7410808,16518301,1953779
1 x 1024 B,30,2065,1953373,0,0,0,7410778,16518301,1954380
1 x 1024 B,31,2065,1952907,0,0,0,7411216,16518301,1953891
3 x 1024 B,0,785,1981656,0,0,0,7511515,12030491,1982790
3 x 1024 B,1,785,1980450,0,0,0,7513064,12030491,1981446
3 x 1024 B,2,785,1979970,0,0,0,7514242,12030491,1980940
3 x 1024 B,3,785,1979811,0,0,0,7511852,12030491,1980787
3 x 1024 B,4,785,1985787,0,0,0,7534848,12030491,1986795
3 x 1024 B,5,785,1990237,0,0,0,7551293,12030491,1991215
3 x 1024 B,6,785,1989849,0,0,0,7551484,12030491,1990829
3 x 1024 B,7,785,1990404,0,0,0,7550195,12030491,1991376
3 x 1024 B,8,785,1989576,0,0,0,7550770,12030491,1990550
3 x 1024 B,9,785,1990061,0,0,0,7551773,12030491,1991031
3 x 1024 B,10,785,1991515,0,0,0,7551079,12030491,1992528
3 x 1024 B,11,785,1989904,0,0,0,7550244,12030491,1990884
3 x 1024 B,12,785,1990037,0,0,0,7551202,12030491,1990991
3 x 1024 B,13,785,1989713,0,0,0,7550670,12030491,1990671
3 x 1024 B,14,785,1990283,0,0,0,7552546,12030491,1991249
3 x 1024 B,15,785,1990104,0,0,0,7551706,12030491,1991066
3 x 1024 B,16,785,1990389,0,0,0,7551346,12030491,1991362
3 x 1024 B,17,785,1989812,0,0,0,7549377,12030491,1991373
3 x 1024 B,18,785,1990913,0,0,0,7550486,12030491,1992192
3 x 1024 B,19,785,1991580,0,0,0,7551852,12030491,1994226
3 x 1024 B,20,785,1990597,0,0,0,7548861,12030491,1992078
3 x 1024 B,21,785,1990231,0,0,0,7549561,12030491,1991915
3 x 1024 B,22,785,1995508,0,0,0,7525976,12030491,1994267
3 x 1024 B,23,785,1986275,0,0,0,7512796,12030491,1985392
3 x 1024 B,24,785,1979924,0,0,0,7511170,12030491,1980904
3 x 1024 B,25,785,1979458,0,0,0,7511304,12030491,1980423
3 x 1024 B,26,785,1979621,0,0,0,7512119,12030491,1980597
3 x 1024 B,27,785,1979445,0,0,0,7512339,12030491,1980411
3 x 1024 B,28,785,1979648,0,0,0,7511660,12030491,1980604
3 x 1024 B,29,785,1980230,0,0,0,7513387,12030491,1981218
3 x 1024 B,30,785,1980395,0,0,0,7511430,12030491,1981501
3 x 1024 B,31,785,1980222,0,0,0,7511847,12030491,1981230
4 x 1024 B,0,769,1983494,0,0,0,7525950,11672248,1984587
4 x 1024 B,1,769,1983484,0,0,0,7523695,11672248,1984505
4 x 1024 B,2,769,1982934,0,0,0,7523665,11672248,1983921
4 x 1024 B,3,769,1982617,0,0,0,7523290,11672248,1983590
4 x 1024 B,4,769,1983082,0,0,0,7523775,11672248,1984058
4 x 1024 B,5,769,1981912,0,0,0,7522916,11672248,1982874
4 x 1024 B,6,769,1982988,0,0,0,7523281,11672248,1983955
4 x 1024 B,7,769,1982262,0,0,0,7523219,11672248,1983235
4 x 1024 B,8,769,1983187,0,0,0,7523577,11672248,1984146
4 x 1024 B,9,769,1982619,0,0,0,7523433,11672248,1983600
4 x 1024 B,10,769,1983161,0,0,0,7523802,11672248,1984121
4 x 1024 B,11,769,1982211,0,0,0,7524014,11672248,1983170
4 x 1024 B,12,769,1981187,0,0,0,7523071,11672247,1982147
4 x 1024 B,13,769,1982151,0,0,0,7523491,11672248,1983113
4 x 1024 B,14,769,1982735,0,0,0,7523641,11672248,1983707
4 x 1024 B,15,769,1982489,0,0,0,7523977,11672248,1983483
4 x 1024 B,16,769,1982975,0,0,0,7525001,11672248,1983969
4 x 1024 B,17,769,1982107,0,0,0,7523413,11672248,1983067
4 x 1024 B,18,769,1983449,0,0,0,7526326,11672248,1984409
4 x 1024 B,19,769,1983520,0,0,0,7523597,11672248,1984536
4 x 1024 B,20,769,1982840,0,0,0,7523656,11672248,1983818
4 x 1024 B,21,769,1984925,0,0,0,7533563,11672248,1985907
4 x 1024 B,22,769,1974060,0,0,0,7489934,11672248,1975071
4 x 1024 B,23,769,1985926,0,0,0,7500754,11672248,1981416
4 x 1024 B,24,769,1983868,0,0,0,7524554,11672248,1984972
4 x 1024 B,25,769,1983260,0,0,0,7523814,11672248,1985233
4 x 1024 B,26,769,1983983,0,0,0,7523522,11672248,1985556
4 x 1024 B,27,769,1983870,0,0,0,7523636,11672248,1985440
4 x 1024 B,28,769,1984461,0,0,0,7523832,11672248,1985564
4 x 1024 B,29,769,1993623,0,0,0,7524103,11672248,1992759
4 x 1024 B,30,769,1989119,0,0,0,7523804,11672248,1988370
4 x 1024 B,31,769,1984206,0,0,0,7524893,11672248,1985228
6 x 1024 B,0,495,1994562,0,0,0,7564407,10872051,1995732
6 x 1024 B,1,495,1993690,0,0,0,7564122,10872051,1994690
6 x 1024 B,2,495,1993218,0,0,0,7564291,10872051,1994215
6 x 1024 B,3,495,1993510,0,0,0,7564084,10872051,1994538
6 x 1024 B,4,495,1993086,0,0,0,7563631,10872051,1994081
6 x 1024 B,5,495,1993894,0,0,0,7563581,10872051,1994897
6 x 1024 B,6,495,1995027,0,0,0,7563794,10872051,1996096
6 x 1024 B,7,495,1993473,0,0,0,7564163,10872051,1994462
6 x 1024 B,8,495,1994433,0,0,0,7564343,10872051,1995443
6 x 1024 B,9,495,1993299,0,0,0,7563854,10872051,1994287
6 x 1024 B,10,495,1993237,0,0,0,7563812,10872051,1994229
6 x 1024 B,11,495,1993549,0,0,0,7563616,10872051,1994537
6 x 1024 B,12,495,1993284,0,0,0,7563689,10872051,1994285
6 x 1024 B,13,495,1993435,0,0,0,7564195,10872051,1994419
6 x 1024 B,14,495,1994011,0,0,0,7564500,10872051,1994993
6 x 1024 B,15,495,1993781,0,0,0,7563980,10872051,1994798
6 x 1024 B,16,495,1993205,0,0,0,7564038,10872051,1994211
6 x 1024 B,17,495,1993627,0,0,0,7563903,10872051,1994610
6 x 1024 B,18,495,2001740,0,0,0,7564511,10872051,1997675
6 x 1024 B,19,495,1993664,0,0,0,7564011,10872051,1994703
6 x 1024 B,20,495,1993434,0,0,0,7563964,10872051,1994481
6 x 1024 B,21,495,1993473,0,0,0,7563991,10872051,1994484
6 x 1024 B,22,495,2057683,0,0,0,7564651,10872051,1997763
6 x 1024 B,23,495,1993942,0,0,0,7564287,10872051,1994985
6 x 1024 B,24,495,1993302,0,0,0,7563799,10872051,1994293
6 x 1024 B,25,495,1993164,0,0,0,7563789,10872051,1994163
6 x 1024 B,26,495,1993527,0,0,0,7563364,10872051,1994538
6 x 1024 B,27,495,1994075,0,0,0,7563932,10872051,1995066
6 x 1024 B,28,495,1992986,0,0,0,7564319,10872051,1993989
6 x 1024 B,29,495,1993540,0,0,0,7563664,10872051,1994524
6 x 1024 B,30,495,1993213,0,0,0,7563787,10872051,1994326
6 x 1024 B,31,495,1993715,0,0,0,7564309,10872051,1994808
8 x 1024 B,0,604,1989321,0,0,0,7543753,11556094,1990982
8 x 1024 B,1,604,1989404,0,0,0,7542740,11556094,1991287
8 x 1024 B,2,604,1989237,0,0,0,7544817,11556094,1992203
8 x 1024 B,3,604,1989687,0,0,0,7544211,11556094,1991827
8 x 1024 B,4,604,1990219,0,0,0,7544535,11556094,1991543
8 x 1024 B,5,604,1991180,0,0,0,7544131,11556094,1992322
8 x 1024 B,6,604,1988939,0,0,0,7543246,11556094,1990045
8 x 1024 B,7,604,1988930,0,0,0,7543810,11556094,1989989
8 x 1024 B,8,604,1989473,0,0,0,7543846,11556094,1990560
8 x 1024 B,9,604,1989006,0,0,0,7544638,11556094,1990016
8 x 1024 B,10,604,1988894,0,0,0,7543306,11556094,1989937
8 x 1024 B,11,604,1988399,0,0,0,7543666,11556094,1989418
8 x 1024 B,12,604,1988810,0,0,0,7544936,11556094,1989848
8 x 1024 B,13,604,1988463,0,0,0,7545184,11556094,1989453
8 x 1024 B,14,604,1988845,0,0,0,7545643,11556094,1989841
8 x 1024 B,15,604,1988253,0,0,0,7544605,11556094,1989270
8 x 1024 B,16,604,1988616,0,0,0,7544546,11556094,1989624
8 x 1024 B,17,604,1988157,0,0,0,7542764,11556094,1989172
8 x 1024 B,18,604,1988267,0,0,0,7544336,11556094,1989283
8 x 1024 B,19,604,1988243,0,0,0,7543885,11556094,1989251
8 x 1024 B,20,604,1989242,0,0,0,7545573,11556094,1990256
8 x 1024 B,21,604,1988416,0,0,0,7543113,11556094,1989422
8 x 1024 B,22,604,1988182,0,0,0,7544886,11556094,1989196
8 x 1024 B,23,604,1988231,0,0,0,7543440,11556094,1989232
8 x 1024 B,24,604,1988837,0,0,0,7543690,11556094,1989843
8 x 1024 B,25,604,1988607,0,0,0,7545703,11556094,1989641
8 x 1024 B,26,604,1988568,0,0,0,7546368,11556094,1989592
8 x 1024 B,27,604,1988013,0,0,0,7543304,11556094,1989047
8 x 1024 B,28,604,1988368,0,0,0,7545673,11556094,1989406
8 x 1024 B,29,604,1986550,0,0,0,7537899,11556094,1987556
8 x 1024 B,30,604,1987081,0,0,0,7540435,11556094,1988079
8 x 1024 B,31,604,1987403,0,0,0,7540152,11556094,1988407
12 x 1024 B,0,342,1998121,0,0,0,7580784,11615712,1999243
12 x 1024 B,1,342,1997470,0,0,0,7580351,11615712,1998474
12 x 1024 B,2,342,1997848,0,0,0,7580318,11615712,1998864
12 x 1024 B,3,342,1997749,0,0,0,7581244,11615712,1998816
12 x 1024 B,4,342,1998151,0,0,0,7580665,11615712,1999262
12 x 1024 B,5,342,1998887,0,0,0,7581255,11615712,2000207
12 x 1024 B,6,342,1998954,0,0,0,7582044,11615712,2000620
12 x 1024 B,7,342,1998654,0,0,0,7581196,11615712,1999964
12 x 1024 B,8,342,1999825,0,0,0,7581619,11615712,2001566
12 x 1024 B,9,342,1999467,0,0,0,7583569,11615712,2000818
12 x 1024 B,10,342,2014342,0,0,0,7594702,11615712,2012940
12 x 1024 B,11,342,1993523,0,0,0,7559847,11615712,1994708
12 x 1024 B,12,342,1998804,0,0,0,7583271,11615712,1999833
12 x 1024 B,13,342,1998509,0,0,0,7583368,11615712,1999515
12 x 1024 B,14,342,2001174,0,0,0,7593742,11615712,2002192
12 x 1024 B,15,342,1999375,0,0,0,7582568,11615712,2000489
12 x 1024 B,16,342,1992537,0,0,0,7559683,11615712,1993567
12 x 1024 B,17,342,1990667,0,0,0,7549097,11615712,1991726
12 x 1024 B,18,342,1992312,0,0,0,7559332,11615712,1993350
12 x 1024 B,19,342,1996087,0,0,0,7569938,11615712,1997163
12 x 1024 B,20,342,1993047,0,0,0,7560170,11615712,1994086
12 x 1024 B,21,342,1998783,0,0,0,7583461,11615712,1999787
12 x 1024 B,22,342,2001064,0,0,0,7593401,11615712,2002092
12 x 1024 B,23,342,2001459,0,0,0,7593646,11615712,2002795
12 x 1024 B,24,342,1995900,0,0,0,7568259,11615712,1997045
12 x 1024 B,25,342,1989957,0,0,0,7546728,11615712,1991018
12 x 1024 B,26,342,1988944,0,0,0,7546596,11615712,1989981
12 x 1024 B,27,342,1998602,0,0,0,7580267,11615712,1999678
12 x 1024 B,28,342,1997678,0,0,0,7578725,11615712,1998785
12 x 1024 B,29,342,1998653,0,0,0,7577880,11615712,1999985
12 x 1024 B,30,342,1996360,0,0,0,7572116,11615712,1997586
12 x 1024 B,31,342,1999373,0,0,0,7574160,11615712,2000767
16 x 1024 B,0,304,1996084,0,0,0,7569954,11526526,1997591
16 x 1024 B,1,304,2000670,0,0,0,7571715,11526526,2002449
16 x 1024 B,2,304,1995359,0,0,0,7569306,11526526,1996519
16 x 1024 B,3,304,2010804,0,0,0,7570545,11526526,2002906
16 x 1024 B,4,304,1995400,0,0,0,7572031,11526526,1996526
16 x 1024 B,5,304,1995713,0,0,0,7570836,11526526,1996748
16 x 1024 B,6,304,1995136,0,0,0,7570379,11526526,1996170
16 x 1024 B,7,304,1995292,0,0,0,7570922,11526526,1996358
16 x 1024 B,8,304,1995530,0,0,0,7570519,11526526,1996582
16 x 1024 B,9,304,1996177,0,0,0,7569751,11526526,1997260
16 x 1024 B,10,304,1995461,0,0,0,7571112,11526526,1996540
16 x 1024 B,11,304,1996033,0,0,0,7571484,11526526,1997046
16 x 1024 B,12,304,2373045,0,0,0,7569951,11526526,2374575
16 x 1024 B,13,304,1996175,0,0,0,7569033,11526526,1997279
16 x 1024 B,14,304,1996336,0,0,0,7569682,11526526,1997708
16 x 1024 B,15,304,1996744,0,0,0,7569501,11526526,1998118
16 x 1024 B,16,304,1995842,0,0,0,7570329,11526526,1997116
16 x 1024 B,17,304,1999021,0,0,0,7572738,11526526,2000802
16 x 1024 B,18,304,1995685,0,0,0,7571635,11526526,1996792
16 x 1024 B,19,304,1997687,0,0,0,7571240,11526526,1998790
16 x 1024 B,20,304,2004019,0,0,0,7570181,11526526,1998876
16 x 1024 B,21,304,1995572,0,0,0,7571238,11526526,1996649
16 x 1024 B,22,304,1994886,0,0,0,7570300,11526526,1995929
16 x 1024 B,23,304,1995014,0,0,0,7570633,11526526,1996072
16 x 1024 B,24,304,1996736,0,0,0,7573865,11526526,1997803
16 x 1024 B,25,304,1994430,0,0,0,7567410,11526526,1995516
16 x 1024 B,26,304,1996259,0,0,0,7570151,11526526,1997325
16 x 1024 B,27,304,1995371,0,0,0,7570428,11526526,1996414
16 x 1024 B,28,304,1995856,0,0,0,7569277,11526526,1996950
16 x 1024 B,29,304,1995521,0,0,0,7569785,11526526,1996569
16 x 1024 B,30,304,1995979,0,0,0,7571727,11526526,1997005
16 x 1024 B,31,304,1994715,0,0,0,7569754,11526526,1995742
24 x 1024 B,0,203,1996684,0,0,0,7574291,11510060,1997940
24 x 1024 B,1,203,1996406,0,0,0,7574151,11510060,1997441
24 x 1024 B,2,203,1996637,0,0,0,7574849,11510060,1997691
24 x 1024 B,3,203,1998036,0,0,0,7575739,11510060,1999111
24 x 1024 B,4,203,1996832,0,0,0,7574461,11510060,1997906
24 x 1024 B,5,203,1996463,0,0,0,7572900,11510060,1997525
24 x 1024 B,6,203,1996489,0,0,0,7575642,11510060,1997537
24 x 1024 B,7,203,1996105,0,0,0,7573466,11510060,1997205
24 x 1024 B,8,203,1996560,0,0,0,7575532,11510060,1997622
24 x 1024 B,9,203,1996517,0,0,0,7575007,11510060,1997564
24 x 1024 B,10,203,1997772,0,0,0,7571887,11510060,1998895
24 x 1024 B,11,203,1996181,0,0,0,7574060,11510060,1997277
24 x 1024 B,12,203,1996361,0,0,0,7574275,11510060,1997427
24 x 1024 B,13,203,1995450,0,0,0,7571707,11510060,1996520
24 x 1024 B,14,203,1996234,0,0,0,7573372,11510060,1997291
24 x 1024 B,15,203,1995566,0,0,0,7572537,11510060,1996652
24 x 1024 B,16,203,2000273,0,0,0,7573522,11510060,2001385
24 x 1024 B,17,203,1995777,0,0,0,7573346,11510060,1996841
24 x 1024 B,18,203,1996755,0,0,0,7574550,11510060,1997812
24 x 1024 B,19,203,1996749,0,0,0,7575759,11510060,1998199
24 x 1024 B,20,203,1998545,0,0,0,7576719,11510060,1999904
24 x 1024 B,21,203,1996809,0,0,0,7573619,11510060,1998202
24 x 1024 B,22,203,1998135,0,0,0,7574410,11510060,1999728
24 x 1024 B,23,203,1997415,0,0,0,7575274,11510060,1998782
24 x 1024 B,24,203,2009640,0,0,0,7575616,11510060,2008070
24 x 1024 B,25,203,2002769,0,0,0,7575767,11510060,2001910
24 x 1024 B,26,203,2009184,0,0,0,7574653,11510060,2002194
24 x 1024 B,27,203,1996442,0,0,0,7574561,11510060,1997538
24 x 1024 B,28,203,1996372,0,0,0,7574557,11510060,1997434
24 x 1024 B,29,203,1995601,0,0,0,7572592,11510060,1996646
24 x 1024 B,30,203,1996126,0,0,0,7573919,11510060,1997177
24 x 1024 B,31,203,1995115,0,0,0,7572763,11510060,1996186
64 x 1024 B,0,76,2013412,0,0,0,7638507,11446954,2014688
64 x 1024 B,1,76,2013342,0,0,0,7634736,11446954,2014429
64 x 1024 B,2,76,2015423,0,0,0,7640489,11446955,2016507
64 x 1024 B,3,76,2013532,0,0,0,7642308,11446954,2014585
64 x 1024 B,4,76,2391088,0,0,0,7641911,11446954,2392171
64 x 1024 B,5,76,2013707,0,0,0,7642316,11446954,2014847
64 x 1024 B,6,76,2013547,0,0,0,7639841,11446954,2014603
64 x 1024 B,7,76,2012249,0,0,0,7637012,11446954,2013300
64 x 1024 B,8,76,2014120,0,0,0,7637754,11446954,2015224
64 x 1024 B,9,76,2012905,0,0,0,7640591,11446954,2013966
64 x 1024 B,10,76,2013773,0,0,0,7640380,11446954,2014829
64 x 1024 B,11,76,2013292,0,0,0,7638308,11446954,2014349
64 x 1024 B,12,76,2013064,0,0,0,7636753,11446954,2014110
64 x 1024 B,13,76,2013208,0,0,0,7641091,11446954,2014276
64 x 1024 B,14,76,2013955,0,0,0,7642304,11446954,2015004
64 x 1024 B,15,76,2013327,0,0,0,7639808,11446954,2014410
64 x 1024 B,16,76,2013348,0,0,0,7638144,11446954,2014408
64 x 1024 B,17,76,2020779,0,0,0,7640275,11446954,2018422
64 x 1024 B,18,76,2014039,0,0,0,7640019,11446954,2015104
64 x 1024 B,19,76,2012836,0,0,0,7638234,11446954,2013880
64 x 1024 B,20,76,2012322,0,0,0,7635888,11446954,2013388
64 x 1024 B,21,76,2014006,0,0,0,7643227,11446954,2015078
64 x 1024 B,22,76,2013018,0,0,0,7638674,11446954,2014073
64 x 1024 B,23,76,2012970,0,0,0,7639660,11446954,2014026
64 x 1024 B,24,76,2012400,0,0,0,7634277,11446954,2013482
64 x 1024 B,25,76,2012227,0,0,0,7635844,11446954,2013348
64 x 1024 B,26,76,2014167,0,0,0,7640710,11446954,2015921
64 x 1024 B,27,76,2013793,0,0,0,7635568,11446954,2014972
64 x 1024 B,28,76,2017546,0,0,0,7648350,11446954,2019391
64 x 1024 B,29,76,2014987,0,0,0,7642397,11446954,2016648
64 x 1024 B,30,76,2016055,0,0,0,7639826,11446954,2018509
64 x 1024 B,31,76,2024858,0,0,0,7639395,11446954,2023590
128 x 1024 B,0,38,2012789,0,0,0,7638386,11433692,2013990
128 x 1024 B,1,38,2014298,0,0,0,7637247,11433692,2015411
128 x 1024 B,2,38,2010514,0,0,0,7628641,11433692,2011577
128 x 1024 B,3,38,2012910,0,0,0,7633331,11433692,2014007
128 x 1024 B,4,38,2010394,0,0,0,7629251,11433692,2011466
128 x 1024 B,5,38,2012006,0,0,0,7633774,11433692,2013074
128 x 1024 B,6,38,2011786,0,0,0,7635480,11433692,2012870
128 x 1024 B,7,38,2013112,0,0,0,7634396,11433692,2014186
128 x 1024 B,8,38,2010597,0,0,0,7630657,11433692,2011673
128 x 1024 B,9,38,2012504,0,0,0,7636197,11433692,2013558
128 x 1024 B,10,38,2010955,0,0,0,7632789,11433692,2012028
128 x 1024 B,11,38,2012037,0,0,0,7634677,11433692,2013079
128 x 1024 B,12,38,2012606,0,0,0,7639419,11433692,2013679
128 x 1024 B,13,38,2013502,0,0,0,7639210,11433692,2014560
128 x 1024 B,14,38,2011022,0,0,0,7633249,11433692,2012088
128 x 1024 B,15,38,2012601,0,0,0,7636182,11433692,2013660
128 x 1024 B,16,38,2011113,0,0,0,7632275,11433692,2012175
128 x 1024 B,17,38,2012601,0,0,0,7636769,11433692,2013669
128 x 1024 B,18,38,2013027,0,0,0,7637486,11433692,2014091
128 x 1024 B,19,38,2012320,0,0,0,7635943,11433692,2013389
128 x 1024 B,20,38,2012645,0,0,0,7637108,11433692,2013709
128 x 1024 B,21,38,2011781,0,0,0,7635070,11433692,2012837
128 x 1024 B,22,38,2012590,0,0,0,7635616,11433692,2013654
128 x 1024 B,23,38,2010234,0,0,0,7628881,11433692,2011309
128 x 1024 B,24,38,2011275,0,0,0,7632066,11433692,2012341
128 x 1024 B,25,38,2012156,0,0,0,7636305,11433692,2013224
128 x 1024 B,26,38,2012520,0,0,0,7636860,11433692,2013592
128 x 1024 B,27,38,2011365,0,0,0,7633586,11433692,2012437
128 x 1024 B,28,38,2013117,0,0,0,7638981,11433692,2014183
128 x 1024 B,29,38,2012697,0,0,0,7637863,11433692,2013764
128 x 1024 B,30,38,2011199,0,0,0,7632010,11433692,2012276
128 x 1024 B,31,38,2010992,0,0,0,7630696,11433692,2012080
129 x 1024 B,0,38,2049619,0,0,0,7773201,11695550,2051386
129 x 1024 B,1,38,2048496,0,0,0,7769236,11695550,2049732
129 x 1024 B,2,38,2049988,0,0,0,7769734,11695550,2051884
129 x 1024 B,3,38,2047626,0,0,0,7767217,11695550,2049178
129 x 1024 B,4,38,2047821,0,0,0,7763356,11695550,2050315
129 x 1024 B,5,38,2058016,0,0,0,7761574,11695551,2056549
129 x 1024 B,6,38,2060529,0,0,0,7765036,11695550,2052450
129 x 1024 B,7,38,2046362,0,0,0,7760875,11695550,2047533
129 x 1024 B,8,38,2046067,0,0,0,7763018,11695550,2047158
129 x 1024 B,9,38,2046590,0,0,0,7763038,11695550,2047670
129 x 1024 B,10,38,2046856,0,0,0,7766166,11695550,2047962
129 x 1024 B,11,38,2047563,0,0,0,7765427,11695550,2048677
129 x 1024 B,12,38,2046390,0,0,0,7764107,11695550,2047443
129 x 1024 B,13,38,2046259,0,0,0,7765571,11695550,2047347
129 x 1024 B,14,38,2046999,0,0,0,7766357,11695550,2048044
129 x 1024 B,15,38,2046386,0,0,0,7766229,11695550,2047449
129 x 1024 B,16,38,2046912,0,0,0,7767571,11695550,2047969
129 x 1024 B,17,38,2046265,0,0,0,7766080,11695550,2047339
129 x 1024 B,18,38,2046135,0,0,0,7764280,11695550,2047183
129 x 1024 B,19,38,2045159,0,0,0,7762248,11695550,2046231
129 x 1024 B,20,38,2044322,0,0,0,7758289,11695550,2045370
129 x 1024 B,21,38,2046536,0,0,0,7765099,11695550,2047597
129 x 1024 B,22,38,2046776,0,0,0,7766538,11695550,2047830
129 x 1024 B,23,38,2045682,0,0,0,7762773,11695550,2046746
129 x 1024 B,24,38,2045286,0,0,0,7761026,11695550,2046341
129 x 1024 B,25,38,2047101,0,0,0,7761455,11695551,2048153
129 x 1024 B,26,38,2046720,0,0,0,7767828,11695550,2047783
129 x 1024 B,27,38,2046084,0,0,0,7764090,11695550,2047119
129 x 1024 B,28,38,2045407,0,0,0,7762630,11695550,2046460
129 x 1024 B,29,38,2048162,0,0,0,7768202,11695550,2049243
129 x 1024 B,30,38,2045691,0,0,0,7763743,11695550,2046770
129 x 1024 B,31,38,2045948,0,0,0,7764026,11695550,2047028
1024 x 1024 B,0,5,2109598,0,0,0,8006637,12030686,2110903
1024 x 1024 B,1,5,2107849,0,0,0,7999218,12030686,2108930
1024 x 1024 B,2,5,2110277,0,0,0,8000243,12030687,2111338
1024 x 1024 B,3,5,2109229,0,0,0,8003833,12030686,2110300
1024 x 1024 B,4,5,2112193,0,0,0,8012987,12030686,2113397
1024 x 1024 B,5,5,2139586,0,0,0,8116241,12030686,2141111
1024 x 1024 B,6,5,2161256,0,0,0,8197387,12030686,2162595
1024 x 1024 B,7,5,2127463,0,0,0,8068359,12030686,2129162
1024 x 1024 B,8,5,2113399,0,0,0,8013660,12030686,2114905
1024 x 1024 B,9,5,2116074,0,0,0,8012250,12030687,2118447
1024 x 1024 B,10,5,2119267,0,0,0,8004195,12030686,2117486
1024 x 1024 B,11,5,2129088,0,0,0,8009475,12030686,2117627
1024 x 1024 B,12,5,2112481,0,0,0,8012949,12030686,2113698
1024 x 1024 B,13,5,2112416,0,0,0,8013152,12030686,2113538
1024 x 1024 B,14,5,2111122,0,0,0,8009407,12030686,2112420
1024 x 1024 B,15,5,2111778,0,0,0,8008757,12030686,2112878
1024 x 1024 B,16,5,2109568,0,0,0,8005201,12030686,2110642
1024 x 1024 B,17,5,2112382,0,0,0,8012074,12030686,2113464
1024 x 1024 B,18,5,2112941,0,0,0,8008324,12030687,2114035
1024 x 1024 B,19,5,2110171,0,0,0,8006739,12030686,2111259
1024 x 1024 B,20,5,2110753,0,0,0,8006633,12030686,2111893
1024 x 1024 B,21,5,2112358,0,0,0,8015792,12030686,2113462
1024 x 1024 B,22,5,2110944,0,0,0,8009074,12030686,2112096
1024 x 1024 B,23,5,2111364,0,0,0,8012900,12030686,2112454
1024 x 1024 B,24,5,2109720,0,0,0,8006357,12030686,2110988
1024 x 1024 B,25,5,2110432,0,0,0,8009109,12030686,2111534
1024 x 1024 B,26,5,2111559,0,0,0,8010504,12030686,2112646
1024 x 1024 B,27,5,2112161,0,0,0,8009730,12030687,2113239
1024 x 1024 B,28,5,2110992,0,0,0,8010322,12030686,2112036
1024 x 1024 B,29,5,2111441,0,0,0,8012869,12030686,2112498
1024 x 1024 B,30,5,2110977,0,0,0,8011695,12030686,2112039
1024 x 1024 B,31,5,2110601,0,0,0,8010026,12030686,2111663
1 x 2048 B,0,1274,1967595,0,0,0,7466939,9909538,1968589
1 x 2048 B,1,1274,1967294,0,0,0,7467435,9909538,1968180
1 x 2048 B,2,1274,1968033,0,0,0,7468858,9909538,1968913
1 x 2048 B,3,1274,1970781,0,0,0,7480113,9909538,1971669
1 x 2048 B,4,1274,1965043,0,0,0,7457397,9909538,1965919
1 x 2048 B,5,1274,1964854,0,0,0,7457329,9909538,1965724
1 x 2048 B,6,1274,1973258,0,0,0,7488663,9909538,1974124
1 x 2048 B,7,1274,1964626,0,0,0,7457245,9909538,1965504
1 x 2048 B,8,1274,1965157,0,0,0,7457423,9909538,1966029
1 x 2048 B,9,1274,1988249,0,0,0,7463669,9909538,1974834
1 x 2048 B,10,1274,1967574,0,0,0,7463614,9909538,1969021
1 x 2048 B,11,1274,1966078,0,0,0,7457307,9909538,1967485
1 x 2048 B,12,1274,1978146,0,0,0,7502394,9909538,1979719
1 x 2048 B,13,1274,1969786,0,0,0,7468181,9909538,1971458
1 x 2048 B,14,1274,1967904,0,0,0,7461265,9909538,1968918
1 x 2048 B,15,1274,1974785,0,0,0,7478776,9909538,1977238
1 x 2048 B,16,1274,1980216,0,0,0,7483045,9909538,1978770
1 x 2048 B,17,1274,1978557,0,0,0,7460225,9909538,1971143
1 x 2048 B,18,1274,1971264,0,0,0,7477883,9909538,1972192
1 x 2048 B,19,1274,1976606,0,0,0,7502282,9909538,1977487
1 x 2048 B,20,1274,1965256,0,0,0,7457798,9909538,1966206
1 x 2048 B,21,1274,1963089,0,0,0,7456963,9909537,1964040
1 x 2048 B,22,1274,1971559,0,0,0,7479314,9909538,1972440
1 x 2048 B,23,1274,1970773,0,0,0,7478558,9909538,1971678
1 x 2048 B,24,1274,1968252,0,0,0,7458625,9909538,1969195
1 x 2048 B,25,1274,1965544,0,0,0,7459291,9909538,1966435
1 x 2048 B,26,1274,1971055,0,0,0,7480078,9909538,1971926
1 x 2048 B,27,1274,2332611,0,0,0,7458201,9909539,2333509
1 x 2048 B,28,1274,1969672,0,0,0,7475962,9909538,1970572
1 x 2048 B,29,1274,1970044,0,0,0,7476641,9909538,1970921
1 x 2048 B,30,1274,1965424,0,0,0,7459352,9909538,1966291
1 x 2048 B,31,1274,1971666,0,0,0,7481520,9909538,1972543
3 x 2048 B,0,436,1995259,0,0,0,7571574,10019646,1996202
3 x 2048 B,1,436,1994816,0,0,0,7571582,10019646,1995684
3 x 2048 B,2,436,1995199,0,0,0,7571374,10019646,1996067
3 x 2048 B,3,436,1995207,0,0,0,7571628,10019646,1996086
3 x 2048 B,4,436,1995037,0,0,0,7571166,10019646,1995912
3 x 2048 B,5,436,1995101,0,0,0,7571592,10019646,1995989
3 x 2048 B,6,436,1994971,0,0,0,7571359,10019646,1995859
3 x 2048 B,7,436,1994658,0,0,0,7571214,10019646,1995540
3 x 2048 B,8,436,2011648,0,0,0,7572196,10019646,2000747
3 x 2048 B,9,436,1995534,0,0,0,7571813,10019646,1996480
3 x 2048 B,10,436,1994997,0,0,0,7571409,10019646,1995891
3 x 2048 B,11,436,1995190,0,0,0,7571644,10019646,1996081
3 x 2048 B,12,436,1994829,0,0,0,7571341,10019646,1995720
3 x 2048 B,13,436,1994942,0,0,0,7571492,10019646,1995836
3 x 2048 B,14,436,1994768,0,0,0,7571564,10019646,1995640
3 x 2048 B,15,436,1995131,0,0,0,7571476,10019646,1996011
3 x 2048 B,16,436,1994885,0,0,0,7571396,10019646,1995751
3 x 2048 B,17,436,1996865,0,0,0,7572691,10019646,1998751
3 x 2048 B,18,436,1995907,0,0,0,7572160,10019646,1997138
3 x 2048 B,19,436,1997040,0,0,0,7573072,10019646,1998698
3 x 2048 B,20,436,1995853,0,0,0,7571805,10019646,1997213
3 x 2048 B,21,436,1996599,0,0,0,7571863,10019646,1998099
3 x 2048 B,22,436,1997956,0,0,0,7572077,10019646,1999532
3 x 2048 B,23,436,2011673,0,0,0,7572228,10019646,2003576
3 x 2048 B,24,436,1996215,0,0,0,7571492,10019646,1997194
3 x 2048 B,25,436,1995017,0,0,0,7571260,10019646,1995907
3 x 2048 B,26,436,1994824,0,0,0,7571728,10019646,1995700
3 x 2048 B,27,436,1995104,0,0,0,7571451,10019646,1996004
3 x 2048 B,28,436,1994762,0,0,0,7571688,10019646,1995654
3 x 2048 B,29,436,1995007,0,0,0,7571413,10019646,1995898
3 x 2048 B,30,436,1995936,0,0,0,7572267,10019646,1997101
3 x 2048 B,31,436,1996179,0,0,0,7571462,10019646,1997107
4 x 2048 B,0,375,2004252,0,0,0,7604856,11859741,2005296
4 x 2048 B,1,375,1995800,0,0,0,7571410,11859741,1996759
4 x 2048 B,2,375,2003865,0,0,0,7602826,11859741,2004830
4 x 2048 B,3,375,1995570,0,0,0,7570141,11859741,1996510
4 x 2048 B,4,375,1995004,0,0,0,7570347,11859741,1995920
4 x 2048 B,5,375,1996839,0,0,0,7577597,11859741,1997761
4 x 2048 B,6,375,1997364,0,0,0,7579557,11859741,1998292
4 x 2048 B,7,375,2003436,0,0,0,7566860,11859741,1999060
4 x 2048 B,8,375,1995862,0,0,0,7570876,11859741,1996834
4 x 2048 B,9,375,1997403,0,0,0,7578457,11859741,1998328
4 x 2048 B,10,375,1997348,0,0,0,7580263,11859741,1998263
4 x 2048 B,11,375,2002630,0,0,0,7576985,11859741,2000138
4 x 2048 B,12,375,1997571,0,0,0,7580242,11859741,1998505
4 x 2048 B,13,375,2003389,0,0,0,7602533,11859741,2004328
4 x 2048 B,14,375,1994156,0,0,0,7567998,11859741,1995070
4 x 2048 B,15,375,1994067,0,0,0,7536767,11859741,1991877
4 x 2048 B,16,375,1995284,0,0,0,7571668,11859741,1996215
4 x 2048 B,17,375,1996419,0,0,0,7577512,11859741,1997346
4 x 2048 B,18,375,1997431,0,0,0,7579579,11859741,1998374
4 x 2048 B,19,375,2003079,0,0,0,7603200,11859741,2003996
4 x 2048 B,20,375,1995363,0,0,0,7572030,11859741,1996298
4 x 2048 B,21,375,1997383,0,0,0,7576942,11859741,1998334
4 x 2048 B,22,375,1997707,0,0,0,7580174,11859741,1998628
4 x 2048 B,23,375,2001371,0,0,0,7572061,11859741,1999392
4 x 2048 B,24,375,1996716,0,0,0,7570163,11859741,1997959
4 x 2048 B,25,375,1995226,0,0,0,7564348,11859741,1996427
4 x 2048 B,26,375,1997236,0,0,0,7568453,11859741,1998958
4 x 2048 B,27,375,1998872,0,0,0,7580075,11859741,2000294
4 x 2048 B,28,375,1997784,0,0,0,7564674,11859741,1999258
4 x 2048 B,29,375,1997098,0,0,0,7568466,11859741,1998557
4 x 2048 B,30,375,1997144,0,0,0,7569067,11859741,1998231
4 x 2048 B,31,375,2000975,0,0,0,7569857,11859741,2001982
6 x 2048 B,0,241,1997207,0,0,0,7577744,11015753,1998225
6 x 2048 B,1,241,1997951,0,0,0,7577688,11015753,1998931
6 x 2048 B,2,241,1997260,0,0,0,7578088,11015753,1998200
6 x 2048 B,3,241,1998629,0,0,0,7579809,11015753,1999596
6 x 2048 B,4,241,1997531,0,0,0,7580304,11015753,1998458
6 x 2048 B,5,241,1998653,0,0,0,7579244,11015753,1999613
6 x 2048 B,6,241,2010298,0,0,0,7584345,11015753,2003587
6 x 2048 B,7,241,2000114,0,0,0,7587682,11015753,2001072
6 x 2048 B,8,241,2000318,0,0,0,7590439,11015753,2001293
6 x 2048 B,9,241,2010063,0,0,0,7624996,11015753,2011005
6 x 2048 B,10,241,2009304,0,0,0,7625470,11015753,2010353
6 x 2048 B,11,241,2009290,0,0,0,7624287,11015753,2010342
6 x 2048 B,12,241,2009582,0,0,0,7625939,11015753,2010628
6 x 2048 B,13,241,2009323,0,0,0,7623549,11015753,2010354
6 x 2048 B,14,241,2008024,0,0,0,7619232,11015753,2009063
6 x 2048 B,15,241,2010174,0,0,0,7625786,11015753,2011207
6 x 2048 B,16,241,2009540,0,0,0,7626288,11015753,2010577
6 x 2048 B,17,241,2009746,0,0,0,7626411,11015753,2010769
6 x 2048 B,18,241,2009611,0,0,0,7625488,11015753,2010649
6 x 2048 B,19,241,2009432,0,0,0,7625751,11015753,2010477
6 x 2048 B,20,241,2009723,0,0,0,7625453,11015753,2010760
6 x 2048 B,21,241,2009162,0,0,0,7623736,11015753,2010194
6 x 2048 B,22,241,2008675,0,0,0,7622186,11015753,2009714
6 x 2048 B,23,241,2009975,0,0,0,7623425,11015753,2011047
6 x 2048 B,24,241,2009046,0,0,0,7623142,11015753,2010090
6 x 2048 B,25,241,2008888,0,0,0,7623521,11015753,2009917
6 x 2048 B,26,241,2009115,0,0,0,7623860,11015753,2010144
6 x 2048 B,27,241,2009181,0,0,0,7623226,11015753,2010221
6 x 2048 B,28,241,2004695,0,0,0,7606122,11015753,2005713
6 x 2048 B,29,241,2009582,0,0,0,7624687,11015753,2010607
6 x 2048 B,30,241,2010174,0,0,0,7626125,11015753,2011274
6 x 2048 B,31,241,2009617,0,0,0,7625046,11015753,2011170
8 x 2048 B,0,293,1997011,0,0,0,7573414,11705716,1998951
8 x 2048 B,1,293,2001596,0,0,0,7588850,11705716,2003072
8 x 2048 B,2,293,1994715,0,0,0,7563376,11705716,1996237
8 x 2048 B,3,293,1998999,0,0,0,7573055,11705716,2001099
8 x 2048 B,4,293,2005042,0,0,0,7578360,11705716,2003599
8 x 2048 B,5,293,2020409,0,0,0,7601514,11705716,2009716
8 x 2048 B,6,293,2005925,0,0,0,7609758,11705716,2007078
8 x 2048 B,7,293,2005945,0,0,0,7609485,11705716,2007032
8 x 2048 B,8,293,2006675,0,0,0,7609132,11705716,2007766
8 x 2048 B,9,293,2005809,0,0,0,7610469,11705716,2006873
8 x 2048 B,10,293,2005630,0,0,0,7609751,11705716,2006691
8 x 2048 B,11,293,2005328,0,0,0,7609000,11705716,2006394
8 x 2048 B,12,293,2005454,0,0,0,7607902,11705716,2006555
8 x 2048 B,13,293,2006152,0,0,0,7610871,11705716,2007217
8 x 2048 B,14,293,2004681,0,0,0,7604851,11705716,2005721
8 x 2048 B,15,293,2007458,0,0,0,7617815,11705716,2008507
8 x 2048 B,16,293,2005292,0,0,0,7608770,11705716,2006346
8 x 2048 B,17,293,2005177,0,0,0,7609153,11705716,2006220
8 x 2048 B,18,293,2005936,0,0,0,7610795,11705716,2006970
8 x 2048 B,19,293,2006944,0,0,0,7611776,11705716,2008013
8 x 2048 B,20,293,2006319,0,0,0,7609775,11705716,2007392
8 x 2048 B,21,293,2006503,0,0,0,7613077,11705716,2007574
8 x 2048 B,22,293,2005402,0,0,0,7607852,11705716,2006459
8 x 2048 B,23,293,2004750,0,0,0,7607604,11705716,2005818
8 x 2048 B,24,293,2006568,0,0,0,7613246,11705716,2007621
8 x 2048 B,25,293,2006492,0,0,0,7614605,11705716,2007591
8 x 2048 B,26,293,2006616,0,0,0,7613219,11705716,2007684
8 x 2048 B,27,293,2004693,0,0,0,7607114,11705716,2005754
8 x 2048 B,28,293,2005205,0,0,0,7607787,11705716,2006260
8 x 2048 B,29,293,2003872,0,0,0,7604023,11705716,2004962
8 x 2048 B,30,293,2005017,0,0,0,7606007,11705716,2006082
8 x 2048 B,31,293,2004999,0,0,0,7608873,11705716,2006093
12 x 2048 B,0,165,2007584,0,0,0,7616922,11671806,2008747
12 x 2048 B,1,165,2006186,0,0,0,7612775,11671806,2007281
12 x 2048 B,2,165,2007535,0,0,0,7617037,11671806,2008603
12 x 2048 B,3,165,2007841,0,0,0,7616036,11671806,2008941
12 x 2048 B,4,165,2018656,0,0,0,7619012,11671806,2013480
12 x 2048 B,5,165,2010021,0,0,0,7623743,11671806,2011693
12 x 2048 B,6,165,2009375,0,0,0,7618112,11671806,2010672
12 x 2048 B,7,165,2009000,0,0,0,7617201,11671806,2010590
12 x 2048 B,8,165,2009064,0,0,0,7616713,11671806,2010957
12 x 2048 B,9,165,2009373,0,0,0,7621255,11671806,2011569
12 x 2048 B,10,165,2012321,0,0,0,7620811,11671806,2014377
12 x 2048 B,11,165,2014925,0,0,0,7615833,11671806,2013604
12 x 2048 B,12,165,2020024,0,0,0,7618779,11671806,2013893
12 x 2048 B,13,165,2007977,0,0,0,7616005,11671806,2009102
12 x 2048 B,14,165,2006756,0,0,0,7613495,11671806,2007855
12 x 2048 B,15,165,2009536,0,0,0,7622964,11671806,2010671
12 x 2048 B,16,165,2006356,0,0,0,7611019,11671806,2007493
12 x 2048 B,17,165,2008797,0,0,0,7616247,11671806,2009945
12 x 2048 B,18,165,2006623,0,0,0,7612867,11671806,2007730
12 x 2048 B,19,165,2007417,0,0,0,7617261,11671806,2008497
12 x 2048 B,20,165,2394407,0,0,0,7619708,11671807,2395516
12 x 2048 B,21,165,2007218,0,0,0,7616044,11671806,2008323
12 x 2048 B,22,165,2009172,0,0,0,7622749,11671806,2010256
12 x 2048 B,23,165,2008159,0,0,0,7619527,11671806,2009273
12 x 2048 B,24,165,2005143,0,0,0,7607698,11671806,2006215
12 x 2048 B,25,165,2007668,0,0,0,7618180,11671806,2008747
12 x 2048 B,26,165,2007980,0,0,0,7618855,11671806,2009047
12 x 2048 B,27,165,2008213,0,0,0,7617441,11671806,2009303
12 x 2048 B,28,165,2007640,0,0,0,7616301,11671806,2008720
12 x 2048 B,29,165,2007711,0,0,0,7618549,11671806,2008825
12 x 2048 B,30,165,2007510,0,0,0,7616807,11671806,2008616
12 x 2048 B,31,165,2007284,0,0,0,7615841,11671806,2008423
16 x 2048 B,0,146,2005755,0,0,0,7611732,11542396,2006958
16 x 2048 B,1,146,2006091,0,0,0,7610462,11542396,2007160
16 x 2048 B,2,146,2006056,0,0,0,7611720,11542396,2007127
16 x 2048 B,3,146,2006776,0,0,0,7611216,11542396,2007856
16 x 2048 B,4,146,2005203,0,0,0,7610266,11542396,2006302
16 x 2048 B,5,146,2006580,0,0,0,7612936,11542396,2007646
16 x 2048 B,6,146,2005833,0,0,0,7611762,11542396,2006907
16 x 2048 B,7,146,2005951,0,0,0,7610060,11542396,2007025
16 x 2048 B,8,146,2005014,0,0,0,7609304,11542396,2006091
16 x 2048 B,9,146,2006017,0,0,0,7610130,11542396,2007082
16 x 2048 B,10,146,2005478,0,0,0,7608354,11542396,2006561
16 x 2048 B,11,146,2007071,0,0,0,7611512,11542396,2008215
16 x 2048 B,12,146,2007373,0,0,0,7613077,11542396,2009256
16 x 2048 B,13,146,2007863,0,0,0,7612859,11542396,2009314
16 x 2048 B,14,146,2009075,0,0,0,7615558,11542396,2010914
16 x 2048 B,15,146,2007689,0,0,0,7611643,11542396,2009071
16 x 2048 B,16,146,2010421,0,0,0,7614350,11542396,2013066
16 x 2048 B,17,146,2008284,0,0,0,7611057,11542396,2009582
16 x 2048 B,18,146,2007822,0,0,0,7608554,11542396,2008980
16 x 2048 B,19,146,2017966,0,0,0,7611449,11542396,2011387
16 x 2048 B,20,146,2006415,0,0,0,7613835,11542396,2007531
16 x 2048 B,21,146,2006256,0,0,0,7609877,11542396,2007367
16 x 2048 B,22,146,2005549,0,0,0,7609797,11542396,2006659
16 x 2048 B,23,146,2006614,0,0,0,7611444,11542396,2007760
16 x 2048 B,24,146,2006414,0,0,0,7612349,11542396,2007519
16 x 2048 B,25,146,2006877,0,0,0,7610125,11542396,2008000
16 x 2048 B,26,146,2005559,0,0,0,7609248,11542396,2006654
16 x 2048 B,27,146,2006246,0,0,0,7608817,11542396,2007385
16 x 2048 B,28,146,2006007,0,0,0,7609915,11542396,2007122
16 x 2048 B,29,146,2005624,0,0,0,7608933,11542396,2006708
16 x 2048 B,30,146,2005675,0,0,0,7609956,11542396,2006759
16 x 2048 B,31,146,2005682,0,0,0,7610052,11542396,2006763
24 x 2048 B,0,97,1999357,0,0,0,7585421,11524354,2000553
24 x 2048 B,1,97,2066342,0,0,0,7592364,11524354,2006097
24 x 2048 B,2,97,2001233,0,0,0,7589870,11524354,2002357
24 x 2048 B,3,97,2000610,0,0,0,7588496,11524354,2001732
24 x 2048 B,4,97,1999570,0,0,0,7586527,11524354,2000661
24 x 2048 B,5,97,1998961,0,0,0,7584808,11524354,2000033
24 x 2048 B,6,97,1999550,0,0,0,7586982,11524354,2000634
24 x 2048 B,7,97,1999110,0,0,0,7584972,11524354,2000188
24 x 2048 B,8,97,1998936,0,0,0,7584361,11524354,2000024
24 x 2048 B,9,97,1999292,0,0,0,7586300,11524354,2000374
24 x 2048 B,10,97,2000297,0,0,0,7589028,11524354,2001393
24 x 2048 B,11,97,1999009,0,0,0,7585665,11524354,2000111
24 x 2048 B,12,97,1999961,0,0,0,7588115,11524354,2001051
24 x 2048 B,13,97,1999706,0,0,0,7587660,11524354,2000826
24 x 2048 B,14,97,1998934,0,0,0,7584268,11524354,2000046
24 x 2048 B,15,97,2000333,0,0,0,7590974,11524354,2001431
24 x 2048 B,16,97,2002643,0,0,0,7590755,11524355,2003722
24 x 2048 B,17,97,2000961,0,0,0,7590642,11524354,2002080
24 x 2048 B,18,97,2001186,0,0,0,7591565,11524354,2002330
24 x 2048 B,19,97,2000829,0,0,0,7587621,11524354,2002394
24 x 2048 B,20,97,2000790,0,0,0,7586159,11524354,2002789
24 x 2048 B,21,97,2001031,0,0,0,7584459,11524354,2002804
24 x 2048 B,22,97,2001622,0,0,0,7589861,11524354,2003275
24 x 2048 B,23,97,2002027,0,0,0,7586940,11524354,2004393
24 x 2048 B,24,97,2001051,0,0,0,7587497,11524354,2002492
24 x 2048 B,25,97,2001615,0,0,0,7585446,11524354,2003332
24 x 2048 B,26,97,2011579,0,0,0,7583287,11524354,2004018
24 x 2048 B,27,97,1999727,0,0,0,7586999,11524354,2000847
24 x 2048 B,28,97,1999285,0,0,0,7585813,11524354,2000374
24 x 2048 B,29,97,1999163,0,0,0,7585216,11524354,2000250
24 x 2048 B,30,97,1998509,0,0,0,7583519,11524354,1999586
24 x 2048 B,31,97,2000100,0,0,0,7588009,11524354,2001199
64 x 2048 B,0,37,2033295,0,0,0,7710765,11678195,2034560
64 x 2048 B,1,37,2032855,0,0,0,7712481,11678195,2033928
64 x 2048 B,2,37,2033509,0,0,0,7712280,11678195,2034637
64 x 2048 B,3,37,2032932,0,0,0,7713034,11678195,2034041
64 x 2048 B,4,37,2032852,0,0,0,7711788,11678195,2033913
64 x 2048 B,5,37,2033443,0,0,0,7715259,11678195,2034509
64 x 2048 B,6,37,2032708,0,0,0,7712876,11678195,2033775
64 x 2048 B,7,37,2032248,0,0,0,7710877,11678195,2033337
64 x 2048 B,8,37,2033190,0,0,0,7712698,11678195,2034274
64 x 2048 B,9,37,2032523,0,0,0,7711537,11678195,2033586
64 x 2048 B,10,37,2032706,0,0,0,7711928,11678195,2033775
64 x 2048 B,11,37,2032164,0,0,0,7710920,11678195,2033262
64 x 2048 B,12,37,2033000,0,0,0,7714091,11678195,2034064
64 x 2048 B,13,37,2033324,0,0,0,7710968,11678195,2034419
64 x 2048 B,14,37,2032798,0,0,0,7713052,11678195,2033856
64 x 2048 B,15,37,2032602,0,0,0,7711620,11678195,2033677
64 x 2048 B,16,37,2032409,0,0,0,7711259,11678195,2033471
64 x 2048 B,17,37,2032157,0,0,0,7710366,11678195,2033221
64 x 2048 B,18,37,2031877,0,0,0,7710579,11678195,2032951
64 x 2048 B,19,37,2032456,0,0,0,7711550,11678195,2033527
64 x 2048 B,20,37,2034109,0,0,0,7712212,11678196,2035199
64 x 2048 B,21,37,2032692,0,0,0,7713410,11678195,2033791
64 x 2048 B,22,37,2032648,0,0,0,7712233,11678195,2033710
64 x 2048 B,23,37,2033941,0,0,0,7714233,11678195,2035380
64 x 2048 B,24,37,2033731,0,0,0,7714283,11678195,2034890
64 x 2048 B,25,37,2033911,0,0,0,7711884,11678195,2035410
64 x 2048 B,26,37,2033647,0,0,0,7713303,11678195,2035429
64 x 2048 B,27,37,2036934,0,0,0,7718675,11678195,2038556
64 x 2048 B,28,37,2035208,0,0,0,7714621,11678195,2037518
64 x 2048 B,29,37,2034451,0,0,0,7715403,11678195,2036309
64 x 2048 B,30,37,2036118,0,0,0,7714417,11678195,2038593
64 x 2048 B,31,37,2044725,0,0,0,7716592,11678195,2042549
128 x 2048 B,0,19,2091764,0,0,0,7928254,11989993,2093930
128 x 2048 B,1,19,2091750,0,0,0,7925688,11989994,2092911
128 x 2048 B,2,19,2086632,0,0,0,7918805,11989993,2087701
128 x 2048 B,3,19,2088192,0,0,0,7921602,11989993,2089280
128 x 2048 B,4,19,2087232,0,0,0,7920302,11989993,2088290
128 x 2048 B,5,19,2089576,0,0,0,7926511,11989993,2091341
128 x 2048 B,6,19,2088726,0,0,0,7920598,11989993,2090656
128 x 2048 B,7,19,2090630,0,0,0,7929181,11989993,2093054
128 x 2048 B,8,19,2098473,0,0,0,7919607,11989993,2097115
128 x 2048 B,9,19,2088701,0,0,0,7920788,11989993,2089888
128 x 2048 B,10,19,2088305,0,0,0,7919826,11989993,2089403
128 x 2048 B,11,19,2088208,0,0,0,7922840,11989993,2089284
128 x 2048 B,12,19,2089836,0,0,0,7921204,11989994,2090913
128 x 2048 B,13,19,2087253,0,0,0,7918633,11989993,2088346
128 x 2048 B,14,19,2088367,0,0,0,7920485,11989993,2089578
128 x 2048 B,15,19,2088578,0,0,0,7922728,11989993,2089663
128 x 2048 B,16,19,2089093,0,0,0,7920734,11989993,2090202
128 x 2048 B,17,19,2087566,0,0,0,7920531,11989993,2088625
128 x 2048 B,18,19,2089448,0,0,0,7923816,11989993,2090587
128 x 2048 B,19,19,2087522,0,0,0,7918197,11989993,2088601
128 x 2048 B,20,19,2087776,0,0,0,7921494,11989993,2088867
128 x 2048 B,21,19,2087455,0,0,0,7919260,11989993,2088535
128 x 2048 B,22,19,2087348,0,0,0,7920477,11989993,2088423
128 x 2048 B,23,19,2091038,0,0,0,7925185,11989994,2092134
128 x 2048 B,24,19,2087901,0,0,0,7920800,11989993,2088977
128 x 2048 B,25,19,2087096,0,0,0,7918767,11989993,2088171
128 x 2048 B,26,19,2087673,0,0,0,7921524,11989993,2088747
128 x 2048 B,27,19,2087677,0,0,0,7919368,11989993,2088749
128 x 2048 B,28,19,2087770,0,0,0,7921339,11989993,2088864
128 x 2048 B,29,19,2100332,0,0,0,7920949,11989993,2092935
128 x 2048 B,30,19,2088139,0,0,0,7920726,11989993,2089418
128 x 2048 B,31,19,2088241,0,0,0,7920593,11989993,2089580
129 x 2048 B,0,18,2013014,0,0,0,7633301,11619708,2014721
129 x 2048 B,1,18,2012878,0,0,0,7632264,11619708,2014235
129 x 2048 B,2,18,2013715,0,0,0,7631412,11619708,2015530
129 x 2048 B,3,18,2032020,0,0,0,7633030,11619708,2021464
129 x 2048 B,4,18,2012598,0,0,0,7632300,11619708,2013744
129 x 2048 B,5,18,2012946,0,0,0,7633060,11619708,2014128
129 x 2048 B,6,18,2013220,0,0,0,7633577,11619708,2014360
129 x 2048 B,7,18,2013854,0,0,0,7633609,11619708,2014996
129 x 2048 B,8,18,2013626,0,0,0,7632854,11619708,2014743
129 x 2048 B,9,18,2012521,0,0,0,7631826,11619708,2013635
129 x 2048 B,10,18,2013464,0,0,0,7635650,11619708,2014543
129 x 2048 B,11,18,2012494,0,0,0,7631357,11619708,2013630
129 x 2048 B,12,18,2012479,0,0,0,7632236,11619708,2013603
129 x 2048 B,13,18,2012413,0,0,0,7630929,11619708,2013545
129 x 2048 B,14,18,2015853,0,0,0,7632448,11619708,2017025
129 x 2048 B,15,18,2013363,0,0,0,7632476,11619708,2014506
129 x 2048 B,16,18,2012503,0,0,0,7633452,11619708,2013618
129 x 2048 B,17,18,2011662,0,0,0,7632299,11619708,2012743
129 x 2048 B,18,18,2011812,0,0,0,7631862,11619708,2012904
129 x 2048 B,19,18,2011980,0,0,0,7631567,11619708,2013058
129 x 2048 B,20,18,2011790,0,0,0,7632394,11619708,2012861
129 x 2048 B,21,18,2012378,0,0,0,7634338,11619708,2013469
129 x 2048 B,22,18,2012258,0,0,0,7633633,11619708,2013344
129 x 2048 B,23,18,2012562,0,0,0,7633960,11619708,2013647
129 x 2048 B,24,18,2012902,0,0,0,7636000,11619708,2013982
129 x 2048 B,25,18,2012740,0,0,0,7636874,11619708,2013813
129 x 2048 B,26,18,2012642,0,0,0,7635895,11619708,2013747
129 x 2048 B,27,18,2013101,0,0,0,7635677,11619708,2014174
129 x 2048 B,28,18,2012961,0,0,0,7636592,11619708,2014042
129 x 2048 B,29,18,2012778,0,0,0,7637082,11619708,2013868
129 x 2048 B,30,18,2012421,0,0,0,7634247,11619708,2013539
129 x 2048 B,31,18,2012702,0,0,0,7634502,11619708,2013799
1024 x 2048 B,0,3,2663086,0,0,0,10092826,15140938,2665084
1024 x 2048 B,1,3,2667060,0,0,0,10096661,15140938,2668792
1024 x 2048 B,2,3,2668167,0,0,0,10121662,15140937,2670165
1024 x 2048 B,3,3,2680433,0,0,0,10150433,15140938,2683238
1024 x 2048 B,4,3,2675381,0,0,0,10134092,15140938,2678084
1024 x 2048 B,5,3,2681617,0,0,0,10154446,15140938,2685478
1024 x 2048 B,6,3,2677084,0,0,0,10103961,15140937,2674315
1024 x 2048 B,7,3,2686635,0,0,0,10109150,15140938,2676885
1024 x 2048 B,8,3,2666450,0,0,0,10106639,15140938,2667982
1024 x 2048 B,9,3,2664797,0,0,0,10106689,15140937,2666572
1024 x 2048 B,10,3,2667325,0,0,0,10107197,15140938,2668890
1024 x 2048 B,11,3,2666550,0,0,0,10104521,15140938,2668339
1024 x 2048 B,12,3,2664904,0,0,0,10108739,15140937,2666577
1024 x 2048 B,13,3,2665586,0,0,0,10104511,15140938,2667137
1024 x 2048 B,14,3,2665348,0,0,0,10104872,15140938,2666909
1024 x 2048 B,15,3,2662592,0,0,0,10104056,15140937,2664258
1024 x 2048 B,16,3,2665752,0,0,0,10103726,15140938,2667303
1024 x 2048 B,17,3,2665950,0,0,0,10106190,15140938,2667479
1024 x 2048 B,18,3,2664234,0,0,0,10103131,15140937,2665927
1024 x 2048 B,19,3,2674042,0,0,0,10106437,15140938,2671440
1024 x 2048 B,20,3,2665982,0,0,0,10106751,15140938,2667588
1024 x 2048 B,21,3,2663525,0,0,0,10106063,15140937,2665159
1024 x 2048 B,22,3,2666029,0,0,0,10107555,15140938,2667566
1024 x 2048 B,23,3,2665963,0,0,0,10107714,15140938,2667797
1024 x 2048 B,24,3,2663810,0,0,0,10108122,15140937,2665525
1024 x 2048 B,25,3,2666555,0,0,0,10110751,15140938,2668165
1024 x 2048 B,26,3,2666564,0,0,0,10109237,15140938,2668055
1024 x 2048 B,27,3,2664708,0,0,0,10105982,15140937,2666359
1024 x 2048 B,28,3,2667210,0,0,0,10111484,15140938,2668776
1024 x 2048 B,29,3,2666397,0,0,0,10109210,15140938,2667863
1024 x 2048 B,30,3,2664735,0,0,0,10111955,15140937,2666398
1024 x 2048 B,31,3,2666276,0,0,0,10108625,15140938,2667777
1 x 2047 B,0,1023,1977952,0,0,0,7504186,15833337,1979906
1 x 2047 B,1,1023,1995184,0,0,0,7544528,15833337,1997162
1 x 2047 B,2,1023,1985081,0,0,0,7530267,15833337,1986332
1 x 2047 B,3,1023,1989127,0,0,0,7536499,15833337,1991666
1 x 2047 B,4,1023,1987887,0,0,0,7536439,15833337,1989274
1 x 2047 B,5,1023,1988768,0,0,0,7544158,15833337,1989673
1 x 2047 B,6,1023,1980721,0,0,0,7513159,15833337,1981626
1 x 2047 B,7,1023,1984013,0,0,0,7528005,15833337,1984902
1 x 2047 B,8,1023,1983733,0,0,0,7528754,15833337,1984687
1 x 2047 B,9,1023,1981658,0,0,0,7521376,15833337,1982684
1 x 2047 B,10,1023,1984047,0,0,0,7527927,15833337,1984948
1 x 2047 B,11,1023,1979867,0,0,0,7511899,15833337,1980751
1 x 2047 B,12,1023,1988787,0,0,0,7544148,15833337,1989678
1 x 2047 B,13,1023,1981265,0,0,0,7518751,15833337,1982162
1 x 2047 B,14,1023,1984637,0,0,0,7528180,15833337,1985534
1 x 2047 B,15,1023,1986303,0,0,0,7538677,15833337,1987204
1 x 2047 B,16,1023,1987759,0,0,0,7543444,15833337,1988662
1 x 2047 B,17,1023,1979772,0,0,0,7513771,15833337,1980655
1 x 2047 B,18,1023,1983832,0,0,0,7528334,15833337,1984714
1 x 2047 B,19,1023,1984764,0,0,0,7532839,15833337,1985638
1 x 2047 B,20,1023,1984090,0,0,0,7528843,15833337,1984988
1 x 2047 B,21,1023,1983366,0,0,0,7527982,15833337,1984250
1 x 2047 B,22,1023,1984785,0,0,0,7532453,15833337,1985670
1 x 2047 B,23,1023,1984637,0,0,0,7532436,15833337,1985515
1 x 2047 B,24,1023,1979593,0,0,0,7512922,15833337,1980479
1 x 2047 B,25,1023,1986599,0,0,0,7540620,15833337,1987482
1 x 2047 B,26,1023,1983994,0,0,0,7528375,15833337,1984883
1 x 2047 B,27,1023,1984256,0,0,0,7531268,15833337,1985141
1 x 2047 B,28,1023,1979572,0,0,0,7512870,15833337,1980454
1 x 2047 B,29,1023,1982758,0,0,0,7525746,15833337,1983642
1 x 2047 B,30,1023,1983051,0,0,0,7526176,15833337,1983933
1 x 2047 B,31,1023,1983417,0,0,0,7528508,15833337,1984307
3 x 2047 B,0,345,1993302,0,0,0,7565183,15896931,1994249
3 x 2047 B,1,345,1993274,0,0,0,7565097,15896931,1994175
3 x 2047 B,2,345,1993114,0,0,0,7564588,15896931,1994001
3 x 2047 B,3,345,1992717,0,0,0,7563751,15896931,1993625
3 x 2047 B,4,345,1993240,0,0,0,7564484,15896931,1994120
3 x 2047 B,5,345,1993274,0,0,0,7565011,15896931,1994173
3 x 2047 B,6,345,1994506,0,0,0,7565342,15896931,1996035
3 x 2047 B,7,345,1994105,0,0,0,7564690,15896931,1995058
3 x 2047 B,8,345,1995287,0,0,0,7565589,15896931,1997162
3 x 2047 B,9,345,1995146,0,0,0,7566687,15896931,1996703
3 x 2047 B,10,345,1995599,0,0,0,7565717,15896931,1997192
3 x 2047 B,11,345,1995581,0,0,0,7566432,15896931,1997363
3 x 2047 B,12,345,2024573,0,0,0,7567291,15896931,2007636
3 x 2047 B,13,345,1994620,0,0,0,7565811,15896931,1995672
3 x 2047 B,14,345,1993853,0,0,0,7565300,15896931,1994850
3 x 2047 B,15,345,1993568,0,0,0,7565144,15896931,1994573
3 x 2047 B,16,345,1993790,0,0,0,7565148,15896931,1994790
3 x 2047 B,17,345,1993629,0,0,0,7565260,15896931,1994629
3 x 2047 B,18,345,1994058,0,0,0,7565310,15896931,1995083
3 x 2047 B,19,345,1994508,0,0,0,7565637,15896931,1995532
3 x 2047 B,20,345,1995340,0,0,0,7566254,15896931,1996411
3 x 2047 B,21,345,1993825,0,0,0,7565578,15896931,1994842
3 x 2047 B,22,345,1994937,0,0,0,7566156,15896931,1995978
3 x 2047 B,23,345,1995898,0,0,0,7566786,15896931,1996974
3 x 2047 B,24,345,1994369,0,0,0,7566340,15896931,1995362
3 x 2047 B,25,345,1993833,0,0,0,7565272,15896931,1994852
3 x 2047 B,26,345,1994388,0,0,0,7566430,15896931,1995388
3 x 2047 B,27,345,1993926,0,0,0,7566100,15896931,1994921
3 x 2047 B,28,345,1994071,0,0,0,7565230,15896931,1995064
3 x 2047 B,29,345,1994336,0,0,0,7565753,15896931,1995341
3 x 2047 B,30,345,1993433,0,0,0,7565038,15896931,1994420
3 x 2047 B,31,345,1994561,0,0,0,7565877,15896931,1995571
4 x 2047 B,0,260,2000968,0,0,0,7592945,15958386,2002052
4 x 2047 B,1,260,2000724,0,0,0,7592506,15958386,2001710
4 x 2047 B,2,260,2001373,0,0,0,7592843,15958386,2002355
4 x 2047 B,3,260,2000951,0,0,0,7593326,15958386,2001947
4 x 2047 B,4,260,2001322,0,0,0,7592661,15958386,2002336
4 x 2047 B,5,260,2000629,0,0,0,7592339,15958386,2001628
4 x 2047 B,6,260,2000777,0,0,0,7592471,15958386,2001771
4 x 2047 B,7,260,2000685,0,0,0,7592457,15958386,2001679
4 x 2047 B,8,260,2000905,0,0,0,7592797,15958386,2001900
4 x 2047 B,9,260,2000624,0,0,0,7592454,15958386,2001618
4 x 2047 B,10,260,2001204,0,0,0,7592913,15958386,2002186
4 x 2047 B,11,260,2014439,0,0,0,7593393,15958386,2006500
4 x 2047 B,12,260,2001608,0,0,0,7593031,15958386,2002643
4 x 2047 B,13,260,2001313,0,0,0,7592846,15958386,2002600
4 x 2047 B,14,260,2001901,0,0,0,7592904,15958386,2003005
4 x 2047 B,15,260,2001650,0,0,0,7593011,15958386,2002777
4 x 2047 B,16,260,2002647,0,0,0,7592402,15958386,2004267
4 x 2047 B,17,260,2002198,0,0,0,7593056,15958386,2004156
4 x 2047 B,18,260,2004203,0,0,0,7593987,15958386,2006176
4 x 2047 B,19,260,2002201,0,0,0,7592939,15958386,2003356
4 x 2047 B,20,260,2001086,0,0,0,7592534,15958386,2002128
4 x 2047 B,21,260,2002057,0,0,0,7593258,15958386,2003095
4 x 2047 B,22,260,2000761,0,0,0,7592503,15958386,2001769
4 x 2047 B,23,260,2002054,0,0,0,7592727,15958386,2003091
4 x 2047 B,24,260,2001143,0,0,0,7592846,15958386,2002156
4 x 2047 B,25,260,2000989,0,0,0,7592776,15958386,2001986
4 x 2047 B,26,260,2000775,0,0,0,7593184,15958386,2001778
4 x 2047 B,27,260,2000978,0,0,0,7592914,15958386,2001967
4 x 2047 B,28,260,2000799,0,0,0,7593010,15958386,2001789
4 x 2047 B,29,260,2000848,0,0,0,7592429,15958386,2001853
4 x 2047 B,30,260,2000305,0,0,0,7592851,15958386,2001317
4 x 2047 B,31,260,2001033,0,0,0,7592951,15958386,2002038
6 x 2047 B,0,174,2004412,0,0,0,7605985,16004364,2005554
6 x 2047 B,1,174,2003806,0,0,0,7605878,16004364,2004879
6 x 2047 B,2,174,2004631,0,0,0,7605567,16004364,2005644
6 x 2047 B,3,174,2004708,0,0,0,7607108,16004364,2005733
6 x 2047 B,4,174,2005070,0,0,0,7606977,16004364,2006086
6 x 2047 B,5,174,2004253,0,0,0,7604988,16004364,2005266
6 x 2047 B,6,174,2004657,0,0,0,7606595,16004364,2005657
6 x 2047 B,7,174,2004097,0,0,0,7606775,16004364,2005100
6 x 2047 B,8,174,2004636,0,0,0,7606120,16004364,2005624
6 x 2047 B,9,174,2004665,0,0,0,7606514,16004364,2005704
6 x 2047 B,10,174,2004690,0,0,0,7605355,16004364,2005709
6 x 2047 B,11,174,2005062,0,0,0,7606517,16004364,2006076
6 x 2047 B,12,174,2004476,0,0,0,7605981,16004364,2005492
6 x 2047 B,13,174,2004902,0,0,0,7604260,16004364,2005900
6 x 2047 B,14,174,2004605,0,0,0,7606260,16004364,2005618
6 x 2047 B,15,174,2004209,0,0,0,7605938,16004364,2005218
6 x 2047 B,16,174,2004552,0,0,0,7605211,16004364,2005566
6 x 2047 B,17,174,2004115,0,0,0,7605375,16004364,2005128
6 x 2047 B,18,174,2004737,0,0,0,7606109,16004364,2005746
6 x 2047 B,19,174,2004542,0,0,0,7604582,16004364,2005693
6 x 2047 B,20,174,2004984,0,0,0,7606450,16004364,2006214
6 x 2047 B,21,174,2007064,0,0,0,7606872,16004364,2008427
6 x 2047 B,22,174,2005388,0,0,0,7606351,16004364,2007070
6 x 2047 B,23,174,2005949,0,0,0,7605569,16004364,2007882
6 x 2047 B,24,174,2005230,0,0,0,7605445,16004364,2006476
6 x 2047 B,25,174,2008315,0,0,0,7607985,16004364,2010197
6 x 2047 B,26,174,2005212,0,0,0,7606439,16004364,2006234
6 x 2047 B,27,174,2017161,0,0,0,7606444,16004364,2011067
6 x 2047 B,28,174,2005731,0,0,0,7606801,16004364,2006824
6 x 2047 B,29,174,2016489,0,0,0,7606714,16004365,2014536
6 x 2047 B,30,174,2005231,0,0,0,7607186,16004364,2006285
6 x 2047 B,31,174,2004324,0,0,0,7604558,16004364,2005651
8 x 2047 B,0,131,2011242,0,0,0,7631069,16057953,2012370
8 x 2047 B,1,131,2011568,0,0,0,7631606,16057953,2012612
8 x 2047 B,2,131,2010973,0,0,0,7632052,16057953,2012023
8 x 2047 B,3,131,2011196,0,0,0,7631758,16057953,2012228
8 x 2047 B,4,131,2010537,0,0,0,7631401,16057953,2011563
8 x 2047 B,5,131,2011358,0,0,0,7631380,16057953,2012395
8 x 2047 B,6,131,2010365,0,0,0,7630964,16057953,2011389
8 x 2047 B,7,131,2011353,0,0,0,7631351,16057953,2012403
8 x 2047 B,8,131,2010598,0,0,0,7631509,16057953,2011606
8 x 2047 B,9,131,2020537,0,0,0,7632644,16057953,2016326
8 x 2047 B,10,131,2011369,0,0,0,7631730,16057953,2012419
8 x 2047 B,11,131,2011591,0,0,0,7631470,16057953,2012604
8 x 2047 B,12,131,2011678,0,0,0,7632056,16057953,2012687
8 x 2047 B,13,131,2011674,0,0,0,7631687,16057953,2012684
8 x 2047 B,14,131,2010865,0,0,0,7631947,16057953,2011890
8 x 2047 B,15,131,2011319,0,0,0,7632083,16057953,2012328
8 x 2047 B,16,131,2011035,0,0,0,7631482,16057953,2012064
8 x 2047 B,17,131,2011318,0,0,0,7631502,16057953,2012342
8 x 2047 B,18,131,2010549,0,0,0,7631608,16057953,2011571
8 x 2047 B,19,131,2012070,0,0,0,7631976,16057953,2013252
8 x 2047 B,20,131,2011085,0,0,0,7631692,16057953,2012118
8 x 2047 B,21,131,2011468,0,0,0,7631925,16057953,2012521
8 x 2047 B,22,131,2010596,0,0,0,7631562,16057953,2011618
8 x 2047 B,23,131,2011145,0,0,0,7632023,16057953,2012167
8 x 2047 B,24,131,2010734,0,0,0,7631312,16057953,2011771
8 x 2047 B,25,131,2011461,0,0,0,7632434,16057953,2012892
8 x 2047 B,26,131,2011429,0,0,0,7631127,16057953,2012638
8 x 2047 B,27,131,2011727,0,0,0,7631166,16057953,2013490
8 x 2047 B,28,131,2012463,0,0,0,7631936,16057953,2014152
8 x 2047 B,29,131,2012989,0,0,0,7631644,16057953,2014693
8 x 2047 B,30,131,2015173,0,0,0,7632612,16057954,2016480
8 x 2047 B,31,131,2014730,0,0,0,7632347,16057953,2017241
12 x 2047 B,0,87,2012290,0,0,0,7586019,15988965,2005577
12 x 2047 B,1,87,1999925,0,0,0,7587161,15988965,2000979
12 x 2047 B,2,87,1999521,0,0,0,7586092,15988965,2000547
12 x 2047 B,3,87,2000203,0,0,0,7586312,15988965,2001332
12 x 2047 B,4,87,2001116,0,0,0,7589387,15988965,2002192
12 x 2047 B,5,87,2000878,0,0,0,7586990,15988965,2001998
12 x 2047 B,6,87,2000107,0,0,0,7587717,15988965,2001153
12 x 2047 B,7,87,1999591,0,0,0,7587037,15988965,2000629
12 x 2047 B,8,87,2385925,0,0,0,7592713,15988965,2387012
12 x 2047 B,9,87,1999968,0,0,0,7588368,15988965,2001000
12 x 2047 B,10,87,1998868,0,0,0,7584184,15988965,1999901
12 x 2047 B,11,87,1998694,0,0,0,7584349,15988965,1999729
12 x 2047 B,12,87,2000245,0,0,0,7588949,15988965,2001288
12 x 2047 B,13,87,1997899,0,0,0,7582124,15988965,1998931
12 x 2047 B,14,87,1998904,0,0,0,7583907,15988965,1999931
12 x 2047 B,15,87,1998514,0,0,0,7583634,15988965,1999561
12 x 2047 B,16,87,1998585,0,0,0,7582575,15988965,1999625
12 x 2047 B,17,87,1998565,0,0,0,7583086,15988965,1999591
12 x 2047 B,18,87,2000515,0,0,0,7583745,15988965,2001586
12 x 2047 B,19,87,1998456,0,0,0,7582757,15988965,1999489
12 x 2047 B,20,87,1997510,0,0,0,7578893,15988965,1998535
12 x 2047 B,21,87,2002484,0,0,0,7584621,15988965,2003672
12 x 2047 B,22,87,1999357,0,0,0,7583994,15988965,2000388
12 x 2047 B,23,87,1999277,0,0,0,7584344,15988965,2000313
12 x 2047 B,24,87,1999345,0,0,0,7585928,15988965,2000379
12 x 2047 B,25,87,1998619,0,0,0,7584513,15988965,1999657
12 x 2047 B,26,87,1999456,0,0,0,7585976,15988965,2000498
12 x 2047 B,27,87,2000385,0,0,0,7587917,15988965,2001417
12 x 2047 B,28,87,2000245,0,0,0,7589387,15988965,2001272
12 x 2047 B,29,87,1999144,0,0,0,7583737,15988965,2000166
12 x 2047 B,30,87,1999309,0,0,0,7586356,15988965,2000347
12 x 2047 B,31,87,1999162,0,0,0,7585617,15988965,2000219
16 x 2047 B,0,66,2023755,0,0,0,7677821,16168848,2025471
16 x 2047 B,1,66,2023294,0,0,0,7675896,16168848,2024710
16 x 2047 B,2,66,2024439,0,0,0,7676187,16168848,2026257
16 x 2047 B,3,66,2024254,0,0,0,7672589,16168848,2025672
16 x 2047 B,4,66,2022495,0,0,0,7670841,16168848,2023720
16 x 2047 B,5,66,2025979,0,0,0,7673612,16168848,2028095
16 x 2047 B,6,66,2034185,0,0,0,7668646,16168848,2028692
16 x 2047 B,7,66,2033844,0,0,0,7669992,16168848,2027415
16 x 2047 B,8,66,2023202,0,0,0,7673707,16168848,2024280
16 x 2047 B,9,66,2023519,0,0,0,7675637,16168848,2024559
16 x 2047 B,10,66,2022785,0,0,0,7673737,16168848,2023826
16 x 2047 B,11,66,2022148,0,0,0,7672464,16168848,2023214
16 x 2047 B,12,66,2023231,0,0,0,7673768,16168848,2024292
16 x 2047 B,13,66,2025235,0,0,0,7676164,16168848,2026296
16 x 2047 B,14,66,2024964,0,0,0,7675083,16168849,2026014
16 x 2047 B,15,66,2022860,0,0,0,7674502,16168848,2023911
16 x 2047 B,16,66,2023845,0,0,0,7676039,16168848,2024902
16 x 2047 B,17,66,2022280,0,0,0,7674675,16168848,2023315
16 x 2047 B,18,66,2022640,0,0,0,7673971,16168848,2023675
16 x 2047 B,19,66,2022541,0,0,0,7674692,16168848,2023588
16 x 2047 B,20,66,2022818,0,0,0,7674844,16168848,2023867
16 x 2047 B,21,66,2023484,0,0,0,7676317,16168848,2024572
16 x 2047 B,22,66,2024304,0,0,0,7677663,16168848,2025403
16 x 2047 B,23,66,2023293,0,0,0,7674459,16168848,2024328
16 x 2047 B,24,66,2024052,0,0,0,7675898,16168848,2025123
16 x 2047 B,25,66,2023373,0,0,0,7675278,16168848,2024431
16 x 2047 B,26,66,2023154,0,0,0,7676359,16168848,2024192
16 x 2047 B,27,66,2022383,0,0,0,7675230,16168848,2023435
16 x 2047 B,28,66,2023523,0,0,0,7676594,16168848,2024553
16 x 2047 B,29,66,2022905,0,0,0,7675674,16168848,2023926
16 x 2047 B,30,66,2022870,0,0,0,7673161,16168848,2023899
16 x 2047 B,31,66,2022071,0,0,0,7674114,16168848,2023114
24 x 2047 B,0,44,2023016,0,0,0,7675772,16164954,2024161
24 x 2047 B,1,44,2022555,0,0,0,7672922,16164954,2023622
24 x 2047 B,2,44,2022164,0,0,0,7674770,16164954,2023231
24 x 2047 B,3,44,2022093,0,0,0,7671141,16164954,2023148
24 x 2047 B,4,44,2021197,0,0,0,7670626,16164954,2022254
24 x 2047 B,5,44,2021931,0,0,0,7670668,16164954,2023012
24 x 2047 B,6,44,2021745,0,0,0,7669582,16164954,2022792
24 x 2047 B,7,44,2021770,0,0,0,7667004,16164954,2023317
24 x 2047 B,8,44,2022742,0,0,0,7672838,16164954,2024095
24 x 2047 B,9,44,2024184,0,0,0,7674572,16164954,2026204
24 x 2047 B,10,44,2023507,0,0,0,7673453,16164954,2025317
24 x 2047 B,11,44,2023291,0,0,0,7669920,16164954,2026298
24 x 2047 B,12,44,2023716,0,0,0,7670498,16164954,2025083
24 x 2047 B,13,44,2036893,0,0,0,7673035,16164954,2029297
24 x 2047 B,14,44,2022713,0,0,0,7671889,16164954,2023823
24 x 2047 B,15,44,2023639,0,0,0,7672360,16164954,2024739
24 x 2047 B,16,44,2021341,0,0,0,7669758,16164954,2022373
24 x 2047 B,17,44,2022843,0,0,0,7672525,16164954,2023888
24 x 2047 B,18,44,2023690,0,0,0,7671796,16164955,2024734
24 x 2047 B,19,44,2021890,0,0,0,7670733,16164954,2022958
24 x 2047 B,20,44,2022442,0,0,0,7669640,16164954,2023573
24 x 2047 B,21,44,2023068,0,0,0,7673963,16164954,2024143
24 x 2047 B,22,44,2022925,0,0,0,7673757,16164954,2023956
24 x 2047 B,23,44,2023499,0,0,0,7674656,16164954,2024596
24 x 2047 B,24,44,2022899,0,0,0,7674183,16164954,2023947
24 x 2047 B,25,44,2022305,0,0,0,7673780,16164954,2023368
24 x 2047 B,26,44,2020990,0,0,0,7667121,16164954,2022035
24 x 2047 B,27,44,2020701,0,0,0,7669085,16164954,2021776
24 x 2047 B,28,44,2021873,0,0,0,7670772,16164954,2022930
24 x 2047 B,29,44,2021339,0,0,0,7671324,16164954,2022403
24 x 2047 B,30,44,2022461,0,0,0,7674046,16164954,2023519
24 x 2047 B,31,44,2023264,0,0,0,7675893,16164954,2024314
64 x 2047 B,0,17,2081778,0,0,0,7900284,16649775,2082920
64 x 2047 B,1,17,2082362,0,0,0,7901133,16649775,2083399
64 x 2047 B,2,17,2081865,0,0,0,7900332,16649775,2082935
64 x 2047 B,3,17,2083671,0,0,0,7902200,16649775,2084764
64 x 2047 B,4,17,2090140,0,0,0,7901241,16649775,2085778
64 x 2047 B,5,17,2084448,0,0,0,7902136,16649776,2085489
64 x 2047 B,6,17,2082150,0,0,0,7900387,16649775,2083199
64 x 2047 B,7,17,2082282,0,0,0,7901050,16649775,2083341
64 x 2047 B,8,17,2082099,0,0,0,7901071,16649775,2083156
64 x 2047 B,9,17,2081965,0,0,0,7899842,16649775,2083015
64 x 2047 B,10,17,2081759,0,0,0,7900339,16649775,2082811
64 x 2047 B,11,17,2082808,0,0,0,7901869,16649775,2083848
64 x 2047 B,12,17,2082483,0,0,0,7901135,16649775,2083874
64 x 2047 B,13,17,2083914,0,0,0,7905225,16649775,2085630
64 x 2047 B,14,17,2083904,0,0,0,7904174,16649775,2085535
64 x 2047 B,15,17,2084268,0,0,0,7905165,16649775,2086211
64 x 2047 B,16,17,2086482,0,0,0,7901898,16649776,2088121
64 x 2047 B,17,17,2083527,0,0,0,7901652,16649775,2085159
64 x 2047 B,18,17,2083656,0,0,0,7901245,16649775,2084770
64 x 2047 B,19,17,2082274,0,0,0,7900887,16649775,2083338
64 x 2047 B,20,17,2083445,0,0,0,7901000,16649775,2084518
64 x 2047 B,21,17,2081931,0,0,0,7900559,16649775,2082999
64 x 2047 B,22,17,2084134,0,0,0,7902306,16649775,2085191
64 x 2047 B,23,17,2082096,0,0,0,7901292,16649775,2083134
64 x 2047 B,24,17,2082530,0,0,0,7901005,16649775,2083562
64 x 2047 B,25,17,2082025,0,0,0,7901390,16649775,2083067
64 x 2047 B,26,17,2082450,0,0,0,7901353,16649775,2083481
64 x 2047 B,27,17,2083754,0,0,0,7901189,16649775,2084843
64 x 2047 B,28,17,2084553,0,0,0,7901677,16649776,2085594
64 x 2047 B,29,17,2081818,0,0,0,7900340,16649775,2082877
64 x 2047 B,30,17,2082126,0,0,0,7900428,16649775,2083163
64 x 2047 B,31,17,2082307,0,0,0,7901356,16649775,2083338
128 x 2047 B,0,9,2202771,0,0,0,8359586,17627559,2203891
128 x 2047 B,1,9,2215088,0,0,0,8361854,17627560,2209630
128 x 2047 B,2,9,2203761,0,0,0,8361603,17627559,2204813
128 x 2047 B,3,9,2202419,0,0,0,8357513,17627559,2203451
128 x 2047 B,4,9,2203008,0,0,0,8358211,17627559,2204050
128 x 2047 B,5,9,2204121,0,0,0,8358670,17627560,2205144
128 x 2047 B,6,9,2203044,0,0,0,8359434,17627559,2204085
128 x 2047 B,7,9,2202279,0,0,0,8356696,17627559,2203310
128 x 2047 B,8,9,2202718,0,0,0,8359230,17627559,2203757
128 x 2047 B,9,9,2204619,0,0,0,8361320,17627559,2205711
128 x 2047 B,10,9,2205012,0,0,0,8359201,17627560,2206062
128 x 2047 B,11,9,2203500,0,0,0,8360676,17627559,2204540
128 x 2047 B,12,9,2203373,0,0,0,8361164,17627559,2204414
128 x 2047 B,13,9,2203309,0,0,0,8361257,17627559,2204352
128 x 2047 B,14,9,2203685,0,0,0,8361034,17627559,2204712
128 x 2047 B,15,9,2205567,0,0,0,8361469,17627560,2206595
128 x 2047 B,16,9,2203082,0,0,0,8359786,17627559,2204116
128 x 2047 B,17,9,2203228,0,0,0,8358368,17627559,2205125
128 x 2047 B,18,9,2205968,0,0,0,8365905,17627559,2207296
128 x 2047 B,19,9,2204891,0,0,0,8362685,17627559,2206866
128 x 2047 B,20,9,2207155,0,0,0,8362023,17627560,2209029
128 x 2047 B,21,9,2205359,0,0,0,8363682,17627559,2207454
128 x 2047 B,22,9,2212486,0,0,0,8361404,17627559,2211643
128 x 2047 B,23,9,2203472,0,0,0,8358681,17627559,2204542
128 x 2047 B,24,9,2216744,0,0,0,8361646,17627559,2209429
128 x 2047 B,25,9,2204729,0,0,0,8355205,17627560,2205876
128 x 2047 B,26,9,2204535,0,0,0,8360781,17627559,2205651
128 x 2047 B,27,9,2202576,0,0,0,8358226,17627559,2203620
128 x 2047 B,28,9,2204798,0,0,0,8360019,17627559,2205865
128 x 2047 B,29,9,2202489,0,0,0,8356586,17627559,2203546
128 x 2047 B,30,9,2269623,0,0,0,8362823,17627560,2209843
128 x 2047 B,31,9,2203193,0,0,0,8358777,17627559,2204265
129 x 2047 B,0,9,2225874,0,0,0,8439570,17765260,2227055
129 x 2047 B,1,9,2221874,0,0,0,8432490,17765259,2222919
129 x 2047 B,2,9,2221393,0,0,0,8429602,17765259,2222433
129 x 2047 B,3,9,2224588,0,0,0,8442774,17765259,2225623
129 x 2047 B,4,9,2226515,0,0,0,8442895,17765260,2227568
129 x 2047 B,5,9,2224083,0,0,0,8439076,17765259,2225108
129 x 2047 B,6,9,2224149,0,0,0,8440542,17765259,2225171
129 x 2047 B,7,9,2224122,0,0,0,8436901,17765259,2225169
129 x 2047 B,8,9,2225124,0,0,0,8438504,17765260,2226147
129 x 2047 B,9,9,2224886,0,0,0,8442393,17765259,2225931
129 x 2047 B,10,9,2222832,0,0,0,8435839,17765259,2223866
129 x 2047 B,11,9,2224301,0,0,0,8441755,17765259,2225342
129 x 2047 B,12,9,2223199,0,0,0,8436640,17765259,2224226
129 x 2047 B,13,9,2225929,0,0,0,8442041,17765260,2226995
129 x 2047 B,14,9,2221796,0,0,0,8430186,17765259,2222849
129 x 2047 B,15,9,2223636,0,0,0,8440108,17765259,2224683
129 x 2047 B,16,9,2223782,0,0,0,8438179,17765259,2224815
129 x 2047 B,17,9,2226783,0,0,0,8445037,17765260,2227811
129 x 2047 B,18,9,2224755,0,0,0,8443699,17765259,2225808
129 x 2047 B,19,9,2225026,0,0,0,8441511,17765259,2226107
129 x 2047 B,20,9,2223110,0,0,0,8435597,17765259,2224458
129 x 2047 B,21,9,2225033,0,0,0,8439608,17765259,2226227
129 x 2047 B,22,9,2227561,0,0,0,8440967,17765260,2229134
129 x 2047 B,23,9,2226008,0,0,0,8441720,17765259,2227516
129 x 2047 B,24,9,2224601,0,0,0,8434920,17765259,2226264
129 x 2047 B,25,9,2226978,0,0,0,8441069,17765259,2228795
129 x 2047 B,26,9,2243582,0,0,0,8442796,17765260,2235796
129 x 2047 B,27,9,2222753,0,0,0,8433494,17765259,2223823
129 x 2047 B,28,9,2224390,0,0,0,8440106,17765259,2225481
129 x 2047 B,29,9,2225479,0,0,0,8442631,17765259,2226544
129 x 2047 B,30,9,2226625,0,0,0,8438311,17765260,2227751
129 x 2047 B,31,9,2223654,0,0,0,8437501,17765259,2224711
1024 x 2047 B,0,2,3924482,0,0,0,14882522,31335122,3926538
1024 x 2047 B,1,2,3921623,0,0,0,14868551,31335122,3923229
1024 x 2047 B,2,2,3922450,0,0,0,14875198,31335122,3924031
1024 x 2047 B,3,2,3921605,0,0,0,14874852,31335122,3923444
1024 x 2047 B,4,2,3924174,0,0,0,14880730,31335122,3927007
1024 x 2047 B,5,2,3928056,0,0,0,14889367,31335122,3930355
1024 x 2047 B,6,2,3925972,0,0,0,14877783,31335122,3928319
1024 x 2047 B,7,2,3945159,0,0,0,14869981,31335122,3934148
1024 x 2047 B,8,2,3921788,0,0,0,14876009,31335122,3923317
1024 x 2047 B,9,2,3923058,0,0,0,14878915,31335122,3924529
1024 x 2047 B,10,2,3923040,0,0,0,14873275,31335122,3924674
1024 x 2047 B,11,2,3921632,0,0,0,14876944,31335121,3923184
1024 x 2047 B,12,2,3924104,0,0,0,14879726,31335122,3926088
1024 x 2047 B,13,2,3925574,0,0,0,14883535,31335122,3927798
1024 x 2047 B,14,2,3929117,0,0,0,14890810,31335122,3932044
1024 x 2047 B,15,2,3925532,0,0,0,14872921,31335122,3927234
1024 x 2047 B,16,2,3941206,0,0,0,14886039,31335122,3932151
1024 x 2047 B,17,2,3923125,0,0,0,14879212,31335122,3924840
1024 x 2047 B,18,2,3926922,0,0,0,14889351,31335122,3928632
1024 x 2047 B,19,2,3925070,0,0,0,14885732,31335122,3926632
1024 x 2047 B,20,2,3924721,0,0,0,14888332,31335122,3926261
1024 x 2047 B,21,2,3922641,0,0,0,14879718,31335122,3924220
1024 x 2047 B,22,2,3924921,0,0,0,14889022,31335122,3926411
1024 x 2047 B,23,2,3925875,0,0,0,14880385,31335122,3927407
1024 x 2047 B,24,2,3923877,0,0,0,14884526,31335122,3925369
1024 x 2047 B,25,2,3923467,0,0,0,14890116,31335121,3924979
1024 x 2047 B,26,2,3924052,0,0,0,14883573,31335122,3925705
1024 x 2047 B,27,2,3937436,0,0,0,14875044,31335122,3931178
1024 x 2047 B,28,2,3924033,0,0,0,14885755,31335122,3925610
1024 x 2047 B,29,2,3926547,0,0,0,14895365,31335122,3928048
1024 x 2047 B,30,2,3926378,0,0,0,14888055,31335122,3927993
1024 x 2047 B,31,2,3932437,0,0,0,14887798,31335122,3934179
1 x 2049 B,0,1185,1966405,0,0,0,7458621,10665366,1967670
1 x 2049 B,1,1185,1968398,0,0,0,7460306,10665366,1970024
1 x 2049 B,2,1185,1964731,0,0,0,7451684,10665366,1966054
1 x 2049 B,3,1185,1959018,0,0,0,7421389,10665366,1960645
1 x 2049 B,4,1185,1954591,0,0,0,7409981,10665366,1955954
1 x 2049 B,5,1185,1959488,0,0,0,7421152,10665366,1961769
1 x 2049 B,6,1185,1957797,0,0,0,7419745,10665366,1959122
1 x 2049 B,7,1185,1991631,0,0,0,7485335,10665366,1981616
1 x 2049 B,8,1185,1965342,0,0,0,7454720,10665366,1966358
1 x 2049 B,9,1185,1964239,0,0,0,7449820,10665366,1965232
1 x 2049 B,10,1185,1968347,0,0,0,7469384,10665366,1969341
1 x 2049 B,11,1185,1963574,0,0,0,7449469,10665366,1964554
1 x 2049 B,12,1185,1964058,0,0,0,7452113,10665366,1965080
1 x 2049 B,13,1185,1969339,0,0,0,7468825,10665366,1970382
1 x 2049 B,14,1185,1974464,0,0,0,7488673,10665366,1975499
1 x 2049 B,15,1185,1969058,0,0,0,7470437,10665366,1970050
1 x 2049 B,16,1185,1969636,0,0,0,7468817,10665366,1970652
1 x 2049 B,17,1185,1966939,0,0,0,7468271,10665365,1967914
1 x 2049 B,18,1185,1973860,0,0,0,7488563,10665366,1974849
1 x 2049 B,19,1185,1963653,0,0,0,7450155,10665366,1964642
1 x 2049 B,20,1185,1968096,0,0,0,7467534,10665366,1969081
1 x 2049 B,21,1185,1968971,0,0,0,7469974,10665366,1969947
1 x 2049 B,22,1185,1970229,0,0,0,7450692,10665366,1967949
1 x 2049 B,23,1185,1966480,0,0,0,7452869,10665366,1967526
1 x 2049 B,24,1185,1967714,0,0,0,7465245,10665366,1968703
1 x 2049 B,25,1185,1968311,0,0,0,7468768,10665366,1969291
1 x 2049 B,26,1185,1968346,0,0,0,7468714,10665366,1969326
1 x 2049 B,27,1185,1971964,0,0,0,7483345,10665366,1972943
1 x 2049 B,28,1185,1970594,0,0,0,7475194,10665366,1971576
1 x 2049 B,29,1185,1966822,0,0,0,7462241,10665366,1967800
1 x 2049 B,30,1185,1973728,0,0,0,7488717,10665366,1974715
1 x 2049 B,31,1185,1966048,0,0,0,7457260,10665366,1967065
3 x 2049 B,0,402,1997607,0,0,0,7576121,10712058,1998725
3 x 2049 B,1,402,1997377,0,0,0,7576069,10712058,1998416
3 x 2049 B,2,402,1997601,0,0,0,7576186,10712058,1998647
3 x 2049 B,3,402,1997081,0,0,0,7576246,10712058,1998065
3 x 2049 B,4,402,1997659,0,0,0,7576004,10712058,1998691
3 x 2049 B,5,402,1996966,0,0,0,7575896,10712058,1997974
3 x 2049 B,6,402,1996741,0,0,0,7576048,10712058,1997743
3 x 2049 B,7,402,1997042,0,0,0,7575980,10712058,1998098
3 x 2049 B,8,402,1996562,0,0,0,7576188,10712058,1998637
3 x 2049 B,9,402,1997777,0,0,0,7576828,10712058,1999015
3 x 2049 B,10,402,1998019,0,0,0,7576729,10712058,1999716
3 x 2049 B,11,402,1997867,0,0,0,7576020,10712058,1999117
3 x 2049 B,12,402,1998779,0,0,0,7576119,10712058,2000152
3 x 2049 B,13,402,1999621,0,0,0,7576864,10712058,2001550
3 x 2049 B,14,402,2003981,0,0,0,7576540,10712058,2002582
3 x 2049 B,15,402,2009027,0,0,0,7576661,10712058,2002529
3 x 2049 B,16,402,1997904,0,0,0,7575921,10712058,1998939
3 x 2049 B,17,402,1996402,0,0,0,7576137,10712058,1997402
3 x 2049 B,18,402,1996533,0,0,0,7576298,10712058,1997530
3 x 2049 B,19,402,1996336,0,0,0,7575765,10712058,1997315
3 x 2049 B,20,402,1996573,0,0,0,7575987,10712058,1997560
3 x 2049 B,21,402,2006018,0,0,0,7576774,10712058,2001469
3 x 2049 B,22,402,1998067,0,0,0,7575989,10712058,1999153
3 x 2049 B,23,402,1997896,0,0,0,7575937,10712058,1998967
3 x 2049 B,24,402,1997060,0,0,0,7576103,10712058,1998064
3 x 2049 B,25,402,1996506,0,0,0,7575775,10712058,1997513
3 x 2049 B,26,402,2373003,0,0,0,7576393,10712058,2374061
3 x 2049 B,27,402,1995185,0,0,0,7577889,10712058,1998080
3 x 2049 B,28,402,1997097,0,0,0,7577546,10712058,1998099
3 x 2049 B,29,402,1998160,0,0,0,7576178,10712058,1999176
3 x 2049 B,30,402,1997022,0,0,0,7576495,10712058,1998018
3 x 2049 B,31,402,1997035,0,0,0,7576024,10712058,1998059
4 x 2049 B,0,302,1996696,0,0,0,7577118,10712004,1997858
4 x 2049 B,1,302,1996963,0,0,0,7577115,10712004,1997965
4 x 2049 B,2,302,1996702,0,0,0,7576888,10712004,1997717
4 x 2049 B,3,302,1996908,0,0,0,7576991,10712004,1997883
4 x 2049 B,4,302,1996957,0,0,0,7577028,10712004,1997961
4 x 2049 B,5,302,1996920,0,0,0,7577086,10712004,1997912
4 x 2049 B,6,302,1996515,0,0,0,7576993,10712004,1997525
4 x 2049 B,7,302,1996957,0,0,0,7577191,10712004,1997951
4 x 2049 B,8,302,1997110,0,0,0,7576836,10712004,1998128
4 x 2049 B,9,302,1996752,0,0,0,7576904,10712004,1997758
4 x 2049 B,10,302,1997161,0,0,0,7576876,10712004,1998156
4 x 2049 B,11,302,1996971,0,0,0,7577347,10712004,1997972
4 x 2049 B,12,302,1997224,0,0,0,7577048,10712004,1998235
4 x 2049 B,13,302,1997174,0,0,0,7577094,10712004,1998168
4 x 2049 B,14,302,1997393,0,0,0,7576578,10712004,1998472
4 x 2049 B,15,302,1997927,0,0,0,7577273,10712004,1999602
4 x 2049 B,16,302,1997748,0,0,0,7577116,10712004,1998999
4 x 2049 B,17,302,1999162,0,0,0,7577417,10712004,2001627
4 x 2049 B,18,302,1998032,0,0,0,7577131,10712004,1999337
4 x 2049 B,19,302,1999834,0,0,0,7578671,10712004,2002704
4 x 2049 B,20,302,2007950,0,0,0,7579550,10712004,2006587
4 x 2049 B,21,302,1998031,0,0,0,7578535,10712004,1999143
4 x 2049 B,22,302,1998208,0,0,0,7578138,10712004,1999276
4 x 2049 B,23,302,1998901,0,0,0,7578430,10712004,2000004
4 x 2049 B,24,302,1997088,0,0,0,7578368,10712004,1998106
4 x 2049 B,25,302,1998250,0,0,0,7578330,10712004,1999291
4 x 2049 B,26,302,1997306,0,0,0,7578190,10712004,1998340
4 x 2049 B,27,302,2002647,0,0,0,7579246,10712005,2003704
4 x 2049 B,28,302,1996911,0,0,0,7578146,10712004,1997928
4 x 2049 B,29,302,1997488,0,0,0,7578164,10712004,1998488
4 x 2049 B,30,302,1997801,0,0,0,7577863,10712004,1998831
4 x 2049 B,31,302,1997199,0,0,0,7578145,10712004,1998196
6 x 2049 B,0,202,1999140,0,0,0,7585912,10729596,2000225
6 x 2049 B,1,202,1998474,0,0,0,7586100,10729596,1999491
6 x 2049 B,2,202,1999287,0,0,0,7586084,10729596,2000306
6 x 2049 B,3,202,1998700,0,0,0,7586028,10729596,1999729
6 x 2049 B,4,202,2000268,0,0,0,7588807,10729596,2001267
6 x 2049 B,5,202,1999505,0,0,0,7588967,10729596,2000525
6 x 2049 B,6,202,1999783,0,0,0,7588421,10729596,2000796
6 x 2049 B,7,202,1998371,0,0,0,7585921,10729596,1999387
6 x 2049 B,8,202,1999009,0,0,0,7586003,10729596,2000008
6 x 2049 B,9,202,1998982,0,0,0,7586012,10729596,2000007
6 x 2049 B,10,202,1999328,0,0,0,7585901,10729596,2000348
6 x 2049 B,11,202,1998859,0,0,0,7586074,10729596,1999895
6 x 2049 B,12,202,1999058,0,0,0,7586344,10729596,2000085
6 x 2049 B,13,202,1999576,0,0,0,7588325,10729596,2000588
6 x 2049 B,14,202,1999388,0,0,0,7586320,10729596,2000404
6 x 2049 B,15,202,2002536,0,0,0,7600215,10729596,2003556
6 x 2049 B,16,202,2001442,0,0,0,7595330,10729596,2002466
6 x 2049 B,17,202,2002302,0,0,0,7599833,10729596,2003327
6 x 2049 B,18,202,2002698,0,0,0,7600484,10729596,2003713
6 x 2049 B,19,202,1998691,0,0,0,7586039,10729596,1999711
6 x 2049 B,20,202,1999075,0,0,0,7586224,10729596,2000086
6 x 2049 B,21,202,1999300,0,0,0,7585842,10729596,2000305
6 x 2049 B,22,202,2000364,0,0,0,7586196,10729596,2002111
6 x 2049 B,23,202,1999986,0,0,0,7585957,10729596,2001389
6 x 2049 B,24,202,2001358,0,0,0,7586984,10729596,2003286
6 x 2049 B,25,202,2004073,0,0,0,7600508,10729596,2005537
6 x 2049 B,26,202,2006373,0,0,0,7601763,10729596,2008021
6 x 2049 B,27,202,2004807,0,0,0,7601105,10729596,2006786
6 x 2049 B,28,202,2004069,0,0,0,7595329,10729596,2005229
6 x 2049 B,29,202,2012505,0,0,0,7593284,10729596,2005709
6 x 2049 B,30,202,2001014,0,0,0,7589202,10729596,2002076
6 x 2049 B,31,202,1999856,0,0,0,7588498,10729596,2000886
8 x 2049 B,0,152,2005592,0,0,0,7611288,10756038,2006785
8 x 2049 B,1,152,2008409,0,0,0,7616310,10756038,2009496
8 x 2049 B,2,152,2006569,0,0,0,7613790,10756038,2007624
8 x 2049 B,3,152,2007836,0,0,0,7618145,10756038,2008883
8 x 2049 B,4,152,2006100,0,0,0,7613908,10756038,2007139
8 x 2049 B,5,152,2007560,0,0,0,7617649,10756038,2008585
8 x 2049 B,6,152,2006416,0,0,0,7616814,10756038,2007426
8 x 2049 B,7,152,2007325,0,0,0,7615622,10756038,2008353
8 x 2049 B,8,152,2005557,0,0,0,7613003,10756038,2006583
8 x 2049 B,9,152,2007472,0,0,0,7617527,10756038,2008484
8 x 2049 B,10,152,2006948,0,0,0,7616758,10756038,2007967
8 x 2049 B,11,152,2006873,0,0,0,7613488,10756038,2007885
8 x 2049 B,12,152,2005690,0,0,0,7612377,10756038,2006729
8 x 2049 B,13,152,2006492,0,0,0,7613425,10756038,2007538
8 x 2049 B,14,152,2007632,0,0,0,7619631,10756038,2008645
8 x 2049 B,15,152,2006225,0,0,0,7614614,10756038,2007252
8 x 2049 B,16,152,2005359,0,0,0,7610664,10756038,2006407
8 x 2049 B,17,152,2022061,0,0,0,7614673,10756038,2012224
8 x 2049 B,18,152,2006675,0,0,0,7613971,10756038,2007784
8 x 2049 B,19,152,2006790,0,0,0,7612359,10756038,2007830
8 x 2049 B,20,152,2005888,0,0,0,7612682,10756038,2006922
8 x 2049 B,21,152,2007191,0,0,0,7616961,10756038,2008242
8 x 2049 B,22,152,2006043,0,0,0,7613761,10756044,2007087
8 x 2049 B,23,152,2006757,0,0,0,7616554,10756044,2007790
8 x 2049 B,24,152,2006092,0,0,0,7613705,10756038,2007152
8 x 2049 B,25,152,2007142,0,0,0,7615435,10756038,2008164
8 x 2049 B,26,152,2008455,0,0,0,7619592,10756038,2009489
8 x 2049 B,27,152,2008438,0,0,0,7619371,10756038,2009487
8 x 2049 B,28,152,2013622,0,0,0,7615442,10756038,2011699
8 x 2049 B,29,152,2008377,0,0,0,7612944,10756038,2010117
8 x 2049 B,30,152,2007627,0,0,0,7613402,10756038,2008769
8 x 2049 B,31,152,2008496,0,0,0,7616906,10756038,2009916
12 x 2049 B,0,101,2003969,0,0,0,7601619,10711719,2005530
12 x 2049 B,1,101,2011178,0,0,0,7622734,10711719,2013134
12 x 2049 B,2,101,2016378,0,0,0,7620012,10711719,2015042
12 x 2049 B,3,101,2024988,0,0,0,7633499,10711719,2018056
12 x 2049 B,4,101,2010528,0,0,0,7628139,10711719,2011598
12 x 2049 B,5,101,2012191,0,0,0,7633557,10711719,2013361
12 x 2049 B,6,101,2011886,0,0,0,7633030,10711719,2012956
12 x 2049 B,7,101,2010430,0,0,0,7626107,10711719,2011482
12 x 2049 B,8,101,2012457,0,0,0,7631368,10711719,2013526
12 x 2049 B,9,101,2010601,0,0,0,7628425,10711719,2011642
12 x 2049 B,10,101,2009535,0,0,0,7627299,10711719,2010571
12 x 2049 B,11,101,2391697,0,0,0,7635217,10711720,2392810
12 x 2049 B,12,101,2011560,0,0,0,7632413,10711719,2012600
12 x 2049 B,13,101,2012379,0,0,0,7638088,10711719,2013391
12 x 2049 B,14,101,2008426,0,0,0,7620666,10711719,2009461
12 x 2049 B,15,101,2011274,0,0,0,7633235,10711719,2012314
12 x 2049 B,16,101,2022617,0,0,0,7628852,10711719,2015054
12 x 2049 B,17,101,2009642,0,0,0,7624523,10711719,2010690
12 x 2049 B,18,101,2009587,0,0,0,7624724,10711719,2010621
12 x 2049 B,19,101,2009620,0,0,0,7626468,10711719,2010675
12 x 2049 B,20,101,2008705,0,0,0,7620334,10711719,2009763
12 x 2049 B,21,101,2007783,0,0,0,7619831,10711719,2008836
12 x 2049 B,22,101,2011050,0,0,0,7631121,10711719,2012094
12 x 2049 B,23,101,2010887,0,0,0,7625073,10711719,2011960
12 x 2049 B,24,101,2008676,0,0,0,7622281,10711719,2009709
12 x 2049 B,25,101,2010792,0,0,0,7631417,10711719,2011799
12 x 2049 B,26,101,2009168,0,0,0,7624265,10711719,2010185
12 x 2049 B,27,101,2008775,0,0,0,7622304,10711719,2009796
12 x 2049 B,28,101,2010958,0,0,0,7631597,10711719,2011986
12 x 2049 B,29,101,2010308,0,0,0,7628494,10711719,2011363
12 x 2049 B,30,101,2010238,0,0,0,7627898,10711719,2011275
12 x 2049 B,31,101,2011123,0,0,0,7632950,10711719,2012153
16 x 2049 B,0,76,2013380,0,0,0,7641163,10742586,2014560
16 x 2049 B,1,76,2014084,0,0,0,7643044,10742586,2015132
16 x 2049 B,2,76,2013641,0,0,0,7641077,10742586,2014695
16 x 2049 B,3,76,2014447,0,0,0,7640135,10742586,2016232
16 x 2049 B,4,76,2016124,0,0,0,7647355,10742586,2017428
16 x 2049 B,5,76,2016135,0,0,0,7639844,10742586,2018089
16 x 2049 B,6,76,2015391,0,0,0,7642027,10742586,2017528
16 x 2049 B,7,76,2014997,0,0,0,7641288,10742586,2017468
16 x 2049 B,8,76,2025223,0,0,0,7646763,10742586,2023728
16 x 2049 B,9,76,2026249,0,0,0,7644957,10742586,2020119
16 x 2049 B,10,76,2014279,0,0,0,7637937,10742586,2015393
16 x 2049 B,11,76,2014093,0,0,0,7643013,10742586,2015152
16 x 2049 B,12,76,2012606,0,0,0,7636467,10742586,2013654
16 x 2049 B,13,76,2012457,0,0,0,7637343,10742586,2013503
16 x 2049 B,14,76,2016565,0,0,0,7646079,10742586,2017812
16 x 2049 B,15,76,2023560,0,0,0,7639574,10742586,2018891
16 x 2049 B,16,76,2014547,0,0,0,7639604,10742586,2015668
16 x 2049 B,17,76,2014891,0,0,0,7644462,10742586,2015931
16 x 2049 B,18,76,2013855,0,0,0,7639999,10742586,2014896
16 x 2049 B,19,76,2013699,0,0,0,7639912,10742586,2014735
16 x 2049 B,20,76,2012914,0,0,0,7640288,10742586,2013940
16 x 2049 B,21,76,2013702,0,0,0,7640613,10742586,2014773
16 x 2049 B,22,76,2013040,0,0,0,7639660,10742586,2014054
16 x 2049 B,23,76,2013243,0,0,0,7637915,10742586,2014253
16 x 2049 B,24,76,2013572,0,0,0,7641128,10742586,2014608
16 x 2049 B,25,76,2013863,0,0,0,7641854,10742586,2014902
16 x 2049 B,26,76,2015551,0,0,0,7650174,10742586,2016599
16 x 2049 B,27,76,2014505,0,0,0,7643598,10742586,2015516
16 x 2049 B,28,76,2013346,0,0,0,7641940,10742586,2014365
16 x 2049 B,29,76,2013842,0,0,0,7641278,10742586,2014927
16 x 2049 B,30,76,2017023,0,0,0,7644391,10742586,2018135
16 x 2049 B,31,76,2015537,0,0,0,7647253,10742586,2016613
24 x 2049 B,0,51,2027640,0,0,0,7693980,10808745,2028764
24 x 2049 B,1,51,2028186,0,0,0,7696284,10808745,2029233
24 x 2049 B,2,51,2028636,0,0,0,7698307,10808745,2029680
24 x 2049 B,3,51,2025700,0,0,0,7687478,10808745,2026755
24 x 2049 B,4,51,2026480,0,0,0,7688683,10808745,2027542
24 x 2049 B,5,51,2028052,0,0,0,7697334,10808745,2029110
24 x 2049 B,6,51,2028908,0,0,0,7699597,10808745,2029962
24 x 2049 B,7,51,2027788,0,0,0,7694126,10808745,2028842
24 x 2049 B,8,51,2029746,0,0,0,7700774,10808745,2030851
24 x 2049 B,9,51,2028181,0,0,0,7694930,10808745,2029400
24 x 2049 B,10,51,2029989,0,0,0,7700127,10808745,2031771
24 x 2049 B,11,51,2030499,0,0,0,7701374,10808745,2032050
24 x 2049 B,12,51,2031457,0,0,0,7703591,10808745,2033175
24 x 2049 B,13,51,2031867,0,0,0,7702292,10808745,2033070
24 x 2049 B,14,51,2041353,0,0,0,7703339,10808745,2040975
24 x 2049 B,15,51,2035896,0,0,0,7701840,10808745,2035084
24 x 2049 B,16,51,2044745,0,0,0,7696080,10808745,2038177
24 x 2049 B,17,51,2026687,0,0,0,7692381,10808745,2027764
24 x 2049 B,18,51,2027587,0,0,0,7694308,10808745,2028640
24 x 2049 B,19,51,2029403,0,0,0,7689028,10808745,2030476
24 x 2049 B,20,51,2027910,0,0,0,7689155,10808745,2028981
24 x 2049 B,21,51,2024789,0,0,0,7685752,10808745,2025836
24 x 2049 B,22,51,2028102,0,0,0,7695537,10808745,2029227
24 x 2049 B,23,51,2027128,0,0,0,7692760,10808745,2028237
24 x 2049 B,24,51,2027924,0,0,0,7690144,10808745,2029033
24 x 2049 B,25,51,2026850,0,0,0,7692710,10808745,2027920
24 x 2049 B,26,51,2029837,0,0,0,7697368,10808746,2030902
24 x 2049 B,27,51,2390644,0,0,0,7696558,10808745,2391715
24 x 2049 B,28,51,2029381,0,0,0,7701776,10808745,2030456
24 x 2049 B,29,51,2028873,0,0,0,7698712,10808745,2029931
24 x 2049 B,30,51,2028362,0,0,0,7697893,10808745,2029417
24 x 2049 B,31,51,2028633,0,0,0,7699109,10808745,2029695
64 x 2049 B,0,19,2012507,0,0,0,7638093,10732497,2013669
64 x 2049 B,1,19,2011354,0,0,0,7634219,10732497,2012396
64 x 2049 B,2,19,2011762,0,0,0,7635014,10732497,2012813
64 x 2049 B,3,19,2012135,0,0,0,7635531,10732497,2013181
64 x 2049 B,4,19,2012541,0,0,0,7636544,10732497,2013626
64 x 2049 B,5,19,2011849,0,0,0,7635557,10732497,2012900
64 x 2049 B,6,19,2012167,0,0,0,7636939,10732497,2013200
64 x 2049 B,7,19,2012389,0,0,0,7636786,10732497,2013422
64 x 2049 B,8,19,2013429,0,0,0,7637542,10732497,2014493
64 x 2049 B,9,19,2012357,0,0,0,7638013,10732497,2013432
64 x 2049 B,10,19,2012392,0,0,0,7637488,10732497,2013444
64 x 2049 B,11,19,2012318,0,0,0,7637587,10732497,2013358
64 x 2049 B,12,19,2012186,0,0,0,7636976,10732497,2013232
64 x 2049 B,13,19,2012389,0,0,0,7637806,10732497,2013443
64 x 2049 B,14,19,2012929,0,0,0,7637616,10732497,2013991
64 x 2049 B,15,19,2012689,0,0,0,7638104,10732497,2013799
64 x 2049 B,16,19,2014964,0,0,0,7644754,10732497,2016696
64 x 2049 B,17,19,2015134,0,0,0,7644173,10732497,2016343
64 x 2049 B,18,19,2017787,0,0,0,7652879,10732497,2019856
64 x 2049 B,19,19,2013892,0,0,0,7640287,10732497,2015492
64 x 2049 B,20,19,2019018,0,0,0,7641927,10732498,2021296
64 x 2049 B,21,19,2015449,0,0,0,7637294,10732497,2016577
64 x 2049 B,22,19,2013380,0,0,0,7636768,10732497,2014458
64 x 2049 B,23,19,2014385,0,0,0,7638459,10732497,2015478
64 x 2049 B,24,19,2013222,0,0,0,7637746,10732497,2014283
64 x 2049 B,25,19,2012891,0,0,0,7635602,10732497,2013953
64 x 2049 B,26,19,2013355,0,0,0,7638109,10732497,2014418
64 x 2049 B,27,19,2013908,0,0,0,7638125,10732497,2014966
64 x 2049 B,28,19,2012687,0,0,0,7636411,10732497,2013751
64 x 2049 B,29,19,2013781,0,0,0,7637729,10732497,2014859
64 x 2049 B,30,19,2013026,0,0,0,7637308,10732497,2014081
64 x 2049 B,31,19,2012619,0,0,0,7638197,10732497,2013674
128 x 2049 B,0,10,2116920,0,0,0,8034646,11295576,2118108
128 x 2049 B,1,10,2117729,0,0,0,8035724,11295576,2118799
128 x 2049 B,2,10,2117457,0,0,0,8033139,11295576,2118523
128 x 2049 B,3,10,2119988,0,0,0,8036502,11295577,2121040
128 x 2049 B,4,10,2117492,0,0,0,8035826,11295576,2118538
128 x 2049 B,5,10,2117288,0,0,0,8034231,11295576,2118332
128 x 2049 B,6,10,2116712,0,0,0,8033057,11295576,2117770
128 x 2049 B,7,10,2116942,0,0,0,8033195,11295576,2117988
128 x 2049 B,8,10,2116964,0,0,0,8034472,11295576,2118010
128 x 2049 B,9,10,2118010,0,0,0,8035375,11295576,2119066
128 x 2049 B,10,10,2117435,0,0,0,8034822,11295576,2118476
128 x 2049 B,11,10,2119014,0,0,0,8035388,11295577,2120059
128 x 2049 B,12,10,2117180,0,0,0,8032818,11295576,2118239
128 x 2049 B,13,10,2117005,0,0,0,8034905,11295576,2118078
128 x 2049 B,14,10,2117743,0,0,0,8034249,11295576,2118782
128 x 2049 B,15,10,2117330,0,0,0,8033691,11295576,2118425
128 x 2049 B,16,10,2117605,0,0,0,8034240,11295576,2118657
128 x 2049 B,17,10,2116877,0,0,0,8034448,11295576,2117928
128 x 2049 B,18,10,2117523,0,0,0,8034603,11295576,2118563
128 x 2049 B,19,10,2116876,0,0,0,8034668,11295576,2117939
128 x 2049 B,20,10,2120026,0,0,0,8037098,11295577,2121157
128 x 2049 B,21,10,2119350,0,0,0,8038649,11295576,2120651
128 x 2049 B,22,10,2121928,0,0,0,8049979,11295576,2123431
128 x 2049 B,23,10,2121664,0,0,0,8045892,11295576,2123337
128 x 2049 B,24,10,2120018,0,0,0,8038656,11295576,2121545
128 x 2049 B,25,10,2119166,0,0,0,8036919,11295576,2120714
128 x 2049 B,26,10,2121445,0,0,0,8037854,11295576,2123285
128 x 2049 B,27,10,2118888,0,0,0,8036699,11295576,2119984
128 x 2049 B,28,10,2134297,0,0,0,8037245,11295577,2127176
128 x 2049 B,29,10,2118876,0,0,0,8036733,11295576,2119951
128 x 2049 B,30,10,2119101,0,0,0,8037084,11295576,2120197
128 x 2049 B,31,10,2118088,0,0,0,8036263,11295576,2119138
129 x 2049 B,0,10,2137024,0,0,0,8100845,11383807,2138178
129 x 2049 B,1,10,2134380,0,0,0,8099452,11383806,2135431
129 x 2049 B,2,10,2134284,0,0,0,8098633,11383806,2135336
129 x 2049 B,3,10,2156363,0,0,0,8098686,11383806,2157534
129 x 2049 B,4,10,2136237,0,0,0,8099730,11383806,2137334
129 x 2049 B,5,10,2134058,0,0,0,8098797,11383806,2135113
129 x 2049 B,6,10,2134235,0,0,0,8098341,11383806,2135277
129 x 2049 B,7,10,2133867,0,0,0,8097354,11383806,2134900
129 x 2049 B,8,10,2140266,0,0,0,8098493,11383807,2141353
129 x 2049 B,9,10,2134429,0,0,0,8098273,11383806,2135483
129 x 2049 B,10,10,2133530,0,0,0,8097720,11383806,2134596
129 x 2049 B,11,10,2134201,0,0,0,8097530,11383806,2135260
129 x 2049 B,12,10,2133374,0,0,0,8097096,11383806,2134458
129 x 2049 B,13,10,2134110,0,0,0,8098249,11383806,2135150
129 x 2049 B,14,10,2136072,0,0,0,8097171,11383806,2137221
129 x 2049 B,15,10,2136262,0,0,0,8098614,11383807,2137315
129 x 2049 B,16,10,2133748,0,0,0,8097713,11383806,2134804
129 x 2049 B,17,10,2134502,0,0,0,8098007,11383806,2135557
129 x 2049 B,18,10,2133714,0,0,0,8098050,11383806,2134754
129 x 2049 B,19,10,2134046,0,0,0,8097676,11383806,2135090
129 x 2049 B,20,10,2133676,0,0,0,8097977,11383806,2134723
129 x 2049 B,21,10,2133929,0,0,0,8098155,11383806,2134965
129 x 2049 B,22,10,2135851,0,0,0,8098287,11383807,2136884
129 x 2049 B,23,10,2133877,0,0,0,8097769,11383806,2134946
129 x 2049 B,24,10,2134224,0,0,0,8097574,11383806,2135250
129 x 2049 B,25,10,2133574,0,0,0,8097211,11383806,2134680
129 x 2049 B,26,10,2136211,0,0,0,8098845,11383806,2137942
129 x 2049 B,27,10,2134803,0,0,0,8098050,11383806,2136038
129 x 2049 B,28,10,2135445,0,0,0,8098315,11383806,2137416
129 x 2049 B,29,10,2136885,0,0,0,8098746,11383807,2138189
129 x 2049 B,30,10,2148977,0,0,0,8100082,11383806,2147505
129 x 2049 B,31,10,2141681,0,0,0,8099579,11383806,2140867
1024 x 2049 B,0,2,3404435,0,0,0,12904266,18070226,3406326
1024 x 2049 B,1,2,3400514,0,0,0,12895282,18070225,3402051
1024 x 2049 B,2,2,3787326,0,0,0,12896829,18070226,3788918
1024 x 2049 B,3,2,3398720,0,0,0,12895577,18070225,3400234
1024 x 2049 B,4,2,3402103,0,0,0,12896607,18070226,3403691
1024 x 2049 B,5,2,3399163,0,0,0,12897324,18070225,3400684
1024 x 2049 B,6,2,3400795,0,0,0,12895203,18070226,3402340
1024 x 2049 B,7,2,3398786,0,0,0,12895517,18070225,3400274
1024 x 2049 B,8,2,3398249,0,0,0,12894199,18070225,3399687
1024 x 2049 B,9,2,3401117,0,0,0,12898036,18070226,3402677
1024 x 2049 B,10,2,3399152,0,0,0,12896743,18070225,3400701
1024 x 2049 B,11,2,3400194,0,0,0,12896424,18070226,3401691
1024 x 2049 B,12,2,3398820,0,0,0,12895557,18070225,3400312
1024 x 2049 B,13,2,3398390,0,0,0,12896043,18070225,3399933
1024 x 2049 B,14,2,3400434,0,0,0,12896436,18070226,3401877
1024 x 2049 B,15,2,3397604,0,0,0,12893754,18070225,3399142
1024 x 2049 B,16,2,3399943,0,0,0,12896657,18070226,3401451
1024 x 2049 B,17,2,3400358,0,0,0,12896319,18070225,3401928
1024 x 2049 B,18,2,3409603,0,0,0,12924481,18070226,3412017
1024 x 2049 B,19,2,3415889,0,0,0,12954956,18070225,3417867
1024 x 2049 B,20,2,3484941,0,0,0,12933788,18070225,3423493
1024 x 2049 B,21,2,3415803,0,0,0,12936103,18070226,3417525
1024 x 2049 B,22,2,3416088,0,0,0,12895195,18070225,3407587
1024 x 2049 B,23,2,3403596,0,0,0,12888476,18070226,3405136
1024 x 2049 B,24,2,3396156,0,0,0,12883411,18070225,3397778
1024 x 2049 B,25,2,3396744,0,0,0,12883682,18070225,3398439
1024 x 2049 B,26,2,3397344,0,0,0,12880672,18070226,3398880
1024 x 2049 B,27,2,3394174,0,0,0,12878445,18070225,3395704
1024 x 2049 B,28,2,3395841,0,0,0,12879123,18070226,3397356
1024 x 2049 B,29,2,3394503,0,0,0,12879932,18070225,3396060
1024 x 2049 B,30,2,3394535,0,0,0,12881041,18070225,3396018
1024 x 2049 B,31,2,3396400,0,0,0,12882199,18070226,3397852
1 x 4096 B,0,718,1981261,0,0,0,7518835,11832288,1982481
1 x 4096 B,1,718,1981612,0,0,0,7519275,11832288,1982603
1 x 4096 B,2,718,1981580,0,0,0,7519010,11832288,1982568
1 x 4096 B,3,718,1984618,0,0,0,7531972,11832288,1985626
1 x 4096 B,4,718,1999273,0,0,0,7586379,11832288,2000264
1 x 4096 B,5,718,1998928,0,0,0,7586098,11832288,1999929
1 x 4096 B,6,718,1997623,0,0,0,7579547,11832288,1998610
1 x 4096 B,7,718,1989948,0,0,0,7552416,11832288,1990936
1 x 4096 B,8,718,1990169,0,0,0,7552347,11832288,1991153
1 x 4096 B,9,718,1990850,0,0,0,7552584,11832288,1991880
1 x 4096 B,10,718,1990980,0,0,0,7552389,11832288,1991989
1 x 4096 B,11,718,1990171,0,0,0,7552317,11832288,1991185
1 x 4096 B,12,718,1991392,0,0,0,7552404,11832288,1992418
1 x 4096 B,13,718,1984453,0,0,0,7529927,11832288,1985477
1 x 4096 B,14,718,1982552,0,0,0,7519406,11832288,1983576
1 x 4096 B,15,718,1983878,0,0,0,7519380,11832288,1985442
1 x 4096 B,16,718,1983209,0,0,0,7522032,11832288,1984815
1 x 4096 B,17,718,1986317,0,0,0,7530136,11832288,1988964
1 x 4096 B,18,718,1983397,0,0,0,7520744,11832288,1984992
1 x 4096 B,19,718,1982526,0,0,0,7518693,11832288,1983911
1 x 4096 B,20,718,1989892,0,0,0,7520896,11832288,1992049
1 x 4096 B,21,718,1997742,0,0,0,7519919,11832288,1992986
1 x 4096 B,22,718,1995084,0,0,0,7519627,11832288,1987160
1 x 4096 B,23,718,1981497,0,0,0,7518575,11832288,1982523
1 x 4096 B,24,718,1981197,0,0,0,7519041,11832288,1982172
1 x 4096 B,25,718,1981540,0,0,0,7518814,11832288,1982533
1 x 4096 B,26,718,1983980,0,0,0,7518630,11832288,1985027
1 x 4096 B,27,718,1981701,0,0,0,7518957,11832288,1982751
1 x 4096 B,28,718,1981917,0,0,0,7519028,11832288,1982940
1 x 4096 B,29,718,1982564,0,0,0,7519184,11832288,1983628
1 x 4096 B,30,718,1981333,0,0,0,7518535,11832288,1982314
1 x 4096 B,31,718,1982316,0,0,0,7519295,11832288,1983332
3 x 4096 B,0,245,1999445,0,0,0,7586429,12025701,2000606
3 x 4096 B,1,245,2010283,0,0,0,7628927,12025701,2011303
3 x 4096 B,2,245,2010302,0,0,0,7629130,12025701,2011327
3 x 4096 B,3,245,2027454,0,0,0,7693786,12025701,2028480
3 x 4096 B,4,245,2027716,0,0,0,7694894,12025701,2028772
3 x 4096 B,5,245,2009705,0,0,0,7625239,12025701,2010729
3 x 4096 B,6,245,2018061,0,0,0,7659085,12025701,2019077
3 x 4096 B,7,245,2008684,0,0,0,7622638,12025701,2009714
3 x 4096 B,8,245,2008563,0,0,0,7622679,12025701,2009589
3 x 4096 B,9,245,2009414,0,0,0,7619630,12025701,2010516
3 x 4096 B,10,245,2017284,0,0,0,7613252,12025701,2009531
3 x 4096 B,11,245,2016780,0,0,0,7652947,12025701,2017824
3 x 4096 B,12,245,2007258,0,0,0,7617281,12025701,2008273
3 x 4096 B,13,245,2005141,0,0,0,7608450,12025701,2006158
3 x 4096 B,14,245,2006676,0,0,0,7616265,12025701,2007688
3 x 4096 B,15,245,2004754,0,0,0,7607830,12025701,2005759
3 x 4096 B,16,245,1995561,0,0,0,7573686,12025701,1996598
3 x 4096 B,17,245,2006792,0,0,0,7615665,12025701,2007811
3 x 4096 B,18,245,2006771,0,0,0,7616472,12025701,2007793
3 x 4096 B,19,245,2004574,0,0,0,7606872,12025701,2005587
3 x 4096 B,20,245,2006517,0,0,0,7615793,12025701,2007557
3 x 4096 B,21,245,2006108,0,0,0,7611016,12025701,2007214
3 x 4096 B,22,245,2000871,0,0,0,7591952,12025701,2002019
3 x 4096 B,23,245,2010695,0,0,0,7625561,12025701,2012374
3 x 4096 B,24,245,2000313,0,0,0,7587490,12025701,2001726
3 x 4096 B,25,245,2007972,0,0,0,7614689,12025701,2009765
3 x 4096 B,26,245,2021232,0,0,0,7665472,12025701,2022563
3 x 4096 B,27,245,2007194,0,0,0,7607753,12025701,2008947
3 x 4096 B,28,245,2022568,0,0,0,7670190,12025701,2023651
3 x 4096 B,29,245,2005852,0,0,0,7610832,12025701,2006923
3 x 4096 B,30,245,2006562,0,0,0,7611071,12025701,2007579
3 x 4096 B,31,245,2005367,0,0,0,7610100,12025701,2006421
4 x 4096 B,0,181,2005566,0,0,0,7611039,11835051,2006697
4 x 4096 B,1,181,2011825,0,0,0,7633495,11835051,2012858
4 x 4096 B,2,181,2009512,0,0,0,7626413,11835051,2010590
4 x 4096 B,3,181,2012437,0,0,0,7632058,11835051,2013491
4 x 4096 B,4,181,2014288,0,0,0,7642382,11835051,2015353
4 x 4096 B,5,181,2016406,0,0,0,7646298,11835051,2017524
4 x 4096 B,6,181,2018356,0,0,0,7642281,11835051,2019452
4 x 4096 B,7,181,2007970,0,0,0,7618784,11835051,2009006
4 x 4096 B,8,181,2003720,0,0,0,7599984,11835051,2004768
4 x 4096 B,9,181,2001031,0,0,0,7592786,11835051,2002060
4 x 4096 B,10,181,1978175,0,0,0,7506772,11835051,1979215
4 x 4096 B,11,181,1981017,0,0,0,7517043,11835051,1982067
4 x 4096 B,12,181,1967041,0,0,0,7460160,11835051,1968126
4 x 4096 B,13,181,1964640,0,0,0,7449280,11835051,1965716
4 x 4096 B,14,181,1963217,0,0,0,7448467,11835051,1964264
4 x 4096 B,15,181,1963841,0,0,0,7451104,11835051,1964878
4 x 4096 B,16,181,2002423,0,0,0,7597000,11835051,2003458
4 x 4096 B,17,181,2014367,0,0,0,7644542,11835051,2015396
4 x 4096 B,18,181,2014540,0,0,0,7643510,11835051,2015568
4 x 4096 B,19,181,2013792,0,0,0,7642291,11835051,2014841
4 x 4096 B,20,181,2014671,0,0,0,7644399,11835051,2015699
4 x 4096 B,21,181,2014086,0,0,0,7643287,11835051,2015136
4 x 4096 B,22,181,1988785,0,0,0,7545052,11835051,1989832
4 x 4096 B,23,181,1974504,0,0,0,7492901,11835051,1975533
4 x 4096 B,24,181,1975951,0,0,0,7497722,11835051,1976988
4 x 4096 B,25,181,2004803,0,0,0,7607989,11835051,2005833
4 x 4096 B,26,181,2011130,0,0,0,7631288,11835051,2012158
4 x 4096 B,27,181,2009100,0,0,0,7624336,11835051,2010152
4 x 4096 B,28,181,2009868,0,0,0,7624962,11835051,2010899
4 x 4096 B,29,181,2009808,0,0,0,7625648,11835051,2010970
4 x 4096 B,30,181,2008039,0,0,0,7615744,11835051,2009559
4 x 4096 B,31,181,2012261,0,0,0,7632819,11835051,2013556
6 x 4096 B,0,120,1997963,0,0,0,7577652,11759046,1999626
6 x 4096 B,1,120,2000835,0,0,0,7583364,11759046,2003717
6 x 4096 B,2,120,1998548,0,0,0,7578724,11759046,1999982
6 x 4096 B,3,120,1996635,0,0,0,7573216,11759046,1997706
6 x 4096 B,4,120,1997069,0,0,0,7573981,11759046,1998176
6 x 4096 B,5,120,1995587,0,0,0,7567791,11759046,1996697
6 x 4096 B,6,120,1993564,0,0,0,7562444,11759046,1994636
6 x 4096 B,7,120,2002844,0,0,0,7569594,11759046,2000414
6 x 4096 B,8,120,1993234,0,0,0,7560385,11759046,1994299
6 x 4096 B,9,120,1993694,0,0,0,7563136,11759046,1994744
6 x 4096 B,10,120,1996136,0,0,0,7572261,11759046,1997182
6 x 4096 B,11,120,1994111,0,0,0,7566505,11759046,1995151
6 x 4096 B,12,120,1992352,0,0,0,7556327,11759046,1993431
6 x 4096 B,13,120,1993574,0,0,0,7563017,11759046,1994620
6 x 4096 B,14,120,1993465,0,0,0,7563089,11759046,1994491
6 x 4096 B,15,120,1993870,0,0,0,7563198,11759046,1994920
6 x 4096 B,16,120,1993608,0,0,0,7562031,11759046,1994659
6 x 4096 B,17,120,1997203,0,0,0,7578289,11759046,1998252
6 x 4096 B,18,120,1994187,0,0,0,7564203,11759046,1995236
6 x 4096 B,19,120,1992308,0,0,0,7559463,11759046,1993376
6 x 4096 B,20,120,1992391,0,0,0,7558861,11759046,1993434
6 x 4096 B,21,120,1993250,0,0,0,7563100,11759046,1994292
6 x 4096 B,22,120,1992781,0,0,0,7560371,11759046,1993828
6 x 4096 B,23,120,1992744,0,0,0,7559559,11759046,1993784
6 x 4096 B,24,120,1992005,0,0,0,7557520,11759046,1993050
6 x 4096 B,25,120,1989159,0,0,0,7547903,11759046,1990198
6 x 4096 B,26,120,1991257,0,0,0,7555153,11759046,1992289
6 x 4096 B,27,120,1991704,0,0,0,7554813,11759046,1992759
6 x 4096 B,28,120,1989730,0,0,0,7548727,11759046,1990778
6 x 4096 B,29,120,1990073,0,0,0,7551259,11759046,1991125
6 x 4096 B,30,120,1990018,0,0,0,7549682,11759046,1991075
6 x 4096 B,31,120,1990976,0,0,0,7550710,11759046,1992027
8 x 4096 B,0,91,2013745,0,0,0,7640215,11884329,2014893
8 x 4096 B,1,91,2011423,0,0,0,7632155,11884329,2012484
8 x 4096 B,2,91,2014627,0,0,0,7643584,11884329,2015698
8 x 4096 B,3,91,2010325,0,0,0,7626846,11884329,2011538
8 x 4096 B,4,91,2016919,0,0,0,7650154,11884329,2018290
8 x 4096 B,5,91,2015893,0,0,0,7645678,11884329,2017141
8 x 4096 B,6,91,2014286,0,0,0,7632596,11884329,2015964
8 x 4096 B,7,91,2013377,0,0,0,7633227,11884329,2014817
8 x 4096 B,8,91,2013234,0,0,0,7629224,11884329,2015223
8 x 4096 B,9,91,2011870,0,0,0,7628814,11884329,2013734
8 x 4096 B,10,91,2014529,0,0,0,7634670,11884329,2015636
8 x 4096 B,11,91,2011433,0,0,0,7631112,11884329,2012548
8 x 4096 B,12,91,2013422,0,0,0,7637079,11884329,2014493
8 x 4096 B,13,91,2014181,0,0,0,7641480,11884329,2015249
8 x 4096 B,14,91,2015650,0,0,0,7643996,11884329,2016733
8 x 4096 B,15,91,2013238,0,0,0,7638355,11884329,2014282
8 x 4096 B,16,91,2010349,0,0,0,7626543,11884329,2011396
8 x 4096 B,17,91,2012836,0,0,0,7638408,11884329,2013887
8 x 4096 B,18,91,2012250,0,0,0,7635018,11884329,2013313
8 x 4096 B,19,91,2011577,0,0,0,7633717,11884329,2012633
8 x 4096 B,20,91,2020394,0,0,0,7666364,11884329,2021432
8 x 4096 B,21,91,2021503,0,0,0,7671284,11884329,2022569
8 x 4096 B,22,91,2019391,0,0,0,7661324,11884329,2020437
8 x 4096 B,23,91,2013401,0,0,0,7639551,11884329,2014455
8 x 4096 B,24,91,2011566,0,0,0,7633665,11884329,2012616
8 x 4096 B,25,91,2013734,0,0,0,7634362,11884330,2014759
8 x 4096 B,26,91,2010881,0,0,0,7631519,11884329,2011943
8 x 4096 B,27,91,2008440,0,0,0,7618798,11884329,2009477
8 x 4096 B,28,91,2010205,0,0,0,7628650,11884329,2011267
8 x 4096 B,29,91,2013187,0,0,0,7638196,11884329,2014234
8 x 4096 B,30,91,2008773,0,0,0,7622753,11884329,2009840
8 x 4096 B,31,91,2009770,0,0,0,7624894,11884329,2010813
12 x 4096 B,0,61,2025974,0,0,0,7687244,11944227,2027160
12 x 4096 B,1,61,2025093,0,0,0,7684521,11944227,2026157
12 x 4096 B,2,61,2026317,0,0,0,7688606,11944227,2027370
12 x 4096 B,3,61,2027114,0,0,0,7692123,11944227,2028219
12 x 4096 B,4,61,2027376,0,0,0,7692540,11944227,2028426
12 x 4096 B,5,61,2034950,0,0,0,7685786,11944227,2030392
12 x 4096 B,6,61,2023937,0,0,0,7678049,11944227,2024984
12 x 4096 B,7,61,2023491,0,0,0,7677317,11944227,2024547
12 x 4096 B,8,61,2023501,0,0,0,7676326,11944227,2024564
12 x 4096 B,9,61,2023373,0,0,0,7677218,11944227,2024438
12 x 4096 B,10,61,2023960,0,0,0,7679413,11944227,2025262
12 x 4096 B,11,61,2025458,0,0,0,7680613,11944227,2027261
12 x 4096 B,12,61,2025212,0,0,0,7682307,11944227,2026715
12 x 4096 B,13,61,2027753,0,0,0,7686437,11944227,2029315
12 x 4096 B,14,61,2025420,0,0,0,7681594,11944227,2026654
12 x 4096 B,15,61,2026764,0,0,0,7681738,11944227,2028832
12 x 4096 B,16,61,2031447,0,0,0,7676690,11944227,2029991
12 x 4096 B,17,61,2038317,0,0,0,7685808,11944227,2031621
12 x 4096 B,18,61,2023529,0,0,0,7675982,11944227,2024608
12 x 4096 B,19,61,2025102,0,0,0,7683716,11944227,2026141
12 x 4096 B,20,61,2026587,0,0,0,7687860,11944227,2027670
12 x 4096 B,21,61,2025338,0,0,0,7682809,11944227,2026423
12 x 4096 B,22,61,2025106,0,0,0,7680446,11944227,2026274
12 x 4096 B,23,61,2023908,0,0,0,7678117,11944227,2024969
12 x 4096 B,24,61,2023619,0,0,0,7678866,11944227,2024676
12 x 4096 B,25,61,2403699,0,0,0,7680047,11944228,2404788
12 x 4096 B,26,61,2023488,0,0,0,7677680,11944227,2024558
12 x 4096 B,27,61,2022317,0,0,0,7673257,11944227,2023373
12 x 4096 B,28,61,2022886,0,0,0,7674738,11944227,2023935
12 x 4096 B,29,61,2022593,0,0,0,7675317,11944227,2023654
12 x 4096 B,30,61,2024015,0,0,0,7681172,11944227,2025080
12 x 4096 B,31,61,2023261,0,0,0,7677430,11944227,2024312
16 x 4096 B,0,46,2034470,0,0,0,7718735,12006780,2035632
16 x 4096 B,1,46,2034323,0,0,0,7720339,12006780,2035389
16 x 4096 B,2,46,2033437,0,0,0,7715838,12006780,2034494
16 x 4096 B,3,46,2033727,0,0,0,7718048,12006780,2034804
16 x 4096 B,4,46,2034359,0,0,0,7718489,12006780,2035449
16 x 4096 B,5,46,2032470,0,0,0,7713109,12006780,2033548
16 x 4096 B,6,46,2035047,0,0,0,7720992,12006780,2036099
16 x 4096 B,7,46,2036362,0,0,0,7722907,12006780,2037463
16 x 4096 B,8,46,2036194,0,0,0,7723419,12006780,2037250
16 x 4096 B,9,46,2033966,0,0,0,7719380,12006780,2035060
16 x 4096 B,10,46,2035819,0,0,0,7724409,12006780,2036876
16 x 4096 B,11,46,2034116,0,0,0,7719845,12006780,2035215
16 x 4096 B,12,46,2039428,0,0,0,7718032,12006782,2040480
16 x 4096 B,13,46,2035672,0,0,0,7724271,12006780,2036707
16 x 4096 B,14,46,2033594,0,0,0,7718326,12006780,2034640
16 x 4096 B,15,46,2034915,0,0,0,7719312,12006780,2035945
16 x 4096 B,16,46,2036208,0,0,0,7725592,12006780,2037274
16 x 4096 B,17,46,2035736,0,0,0,7721538,12006780,2037894
16 x 4096 B,18,46,2034526,0,0,0,7717956,12006780,2036210
16 x 4096 B,19,46,2036050,0,0,0,7720332,12006780,2037485
16 x 4096 B,20,46,2041777,0,0,0,7746188,12006780,2043059
16 x 4096 B,21,46,2052278,0,0,0,7764084,12006780,2054829
16 x 4096 B,22,46,2061084,0,0,0,7775646,12006780,2057372
16 x 4096 B,23,46,2059066,0,0,0,7769883,12006780,2053263
16 x 4096 B,24,46,2048207,0,0,0,7771679,12006780,2049279
16 x 4096 B,25,46,2048727,0,0,0,7772882,12006780,2049894
16 x 4096 B,26,46,2046027,0,0,0,7761332,12006780,2047093
16 x 4096 B,27,46,2050181,0,0,0,7774720,12006780,2051304
16 x 4096 B,28,46,2047106,0,0,0,7766728,12006780,2048158
16 x 4096 B,29,46,2049693,0,0,0,7773846,12006780,2050789
16 x 4096 B,30,46,2049019,0,0,0,7773293,12006780,2050089
16 x 4096 B,31,46,2048774,0,0,0,7769899,12006780,2049877
24 x 4096 B,0,30,1995993,0,0,0,7573207,11743116,1997165
24 x 4096 B,1,30,1989736,0,0,0,7547834,11743116,1990809
24 x 4096 B,2,30,1990040,0,0,0,7549586,11743116,1991097
24 x 4096 B,3,30,1989763,0,0,0,7551416,11743116,1990798
24 x 4096 B,4,30,1989885,0,0,0,7551103,11743116,1990927
24 x 4096 B,5,30,1987833,0,0,0,7547883,11743115,1988881
24 x 4096 B,6,30,1987289,0,0,0,7548166,11743115,1988332
24 x 4096 B,7,30,1988606,0,0,0,7545529,11743116,1989633
24 x 4096 B,8,30,1987766,0,0,0,7544958,11743116,1988815
24 x 4096 B,9,30,1988871,0,0,0,7545331,11743116,1989919
24 x 4096 B,10,30,1987736,0,0,0,7544144,11743116,1988772
24 x 4096 B,11,30,1988400,0,0,0,7544777,11743116,1989448
24 x 4096 B,12,30,1988568,0,0,0,7547158,11743116,1989606
24 x 4096 B,13,30,1989556,0,0,0,7548318,11743116,1990594
24 x 4096 B,14,30,1987829,0,0,0,7545288,11743116,1988890
24 x 4096 B,15,30,1988427,0,0,0,7544942,11743116,1989451
24 x 4096 B,16,30,1988237,0,0,0,7546602,11743116,1989289
24 x 4096 B,17,30,1988885,0,0,0,7546411,11743116,1989903
24 x 4096 B,18,30,1987876,0,0,0,7545128,11743116,1988926
24 x 4096 B,19,30,1989739,0,0,0,7548429,11743116,1990760
24 x 4096 B,20,30,1988397,0,0,0,7547120,11743116,1989448
24 x 4096 B,21,30,1988680,0,0,0,7544655,11743116,1989736
24 x 4096 B,22,30,1988607,0,0,0,7544895,11743116,1989724
24 x 4096 B,23,30,1989098,0,0,0,7546505,11743116,1990326
24 x 4096 B,24,30,1990746,0,0,0,7550836,11743116,1992469
24 x 4096 B,25,30,1990673,0,0,0,7549153,11743116,1992308
24 x 4096 B,26,30,1990145,0,0,0,7545389,11743116,1991874
24 x 4096 B,27,30,1990157,0,0,0,7548283,11743116,1991370
24 x 4096 B,28,30,1992425,0,0,0,7549016,11743116,1995082
24 x 4096 B,29,30,1989561,0,0,0,7547097,11743116,1990666
24 x 4096 B,30,30,1990233,0,0,0,7548521,11743116,1991397
24 x 4096 B,31,30,1989126,0,0,0,7546721,11743116,1990172
64 x 4096 B,0,12,2131240,0,0,0,8085538,12522426,2132442
64 x 4096 B,1,12,2130710,0,0,0,8084603,12522426,2131779
64 x 4096 B,2,12,2131042,0,0,0,8087121,12522426,2132093
64 x 4096 B,3,12,2132218,0,0,0,8085744,12522426,2133427
64 x 4096 B,4,12,2131206,0,0,0,8085306,12522426,2132294
64 x 4096 B,5,12,2134052,0,0,0,8086967,12522427,2135144
64 x 4096 B,6,12,2130707,0,0,0,8085004,12522426,2131773
64 x 4096 B,7,12,2131883,0,0,0,8085105,12522426,2132980
64 x 4096 B,8,12,2131923,0,0,0,8088046,12522426,2132980
64 x 4096 B,9,12,2132447,0,0,0,8090799,12522426,2133482
64 x 4096 B,10,12,2130721,0,0,0,8086916,12522426,2131780
64 x 4096 B,11,12,2117513,0,0,0,8035915,12522426,2118577
64 x 4096 B,12,12,2116996,0,0,0,8033849,12522426,2118082
64 x 4096 B,13,12,2118177,0,0,0,8031793,12522427,2119234
64 x 4096 B,14,12,2116890,0,0,0,8034223,12522426,2117945
64 x 4096 B,15,12,2117711,0,0,0,8034662,12522426,2118764
64 x 4096 B,16,12,2116928,0,0,0,8033829,12522426,2117983
64 x 4096 B,17,12,2117693,0,0,0,8035015,12522426,2118749
64 x 4096 B,18,12,2117209,0,0,0,8034890,12522426,2118291
64 x 4096 B,19,12,2119456,0,0,0,8040341,12522426,2120614
64 x 4096 B,20,12,2118485,0,0,0,8040201,12522426,2119533
64 x 4096 B,21,12,2120192,0,0,0,8039682,12522427,2121274
64 x 4096 B,22,12,2120250,0,0,0,8043222,12522426,2121297
64 x 4096 B,23,12,2131417,0,0,0,8088209,12522426,2132450
64 x 4096 B,24,12,2127830,0,0,0,8072640,12522426,2128865
64 x 4096 B,25,12,2132135,0,0,0,8091222,12522426,2133185
64 x 4096 B,26,12,2132350,0,0,0,8090273,12522426,2133443
64 x 4096 B,27,12,2131109,0,0,0,8086598,12522426,2132168
64 x 4096 B,28,12,2136036,0,0,0,8102861,12522426,2137069
64 x 4096 B,29,12,2147434,0,0,0,8137096,12522427,2148929
64 x 4096 B,30,12,2147501,0,0,0,8143573,12522426,2149581
64 x 4096 B,31,12,2140390,0,0,0,8113131,12522426,2142157
128 x 4096 B,0,6,2145455,0,0,0,8083854,12521364,2143165
128 x 4096 B,1,6,2122237,0,0,0,8046353,12521364,2123361
128 x 4096 B,2,6,2122134,0,0,0,8045957,12521364,2123239
128 x 4096 B,3,6,2120646,0,0,0,8046621,12521364,2121732
128 x 4096 B,4,6,2121586,0,0,0,8046167,12521364,2122688
128 x 4096 B,5,6,2120883,0,0,0,8046106,12521364,2121970
128 x 4096 B,6,6,2131193,0,0,0,8075290,12521365,2132274
128 x 4096 B,7,6,2135520,0,0,0,8102826,12521364,2136571
128 x 4096 B,8,6,2136722,0,0,0,8104413,12521364,2137804
128 x 4096 B,9,6,2135650,0,0,0,8103674,12521364,2136692
128 x 4096 B,10,6,2136523,0,0,0,8106371,12521364,2137559
128 x 4096 B,11,6,2136163,0,0,0,8105413,12521364,2137231
128 x 4096 B,12,6,2135995,0,0,0,8105312,12521364,2137038
128 x 4096 B,13,6,2135569,0,0,0,8103731,12521364,2136611
128 x 4096 B,14,6,2137482,0,0,0,8106164,12521365,2138553
128 x 4096 B,15,6,2136005,0,0,0,8104283,12521364,2137035
128 x 4096 B,16,6,2135540,0,0,0,8104045,12521364,2136647
128 x 4096 B,17,6,2136145,0,0,0,8105490,12521364,2137205
128 x 4096 B,18,6,2135829,0,0,0,8105299,12521364,2136898
128 x 4096 B,19,6,2136048,0,0,0,8106042,12521364,2137087
128 x 4096 B,20,6,2139088,0,0,0,8105155,12521364,2140280
128 x 4096 B,21,6,2138272,0,0,0,8105029,12521365,2139370
128 x 4096 B,22,6,2136222,0,0,0,8104903,12521364,2137371
128 x 4096 B,23,6,2137025,0,0,0,8104178,12521364,2138146
128 x 4096 B,24,6,2136139,0,0,0,8104630,12521364,2137749
128 x 4096 B,25,6,2136693,0,0,0,8102434,12521364,2137910
128 x 4096 B,26,6,2136424,0,0,0,8104709,12521364,2137501
128 x 4096 B,27,6,2137267,0,0,0,8105505,12521364,2138370
128 x 4096 B,28,6,2146491,0,0,0,8105277,12521365,2142127
128 x 4096 B,29,6,2137220,0,0,0,8103943,12521364,2138358
128 x 4096 B,30,6,2119933,0,0,0,8042645,12521364,2121001
128 x 4096 B,31,6,2119514,0,0,0,8043173,12521364,2120569
129 x 4096 B,0,6,2145025,0,0,0,8135683,12619176,2146796
129 x 4096 B,1,6,2148990,0,0,0,8153060,12619176,2150858
129 x 4096 B,2,6,2150643,0,0,0,8151478,12619176,2152365
129 x 4096 B,3,6,2149195,0,0,0,8152468,12619176,2150583
129 x 4096 B,4,6,2155678,0,0,0,8130235,12619176,2153572
129 x 4096 B,5,6,2157180,0,0,0,8149218,12619177,2156270
129 x 4096 B,6,6,2148327,0,0,0,8151922,12619176,2149394
129 x 4096 B,7,6,2148924,0,0,0,8153227,12619176,2150082
129 x 4096 B,8,6,2148562,0,0,0,8152693,12619176,2149625
129 x 4096 B,9,6,2148953,0,0,0,8152225,12619176,2150048
129 x 4096 B,10,6,2149580,0,0,0,8152900,12619176,2150673
129 x 4096 B,11,6,2148743,0,0,0,8151794,12619176,2149868
129 x 4096 B,12,6,2150573,0,0,0,8155454,12619177,2151647
129 x 4096 B,13,6,2148475,0,0,0,8153262,12619176,2149527
129 x 4096 B,14,6,2148378,0,0,0,8153909,12619176,2149466
129 x 4096 B,15,6,2148742,0,0,0,8154880,12619176,2149818
129 x 4096 B,16,6,2149349,0,0,0,8153234,12619176,2150401
129 x 4096 B,17,6,2148237,0,0,0,8152097,12619176,2149320
129 x 4096 B,18,6,2151339,0,0,0,8153811,12619177,2152428
129 x 4096 B,19,6,2150831,0,0,0,8163725,12619176,2151878
129 x 4096 B,20,6,2153869,0,0,0,8173515,12619176,2154921
129 x 4096 B,21,6,2153827,0,0,0,8174131,12619176,2154878
129 x 4096 B,22,6,2153734,0,0,0,8173605,12619176,2154779
129 x 4096 B,23,6,2153661,0,0,0,8173261,12619176,2154713
129 x 4096 B,24,6,2153843,0,0,0,8173747,12619176,2154908
129 x 4096 B,25,6,2155019,0,0,0,8172535,12619177,2156098
129 x 4096 B,26,6,2148878,0,0,0,8155464,12619176,2149936
129 x 4096 B,27,6,2148635,0,0,0,8155054,12619176,2149702
129 x 4096 B,28,6,2149299,0,0,0,8157577,12619176,2150358
129 x 4096 B,29,6,2149348,0,0,0,8156610,12619176,2150435
129 x 4096 B,30,6,2149315,0,0,0,8157123,12619176,2150377
129 x 4096 B,31,6,2150712,0,0,0,8156292,12619177,2151768
1024 x 4096 B,0,1,2846735,0,0,0,10796313,16693792,2849029
1024 x 4096 B,1,1,2855072,0,0,0,10834490,16693791,2857466
1024 x 4096 B,2,1,2879628,0,0,0,10919390,16693792,2882490
1024 x 4096 B,3,1,2896022,0,0,0,10973865,16693792,2898662
1024 x 4096 B,4,1,2935568,0,0,0,11121655,16693792,2938511
1024 x 4096 B,5,1,2876511,0,0,0,10821115,16693792,2865918
1024 x 4096 B,6,1,2827511,0,0,0,10721692,16693792,2829327
1024 x 4096 B,7,1,2829923,0,0,0,10732552,16693792,2831700
1024 x 4096 B,8,1,2831910,0,0,0,10735925,16693792,2834000
1024 x 4096 B,9,1,2828481,0,0,0,10734429,16693791,2830220
1024 x 4096 B,10,1,2832011,0,0,0,10737003,16693792,2833769
1024 x 4096 B,11,1,2830004,0,0,0,10734917,16693792,2831734
1024 x 4096 B,12,1,2827716,0,0,0,10726665,16693792,2829451
1024 x 4096 B,13,1,2829294,0,0,0,10729941,16693792,2830992
1024 x 4096 B,14,1,2832069,0,0,0,10737411,16693792,2833844
1024 x 4096 B,15,1,2828837,0,0,0,10735679,16693791,2830569
1024 x 4096 B,16,1,2830515,0,0,0,10736970,16693792,2832186
1024 x 4096 B,17,1,2829445,0,0,0,10733516,16693792,2831205
1024 x 4096 B,18,1,2830644,0,0,0,10737592,16693792,2832309
1024 x 4096 B,19,1,2824893,0,0,0,10716998,16693792,2826627
1024 x 4096 B,20,1,2831024,0,0,0,10739518,16693792,2832717
1024 x 4096 B,21,1,2825763,0,0,0,10727134,16693791,2827595
1024 x 4096 B,22,1,2831912,0,0,0,10742202,16693792,2833671
1024 x 4096 B,23,1,2830488,0,0,0,10737852,16693792,2832228
1024 x 4096 B,24,1,2832703,0,0,0,10746694,16693792,2834377
1024 x 4096 B,25,1,2831438,0,0,0,10741579,16693792,2833160
1024 x 4096 B,26,1,2832768,0,0,0,10744718,16693792,2834487
1024 x 4096 B,27,1,2827314,0,0,0,10732748,16693791,2829063
1024 x 4096 B,28,1,2827897,0,0,0,10727015,16693792,2829618
1024 x 4096 B,29,1,2838715,0,0,0,10762643,16693792,2841146
1024 x 4096 B,30,1,2861151,0,0,0,10846360,16693792,2863637
1024 x 4096 B,31,1,2880786,0,0,0,10915601,16693792,2883888
