round,position,contender,size_bytes,iterations,wall_ns,p_cycles,p_instructions,p_time_ns,e_cycles,e_instructions,e_time_ns,use_case,duo_ns,copy0_ns,copy0_p_cycles,copy0_p_instructions,copy0_p_time_ns,copy0_e_cycles,copy0_e_instructions,copy0_e_time_ns,copy1_ns,copy1_p_cycles,copy1_p_instructions,copy1_p_time_ns,copy1_e_cycles,copy1_e_instructions,copy1_e_time_ns,scenario
0,0,sha256,1024,2154,1017460,,,,,,,ContinuousMessages,1084928,1084928,,,,,,,1076012,,,,,,,solo and shared
0,1,blake3-servil-mt,1024,2048,332296,,,,,,,ContinuousMessages,868272,868272,,,,,,,856936,,,,,,,solo and shared
0,2,sha256,1024,2048,2044989,,,,,,,ContinuousBatches,2042398,2042398,,,,,,,2041268,,,,,,,solo and shared
0,3,blake3-servil-mt,1024,3121,448778,,,,,,,ContinuousBatches,1040433,1040433,,,,,,,1020137,,,,,,,solo and shared
0,4,sha256,262144,8,2067652,,,,,,,ContinuousBatches,2129111,2129111,,,,,,,2125668,,,,,,,solo and shared
0,5,blake3-servil-mt,262144,14,307925,,,,,,,ContinuousBatches,718516,718516,,,,,,,692060,,,,,,,solo and shared
0,9,sha256,1048576,2,1035497,,,,,,,LentMessages,1273776,1257957,,,,,,,1273776,,,,,,,solo and shared
0,10,blake3-servil-st,1048576,4,916432,,,,,,,LentMessages,939237,925549,,,,,,,939237,,,,,,,solo and shared
0,11,blake3-servil-mt,1048576,14,1181805,,,,,,,LentMessages,1291051,1291051,,,,,,,1290564,,,,,,,solo and shared
0,12,sha256,67108864,1,30771936,,,,,,,LentPieces,31651678,31583972,,,,,,,31651678,,,,,,,solo and shared
0,13,blake3-servil-st,67108864,1,15258708,,,,,,,LentPieces,15015755,15015755,,,,,,,14988551,,,,,,,solo and shared
0,14,blake3-servil-mt,67108864,1,8603395,,,,,,,LentPieces,9422536,9410592,,,,,,,9422536,,,,,,,solo and shared
1,0,blake3-servil-mt,1024,3121,435434,,,,,,,ContinuousBatches,528177,528177,,,,,,,508098,,,,,,,solo and shared
1,1,sha256,1024,2048,2040819,,,,,,,ContinuousBatches,2073002,2073002,,,,,,,2071405,,,,,,,solo and shared
1,2,blake3-servil-mt,262144,14,355037,,,,,,,ContinuousBatches,329249,329249,,,,,,,329205,,,,,,,solo and shared
1,3,sha256,262144,8,2140034,,,,,,,ContinuousBatches,2191531,2155584,,,,,,,2191531,,,,,,,solo and shared
1,6,blake3-servil-st,1048576,4,1177385,,,,,,,LentMessages,1077313,1051623,,,,,,,1077313,,,,,,,solo and shared
1,7,blake3-servil-mt,1048576,14,1141236,,,,,,,LentMessages,1265984,1265805,,,,,,,1265984,,,,,,,solo and shared
1,8,sha256,1048576,2,986815,,,,,,,LentMessages,1014622,1014622,,,,,,,1002390,,,,,,,solo and shared
1,9,blake3-servil-st,67108864,1,15482183,,,,,,,LentPieces,15848812,15548848,,,,,,,15848812,,,,,,,solo and shared
1,10,blake3-servil-mt,67108864,1,8420212,,,,,,,LentPieces,8682790,8670450,,,,,,,8682790,,,,,,,solo and shared
1,11,sha256,67108864,1,31455818,,,,,,,LentPieces,31517301,31148296,,,,,,,31517301,,,,,,,solo and shared
1,8,blake3-servil-mt,1024,2048,379572,,,,,,,ContinuousMessages,426989,426989,,,,,,,419070,,,,,,,solo and shared
1,9,sha256,1024,2154,1014524,,,,,,,ContinuousMessages,1058293,1015942,,,,,,,1058293,,,,,,,solo and shared
2,0,sha256,262144,8,2057897,,,,,,,ContinuousBatches,2083085,2070683,,,,,,,2083085,,,,,,,solo and shared
2,1,blake3-servil-mt,262144,14,436828,,,,,,,ContinuousBatches,348906,340493,,,,,,,348906,,,,,,,solo and shared
2,3,blake3-servil-mt,1048576,14,1001766,,,,,,,LentMessages,1271939,1271939,,,,,,,1271151,,,,,,,solo and shared
2,4,sha256,1048576,2,981326,,,,,,,LentMessages,981428,981380,,,,,,,981428,,,,,,,solo and shared
2,5,blake3-servil-st,1048576,4,943805,,,,,,,LentMessages,968581,916098,,,,,,,968581,,,,,,,solo and shared
2,6,blake3-servil-mt,67108864,1,8102528,,,,,,,LentPieces,9198085,9198085,,,,,,,9175573,,,,,,,solo and shared
2,7,sha256,67108864,1,31804139,,,,,,,LentPieces,31036394,30967640,,,,,,,31036394,,,,,,,solo and shared
2,8,blake3-servil-st,67108864,1,15157973,,,,,,,LentPieces,16332313,16332313,,,,,,,16192822,,,,,,,solo and shared
2,6,sha256,1024,2154,1015232,,,,,,,ContinuousMessages,1017137,1016423,,,,,,,1017137,,,,,,,solo and shared
2,7,blake3-servil-mt,1024,2048,396110,,,,,,,ContinuousMessages,527003,500812,,,,,,,527003,,,,,,,solo and shared
2,8,sha256,1024,2048,2044482,,,,,,,ContinuousBatches,2106175,2040028,,,,,,,2106175,,,,,,,solo and shared
2,9,blake3-servil-mt,1024,3121,420011,,,,,,,ContinuousBatches,460082,457554,,,,,,,460082,,,,,,,solo and shared
3,0,blake3-servil-mt,1048576,14,1158055,,,,,,,LentMessages,1367919,1367919,,,,,,,1367884,,,,,,,solo and shared
3,1,blake3-servil-st,1048576,4,921788,,,,,,,LentMessages,983757,983757,,,,,,,947457,,,,,,,solo and shared
3,2,sha256,1048576,2,980449,,,,,,,LentMessages,965773,965426,,,,,,,965773,,,,,,,solo and shared
3,3,blake3-servil-mt,67108864,1,8404459,,,,,,,LentPieces,8763667,8760863,,,,,,,8763667,,,,,,,solo and shared
3,4,blake3-servil-st,67108864,1,14952149,,,,,,,LentPieces,15110504,15010339,,,,,,,15110504,,,,,,,solo and shared
3,5,sha256,67108864,1,31456612,,,,,,,LentPieces,31169068,31169068,,,,,,,31087827,,,,,,,solo and shared
3,4,blake3-servil-mt,1024,2048,310228,,,,,,,ContinuousMessages,463136,429078,,,,,,,463136,,,,,,,solo and shared
3,5,sha256,1024,2154,1011999,,,,,,,ContinuousMessages,1014765,1014765,,,,,,,1014345,,,,,,,solo and shared
3,6,blake3-servil-mt,1024,3121,400484,,,,,,,ContinuousBatches,462111,453208,,,,,,,462111,,,,,,,solo and shared
3,7,sha256,1024,2048,2042091,,,,,,,ContinuousBatches,2041682,2040630,,,,,,,2041682,,,,,,,solo and shared
3,8,blake3-servil-mt,262144,14,322191,,,,,,,ContinuousBatches,328202,327732,,,,,,,328202,,,,,,,solo and shared
3,9,sha256,262144,8,2068222,,,,,,,ContinuousBatches,2072888,2061843,,,,,,,2072888,,,,,,,solo and shared
4,0,sha256,67108864,1,32017683,,,,,,,LentPieces,31079819,31038781,,,,,,,31079819,,,,,,,solo and shared
4,1,blake3-servil-mt,67108864,1,8751040,,,,,,,LentPieces,8939906,8939906,,,,,,,8935984,,,,,,,solo and shared
4,2,blake3-servil-st,67108864,1,15967184,,,,,,,LentPieces,15338410,15338410,,,,,,,15303602,,,,,,,solo and shared
4,2,sha256,1024,2154,1028930,,,,,,,ContinuousMessages,1389193,1389193,,,,,,,1015255,,,,,,,solo and shared
4,3,blake3-servil-mt,1024,2048,353437,,,,,,,ContinuousMessages,432894,432894,,,,,,,409050,,,,,,,solo and shared
4,4,sha256,1024,2048,2000139,,,,,,,ContinuousBatches,2046904,2039915,,,,,,,2046904,,,,,,,solo and shared
4,5,blake3-servil-mt,1024,3121,410051,,,,,,,ContinuousBatches,447837,447837,,,,,,,437239,,,,,,,solo and shared
4,6,sha256,262144,8,2066667,,,,,,,ContinuousBatches,2072591,2072591,,,,,,,2069098,,,,,,,solo and shared
4,7,blake3-servil-mt,262144,14,265411,,,,,,,ContinuousBatches,326044,326044,,,,,,,318857,,,,,,,solo and shared
4,12,sha256,1048576,2,1023895,,,,,,,LentMessages,1046210,1027458,,,,,,,1046210,,,,,,,solo and shared
4,13,blake3-servil-mt,1048576,14,1098639,,,,,,,LentMessages,1263736,1263736,,,,,,,1263208,,,,,,,solo and shared
4,14,blake3-servil-st,1048576,4,916952,,,,,,,LentMessages,922834,922834,,,,,,,922062,,,,,,,solo and shared
5,0,blake3-servil-mt,1024,2048,252683,,,,,,,ContinuousMessages,406985,406985,,,,,,,393597,,,,,,,solo and shared
5,1,sha256,1024,2154,1052841,,,,,,,ContinuousMessages,1036196,1034813,,,,,,,1036196,,,,,,,solo and shared
5,2,blake3-servil-mt,1024,3121,373361,,,,,,,ContinuousBatches,436529,436529,,,,,,,425611,,,,,,,solo and shared
5,3,sha256,1024,2048,2040597,,,,,,,ContinuousBatches,2042075,2039930,,,,,,,2042075,,,,,,,solo and shared
5,4,blake3-servil-mt,262144,14,292741,,,,,,,ContinuousBatches,281357,281357,,,,,,,272945,,,,,,,solo and shared
5,5,sha256,262144,8,2099281,,,,,,,ContinuousBatches,2091224,2090780,,,,,,,2091224,,,,,,,solo and shared
5,9,blake3-servil-st,1048576,4,972973,,,,,,,LentMessages,983566,983566,,,,,,,951397,,,,,,,solo and shared
5,10,sha256,1048576,2,944809,,,,,,,LentMessages,966431,960987,,,,,,,966431,,,,,,,solo and shared
5,11,blake3-servil-mt,1048576,14,1069308,,,,,,,LentMessages,1286474,1286149,,,,,,,1286474,,,,,,,solo and shared
5,12,blake3-servil-st,67108864,1,15389383,,,,,,,LentPieces,15837255,15832158,,,,,,,15837255,,,,,,,solo and shared
5,13,sha256,67108864,1,30873698,,,,,,,LentPieces,30977216,30953265,,,,,,,30977216,,,,,,,solo and shared
5,14,blake3-servil-mt,67108864,1,9648359,,,,,,,LentPieces,9874192,9785676,,,,,,,9874192,,,,,,,solo and shared
6,0,sha256,1024,2048,2094026,,,,,,,ContinuousBatches,2998146,2995163,,,,,,,2998146,,,,,,,solo and shared
6,1,blake3-servil-mt,1024,3121,417241,,,,,,,ContinuousBatches,465455,454650,,,,,,,465455,,,,,,,solo and shared
6,2,sha256,262144,8,2108823,,,,,,,ContinuousBatches,2126038,2075371,,,,,,,2126038,,,,,,,solo and shared
6,3,blake3-servil-mt,262144,14,315047,,,,,,,ContinuousBatches,286386,286386,,,,,,,278203,,,,,,,solo and shared
6,6,sha256,1048576,2,1013434,,,,,,,LentMessages,1047876,1047876,,,,,,,1045418,,,,,,,solo and shared
6,7,blake3-servil-st,1048576,4,877938,,,,,,,LentMessages,915107,898193,,,,,,,915107,,,,,,,solo and shared
6,8,blake3-servil-mt,1048576,14,1110565,,,,,,,LentMessages,1525336,1112447,,,,,,,1525336,,,,,,,solo and shared
6,9,sha256,67108864,1,31739896,,,,,,,LentPieces,31620818,31555487,,,,,,,31620818,,,,,,,solo and shared
6,10,blake3-servil-st,67108864,1,15027577,,,,,,,LentPieces,15418677,15418677,,,,,,,15050783,,,,,,,solo and shared
6,11,blake3-servil-mt,67108864,1,8603700,,,,,,,LentPieces,8675875,8675875,,,,,,,8674288,,,,,,,solo and shared
6,8,sha256,1024,2154,997655,,,,,,,ContinuousMessages,1054909,1054909,,,,,,,1013474,,,,,,,solo and shared
6,9,blake3-servil-mt,1024,2048,302626,,,,,,,ContinuousMessages,436755,436755,,,,,,,426746,,,,,,,solo and shared
7,0,blake3-servil-mt,262144,14,236742,,,,,,,ContinuousBatches,283825,275736,,,,,,,283825,,,,,,,solo and shared
7,1,sha256,262144,8,2122838,,,,,,,ContinuousBatches,2153632,2153632,,,,,,,2150214,,,,,,,solo and shared
7,3,blake3-servil-st,1048576,4,1015450,,,,,,,LentMessages,1031016,1031016,,,,,,,1016601,,,,,,,solo and shared
7,4,blake3-servil-mt,1048576,14,1233757,,,,,,,LentMessages,1779349,1779349,,,,,,,1778823,,,,,,,solo and shared
7,5,sha256,1048576,2,996991,,,,,,,LentMessages,998733,998733,,,,,,,985550,,,,,,,solo and shared
7,6,blake3-servil-st,67108864,1,16053519,,,,,,,LentPieces,19507016,19440174,,,,,,,19507016,,,,,,,solo and shared
7,7,blake3-servil-mt,67108864,1,9124430,,,,,,,LentPieces,9082858,9071219,,,,,,,9082858,,,,,,,solo and shared
7,8,sha256,67108864,1,30598675,,,,,,,LentPieces,31336430,31336430,,,,,,,31329588,,,,,,,solo and shared
7,6,blake3-servil-mt,1024,2048,327711,,,,,,,ContinuousMessages,472895,472895,,,,,,,451591,,,,,,,solo and shared
7,7,sha256,1024,2154,1012831,,,,,,,ContinuousMessages,1014343,1012942,,,,,,,1014343,,,,,,,solo and shared
7,8,blake3-servil-mt,1024,3121,403179,,,,,,,ContinuousBatches,465551,464623,,,,,,,465551,,,,,,,solo and shared
7,9,sha256,1024,2048,2117349,,,,,,,ContinuousBatches,2069315,2069315,,,,,,,2042038,,,,,,,solo and shared
8,0,blake3-servil-mt,1048576,14,1247948,,,,,,,LentMessages,1329604,1261180,,,,,,,1329604,,,,,,,solo and shared
8,1,sha256,1048576,2,982913,,,,,,,LentMessages,984986,983315,,,,,,,984986,,,,,,,solo and shared
8,2,blake3-servil-st,1048576,4,914403,,,,,,,LentMessages,936112,936112,,,,,,,916410,,,,,,,solo and shared
8,3,blake3-servil-mt,67108864,1,8701791,,,,,,,LentPieces,8915540,8912376,,,,,,,8915540,,,,,,,solo and shared
8,4,sha256,67108864,1,31320035,,,,,,,LentPieces,31289219,31289219,,,,,,,31184604,,,,,,,solo and shared
8,5,blake3-servil-st,67108864,1,15130660,,,,,,,LentPieces,15186501,15186501,,,,,,,15168743,,,,,,,solo and shared
8,4,sha256,1024,2154,1018025,,,,,,,ContinuousMessages,1016563,1016537,,,,,,,1016563,,,,,,,solo and shared
8,5,blake3-servil-mt,1024,2048,319342,,,,,,,ContinuousMessages,456698,418891,,,,,,,456698,,,,,,,solo and shared
8,6,sha256,1024,2048,2064949,,,,,,,ContinuousBatches,2077389,2077389,,,,,,,2075918,,,,,,,solo and shared
8,7,blake3-servil-mt,1024,3121,465728,,,,,,,ContinuousBatches,578688,578688,,,,,,,571388,,,,,,,solo and shared
8,8,sha256,262144,8,2155094,,,,,,,ContinuousBatches,2160702,2130645,,,,,,,2160702,,,,,,,solo and shared
8,9,blake3-servil-mt,262144,14,377574,,,,,,,ContinuousBatches,291016,282162,,,,,,,291016,,,,,,,solo and shared
9,0,blake3-servil-mt,67108864,1,8800945,,,,,,,LentPieces,8997644,8997644,,,,,,,8939238,,,,,,,solo and shared
9,1,blake3-servil-st,67108864,1,14993624,,,,,,,LentPieces,15131200,15053135,,,,,,,15131200,,,,,,,solo and shared
9,2,sha256,67108864,1,30986675,,,,,,,LentPieces,31559685,31559685,,,,,,,31009908,,,,,,,solo and shared
9,2,blake3-servil-mt,1024,2048,325888,,,,,,,ContinuousMessages,468110,460218,,,,,,,468110,,,,,,,solo and shared
9,3,sha256,1024,2154,1011600,,,,,,,ContinuousMessages,1057945,1057945,,,,,,,1015091,,,,,,,solo and shared
9,4,blake3-servil-mt,1024,3121,439313,,,,,,,ContinuousBatches,463855,463855,,,,,,,446424,,,,,,,solo and shared
9,5,sha256,1024,2048,2042249,,,,,,,ContinuousBatches,2041152,2040860,,,,,,,2041152,,,,,,,solo and shared
9,6,blake3-servil-mt,262144,14,269865,,,,,,,ContinuousBatches,401298,371533,,,,,,,401298,,,,,,,solo and shared
9,7,sha256,262144,8,2111248,,,,,,,ContinuousBatches,2152034,2152034,,,,,,,2146497,,,,,,,solo and shared
9,12,blake3-servil-mt,1048576,14,1200595,,,,,,,LentMessages,1338764,1338764,,,,,,,1338167,,,,,,,solo and shared
9,13,blake3-servil-st,1048576,4,916561,,,,,,,LentMessages,929749,919626,,,,,,,929749,,,,,,,solo and shared
9,14,sha256,1048576,2,980379,,,,,,,LentMessages,981915,979265,,,,,,,981915,,,,,,,solo and shared
10,0,sha256,1024,2154,1031158,,,,,,,ContinuousMessages,1016596,1016596,,,,,,,1014517,,,,,,,solo and shared
10,1,blake3-servil-mt,1024,2048,323051,,,,,,,ContinuousMessages,568849,568849,,,,,,,518732,,,,,,,solo and shared
10,2,sha256,1024,2048,2123249,,,,,,,ContinuousBatches,2115294,2114956,,,,,,,2115294,,,,,,,solo and shared
10,3,blake3-servil-mt,1024,3121,366056,,,,,,,ContinuousBatches,424637,424637,,,,,,,377726,,,,,,,solo and shared
10,4,sha256,262144,8,2028418,,,,,,,ContinuousBatches,2073304,2073304,,,,,,,2059306,,,,,,,solo and shared
10,5,blake3-servil-mt,262144,14,281514,,,,,,,ContinuousBatches,266374,256907,,,,,,,266374,,,,,,,solo and shared
10,9,sha256,1048576,2,1003803,,,,,,,LentMessages,1021575,995241,,,,,,,1021575,,,,,,,solo and shared
10,10,blake3-servil-mt,1048576,14,1228284,,,,,,,LentMessages,1289155,1289155,,,,,,,1288839,,,,,,,solo and shared
10,11,blake3-servil-st,1048576,4,1154293,,,,,,,LentMessages,943892,934355,,,,,,,943892,,,,,,,solo and shared
10,12,sha256,67108864,1,31320691,,,,,,,LentPieces,31445855,31445855,,,,,,,31014665,,,,,,,solo and shared
10,13,blake3-servil-mt,67108864,1,8126418,,,,,,,LentPieces,9357012,9357012,,,,,,,9354486,,,,,,,solo and shared
10,14,blake3-servil-st,67108864,1,15875757,,,,,,,LentPieces,15388966,15388966,,,,,,,15328615,,,,,,,solo and shared
11,0,blake3-servil-mt,1024,3121,407644,,,,,,,ContinuousBatches,473429,465320,,,,,,,473429,,,,,,,solo and shared
11,1,sha256,1024,2048,2041857,,,,,,,ContinuousBatches,2041863,2041863,,,,,,,2041808,,,,,,,solo and shared
11,2,blake3-servil-mt,262144,14,265574,,,,,,,ContinuousBatches,299111,295058,,,,,,,299111,,,,,,,solo and shared
11,3,sha256,262144,8,2084847,,,,,,,ContinuousBatches,2075151,2075151,,,,,,,2072391,,,,,,,solo and shared
11,6,blake3-servil-st,1048576,4,962009,,,,,,,LentMessages,1000524,1000524,,,,,,,982992,,,,,,,solo and shared
11,7,sha256,1048576,2,944865,,,,,,,LentMessages,993513,993513,,,,,,,949916,,,,,,,solo and shared
11,8,blake3-servil-mt,1048576,14,1142377,,,,,,,LentMessages,1262905,1262600,,,,,,,1262905,,,,,,,solo and shared
11,9,blake3-servil-st,67108864,1,15471489,,,,,,,LentPieces,15210387,15161585,,,,,,,15210387,,,,,,,solo and shared
11,10,sha256,67108864,1,31640902,,,,,,,LentPieces,31008907,30979372,,,,,,,31008907,,,,,,,solo and shared
11,11,blake3-servil-mt,67108864,1,8966076,,,,,,,LentPieces,9344175,9131647,,,,,,,9344175,,,,,,,solo and shared
11,8,blake3-servil-mt,1024,2048,285613,,,,,,,ContinuousMessages,475226,475226,,,,,,,444324,,,,,,,solo and shared
11,9,sha256,1024,2154,1108949,,,,,,,ContinuousMessages,1032128,1032128,,,,,,,1029456,,,,,,,solo and shared
12,0,sha256,262144,8,2096078,,,,,,,ContinuousBatches,2089288,2085240,,,,,,,2089288,,,,,,,solo and shared
12,1,blake3-servil-mt,262144,14,579534,,,,,,,ContinuousBatches,332699,331487,,,,,,,332699,,,,,,,solo and shared
12,3,sha256,1048576,2,1152005,,,,,,,LentMessages,1120325,1103442,,,,,,,1120325,,,,,,,solo and shared
12,4,blake3-servil-st,1048576,4,909787,,,,,,,LentMessages,933584,930356,,,,,,,933584,,,,,,,solo and shared
12,5,blake3-servil-mt,1048576,14,1140926,,,,,,,LentMessages,1279581,1279006,,,,,,,1279581,,,,,,,solo and shared
12,6,sha256,67108864,1,31322402,,,,,,,LentPieces,31303397,31303397,,,,,,,31177290,,,,,,,solo and shared
12,7,blake3-servil-st,67108864,1,15724816,,,,,,,LentPieces,15271244,15178732,,,,,,,15271244,,,,,,,solo and shared
12,8,blake3-servil-mt,67108864,1,8692275,,,,,,,LentPieces,8675485,8671834,,,,,,,8675485,,,,,,,solo and shared
12,6,sha256,1024,2154,1069700,,,,,,,ContinuousMessages,1013821,1013586,,,,,,,1013821,,,,,,,solo and shared
12,7,blake3-servil-mt,1024,2048,391397,,,,,,,ContinuousMessages,437422,421595,,,,,,,437422,,,,,,,solo and shared
12,8,sha256,1024,2048,2024409,,,,,,,ContinuousBatches,2041754,2041754,,,,,,,2040173,,,,,,,solo and shared
12,9,blake3-servil-mt,1024,3121,398181,,,,,,,ContinuousBatches,457010,457010,,,,,,,448239,,,,,,,solo and shared
13,0,blake3-servil-st,1048576,4,940204,,,,,,,LentMessages,1032674,1032674,,,,,,,1023431,,,,,,,solo and shared
13,1,blake3-servil-mt,1048576,14,1137853,,,,,,,LentMessages,1283651,1282967,,,,,,,1283651,,,,,,,solo and shared
13,2,sha256,1048576,2,980416,,,,,,,LentMessages,990288,990288,,,,,,,987580,,,,,,,solo and shared
13,3,blake3-servil-st,67108864,1,15177773,,,,,,,LentPieces,15987374,15987374,,,,,,,15832766,,,,,,,solo and shared
13,4,blake3-servil-mt,67108864,1,8439290,,,,,,,LentPieces,8967789,8967789,,,,,,,8944425,,,,,,,solo and shared
13,5,sha256,67108864,1,30371472,,,,,,,LentPieces,31446095,31446095,,,,,,,31421232,,,,,,,solo and shared
13,4,blake3-servil-mt,1024,2048,320197,,,,,,,ContinuousMessages,430145,430145,,,,,,,428949,,,,,,,solo and shared
13,5,sha256,1024,2154,1055649,,,,,,,ContinuousMessages,1013914,1012793,,,,,,,1013914,,,,,,,solo and shared
13,6,blake3-servil-mt,1024,3121,416824,,,,,,,ContinuousBatches,455179,439730,,,,,,,455179,,,,,,,solo and shared
13,7,sha256,1024,2048,2112384,,,,,,,ContinuousBatches,2040983,2040983,,,,,,,2039782,,,,,,,solo and shared
13,8,blake3-servil-mt,262144,14,262213,,,,,,,ContinuousBatches,332482,324042,,,,,,,332482,,,,,,,solo and shared
13,9,sha256,262144,8,2064538,,,,,,,ContinuousBatches,2140459,2140459,,,,,,,2112329,,,,,,,solo and shared
14,0,blake3-servil-mt,67108864,1,8571083,,,,,,,LentPieces,9377602,9309954,,,,,,,9377602,,,,,,,solo and shared
14,1,sha256,67108864,1,30531595,,,,,,,LentPieces,31629620,31629620,,,,,,,31536706,,,,,,,solo and shared
14,2,blake3-servil-st,67108864,1,15258701,,,,,,,LentPieces,15058491,15022319,,,,,,,15058491,,,,,,,solo and shared
14,2,sha256,1024,2154,1013393,,,,,,,ContinuousMessages,1015548,1015548,,,,,,,1015258,,,,,,,solo and shared
14,3,blake3-servil-mt,1024,2048,336021,,,,,,,ContinuousMessages,464191,464191,,,,,,,406383,,,,,,,solo and shared
14,4,sha256,1024,2048,2061853,,,,,,,ContinuousBatches,2058462,2040365,,,,,,,2058462,,,,,,,solo and shared
14,5,blake3-servil-mt,1024,3121,412273,,,,,,,ContinuousBatches,461880,454133,,,,,,,461880,,,,,,,solo and shared
14,6,sha256,262144,8,2096617,,,,,,,ContinuousBatches,2092158,2076772,,,,,,,2092158,,,,,,,solo and shared
14,7,blake3-servil-mt,262144,14,259411,,,,,,,ContinuousBatches,318095,316866,,,,,,,318095,,,,,,,solo and shared
14,12,blake3-servil-mt,1048576,14,1048518,,,,,,,LentMessages,1350892,1350892,,,,,,,1350098,,,,,,,solo and shared
14,13,sha256,1048576,2,978349,,,,,,,LentMessages,984996,984594,,,,,,,984996,,,,,,,solo and shared
14,14,blake3-servil-st,1048576,4,916856,,,,,,,LentMessages,949318,949318,,,,,,,939454,,,,,,,solo and shared
15,0,blake3-servil-mt,1024,2048,290944,,,,,,,ContinuousMessages,440924,440924,,,,,,,436890,,,,,,,solo and shared
15,1,sha256,1024,2154,1020465,,,,,,,ContinuousMessages,1019522,1018444,,,,,,,1019522,,,,,,,solo and shared
15,2,blake3-servil-mt,1024,3121,432916,,,,,,,ContinuousBatches,464354,464354,,,,,,,459160,,,,,,,solo and shared
15,3,sha256,1024,2048,2054946,,,,,,,ContinuousBatches,2050474,2050474,,,,,,,2048586,,,,,,,solo and shared
15,4,blake3-servil-mt,262144,14,453716,,,,,,,ContinuousBatches,311471,311471,,,,,,,304997,,,,,,,solo and shared
15,5,sha256,262144,8,2161821,,,,,,,ContinuousBatches,2212188,2212188,,,,,,,2199304,,,,,,,solo and shared
15,9,blake3-servil-mt,1048576,14,1296182,,,,,,,LentMessages,1322639,1322639,,,,,,,1322492,,,,,,,solo and shared
15,10,blake3-servil-st,1048576,4,914300,,,,,,,LentMessages,918571,917741,,,,,,,918571,,,,,,,solo and shared
15,11,sha256,1048576,2,992820,,,,,,,LentMessages,980320,975469,,,,,,,980320,,,,,,,solo and shared
15,12,blake3-servil-mt,67108864,1,8789209,,,,,,,LentPieces,9284911,9218943,,,,,,,9284911,,,,,,,solo and shared
15,13,blake3-servil-st,67108864,1,14843658,,,,,,,LentPieces,14966266,14959325,,,,,,,14966266,,,,,,,solo and shared
15,14,sha256,67108864,1,31062009,,,,,,,LentPieces,31439377,31236337,,,,,,,31439377,,,,,,,solo and shared
16,0,sha256,1024,2048,1998085,,,,,,,ContinuousBatches,2042524,2042524,,,,,,,2038655,,,,,,,solo and shared
16,1,blake3-servil-mt,1024,3121,418389,,,,,,,ContinuousBatches,453246,453246,,,,,,,444899,,,,,,,solo and shared
16,2,sha256,262144,8,2077691,,,,,,,ContinuousBatches,2069121,2069121,,,,,,,2060887,,,,,,,solo and shared
16,3,blake3-servil-mt,262144,14,249541,,,,,,,ContinuousBatches,310364,302902,,,,,,,310364,,,,,,,solo and shared
16,6,sha256,1048576,2,1003598,,,,,,,LentMessages,1041026,1029521,,,,,,,1041026,,,,,,,solo and shared
16,7,blake3-servil-mt,1048576,14,1121464,,,,,,,LentMessages,1283611,1283157,,,,,,,1283611,,,,,,,solo and shared
16,8,blake3-servil-st,1048576,4,914998,,,,,,,LentMessages,927121,923218,,,,,,,927121,,,,,,,solo and shared
16,9,sha256,67108864,1,31696466,,,,,,,LentPieces,31395023,31336525,,,,,,,31395023,,,,,,,solo and shared
16,10,blake3-servil-mt,67108864,1,9124356,,,,,,,LentPieces,9459200,9459200,,,,,,,9409275,,,,,,,solo and shared
16,11,blake3-servil-st,67108864,1,16140272,,,,,,,LentPieces,16452371,16032694,,,,,,,16452371,,,,,,,solo and shared
16,8,sha256,1024,2154,1025375,,,,,,,ContinuousMessages,1028400,1014427,,,,,,,1028400,,,,,,,solo and shared
16,9,blake3-servil-mt,1024,2048,286760,,,,,,,ContinuousMessages,439016,439016,,,,,,,438869,,,,,,,solo and shared
17,0,blake3-servil-mt,262144,14,245389,,,,,,,ContinuousBatches,295381,283936,,,,,,,295381,,,,,,,solo and shared
17,1,sha256,262144,8,2092567,,,,,,,ContinuousBatches,2136444,2136444,,,,,,,2107826,,,,,,,solo and shared
17,3,blake3-servil-st,1048576,4,1323531,,,,,,,LentMessages,1007892,1007892,,,,,,,1001149,,,,,,,solo and shared
17,4,sha256,1048576,2,963037,,,,,,,LentMessages,959239,959239,,,,,,,958626,,,,,,,solo and shared
17,5,blake3-servil-mt,1048576,14,1094778,,,,,,,LentMessages,1303269,1302462,,,,,,,1303269,,,,,,,solo and shared
17,6,blake3-servil-st,67108864,1,15259511,,,,,,,LentPieces,15215497,15215497,,,,,,,15104727,,,,,,,solo and shared
17,7,sha256,67108864,1,31151814,,,,,,,LentPieces,31507643,31143021,,,,,,,31507643,,,,,,,solo and shared
17,8,blake3-servil-mt,67108864,1,8126275,,,,,,,LentPieces,9196474,9196474,,,,,,,9193665,,,,,,,solo and shared
17,6,blake3-servil-mt,1024,2048,328665,,,,,,,ContinuousMessages,482831,482831,,,,,,,460135,,,,,,,solo and shared
17,7,sha256,1024,2154,1013587,,,,,,,ContinuousMessages,1555968,1555672,,,,,,,1555968,,,,,,,solo and shared
17,8,blake3-servil-mt,1024,3121,403883,,,,,,,ContinuousBatches,456573,451399,,,,,,,456573,,,,,,,solo and shared
17,9,sha256,1024,2048,2012259,,,,,,,ContinuousBatches,2042174,2042174,,,,,,,2037348,,,,,,,solo and shared
18,0,sha256,1048576,2,984698,,,,,,,LentMessages,1048573,1048573,,,,,,,1039253,,,,,,,solo and shared
18,1,blake3-servil-st,1048576,4,885301,,,,,,,LentMessages,895284,895284,,,,,,,882372,,,,,,,solo and shared
18,2,blake3-servil-mt,1048576,14,1175212,,,,,,,LentMessages,1281707,1281707,,,,,,,1281351,,,,,,,solo and shared
18,3,sha256,67108864,1,31683320,,,,,,,LentPieces,31425457,31035937,,,,,,,31425457,,,,,,,solo and shared
18,4,blake3-servil-st,67108864,1,14886795,,,,,,,LentPieces,16122801,16023005,,,,,,,16122801,,,,,,,solo and shared
18,5,blake3-servil-mt,67108864,1,8945464,,,,,,,LentPieces,8869919,8869919,,,,,,,8844606,,,,,,,solo and shared
18,4,sha256,1024,2154,1024916,,,,,,,ContinuousMessages,1013824,1013824,,,,,,,1013760,,,,,,,solo and shared
18,5,blake3-servil-mt,1024,2048,322432,,,,,,,ContinuousMessages,484947,437175,,,,,,,484947,,,,,,,solo and shared
18,6,sha256,1024,2048,2103710,,,,,,,ContinuousBatches,2066173,2040651,,,,,,,2066173,,,,,,,solo and shared
18,7,blake3-servil-mt,1024,3121,445306,,,,,,,ContinuousBatches,455883,455883,,,,,,,443495,,,,,,,solo and shared
18,8,sha256,262144,8,2070963,,,,,,,ContinuousBatches,2095491,2075765,,,,,,,2095491,,,,,,,solo and shared
18,9,blake3-servil-mt,262144,14,326297,,,,,,,ContinuousBatches,325290,320244,,,,,,,325290,,,,,,,solo and shared
19,0,blake3-servil-st,67108864,1,15878730,,,,,,,LentPieces,15570817,15496337,,,,,,,15570817,,,,,,,solo and shared
19,1,blake3-servil-mt,67108864,1,9067018,,,,,,,LentPieces,9955129,9954025,,,,,,,9955129,,,,,,,solo and shared
19,2,sha256,67108864,1,31411731,,,,,,,LentPieces,31005090,31005090,,,,,,,30982426,,,,,,,solo and shared
19,2,blake3-servil-mt,1024,2048,363912,,,,,,,ContinuousMessages,425260,416798,,,,,,,425260,,,,,,,solo and shared
19,3,sha256,1024,2154,1013981,,,,,,,ContinuousMessages,1013630,1013598,,,,,,,1013630,,,,,,,solo and shared
19,4,blake3-servil-mt,1024,3121,446635,,,,,,,ContinuousBatches,533576,533576,,,,,,,530674,,,,,,,solo and shared
19,5,sha256,1024,2048,2046579,,,,,,,ContinuousBatches,2066245,2042043,,,,,,,2066245,,,,,,,solo and shared
19,6,blake3-servil-mt,262144,14,271888,,,,,,,ContinuousBatches,390190,390190,,,,,,,367050,,,,,,,solo and shared
19,7,sha256,262144,8,2082725,,,,,,,ContinuousBatches,2094097,2094097,,,,,,,2084805,,,,,,,solo and shared
19,12,blake3-servil-st,1048576,4,1014589,,,,,,,LentMessages,1163699,1087835,,,,,,,1163699,,,,,,,solo and shared
19,13,blake3-servil-mt,1048576,14,1203973,,,,,,,LentMessages,1286324,1286257,,,,,,,1286324,,,,,,,solo and shared
19,14,sha256,1048576,2,1064097,,,,,,,LentMessages,1000046,995140,,,,,,,1000046,,,,,,,solo and shared
20,0,sha256,1024,2154,1052701,,,,,,,ContinuousMessages,1074144,1074144,,,,,,,1039522,,,,,,,solo and shared
20,1,blake3-servil-mt,1024,2048,370775,,,,,,,ContinuousMessages,437300,348845,,,,,,,437300,,,,,,,solo and shared
20,2,sha256,1024,2048,2128009,,,,,,,ContinuousBatches,2083741,2083741,,,,,,,2083439,,,,,,,solo and shared
20,3,blake3-servil-mt,1024,3121,376344,,,,,,,ContinuousBatches,462994,462994,,,,,,,427007,,,,,,,solo and shared
20,4,sha256,262144,8,2026802,,,,,,,ContinuousBatches,2143545,2070601,,,,,,,2143545,,,,,,,solo and shared
20,5,blake3-servil-mt,262144,14,468753,,,,,,,ContinuousBatches,245304,245280,,,,,,,245304,,,,,,,solo and shared
20,9,blake3-servil-mt,1048576,14,1055067,,,,,,,LentMessages,1314223,1313856,,,,,,,1314223,,,,,,,solo and shared
20,10,sha256,1048576,2,983192,,,,,,,LentMessages,981197,981104,,,,,,,981197,,,,,,,solo and shared
20,11,blake3-servil-st,1048576,4,977506,,,,,,,LentMessages,979423,916690,,,,,,,979423,,,,,,,solo and shared
20,12,blake3-servil-mt,67108864,1,8264829,,,,,,,LentPieces,9199761,9199761,,,,,,,9174949,,,,,,,solo and shared
20,13,sha256,67108864,1,30701627,,,,,,,LentPieces,31880055,31430763,,,,,,,31880055,,,,,,,solo and shared
20,14,blake3-servil-st,67108864,1,15202032,,,,,,,LentPieces,15081539,15081539,,,,,,,15033675,,,,,,,solo and shared
21,0,blake3-servil-mt,1024,3121,381408,,,,,,,ContinuousBatches,415478,399902,,,,,,,415478,,,,,,,solo and shared
21,1,sha256,1024,2048,2101035,,,,,,,ContinuousBatches,2043712,2043712,,,,,,,2039936,,,,,,,solo and shared
21,2,blake3-servil-mt,262144,14,286458,,,,,,,ContinuousBatches,267525,267525,,,,,,,265953,,,,,,,solo and shared
21,3,sha256,262144,8,2105778,,,,,,,ContinuousBatches,2136577,2136577,,,,,,,2115582,,,,,,,solo and shared
21,6,blake3-servil-mt,1048576,14,1244722,,,,,,,LentMessages,1357172,1287839,,,,,,,1357172,,,,,,,solo and shared
21,7,blake3-servil-st,1048576,4,928883,,,,,,,LentMessages,930400,920871,,,,,,,930400,,,,,,,solo and shared
21,8,sha256,1048576,2,985471,,,,,,,LentMessages,1002993,991948,,,,,,,1002993,,,,,,,solo and shared
21,9,blake3-servil-mt,67108864,1,8900794,,,,,,,LentPieces,9220110,9200043,,,,,,,9220110,,,,,,,solo and shared
21,10,blake3-servil-st,67108864,1,15802916,,,,,,,LentPieces,15873811,15873811,,,,,,,15838547,,,,,,,solo and shared
21,11,sha256,67108864,1,31130358,,,,,,,LentPieces,31576354,31485398,,,,,,,31576354,,,,,,,solo and shared
21,8,blake3-servil-mt,1024,2048,515344,,,,,,,ContinuousMessages,461927,381736,,,,,,,461927,,,,,,,solo and shared
21,9,sha256,1024,2154,1012324,,,,,,,ContinuousMessages,1063405,1015716,,,,,,,1063405,,,,,,,solo and shared
22,0,sha256,262144,8,2064915,,,,,,,ContinuousBatches,2074208,2074208,,,,,,,2069006,,,,,,,solo and shared
22,1,blake3-servil-mt,262144,14,370682,,,,,,,ContinuousBatches,246512,240653,,,,,,,246512,,,,,,,solo and shared
22,3,sha256,1048576,2,1026282,,,,,,,LentMessages,1064038,1060762,,,,,,,1064038,,,,,,,solo and shared
22,4,blake3-servil-mt,1048576,14,1150759,,,,,,,LentMessages,1275584,1275584,,,,,,,1274427,,,,,,,solo and shared
22,5,blake3-servil-st,1048576,4,916621,,,,,,,LentMessages,927997,927997,,,,,,,926400,,,,,,,solo and shared
22,6,sha256,67108864,1,30834450,,,,,,,LentPieces,31986426,31530751,,,,,,,31986426,,,,,,,solo and shared
22,7,blake3-servil-mt,67108864,1,8468900,,,,,,,LentPieces,8736604,8722801,,,,,,,8736604,,,,,,,solo and shared
22,8,blake3-servil-st,67108864,1,14813670,,,,,,,LentPieces,15106680,15067223,,,,,,,15106680,,,,,,,solo and shared
22,6,sha256,1024,2154,1010005,,,,,,,ContinuousMessages,1015156,1015156,,,,,,,1014238,,,,,,,solo and shared
22,7,blake3-servil-mt,1024,2048,335717,,,,,,,ContinuousMessages,413447,389724,,,,,,,413447,,,,,,,solo and shared
22,8,sha256,1024,2048,2051288,,,,,,,ContinuousBatches,2324452,2044485,,,,,,,2324452,,,,,,,solo and shared
22,9,blake3-servil-mt,1024,3121,388070,,,,,,,ContinuousBatches,491238,456456,,,,,,,491238,,,,,,,solo and shared
23,0,blake3-servil-st,1048576,4,1101308,,,,,,,LentMessages,1143044,1073378,,,,,,,1143044,,,,,,,solo and shared
23,1,sha256,1048576,2,981485,,,,,,,LentMessages,992722,992722,,,,,,,980040,,,,,,,solo and shared
23,2,blake3-servil-mt,1048576,14,1138152,,,,,,,LentMessages,1272955,1272955,,,,,,,1272907,,,,,,,solo and shared
23,3,blake3-servil-st,67108864,1,15391900,,,,,,,LentPieces,15031711,15023590,,,,,,,15031711,,,,,,,solo and shared
23,4,sha256,67108864,1,30407590,,,,,,,LentPieces,31938769,31614879,,,,,,,31938769,,,,,,,solo and shared
23,5,blake3-servil-mt,67108864,1,8422009,,,,,,,LentPieces,8906682,8878267,,,,,,,8906682,,,,,,,solo and shared
23,4,blake3-servil-mt,1024,2048,260326,,,,,,,ContinuousMessages,467476,467476,,,,,,,387543,,,,,,,solo and shared
23,5,sha256,1024,2154,999025,,,,,,,ContinuousMessages,1015078,1015078,,,,,,,1012705,,,,,,,solo and shared
23,6,blake3-servil-mt,1024,3121,392153,,,,,,,ContinuousBatches,415515,415515,,,,,,,406365,,,,,,,solo and shared
23,7,sha256,1024,2048,2042000,,,,,,,ContinuousBatches,2065488,2040320,,,,,,,2065488,,,,,,,solo and shared
23,8,blake3-servil-mt,262144,14,411283,,,,,,,ContinuousBatches,295283,295283,,,,,,,293664,,,,,,,solo and shared
23,9,sha256,262144,8,2145624,,,,,,,ContinuousBatches,2171171,2171171,,,,,,,2170542,,,,,,,solo and shared
24,0,sha256,67108864,1,32408030,,,,,,,LentPieces,31560088,31560088,,,,,,,31507287,,,,,,,solo and shared
24,1,blake3-servil-st,67108864,1,15294622,,,,,,,LentPieces,15057287,15057287,,,,,,,15047432,,,,,,,solo and shared
24,2,blake3-servil-mt,67108864,1,9192291,,,,,,,LentPieces,9825043,9782700,,,,,,,9825043,,,,,,,solo and shared
24,2,sha256,1024,2154,1073430,,,,,,,ContinuousMessages,1015989,1015989,,,,,,,1014285,,,,,,,solo and shared
24,3,blake3-servil-mt,1024,2048,358175,,,,,,,ContinuousMessages,445297,445297,,,,,,,416267,,,,,,,solo and shared
24,4,sha256,1024,2048,2085938,,,,,,,ContinuousBatches,2041251,2041251,,,,,,,2039895,,,,,,,solo and shared
24,5,blake3-servil-mt,1024,3121,382470,,,,,,,ContinuousBatches,423000,423000,,,,,,,406983,,,,,,,solo and shared
24,6,sha256,262144,8,2065521,,,,,,,ContinuousBatches,2076493,2076493,,,,,,,2074601,,,,,,,solo and shared
24,7,blake3-servil-mt,262144,14,255178,,,,,,,ContinuousBatches,293088,285448,,,,,,,293088,,,,,,,solo and shared
24,12,sha256,1048576,2,1053453,,,,,,,LentMessages,1075180,1067908,,,,,,,1075180,,,,,,,solo and shared
24,13,blake3-servil-st,1048576,4,925352,,,,,,,LentMessages,963021,963021,,,,,,,958819,,,,,,,solo and shared
24,14,blake3-servil-mt,1048576,14,1225080,,,,,,,LentMessages,1291142,1290390,,,,,,,1291142,,,,,,,solo and shared
25,0,blake3-servil-mt,1024,2048,293675,,,,,,,ContinuousMessages,415493,302666,,,,,,,415493,,,,,,,solo and shared
25,1,sha256,1024,2154,1052020,,,,,,,ContinuousMessages,1055915,1055915,,,,,,,1055782,,,,,,,solo and shared
25,2,blake3-servil-mt,1024,3121,390779,,,,,,,ContinuousBatches,373842,364948,,,,,,,373842,,,,,,,solo and shared
25,3,sha256,1024,2048,2110914,,,,,,,ContinuousBatches,2043518,2043518,,,,,,,2040588,,,,,,,solo and shared
25,4,blake3-servil-mt,262144,14,332795,,,,,,,ContinuousBatches,293783,277115,,,,,,,293783,,,,,,,solo and shared
25,5,sha256,262144,8,2097947,,,,,,,ContinuousBatches,2127372,2127372,,,,,,,2101944,,,,,,,solo and shared
25,9,blake3-servil-st,1048576,4,930198,,,,,,,LentMessages,946831,915311,,,,,,,946831,,,,,,,solo and shared
25,10,blake3-servil-mt,1048576,14,1176034,,,,,,,LentMessages,1289910,1231851,,,,,,,1289910,,,,,,,solo and shared
25,11,sha256,1048576,2,981588,,,,,,,LentMessages,984106,982010,,,,,,,984106,,,,,,,solo and shared
25,12,blake3-servil-st,67108864,1,15218270,,,,,,,LentPieces,15288065,15179282,,,,,,,15288065,,,,,,,solo and shared
25,13,blake3-servil-mt,67108864,1,9295129,,,,,,,LentPieces,9582576,9582576,,,,,,,9582121,,,,,,,solo and shared
25,14,sha256,67108864,1,30984246,,,,,,,LentPieces,31154376,31053361,,,,,,,31154376,,,,,,,solo and shared
26,0,sha256,1024,2048,2024703,,,,,,,ContinuousBatches,2045233,2043611,,,,,,,2045233,,,,,,,solo and shared
26,1,blake3-servil-mt,1024,3121,406626,,,,,,,ContinuousBatches,478489,478489,,,,,,,465508,,,,,,,solo and shared
26,2,sha256,262144,8,2234616,,,,,,,ContinuousBatches,2126623,2096103,,,,,,,2126623,,,,,,,solo and shared
26,3,blake3-servil-mt,262144,14,255659,,,,,,,ContinuousBatches,302139,294798,,,,,,,302139,,,,,,,solo and shared
26,6,blake3-servil-mt,1048576,14,1087262,,,,,,,LentMessages,1358112,1358112,,,,,,,1357850,,,,,,,solo and shared
26,7,sha256,1048576,2,1057554,,,,,,,LentMessages,987119,983690,,,,,,,987119,,,,,,,solo and shared
26,8,blake3-servil-st,1048576,4,927240,,,,,,,LentMessages,945159,916820,,,,,,,945159,,,,,,,solo and shared
26,9,blake3-servil-mt,67108864,1,9091505,,,,,,,LentPieces,9081726,9081726,,,,,,,9079502,,,,,,,solo and shared
26,10,sha256,67108864,1,30446655,,,,,,,LentPieces,31513711,31392079,,,,,,,31513711,,,,,,,solo and shared
26,11,blake3-servil-st,67108864,1,15498016,,,,,,,LentPieces,15102129,15093713,,,,,,,15102129,,,,,,,solo and shared
26,8,sha256,1024,2154,1011487,,,,,,,ContinuousMessages,1015521,1015521,,,,,,,1015385,,,,,,,solo and shared
26,9,blake3-servil-mt,1024,2048,497206,,,,,,,ContinuousMessages,480319,445168,,,,,,,480319,,,,,,,solo and shared
27,0,blake3-servil-mt,262144,14,250536,,,,,,,ContinuousBatches,265750,265750,,,,,,,254002,,,,,,,solo and shared
27,1,sha256,262144,8,2119542,,,,,,,ContinuousBatches,2114402,2102656,,,,,,,2114402,,,,,,,solo and shared
27,3,blake3-servil-mt,1048576,14,1211900,,,,,,,LentMessages,1307181,1306414,,,,,,,1307181,,,,,,,solo and shared
27,4,blake3-servil-st,1048576,4,934651,,,,,,,LentMessages,943200,919532,,,,,,,943200,,,,,,,solo and shared
27,5,sha256,1048576,2,980885,,,,,,,LentMessages,958008,955069,,,,,,,958008,,,,,,,solo and shared
27,6,blake3-servil-mt,67108864,1,8402519,,,,,,,LentPieces,9093586,9093586,,,,,,,9046860,,,,,,,solo and shared
27,7,blake3-servil-st,67108864,1,15887369,,,,,,,LentPieces,15421271,15399238,,,,,,,15421271,,,,,,,solo and shared
27,8,sha256,67108864,1,30461566,,,,,,,LentPieces,31520888,31372484,,,,,,,31520888,,,,,,,solo and shared
27,6,blake3-servil-mt,1024,2048,367049,,,,,,,ContinuousMessages,419683,416792,,,,,,,419683,,,,,,,solo and shared
27,7,sha256,1024,2154,999494,,,,,,,ContinuousMessages,1055275,1015126,,,,,,,1055275,,,,,,,solo and shared
27,8,blake3-servil-mt,1024,3121,390498,,,,,,,ContinuousBatches,412727,404173,,,,,,,412727,,,,,,,solo and shared
27,9,sha256,1024,2048,2004157,,,,,,,ContinuousBatches,2041752,2040558,,,,,,,2041752,,,,,,,solo and shared
28,0,sha256,1048576,2,987868,,,,,,,LentMessages,1035367,1034420,,,,,,,1035367,,,,,,,solo and shared
28,1,blake3-servil-mt,1048576,14,1271941,,,,,,,LentMessages,1283001,1282990,,,,,,,1283001,,,,,,,solo and shared
28,2,blake3-servil-st,1048576,4,920441,,,,,,,LentMessages,963043,963043,,,,,,,923846,,,,,,,solo and shared
28,3,sha256,67108864,1,30779520,,,,,,,LentPieces,31624924,31624924,,,,,,,31425760,,,,,,,solo and shared
28,4,blake3-servil-mt,67108864,1,8969301,,,,,,,LentPieces,9470869,9470869,,,,,,,9137129,,,,,,,solo and shared
28,5,blake3-servil-st,67108864,1,14896180,,,,,,,LentPieces,15228093,15221462,,,,,,,15228093,,,,,,,solo and shared
28,4,sha256,1024,2154,1011692,,,,,,,ContinuousMessages,1015442,1014588,,,,,,,1015442,,,,,,,solo and shared
28,5,blake3-servil-mt,1024,2048,333198,,,,,,,ContinuousMessages,434223,367091,,,,,,,434223,,,,,,,solo and shared
28,6,sha256,1024,2048,2036391,,,,,,,ContinuousBatches,2038721,2038721,,,,,,,2037381,,,,,,,solo and shared
28,7,blake3-servil-mt,1024,3121,393530,,,,,,,ContinuousBatches,433133,410943,,,,,,,433133,,,,,,,solo and shared
28,8,sha256,262144,8,2040194,,,,,,,ContinuousBatches,2125694,2125694,,,,,,,2075431,,,,,,,solo and shared
28,9,blake3-servil-mt,262144,14,243669,,,,,,,ContinuousBatches,331890,331890,,,,,,,329853,,,,,,,solo and shared
29,0,blake3-servil-st,67108864,1,16171946,,,,,,,LentPieces,15855107,15855107,,,,,,,15774213,,,,,,,solo and shared
29,1,sha256,67108864,1,31726882,,,,,,,LentPieces,31620572,31620572,,,,,,,31085933,,,,,,,solo and shared
29,2,blake3-servil-mt,67108864,1,9457138,,,,,,,LentPieces,9528031,9521384,,,,,,,9528031,,,,,,,solo and shared
29,2,blake3-servil-mt,1024,2048,329228,,,,,,,ContinuousMessages,477613,427068,,,,,,,477613,,,,,,,solo and shared
29,3,sha256,1024,2154,1033111,,,,,,,ContinuousMessages,1038004,1038004,,,,,,,1020507,,,,,,,solo and shared
29,4,blake3-servil-mt,1024,3121,371151,,,,,,,ContinuousBatches,426255,426255,,,,,,,422740,,,,,,,solo and shared
29,5,sha256,1024,2048,2040230,,,,,,,ContinuousBatches,2041189,2041189,,,,,,,2039365,,,,,,,solo and shared
29,6,blake3-servil-mt,262144,14,228179,,,,,,,ContinuousBatches,350123,350123,,,,,,,350022,,,,,,,solo and shared
29,7,sha256,262144,8,2175542,,,,,,,ContinuousBatches,3029553,3029553,,,,,,,3024970,,,,,,,solo and shared
29,12,blake3-servil-st,1048576,4,954141,,,,,,,LentMessages,1708243,1706977,,,,,,,1708243,,,,,,,solo and shared
29,13,sha256,1048576,2,941401,,,,,,,LentMessages,1511454,1509355,,,,,,,1511454,,,,,,,solo and shared
29,14,blake3-servil-mt,1048576,14,1156026,,,,,,,LentMessages,1521581,1520784,,,,,,,1521581,,,,,,,solo and shared
30,0,sha256,1024,2154,1052090,,,,,,,ContinuousMessages,1055705,1055492,,,,,,,1055705,,,,,,,solo and shared
30,1,blake3-servil-mt,1024,2048,309999,,,,,,,ContinuousMessages,433683,433683,,,,,,,362599,,,,,,,solo and shared
30,2,sha256,1024,2048,2040041,,,,,,,ContinuousBatches,2111357,2111357,,,,,,,2090556,,,,,,,solo and shared
30,3,blake3-servil-mt,1024,3121,372118,,,,,,,ContinuousBatches,480672,399245,,,,,,,480672,,,,,,,solo and shared
30,4,sha256,262144,8,2059959,,,,,,,ContinuousBatches,2059105,2058628,,,,,,,2059105,,,,,,,solo and shared
30,5,blake3-servil-mt,262144,14,234892,,,,,,,ContinuousBatches,344843,319333,,,,,,,344843,,,,,,,solo and shared
30,9,sha256,1048576,2,976328,,,,,,,LentMessages,981657,956722,,,,,,,981657,,,,,,,solo and shared
30,10,blake3-servil-st,1048576,4,882567,,,,,,,LentMessages,896896,896896,,,,,,,884199,,,,,,,solo and shared
30,11,blake3-servil-mt,1048576,14,1125927,,,,,,,LentMessages,1281544,1281544,,,,,,,1280945,,,,,,,solo and shared
30,12,sha256,67108864,1,31449739,,,,,,,LentPieces,31239539,31239539,,,,,,,31173768,,,,,,,solo and shared
30,13,blake3-servil-st,67108864,1,14847184,,,,,,,LentPieces,15021968,14996333,,,,,,,15021968,,,,,,,solo and shared
30,14,blake3-servil-mt,67108864,1,9117248,,,,,,,LentPieces,9774974,9751154,,,,,,,9774974,,,,,,,solo and shared
31,0,blake3-servil-mt,1024,3121,346476,,,,,,,ContinuousBatches,400155,400155,,,,,,,397912,,,,,,,solo and shared
31,1,sha256,1024,2048,2045150,,,,,,,ContinuousBatches,2073319,2044799,,,,,,,2073319,,,,,,,solo and shared
31,2,blake3-servil-mt,262144,14,436455,,,,,,,ContinuousBatches,305908,305908,,,,,,,305639,,,,,,,solo and shared
31,3,sha256,262144,8,2176791,,,,,,,ContinuousBatches,2125813,2125813,,,,,,,2112187,,,,,,,solo and shared
31,6,blake3-servil-st,1048576,4,1015237,,,,,,,LentMessages,1062013,1055197,,,,,,,1062013,,,,,,,solo and shared
31,7,blake3-servil-mt,1048576,14,1087354,,,,,,,LentMessages,1272442,1272442,,,,,,,1271613,,,,,,,solo and shared
31,8,sha256,1048576,2,985611,,,,,,,LentMessages,983550,981082,,,,,,,983550,,,,,,,solo and shared
31,9,blake3-servil-st,67108864,1,15171611,,,,,,,LentPieces,15096814,15057798,,,,,,,15096814,,,,,,,solo and shared
31,10,blake3-servil-mt,67108864,1,8797082,,,,,,,LentPieces,10582096,9453008,,,,,,,10582096,,,,,,,solo and shared
31,11,sha256,67108864,1,31266102,,,,,,,LentPieces,31441561,31441561,,,,,,,30991679,,,,,,,solo and shared
31,8,blake3-servil-mt,1024,2048,304837,,,,,,,ContinuousMessages,440767,439941,,,,,,,440767,,,,,,,solo and shared
31,9,sha256,1024,2154,994715,,,,,,,ContinuousMessages,1057183,1057183,,,,,,,1014641,,,,,,,solo and shared
32,0,sha256,262144,8,2026986,,,,,,,ContinuousBatches,2073615,2073615,,,,,,,2069421,,,,,,,solo and shared
32,1,blake3-servil-mt,262144,14,309576,,,,,,,ContinuousBatches,264373,264373,,,,,,,263165,,,,,,,solo and shared
32,3,blake3-servil-mt,1048576,14,1028779,,,,,,,LentMessages,1393857,1392325,,,,,,,1393857,,,,,,,solo and shared
32,4,sha256,1048576,2,984916,,,,,,,LentMessages,1064146,1009492,,,,,,,1064146,,,,,,,solo and shared
32,5,blake3-servil-st,1048576,4,943619,,,,,,,LentMessages,1113318,947553,,,,,,,1113318,,,,,,,solo and shared
32,6,blake3-servil-mt,67108864,1,9603398,,,,,,,LentPieces,9445824,9445824,,,,,,,9420226,,,,,,,solo and shared
32,7,sha256,67108864,1,31215784,,,,,,,LentPieces,31091394,31091394,,,,,,,31014124,,,,,,,solo and shared
32,8,blake3-servil-st,67108864,1,15621792,,,,,,,LentPieces,15536265,15536265,,,,,,,15507152,,,,,,,solo and shared
32,6,sha256,1024,2154,998024,,,,,,,ContinuousMessages,1015271,1015271,,,,,,,1013300,,,,,,,solo and shared
32,7,blake3-servil-mt,1024,2048,310648,,,,,,,ContinuousMessages,430832,427406,,,,,,,430832,,,,,,,solo and shared
32,8,sha256,1024,2048,2074966,,,,,,,ContinuousBatches,2935831,2935578,,,,,,,2935831,,,,,,,solo and shared
32,9,blake3-servil-mt,1024,3121,398281,,,,,,,ContinuousBatches,488997,488351,,,,,,,488997,,,,,,,solo and shared
33,0,blake3-servil-mt,1048576,14,1135016,,,,,,,LentMessages,1323693,1323693,,,,,,,1323369,,,,,,,solo and shared
33,1,blake3-servil-st,1048576,4,920853,,,,,,,LentMessages,932756,932756,,,,,,,918974,,,,,,,solo and shared
33,2,sha256,1048576,2,976879,,,,,,,LentMessages,972841,968594,,,,,,,972841,,,,,,,solo and shared
33,3,blake3-servil-mt,67108864,1,8541741,,,,,,,LentPieces,9290315,9237645,,,,,,,9290315,,,,,,,solo and shared
33,4,blake3-servil-st,67108864,1,15182025,,,,,,,LentPieces,15880163,15880163,,,,,,,15830692,,,,,,,solo and shared
33,5,sha256,67108864,1,31037974,,,,,,,LentPieces,31102442,31102442,,,,,,,30930949,,,,,,,solo and shared
33,4,blake3-servil-mt,1024,2048,423567,,,,,,,ContinuousMessages,581867,581867,,,,,,,460052,,,,,,,solo and shared
33,5,sha256,1024,2154,1014454,,,,,,,ContinuousMessages,1077318,1015487,,,,,,,1077318,,,,,,,solo and shared
33,6,blake3-servil-mt,1024,3121,387481,,,,,,,ContinuousBatches,476041,463024,,,,,,,476041,,,,,,,solo and shared
33,7,sha256,1024,2048,2043197,,,,,,,ContinuousBatches,2283877,2045220,,,,,,,2283877,,,,,,,solo and shared
33,8,blake3-servil-mt,262144,14,332933,,,,,,,ContinuousBatches,334630,334630,,,,,,,326797,,,,,,,solo and shared
33,9,sha256,262144,8,2146350,,,,,,,ContinuousBatches,2181840,2171658,,,,,,,2181840,,,,,,,solo and shared
34,0,sha256,67108864,1,31709975,,,,,,,LentPieces,31155308,31155308,,,,,,,31127744,,,,,,,solo and shared
34,1,blake3-servil-mt,67108864,1,8322352,,,,,,,LentPieces,10633257,10633257,,,,,,,10493241,,,,,,,solo and shared
34,2,blake3-servil-st,67108864,1,15087536,,,,,,,LentPieces,15315241,15229129,,,,,,,15315241,,,,,,,solo and shared
34,2,sha256,1024,2154,993833,,,,,,,ContinuousMessages,1014089,1014089,,,,,,,1012909,,,,,,,solo and shared
34,3,blake3-servil-mt,1024,2048,309361,,,,,,,ContinuousMessages,488444,349161,,,,,,,488444,,,,,,,solo and shared
34,4,sha256,1024,2048,2045655,,,,,,,ContinuousBatches,2042436,2039801,,,,,,,2042436,,,,,,,solo and shared
34,5,blake3-servil-mt,1024,3121,395779,,,,,,,ContinuousBatches,409035,409035,,,,,,,395143,,,,,,,solo and shared
34,6,sha256,262144,8,2066031,,,,,,,ContinuousBatches,2071442,2071442,,,,,,,2069575,,,,,,,solo and shared
34,7,blake3-servil-mt,262144,14,353792,,,,,,,ContinuousBatches,244848,244848,,,,,,,242228,,,,,,,solo and shared
34,12,sha256,1048576,2,1045058,,,,,,,LentMessages,1073319,1040256,,,,,,,1073319,,,,,,,solo and shared
34,13,blake3-servil-mt,1048576,14,1108738,,,,,,,LentMessages,1311894,1311894,,,,,,,1311528,,,,,,,solo and shared
34,14,blake3-servil-st,1048576,4,914049,,,,,,,LentMessages,976741,924179,,,,,,,976741,,,,,,,solo and shared
35,0,blake3-servil-mt,1024,2048,249260,,,,,,,ContinuousMessages,377584,349963,,,,,,,377584,,,,,,,solo and shared
35,1,sha256,1024,2154,1051798,,,,,,,ContinuousMessages,1057622,1057622,,,,,,,1056635,,,,,,,solo and shared
35,2,blake3-servil-mt,1024,3121,350292,,,,,,,ContinuousBatches,358719,337378,,,,,,,358719,,,,,,,solo and shared
35,3,sha256,1024,2048,2042612,,,,,,,ContinuousBatches,2043796,2043567,,,,,,,2043796,,,,,,,solo and shared
35,4,blake3-servil-mt,262144,14,399859,,,,,,,ContinuousBatches,247742,247742,,,,,,,244406,,,,,,,solo and shared
35,5,sha256,262144,8,2142478,,,,,,,ContinuousBatches,2139808,2128133,,,,,,,2139808,,,,,,,solo and shared
35,9,blake3-servil-st,1048576,4,975830,,,,,,,LentMessages,989591,952331,,,,,,,989591,,,,,,,solo and shared
35,10,sha256,1048576,2,979440,,,,,,,LentMessages,998903,994822,,,,,,,998903,,,,,,,solo and shared
35,11,blake3-servil-mt,1048576,14,1262832,,,,,,,LentMessages,1350309,1350309,,,,,,,1350013,,,,,,,solo and shared
35,12,blake3-servil-st,67108864,1,15973587,,,,,,,LentPieces,15381203,15381203,,,,,,,15359346,,,,,,,solo and shared
35,13,sha256,67108864,1,31465910,,,,,,,LentPieces,31666618,31666618,,,,,,,31479830,,,,,,,solo and shared
35,14,blake3-servil-mt,67108864,1,8641838,,,,,,,LentPieces,9241206,9241206,,,,,,,9237928,,,,,,,solo and shared
36,0,sha256,1024,2048,2004035,,,,,,,ContinuousBatches,2040866,2040301,,,,,,,2040866,,,,,,,solo and shared
36,1,blake3-servil-mt,1024,3121,368505,,,,,,,ContinuousBatches,397559,385664,,,,,,,397559,,,,,,,solo and shared
36,2,sha256,262144,8,2061726,,,,,,,ContinuousBatches,2113621,2113621,,,,,,,2107929,,,,,,,solo and shared
36,3,blake3-servil-mt,262144,14,326397,,,,,,,ContinuousBatches,283715,283715,,,,,,,282144,,,,,,,solo and shared
36,6,sha256,1048576,2,996459,,,,,,,LentMessages,1067660,999239,,,,,,,1067660,,,,,,,solo and shared
36,7,blake3-servil-st,1048576,4,883217,,,,,,,LentMessages,883811,883811,,,,,,,874877,,,,,,,solo and shared
36,8,blake3-servil-mt,1048576,14,1200479,,,,,,,LentMessages,1281894,1281894,,,,,,,1281221,,,,,,,solo and shared
36,9,sha256,67108864,1,30903780,,,,,,,LentPieces,31790694,31481127,,,,,,,31790694,,,,,,,solo and shared
36,10,blake3-servil-st,67108864,1,15734726,,,,,,,LentPieces,15234407,15228797,,,,,,,15234407,,,,,,,solo and shared
36,11,blake3-servil-mt,67108864,1,8883651,,,,,,,LentPieces,9610332,9610332,,,,,,,9606893,,,,,,,solo and shared
36,8,sha256,1024,2154,1019035,,,,,,,ContinuousMessages,1098525,1098525,,,,,,,1050816,,,,,,,solo and shared
36,9,blake3-servil-mt,1024,2048,299533,,,,,,,ContinuousMessages,467206,451753,,,,,,,467206,,,,,,,solo and shared
37,0,blake3-servil-mt,262144,14,227889,,,,,,,ContinuousBatches,418352,409293,,,,,,,418352,,,,,,,solo and shared
37,1,sha256,262144,8,2120556,,,,,,,ContinuousBatches,3108738,3108738,,,,,,,3087280,,,,,,,solo and shared
37,3,blake3-servil-st,1048576,4,955681,,,,,,,LentMessages,1653915,1647196,,,,,,,1653915,,,,,,,solo and shared
37,4,blake3-servil-mt,1048576,14,1145557,,,,,,,LentMessages,1279253,1279253,,,,,,,1277346,,,,,,,solo and shared
37,5,sha256,1048576,2,989053,,,,,,,LentMessages,1556546,1555073,,,,,,,1556546,,,,,,,solo and shared
37,6,blake3-servil-st,67108864,1,15240044,,,,,,,LentPieces,15526316,15526316,,,,,,,15515726,,,,,,,solo and shared
37,7,blake3-servil-mt,67108864,1,8361527,,,,,,,LentPieces,8899514,8899514,,,,,,,8898400,,,,,,,solo and shared
37,8,sha256,67108864,1,31121860,,,,,,,LentPieces,31522534,31522534,,,,,,,31219971,,,,,,,solo and shared
37,6,blake3-servil-mt,1024,2048,311741,,,,,,,ContinuousMessages,520444,461870,,,,,,,520444,,,,,,,solo and shared
37,7,sha256,1024,2154,1012355,,,,,,,ContinuousMessages,1014161,1013623,,,,,,,1014161,,,,,,,solo and shared
37,8,blake3-servil-mt,1024,3121,375008,,,,,,,ContinuousBatches,411868,411868,,,,,,,402929,,,,,,,solo and shared
37,9,sha256,1024,2048,2075160,,,,,,,ContinuousBatches,2039778,2039056,,,,,,,2039778,,,,,,,solo and shared
38,0,blake3-servil-mt,1048576,14,1287989,,,,,,,LentMessages,1326673,1325519,,,,,,,1326673,,,,,,,solo and shared
38,1,sha256,1048576,2,983452,,,,,,,LentMessages,982624,982624,,,,,,,981164,,,,,,,solo and shared
38,2,blake3-servil-st,1048576,4,926216,,,,,,,LentMessages,939656,939656,,,,,,,915369,,,,,,,solo and shared
38,3,blake3-servil-mt,67108864,1,8223831,,,,,,,LentPieces,9535404,9535404,,,,,,,9152572,,,,,,,solo and shared
38,4,sha256,67108864,1,31918744,,,,,,,LentPieces,31319354,31319354,,,,,,,30950342,,,,,,,solo and shared
38,5,blake3-servil-st,67108864,1,15164981,,,,,,,LentPieces,16047608,15985054,,,,,,,16047608,,,,,,,solo and shared
38,4,sha256,1024,2154,995093,,,,,,,ContinuousMessages,1014317,1012349,,,,,,,1014317,,,,,,,solo and shared
38,5,blake3-servil-mt,1024,2048,355487,,,,,,,ContinuousMessages,513529,513529,,,,,,,511230,,,,,,,solo and shared
38,6,sha256,1024,2048,2033761,,,,,,,ContinuousBatches,2050618,2050618,,,,,,,2040607,,,,,,,solo and shared
38,7,blake3-servil-mt,1024,3121,371042,,,,,,,ContinuousBatches,426590,414500,,,,,,,426590,,,,,,,solo and shared
38,8,sha256,262144,8,2066625,,,,,,,ContinuousBatches,2076117,2076117,,,,,,,2072171,,,,,,,solo and shared
38,9,blake3-servil-mt,262144,14,306052,,,,,,,ContinuousBatches,278609,278609,,,,,,,277110,,,,,,,solo and shared
39,0,blake3-servil-mt,67108864,1,8403098,,,,,,,LentPieces,9019453,9019453,,,,,,,9014702,,,,,,,solo and shared
39,1,blake3-servil-st,67108864,1,14958141,,,,,,,LentPieces,15316240,15316240,,,,,,,15240377,,,,,,,solo and shared
39,2,sha256,67108864,1,31520600,,,,,,,LentPieces,31461863,31295024,,,,,,,31461863,,,,,,,solo and shared
39,2,blake3-servil-mt,1024,2048,344959,,,,,,,ContinuousMessages,416052,415827,,,,,,,416052,,,,,,,solo and shared
39,3,sha256,1024,2154,1013710,,,,,,,ContinuousMessages,1014459,1014240,,,,,,,1014459,,,,,,,solo and shared
39,4,blake3-servil-mt,1024,3121,377480,,,,,,,ContinuousBatches,414203,402992,,,,,,,414203,,,,,,,solo and shared
39,5,sha256,1024,2048,2042771,,,,,,,ContinuousBatches,2044198,2044198,,,,,,,2043252,,,,,,,solo and shared
39,6,blake3-servil-mt,262144,14,316964,,,,,,,ContinuousBatches,284338,273860,,,,,,,284338,,,,,,,solo and shared
39,7,sha256,262144,8,2150018,,,,,,,ContinuousBatches,2148084,2145685,,,,,,,2148084,,,,,,,solo and shared
39,12,blake3-servil-mt,1048576,14,1183827,,,,,,,LentMessages,1378115,1378115,,,,,,,1377102,,,,,,,solo and shared
39,13,blake3-servil-st,1048576,4,920289,,,,,,,LentMessages,978866,921482,,,,,,,978866,,,,,,,solo and shared
39,14,sha256,1048576,2,979414,,,,,,,LentMessages,988518,979682,,,,,,,988518,,,,,,,solo and shared
40,0,sha256,1024,2154,1042941,,,,,,,ContinuousMessages,1023289,1023289,,,,,,,1022376,,,,,,,solo and shared
40,1,blake3-servil-mt,1024,2048,419147,,,,,,,ContinuousMessages,515792,515792,,,,,,,462245,,,,,,,solo and shared
40,2,sha256,1024,2048,2041703,,,,,,,ContinuousBatches,2065383,2065383,,,,,,,2044796,,,,,,,solo and shared
40,3,blake3-servil-mt,1024,3121,454777,,,,,,,ContinuousBatches,537871,466945,,,,,,,537871,,,,,,,solo and shared
40,4,sha256,262144,8,2138698,,,,,,,ContinuousBatches,2092633,2068475,,,,,,,2092633,,,,,,,solo and shared
40,5,blake3-servil-mt,262144,14,243476,,,,,,,ContinuousBatches,293889,293889,,,,,,,285905,,,,,,,solo and shared
40,9,sha256,1048576,2,1050980,,,,,,,LentMessages,1050313,1042532,,,,,,,1050313,,,,,,,solo and shared
40,10,blake3-servil-mt,1048576,14,1111726,,,,,,,LentMessages,1290018,1290018,,,,,,,1289378,,,,,,,solo and shared
40,11,blake3-servil-st,1048576,4,914429,,,,,,,LentMessages,932128,932128,,,,,,,929067,,,,,,,solo and shared
40,12,sha256,67108864,1,31108896,,,,,,,LentPieces,31178389,31110403,,,,,,,31178389,,,,,,,solo and shared
40,13,blake3-servil-mt,67108864,1,9904157,,,,,,,LentPieces,8773518,8771644,,,,,,,8773518,,,,,,,solo and shared
40,14,blake3-servil-st,67108864,1,15445858,,,,,,,LentPieces,15225729,15153945,,,,,,,15225729,,,,,,,solo and shared
41,0,blake3-servil-mt,1024,3121,393815,,,,,,,ContinuousBatches,407527,407527,,,,,,,402851,,,,,,,solo and shared
41,1,sha256,1024,2048,2040815,,,,,,,ContinuousBatches,2053444,2053444,,,,,,,2046975,,,,,,,solo and shared
41,2,blake3-servil-mt,262144,14,246027,,,,,,,ContinuousBatches,410555,319654,,,,,,,410555,,,,,,,solo and shared
41,3,sha256,262144,8,2083973,,,,,,,ContinuousBatches,2824920,2811861,,,,,,,2824920,,,,,,,solo and shared
41,6,blake3-servil-st,1048576,4,971917,,,,,,,LentMessages,1006839,995976,,,,,,,1006839,,,,,,,solo and shared
41,7,sha256,1048576,2,959140,,,,,,,LentMessages,947376,947376,,,,,,,943564,,,,,,,solo and shared
41,8,blake3-servil-mt,1048576,14,1166308,,,,,,,LentMessages,1274938,1274820,,,,,,,1274938,,,,,,,solo and shared
41,9,blake3-servil-st,67108864,1,15768846,,,,,,,LentPieces,15601585,15601585,,,,,,,15463089,,,,,,,solo and shared
41,10,sha256,67108864,1,30906464,,,,,,,LentPieces,31204075,31137717,,,,,,,31204075,,,,,,,solo and shared
41,11,blake3-servil-mt,67108864,1,9546249,,,,,,,LentPieces,9289882,9289882,,,,,,,9288184,,,,,,,solo and shared
41,8,blake3-servil-mt,1024,2048,287027,,,,,,,ContinuousMessages,402194,399929,,,,,,,402194,,,,,,,solo and shared
41,9,sha256,1024,2154,1013991,,,,,,,ContinuousMessages,1032284,1032284,,,,,,,1021313,,,,,,,solo and shared
42,0,sha256,262144,8,2065518,,,,,,,ContinuousBatches,2071450,2071450,,,,,,,2066047,,,,,,,solo and shared
42,1,blake3-servil-mt,262144,14,256754,,,,,,,ContinuousBatches,288033,288033,,,,,,,280924,,,,,,,solo and shared
42,3,sha256,1048576,2,1032195,,,,,,,LentMessages,1066719,1066719,,,,,,,1054921,,,,,,,solo and shared
42,4,blake3-servil-st,1048576,4,878660,,,,,,,LentMessages,907389,905876,,,,,,,907389,,,,,,,solo and shared
42,5,blake3-servil-mt,1048576,14,1140251,,,,,,,LentMessages,1272604,1272604,,,,,,,1272137,,,,,,,solo and shared
42,6,sha256,67108864,1,30914722,,,,,,,LentPieces,31740258,31471846,,,,,,,31740258,,,,,,,solo and shared
42,7,blake3-servil-st,67108864,1,15457515,,,,,,,LentPieces,15192826,15093318,,,,,,,15192826,,,,,,,solo and shared
42,8,blake3-servil-mt,67108864,1,7557455,,,,,,,LentPieces,8713677,8712280,,,,,,,8713677,,,,,,,solo and shared
42,6,sha256,1024,2154,1018226,,,,,,,ContinuousMessages,1015072,1015072,,,,,,,1014075,,,,,,,solo and shared
42,7,blake3-servil-mt,1024,2048,275752,,,,,,,ContinuousMessages,464249,464249,,,,,,,430942,,,,,,,solo and shared
42,8,sha256,1024,2048,2097618,,,,,,,ContinuousBatches,2063372,2063372,,,,,,,2036391,,,,,,,solo and shared
42,9,blake3-servil-mt,1024,3121,400383,,,,,,,ContinuousBatches,397886,397886,,,,,,,397229,,,,,,,solo and shared
43,0,blake3-servil-st,1048576,4,943388,,,,,,,LentMessages,1000270,1000270,,,,,,,983836,,,,,,,solo and shared
43,1,blake3-servil-mt,1048576,14,1114514,,,,,,,LentMessages,1327411,1327411,,,,,,,1327330,,,,,,,solo and shared
43,2,sha256,1048576,2,1005467,,,,,,,LentMessages,990485,990395,,,,,,,990485,,,,,,,solo and shared
43,3,blake3-servil-st,67108864,1,16491822,,,,,,,LentPieces,15486946,15486946,,,,,,,15416128,,,,,,,solo and shared
43,4,blake3-servil-mt,67108864,1,9020679,,,,,,,LentPieces,8970498,8970498,,,,,,,8929701,,,,,,,solo and shared
43,5,sha256,67108864,1,30988904,,,,,,,LentPieces,31466977,31466322,,,,,,,31466977,,,,,,,solo and shared
43,4,blake3-servil-mt,1024,2048,311201,,,,,,,ContinuousMessages,472424,472424,,,,,,,456266,,,,,,,solo and shared
43,5,sha256,1024,2154,1013136,,,,,,,ContinuousMessages,1019275,1019275,,,,,,,1018573,,,,,,,solo and shared
43,6,blake3-servil-mt,1024,3121,398815,,,,,,,ContinuousBatches,440440,440440,,,,,,,437016,,,,,,,solo and shared
43,7,sha256,1024,2048,2002697,,,,,,,ContinuousBatches,2041905,2041905,,,,,,,2041348,,,,,,,solo and shared
43,8,blake3-servil-mt,262144,14,518056,,,,,,,ContinuousBatches,270030,270030,,,,,,,256674,,,,,,,solo and shared
43,9,sha256,262144,8,2160559,,,,,,,ContinuousBatches,2145271,2145271,,,,,,,2143116,,,,,,,solo and shared
44,0,blake3-servil-mt,67108864,1,8349503,,,,,,,LentPieces,9174122,9161926,,,,,,,9174122,,,,,,,solo and shared
44,1,sha256,67108864,1,31435149,,,,,,,LentPieces,31571914,31571914,,,,,,,31543609,,,,,,,solo and shared
44,2,blake3-servil-st,67108864,1,15468021,,,,,,,LentPieces,15429808,15280979,,,,,,,15429808,,,,,,,solo and shared
44,2,sha256,1024,2154,1012617,,,,,,,ContinuousMessages,1048287,1014778,,,,,,,1048287,,,,,,,solo and shared
44,3,blake3-servil-mt,1024,2048,293634,,,,,,,ContinuousMessages,499875,499875,,,,,,,472775,,,,,,,solo and shared
44,4,sha256,1024,2048,2040873,,,,,,,ContinuousBatches,2048572,2043657,,,,,,,2048572,,,,,,,solo and shared
44,5,blake3-servil-mt,1024,3121,392465,,,,,,,ContinuousBatches,451699,447010,,,,,,,451699,,,,,,,solo and shared
44,6,sha256,262144,8,2084610,,,,,,,ContinuousBatches,2363781,2363781,,,,,,,2125090,,,,,,,solo and shared
44,7,blake3-servil-mt,262144,14,248586,,,,,,,ContinuousBatches,319478,316520,,,,,,,319478,,,,,,,solo and shared
44,12,blake3-servil-mt,1048576,14,1144119,,,,,,,LentMessages,1849307,1849083,,,,,,,1849307,,,,,,,solo and shared
44,13,sha256,1048576,2,988453,,,,,,,LentMessages,1573661,1572761,,,,,,,1573661,,,,,,,solo and shared
44,14,blake3-servil-st,1048576,4,921236,,,,,,,LentMessages,1625700,1625700,,,,,,,1623075,,,,,,,solo and shared
45,0,blake3-servil-mt,1024,2048,375398,,,,,,,ContinuousMessages,436390,436390,,,,,,,421794,,,,,,,solo and shared
45,1,sha256,1024,2154,1015748,,,,,,,ContinuousMessages,1174011,1174011,,,,,,,1121043,,,,,,,solo and shared
45,2,blake3-servil-mt,1024,3121,402026,,,,,,,ContinuousBatches,425020,425020,,,,,,,410535,,,,,,,solo and shared
45,3,sha256,1024,2048,2417168,,,,,,,ContinuousBatches,2040209,2040209,,,,,,,2039002,,,,,,,solo and shared
45,4,blake3-servil-mt,262144,14,277159,,,,,,,ContinuousBatches,278647,278647,,,,,,,270545,,,,,,,solo and shared
45,5,sha256,262144,8,2104429,,,,,,,ContinuousBatches,2127643,2117140,,,,,,,2127643,,,,,,,solo and shared
45,9,blake3-servil-mt,1048576,14,1208013,,,,,,,LentMessages,1768182,1768182,,,,,,,1767053,,,,,,,solo and shared
45,10,blake3-servil-st,1048576,4,917003,,,,,,,LentMessages,1641705,1641418,,,,,,,1641705,,,,,,,solo and shared
45,11,sha256,1048576,2,975004,,,,,,,LentMessages,1070932,1070932,,,,,,,1062180,,,,,,,solo and shared
45,12,blake3-servil-mt,67108864,1,8456655,,,,,,,LentPieces,8753488,8753488,,,,,,,8751585,,,,,,,solo and shared
45,13,blake3-servil-st,67108864,1,14866985,,,,,,,LentPieces,16241007,16241007,,,,,,,15577207,,,,,,,solo and shared
45,14,sha256,67108864,1,31173611,,,,,,,LentPieces,30963082,30942329,,,,,,,30963082,,,,,,,solo and shared
46,0,sha256,1024,2048,1997469,,,,,,,ContinuousBatches,2041840,2041840,,,,,,,2039788,,,,,,,solo and shared
46,1,blake3-servil-mt,1024,3121,381581,,,,,,,ContinuousBatches,405907,405907,,,,,,,402779,,,,,,,solo and shared
46,2,sha256,262144,8,2070176,,,,,,,ContinuousBatches,2081913,2078375,,,,,,,2081913,,,,,,,solo and shared
46,3,blake3-servil-mt,262144,14,221340,,,,,,,ContinuousBatches,331046,331046,,,,,,,308353,,,,,,,solo and shared
46,6,sha256,1048576,2,1130195,,,,,,,LentMessages,1049212,1038804,,,,,,,1049212,,,,,,,solo and shared
46,7,blake3-servil-mt,1048576,14,1124323,,,,,,,LentMessages,1362729,1362729,,,,,,,1362566,,,,,,,solo and shared
46,8,blake3-servil-st,1048576,4,948511,,,,,,,LentMessages,935067,935067,,,,,,,931209,,,,,,,solo and shared
46,9,sha256,67108864,1,31652710,,,,,,,LentPieces,31046757,31046757,,,,,,,30971772,,,,,,,solo and shared
46,10,blake3-servil-mt,67108864,1,8401834,,,,,,,LentPieces,10018340,9670717,,,,,,,10018340,,,,,,,solo and shared
46,11,blake3-servil-st,67108864,1,15515660,,,,,,,LentPieces,15770821,15770821,,,,,,,15568628,,,,,,,solo and shared
46,8,sha256,1024,2154,1070558,,,,,,,ContinuousMessages,1021071,1013172,,,,,,,1021071,,,,,,,solo and shared
46,9,blake3-servil-mt,1024,2048,370938,,,,,,,ContinuousMessages,514750,514750,,,,,,,378695,,,,,,,solo and shared
47,0,blake3-servil-mt,262144,14,232176,,,,,,,ContinuousBatches,298737,298737,,,,,,,298446,,,,,,,solo and shared
47,1,sha256,262144,8,2140807,,,,,,,ContinuousBatches,2145411,2145411,,,,,,,2142695,,,,,,,solo and shared
47,3,blake3-servil-st,1048576,4,1022252,,,,,,,LentMessages,1026996,1024311,,,,,,,1026996,,,,,,,solo and shared
47,4,sha256,1048576,2,979899,,,,,,,LentMessages,979945,979945,,,,,,,979404,,,,,,,solo and shared
47,5,blake3-servil-mt,1048576,14,1226026,,,,,,,LentMessages,1298705,1298705,,,,,,,1298207,,,,,,,solo and shared
47,6,blake3-servil-st,67108864,1,16081879,,,,,,,LentPieces,16556660,15656627,,,,,,,16556660,,,,,,,solo and shared
47,7,sha256,67108864,1,31402399,,,,,,,LentPieces,31068672,31068672,,,,,,,31001595,,,,,,,solo and shared
47,8,blake3-servil-mt,67108864,1,9180729,,,,,,,LentPieces,9413375,9405899,,,,,,,9413375,,,,,,,solo and shared
47,6,blake3-servil-mt,1024,2048,243281,,,,,,,ContinuousMessages,371312,370172,,,,,,,371312,,,,,,,solo and shared
47,7,sha256,1024,2154,1040754,,,,,,,ContinuousMessages,1040311,1040311,,,,,,,1039577,,,,,,,solo and shared
47,8,blake3-servil-mt,1024,3121,416466,,,,,,,ContinuousBatches,673887,673887,,,,,,,612625,,,,,,,solo and shared
47,9,sha256,1024,2048,2065474,,,,,,,ContinuousBatches,2047261,2047261,,,,,,,2043338,,,,,,,solo and shared
48,0,sha256,1048576,2,1034859,,,,,,,LentMessages,1055674,1047797,,,,,,,1055674,,,,,,,solo and shared
48,1,blake3-servil-st,1048576,4,943409,,,,,,,LentMessages,910747,910747,,,,,,,898610,,,,,,,solo and shared
48,2,blake3-servil-mt,1048576,14,1182929,,,,,,,LentMessages,1290640,1290640,,,,,,,1289875,,,,,,,solo and shared
48,3,sha256,67108864,1,30736700,,,,,,,LentPieces,31222941,31216387,,,,,,,31222941,,,,,,,solo and shared
48,4,blake3-servil-st,67108864,1,15496774,,,,,,,LentPieces,15404547,15404547,,,,,,,15382587,,,,,,,solo and shared
48,5,blake3-servil-mt,67108864,1,8865566,,,,,,,LentPieces,9138320,9138320,,,,,,,9111106,,,,,,,solo and shared
48,4,sha256,1024,2154,1018877,,,,,,,ContinuousMessages,1015420,1015420,,,,,,,1015122,,,,,,,solo and shared
48,5,blake3-servil-mt,1024,2048,301305,,,,,,,ContinuousMessages,424926,422452,,,,,,,424926,,,,,,,solo and shared
48,6,sha256,1024,2048,2045834,,,,,,,ContinuousBatches,2082940,2065696,,,,,,,2082940,,,,,,,solo and shared
48,7,blake3-servil-mt,1024,3121,369859,,,,,,,ContinuousBatches,418639,418639,,,,,,,405999,,,,,,,solo and shared
48,8,sha256,262144,8,2072207,,,,,,,ContinuousBatches,2077367,2077367,,,,,,,2070328,,,,,,,solo and shared
48,9,blake3-servil-mt,262144,14,250316,,,,,,,ContinuousBatches,305836,305667,,,,,,,305836,,,,,,,solo and shared
49,0,blake3-servil-st,67108864,1,15667553,,,,,,,LentPieces,15864556,15864556,,,,,,,15856522,,,,,,,solo and shared
49,1,blake3-servil-mt,67108864,1,8801987,,,,,,,LentPieces,9154012,9154012,,,,,,,9151714,,,,,,,solo and shared
49,2,sha256,67108864,1,30750107,,,,,,,LentPieces,31548211,31434764,,,,,,,31548211,,,,,,,solo and shared
49,2,blake3-servil-mt,1024,2048,466877,,,,,,,ContinuousMessages,552534,552534,,,,,,,465202,,,,,,,solo and shared
49,3,sha256,1024,2154,1022561,,,,,,,ContinuousMessages,1013577,1013207,,,,,,,1013577,,,,,,,solo and shared
49,4,blake3-servil-mt,1024,3121,382804,,,,,,,ContinuousBatches,445328,443619,,,,,,,445328,,,,,,,solo and shared
49,5,sha256,1024,2048,2052028,,,,,,,ContinuousBatches,2046116,2046116,,,,,,,2042467,,,,,,,solo and shared
49,6,blake3-servil-mt,262144,14,300660,,,,,,,ContinuousBatches,307216,302065,,,,,,,307216,,,,,,,solo and shared
49,7,sha256,262144,8,2103153,,,,,,,ContinuousBatches,2105037,2104099,,,,,,,2105037,,,,,,,solo and shared
49,12,blake3-servil-st,1048576,4,994494,,,,,,,LentMessages,1090240,1086433,,,,,,,1090240,,,,,,,solo and shared
49,13,blake3-servil-mt,1048576,14,1127541,,,,,,,LentMessages,1293482,1293482,,,,,,,1293478,,,,,,,solo and shared
49,14,sha256,1048576,2,980736,,,,,,,LentMessages,982623,980286,,,,,,,982623,,,,,,,solo and shared
50,0,sha256,1024,2154,1045816,,,,,,,ContinuousMessages,1055834,1047692,,,,,,,1055834,,,,,,,solo and shared
50,1,blake3-servil-mt,1024,2048,275793,,,,,,,ContinuousMessages,453014,452085,,,,,,,453014,,,,,,,solo and shared
50,2,sha256,1024,2048,2041760,,,,,,,ContinuousBatches,2041562,2041062,,,,,,,2041562,,,,,,,solo and shared
50,3,blake3-servil-mt,1024,3121,350512,,,,,,,ContinuousBatches,411784,411784,,,,,,,402709,,,,,,,solo and shared
50,4,sha256,262144,8,2063998,,,,,,,ContinuousBatches,2066367,2064634,,,,,,,2066367,,,,,,,solo and shared
50,5,blake3-servil-mt,262144,14,232708,,,,,,,ContinuousBatches,420473,420473,,,,,,,392074,,,,,,,solo and shared
50,9,blake3-servil-mt,1048576,14,1003073,,,,,,,LentMessages,1282747,1281618,,,,,,,1282747,,,,,,,solo and shared
50,10,sha256,1048576,2,978472,,,,,,,LentMessages,981868,981868,,,,,,,981684,,,,,,,solo and shared
50,11,blake3-servil-st,1048576,4,914348,,,,,,,LentMessages,951923,951923,,,,,,,922380,,,,,,,solo and shared
50,12,blake3-servil-mt,67108864,1,8143404,,,,,,,LentPieces,9199172,9194191,,,,,,,9199172,,,,,,,solo and shared
50,13,sha256,67108864,1,31829750,,,,,,,LentPieces,31077762,31057617,,,,,,,31077762,,,,,,,solo and shared
50,14,blake3-servil-st,67108864,1,15003199,,,,,,,LentPieces,16026845,16026845,,,,,,,15933036,,,,,,,solo and shared
51,0,blake3-servil-mt,1024,3121,467609,,,,,,,ContinuousBatches,499172,477867,,,,,,,499172,,,,,,,solo and shared
51,1,sha256,1024,2048,2045039,,,,,,,ContinuousBatches,2055988,2055988,,,,,,,2043046,,,,,,,solo and shared
51,2,blake3-servil-mt,262144,14,337457,,,,,,,ContinuousBatches,428331,428331,,,,,,,426509,,,,,,,solo and shared
51,3,sha256,262144,8,2151122,,,,,,,ContinuousBatches,3131720,3131720,,,,,,,3130878,,,,,,,solo and shared
51,6,blake3-servil-mt,1048576,14,1223491,,,,,,,LentMessages,1346443,1346443,,,,,,,1345391,,,,,,,solo and shared
51,7,blake3-servil-st,1048576,4,919571,,,,,,,LentMessages,953005,953005,,,,,,,928658,,,,,,,solo and shared
51,8,sha256,1048576,2,975634,,,,,,,LentMessages,974445,974445,,,,,,,969834,,,,,,,solo and shared
51,9,blake3-servil-mt,67108864,1,7708534,,,,,,,LentPieces,8976784,8972825,,,,,,,8976784,,,,,,,solo and shared
51,10,blake3-servil-st,67108864,1,15084820,,,,,,,LentPieces,15038711,14984666,,,,,,,15038711,,,,,,,solo and shared
51,11,sha256,67108864,1,31763517,,,,,,,LentPieces,32023297,31812293,,,,,,,32023297,,,,,,,solo and shared
51,8,blake3-servil-mt,1024,2048,318428,,,,,,,ContinuousMessages,595188,480718,,,,,,,595188,,,,,,,solo and shared
51,9,sha256,1024,2154,1014000,,,,,,,ContinuousMessages,1286415,1286415,,,,,,,1240850,,,,,,,solo and shared
52,0,sha256,262144,8,2503293,,,,,,,ContinuousBatches,2074477,2074477,,,,,,,2069824,,,,,,,solo and shared
52,1,blake3-servil-mt,262144,14,233794,,,,,,,ContinuousBatches,274564,268852,,,,,,,274564,,,,,,,solo and shared
52,3,sha256,1048576,2,1010365,,,,,,,LentMessages,1039886,1023393,,,,,,,1039886,,,,,,,solo and shared
52,4,blake3-servil-mt,1048576,14,1161225,,,,,,,LentMessages,1294017,1293320,,,,,,,1294017,,,,,,,solo and shared
52,5,blake3-servil-st,1048576,4,917474,,,,,,,LentMessages,935196,923644,,,,,,,935196,,,,,,,solo and shared
52,6,sha256,67108864,1,31313957,,,,,,,LentPieces,31214935,31133101,,,,,,,31214935,,,,,,,solo and shared
52,7,blake3-servil-mt,67108864,1,8310295,,,,,,,LentPieces,9023605,8974658,,,,,,,9023605,,,,,,,solo and shared
52,8,blake3-servil-st,67108864,1,16016518,,,,,,,LentPieces,15550450,15511864,,,,,,,15550450,,,,,,,solo and shared
52,6,sha256,1024,2154,1112359,,,,,,,ContinuousMessages,1016037,1015953,,,,,,,1016037,,,,,,,solo and shared
52,7,blake3-servil-mt,1024,2048,441205,,,,,,,ContinuousMessages,489633,435053,,,,,,,489633,,,,,,,solo and shared
52,8,sha256,1024,2048,2015195,,,,,,,ContinuousBatches,2040717,2040717,,,,,,,2040104,,,,,,,solo and shared
52,9,blake3-servil-mt,1024,3121,384777,,,,,,,ContinuousBatches,451772,451772,,,,,,,446919,,,,,,,solo and shared
53,0,blake3-servil-st,1048576,4,971425,,,,,,,LentMessages,1008199,1008199,,,,,,,993644,,,,,,,solo and shared
53,1,sha256,1048576,2,951086,,,,,,,LentMessages,952906,952906,,,,,,,945438,,,,,,,solo and shared
53,2,blake3-servil-mt,1048576,14,1140208,,,,,,,LentMessages,1286766,1285719,,,,,,,1286766,,,,,,,solo and shared
53,3,blake3-servil-st,67108864,1,15396502,,,,,,,LentPieces,15070070,15012968,,,,,,,15070070,,,,,,,solo and shared
53,4,sha256,67108864,1,31280676,,,,,,,LentPieces,31279879,31166699,,,,,,,31279879,,,,,,,solo and shared
53,5,blake3-servil-mt,67108864,1,8793903,,,,,,,LentPieces,8618666,8617073,,,,,,,8618666,,,,,,,solo and shared
53,4,blake3-servil-mt,1024,2048,267973,,,,,,,ContinuousMessages,435221,433963,,,,,,,435221,,,,,,,solo and shared
53,5,sha256,1024,2154,1022143,,,,,,,ContinuousMessages,1015858,1015858,,,,,,,1015496,,,,,,,solo and shared
53,6,blake3-servil-mt,1024,3121,368974,,,,,,,ContinuousBatches,428659,413462,,,,,,,428659,,,,,,,solo and shared
53,7,sha256,1024,2048,2043791,,,,,,,ContinuousBatches,2040160,2040160,,,,,,,2039125,,,,,,,solo and shared
53,8,blake3-servil-mt,262144,14,249967,,,,,,,ContinuousBatches,382956,278197,,,,,,,382956,,,,,,,solo and shared
53,9,sha256,262144,8,2150409,,,,,,,ContinuousBatches,2161301,2158345,,,,,,,2161301,,,,,,,solo and shared
54,0,sha256,67108864,1,31997300,,,,,,,LentPieces,31667568,31630625,,,,,,,31667568,,,,,,,solo and shared
54,1,blake3-servil-st,67108864,1,15374174,,,,,,,LentPieces,17194016,17194016,,,,,,,16658426,,,,,,,solo and shared
54,2,blake3-servil-mt,67108864,1,8200506,,,,,,,LentPieces,8956106,8956106,,,,,,,8946597,,,,,,,solo and shared
54,2,sha256,1024,2154,1018538,,,,,,,ContinuousMessages,1016466,1015663,,,,,,,1016466,,,,,,,solo and shared
54,3,blake3-servil-mt,1024,2048,347594,,,,,,,ContinuousMessages,434793,406304,,,,,,,434793,,,,,,,solo and shared
54,4,sha256,1024,2048,2043386,,,,,,,ContinuousBatches,2089877,2044295,,,,,,,2089877,,,,,,,solo and shared
54,5,blake3-servil-mt,1024,3121,387599,,,,,,,ContinuousBatches,416051,416051,,,,,,,389203,,,,,,,solo and shared
54,6,sha256,262144,8,2065551,,,,,,,ContinuousBatches,2078863,2078863,,,,,,,2070844,,,,,,,solo and shared
54,7,blake3-servil-mt,262144,14,243915,,,,,,,ContinuousBatches,333282,328914,,,,,,,333282,,,,,,,solo and shared
54,12,sha256,1048576,2,1037480,,,,,,,LentMessages,1068028,1065788,,,,,,,1068028,,,,,,,solo and shared
54,13,blake3-servil-st,1048576,4,956838,,,,,,,LentMessages,926698,926698,,,,,,,923182,,,,,,,solo and shared
54,14,blake3-servil-mt,1048576,14,1292931,,,,,,,LentMessages,1645236,1645236,,,,,,,1618984,,,,,,,solo and shared
55,0,blake3-servil-mt,1024,2048,309623,,,,,,,ContinuousMessages,409917,356360,,,,,,,409917,,,,,,,solo and shared
55,1,sha256,1024,2154,1060076,,,,,,,ContinuousMessages,1623023,1621560,,,,,,,1623023,,,,,,,solo and shared
55,2,blake3-servil-mt,1024,3121,340478,,,,,,,ContinuousBatches,450182,447510,,,,,,,450182,,,,,,,solo and shared
55,3,sha256,1024,2048,2063669,,,,,,,ContinuousBatches,2340938,2296188,,,,,,,2340938,,,,,,,solo and shared
55,4,blake3-servil-mt,262144,14,378651,,,,,,,ContinuousBatches,245273,245273,,,,,,,245125,,,,,,,solo and shared
55,5,sha256,262144,8,2104108,,,,,,,ContinuousBatches,2205491,2205491,,,,,,,2101878,,,,,,,solo and shared
55,9,blake3-servil-st,1048576,4,980595,,,,,,,LentMessages,952103,919840,,,,,,,952103,,,,,,,solo and shared
55,10,blake3-servil-mt,1048576,14,1165003,,,,,,,LentMessages,1274105,1273170,,,,,,,1274105,,,,,,,solo and shared
55,11,sha256,1048576,2,980563,,,,,,,LentMessages,983674,979227,,,,,,,983674,,,,,,,solo and shared
55,12,blake3-servil-st,67108864,1,16097998,,,,,,,LentPieces,16196951,16196951,,,,,,,15487077,,,,,,,solo and shared
55,13,blake3-servil-mt,67108864,1,8779007,,,,,,,LentPieces,8759171,8759171,,,,,,,8753903,,,,,,,solo and shared
55,14,sha256,67108864,1,30416402,,,,,,,LentPieces,31578305,31457252,,,,,,,31578305,,,,,,,solo and shared
56,0,sha256,1024,2048,2054203,,,,,,,ContinuousBatches,2042006,2042006,,,,,,,2040039,,,,,,,solo and shared
56,1,blake3-servil-mt,1024,3121,479356,,,,,,,ContinuousBatches,423239,420455,,,,,,,423239,,,,,,,solo and shared
56,2,sha256,262144,8,2494888,,,,,,,ContinuousBatches,2121148,2121148,,,,,,,2114637,,,,,,,solo and shared
56,3,blake3-servil-mt,262144,14,219762,,,,,,,ContinuousBatches,322651,315223,,,,,,,322651,,,,,,,solo and shared
56,6,blake3-servil-mt,1048576,14,1066194,,,,,,,LentMessages,1289012,1288879,,,,,,,1289012,,,,,,,solo and shared
56,7,sha256,1048576,2,1003136,,,,,,,LentMessages,984279,984279,,,,,,,982914,,,,,,,solo and shared
56,8,blake3-servil-st,1048576,4,921988,,,,,,,LentMessages,932320,917703,,,,,,,932320,,,,,,,solo and shared
56,9,blake3-servil-mt,67108864,1,8449492,,,,,,,LentPieces,8877801,8873493,,,,,,,8877801,,,,,,,solo and shared
56,10,sha256,67108864,1,31466310,,,,,,,LentPieces,31529359,31529359,,,,,,,31133590,,,,,,,solo and shared
56,11,blake3-servil-st,67108864,1,14843711,,,,,,,LentPieces,15101335,15101335,,,,,,,15092913,,,,,,,solo and shared
56,8,sha256,1024,2154,991753,,,,,,,ContinuousMessages,1013901,1012107,,,,,,,1013901,,,,,,,solo and shared
56,9,blake3-servil-mt,1024,2048,324380,,,,,,,ContinuousMessages,438944,438445,,,,,,,438944,,,,,,,solo and shared
57,0,blake3-servil-mt,262144,14,235265,,,,,,,ContinuousBatches,319653,319427,,,,,,,319653,,,,,,,solo and shared
57,1,sha256,262144,8,2144944,,,,,,,ContinuousBatches,2156935,2156935,,,,,,,2151471,,,,,,,solo and shared
57,3,blake3-servil-mt,1048576,14,1273205,,,,,,,LentMessages,1396762,1327181,,,,,,,1396762,,,,,,,solo and shared
57,4,blake3-servil-st,1048576,4,923024,,,,,,,LentMessages,950747,925276,,,,,,,950747,,,,,,,solo and shared
57,5,sha256,1048576,2,981655,,,,,,,LentMessages,1002574,1002574,,,,,,,992497,,,,,,,solo and shared
57,6,blake3-servil-mt,67108864,1,9025356,,,,,,,LentPieces,9538900,9148681,,,,,,,9538900,,,,,,,solo and shared
57,7,blake3-servil-st,67108864,1,15250528,,,,,,,LentPieces,15119206,15034955,,,,,,,15119206,,,,,,,solo and shared
57,8,sha256,67108864,1,31312600,,,,,,,LentPieces,31313776,31307903,,,,,,,31313776,,,,,,,solo and shared
57,6,blake3-servil-mt,1024,2048,304383,,,,,,,ContinuousMessages,435033,433233,,,,,,,435033,,,,,,,solo and shared
57,7,sha256,1024,2154,1014185,,,,,,,ContinuousMessages,1013975,1013333,,,,,,,1013975,,,,,,,solo and shared
57,8,blake3-servil-mt,1024,3121,374267,,,,,,,ContinuousBatches,407653,390790,,,,,,,407653,,,,,,,solo and shared
57,9,sha256,1024,2048,2040457,,,,,,,ContinuousBatches,2044819,2044335,,,,,,,2044819,,,,,,,solo and shared
58,0,sha256,1048576,2,1002886,,,,,,,LentMessages,1085509,1085509,,,,,,,1033914,,,,,,,solo and shared
58,1,blake3-servil-mt,1048576,14,1178832,,,,,,,LentMessages,1271577,1270841,,,,,,,1271577,,,,,,,solo and shared
58,2,blake3-servil-st,1048576,4,919403,,,,,,,LentMessages,919741,919741,,,,,,,917919,,,,,,,solo and shared
58,3,sha256,67108864,1,31132416,,,,,,,LentPieces,31769635,31769635,,,,,,,31598666,,,,,,,solo and shared
58,4,blake3-servil-mt,67108864,1,8347923,,,,,,,LentPieces,9071805,9029679,,,,,,,9071805,,,,,,,solo and shared
58,5,blake3-servil-st,67108864,1,15153492,,,,,,,LentPieces,15276011,15249560,,,,,,,15276011,,,,,,,solo and shared
58,4,sha256,1024,2154,1064073,,,,,,,ContinuousMessages,1078082,1015272,,,,,,,1078082,,,,,,,solo and shared
58,5,blake3-servil-mt,1024,2048,349155,,,,,,,ContinuousMessages,439909,430649,,,,,,,439909,,,,,,,solo and shared
58,6,sha256,1024,2048,2044975,,,,,,,ContinuousBatches,2066723,2066723,,,,,,,2059513,,,,,,,solo and shared
58,7,blake3-servil-mt,1024,3121,433206,,,,,,,ContinuousBatches,419004,415324,,,,,,,419004,,,,,,,solo and shared
58,8,sha256,262144,8,2090311,,,,,,,ContinuousBatches,2082971,2082971,,,,,,,2073729,,,,,,,solo and shared
58,9,blake3-servil-mt,262144,14,231676,,,,,,,ContinuousBatches,300805,300805,,,,,,,297784,,,,,,,solo and shared
59,0,blake3-servil-st,67108864,1,15449208,,,,,,,LentPieces,15723430,15423010,,,,,,,15723430,,,,,,,solo and shared
59,1,sha256,67108864,1,31776632,,,,,,,LentPieces,31999459,31999459,,,,,,,31996199,,,,,,,solo and shared
59,2,blake3-servil-mt,67108864,1,9134521,,,,,,,LentPieces,8932834,8919864,,,,,,,8932834,,,,,,,solo and shared
59,2,blake3-servil-mt,1024,2048,283554,,,,,,,ContinuousMessages,410253,410253,,,,,,,395418,,,,,,,solo and shared
59,3,sha256,1024,2154,1021788,,,,,,,ContinuousMessages,1015786,1014623,,,,,,,1015786,,,,,,,solo and shared
59,4,blake3-servil-mt,1024,3121,353852,,,,,,,ContinuousBatches,398282,398282,,,,,,,396627,,,,,,,solo and shared
59,5,sha256,1024,2048,2040299,,,,,,,ContinuousBatches,2045739,2043130,,,,,,,2045739,,,,,,,solo and shared
59,6,blake3-servil-mt,262144,14,234735,,,,,,,ContinuousBatches,275791,275791,,,,,,,244605,,,,,,,solo and shared
59,7,sha256,262144,8,2101384,,,,,,,ContinuousBatches,2065694,2065694,,,,,,,2064245,,,,,,,solo and shared
59,12,blake3-servil-st,1048576,4,955338,,,,,,,LentMessages,1015442,1004507,,,,,,,1015442,,,,,,,solo and shared
59,13,sha256,1048576,2,942314,,,,,,,LentMessages,953451,952768,,,,,,,953451,,,,,,,solo and shared
59,14,blake3-servil-mt,1048576,14,1098623,,,,,,,LentMessages,1301484,1299064,,,,,,,1301484,,,,,,,solo and shared
60,0,sha256,1024,2154,1052441,,,,,,,ContinuousMessages,1055383,1055383,,,,,,,1055238,,,,,,,solo and shared
60,1,blake3-servil-mt,1024,2048,271575,,,,,,,ContinuousMessages,403993,360329,,,,,,,403993,,,,,,,solo and shared
60,2,sha256,1024,2048,2048696,,,,,,,ContinuousBatches,2043850,2039815,,,,,,,2043850,,,,,,,solo and shared
60,3,blake3-servil-mt,1024,3121,397906,,,,,,,ContinuousBatches,400579,400579,,,,,,,390505,,,,,,,solo and shared
60,4,sha256,262144,8,2064883,,,,,,,ContinuousBatches,2119597,2119597,,,,,,,2115643,,,,,,,solo and shared
60,5,blake3-servil-mt,262144,14,219834,,,,,,,ContinuousBatches,310623,302422,,,,,,,310623,,,,,,,solo and shared
60,9,sha256,1048576,2,1068386,,,,,,,LentMessages,1657621,1653316,,,,,,,1657621,,,,,,,solo and shared
60,10,blake3-servil-st,1048576,4,899612,,,,,,,LentMessages,1607299,1598018,,,,,,,1607299,,,,,,,solo and shared
60,11,blake3-servil-mt,1048576,14,1178642,,,,,,,LentMessages,1377905,1377905,,,,,,,1375697,,,,,,,solo and shared
60,12,sha256,67108864,1,31166668,,,,,,,LentPieces,30998513,30981919,,,,,,,30998513,,,,,,,solo and shared
60,13,blake3-servil-st,67108864,1,15522578,,,,,,,LentPieces,15844911,15844911,,,,,,,15706929,,,,,,,solo and shared
60,14,blake3-servil-mt,67108864,1,8270233,,,,,,,LentPieces,9328795,9328795,,,,,,,9325533,,,,,,,solo and shared
61,0,blake3-servil-mt,1024,3121,475470,,,,,,,ContinuousBatches,397129,397129,,,,,,,377643,,,,,,,solo and shared
61,1,sha256,1024,2048,2071990,,,,,,,ContinuousBatches,2042137,2040969,,,,,,,2042137,,,,,,,solo and shared
61,2,blake3-servil-mt,262144,14,234892,,,,,,,ContinuousBatches,350378,350378,,,,,,,331762,,,,,,,solo and shared
61,3,sha256,262144,8,2104337,,,,,,,ContinuousBatches,2138046,2138046,,,,,,,2136591,,,,,,,solo and shared
61,6,blake3-servil-st,1048576,4,970031,,,,,,,LentMessages,1022660,1019197,,,,,,,1022660,,,,,,,solo and shared
61,7,blake3-servil-mt,1048576,14,1130558,,,,,,,LentMessages,1283634,1283634,,,,,,,1283573,,,,,,,solo and shared
61,8,sha256,1048576,2,979843,,,,,,,LentMessages,983257,983075,,,,,,,983257,,,,,,,solo and shared
61,9,blake3-servil-st,67108864,1,15065108,,,,,,,LentPieces,15467361,15467361,,,,,,,15444770,,,,,,,solo and shared
61,10,blake3-servil-mt,67108864,1,9273353,,,,,,,LentPieces,9240958,9172513,,,,,,,9240958,,,,,,,solo and shared
61,11,sha256,67108864,1,30595182,,,,,,,LentPieces,31122444,31114488,,,,,,,31122444,,,,,,,solo and shared
61,8,blake3-servil-mt,1024,2048,371567,,,,,,,ContinuousMessages,416200,413302,,,,,,,416200,,,,,,,solo and shared
61,9,sha256,1024,2154,1111525,,,,,,,ContinuousMessages,1040645,1040645,,,,,,,1036566,,,,,,,solo and shared
62,0,sha256,262144,8,2115574,,,,,,,ContinuousBatches,2128343,2122216,,,,,,,2128343,,,,,,,solo and shared
62,1,blake3-servil-mt,262144,14,329872,,,,,,,ContinuousBatches,330912,321485,,,,,,,330912,,,,,,,solo and shared
62,3,blake3-servil-mt,1048576,14,1074512,,,,,,,LentMessages,1364508,1364330,,,,,,,1364508,,,,,,,solo and shared
62,4,sha256,1048576,2,980834,,,,,,,LentMessages,984719,982301,,,,,,,984719,,,,,,,solo and shared
62,5,blake3-servil-st,1048576,4,911147,,,,,,,LentMessages,925743,925743,,,,,,,920929,,,,,,,solo and shared
62,6,blake3-servil-mt,67108864,1,9352984,,,,,,,LentPieces,9246425,9240258,,,,,,,9246425,,,,,,,solo and shared
62,7,sha256,67108864,1,30470540,,,,,,,LentPieces,32035565,32035565,,,,,,,32010751,,,,,,,solo and shared
62,8,blake3-servil-st,67108864,1,15857620,,,,,,,LentPieces,15127008,15127008,,,,,,,15122375,,,,,,,solo and shared
62,6,sha256,1024,2154,1019577,,,,,,,ContinuousMessages,1013372,1013343,,,,,,,1013372,,,,,,,solo and shared
62,7,blake3-servil-mt,1024,2048,338658,,,,,,,ContinuousMessages,412954,412954,,,,,,,412539,,,,,,,solo and shared
62,8,sha256,1024,2048,2045128,,,,,,,ContinuousBatches,2040026,2034649,,,,,,,2040026,,,,,,,solo and shared
62,9,blake3-servil-mt,1024,3121,370429,,,,,,,ContinuousBatches,412966,397172,,,,,,,412966,,,,,,,solo and shared
63,0,blake3-servil-mt,1048576,14,1174990,,,,,,,LentMessages,1539448,1538910,,,,,,,1539448,,,,,,,solo and shared
63,1,blake3-servil-st,1048576,4,912001,,,,,,,LentMessages,918186,918186,,,,,,,918076,,,,,,,solo and shared
63,2,sha256,1048576,2,976292,,,,,,,LentMessages,977846,977846,,,,,,,976187,,,,,,,solo and shared
63,3,blake3-servil-mt,67108864,1,8978830,,,,,,,LentPieces,9538793,9165355,,,,,,,9538793,,,,,,,solo and shared
63,4,blake3-servil-st,67108864,1,15597096,,,,,,,LentPieces,15433405,15433405,,,,,,,15367556,,,,,,,solo and shared
63,5,sha256,67108864,1,30712712,,,,,,,LentPieces,31873476,31632842,,,,,,,31873476,,,,,,,solo and shared
63,4,blake3-servil-mt,1024,2048,345766,,,,,,,ContinuousMessages,481651,367451,,,,,,,481651,,,,,,,solo and shared
63,5,sha256,1024,2154,997072,,,,,,,ContinuousMessages,1041078,1040471,,,,,,,1041078,,,,,,,solo and shared
63,6,blake3-servil-mt,1024,3121,390120,,,,,,,ContinuousBatches,425636,425636,,,,,,,424011,,,,,,,solo and shared
63,7,sha256,1024,2048,2437353,,,,,,,ContinuousBatches,2043030,2040210,,,,,,,2043030,,,,,,,solo and shared
63,8,blake3-servil-mt,262144,14,335041,,,,,,,ContinuousBatches,299292,299292,,,,,,,292807,,,,,,,solo and shared
63,9,sha256,262144,8,2147407,,,,,,,ContinuousBatches,2117667,2117667,,,,,,,2110882,,,,,,,solo and shared
64,0,sha256,67108864,1,31747947,,,,,,,LentPieces,31871412,31805835,,,,,,,31871412,,,,,,,solo and shared
64,1,blake3-servil-mt,67108864,1,8711782,,,,,,,LentPieces,9069535,9064209,,,,,,,9069535,,,,,,,solo and shared
64,2,blake3-servil-st,67108864,1,14937884,,,,,,,LentPieces,15212392,15146488,,,,,,,15212392,,,,,,,solo and shared
64,2,sha256,1024,2154,1012427,,,,,,,ContinuousMessages,1014816,1014367,,,,,,,1014816,,,,,,,solo and shared
64,3,blake3-servil-mt,1024,2048,391497,,,,,,,ContinuousMessages,477749,477749,,,,,,,443252,,,,,,,solo and shared
64,4,sha256,1024,2048,2041383,,,,,,,ContinuousBatches,2042854,2042141,,,,,,,2042854,,,,,,,solo and shared
64,5,blake3-servil-mt,1024,3121,384736,,,,,,,ContinuousBatches,442154,442154,,,,,,,438186,,,,,,,solo and shared
64,6,sha256,262144,8,2064141,,,,,,,ContinuousBatches,2074781,2074781,,,,,,,2070315,,,,,,,solo and shared
64,7,blake3-servil-mt,262144,14,498814,,,,,,,ContinuousBatches,268361,268361,,,,,,,259818,,,,,,,solo and shared
64,12,sha256,1048576,2,1036571,,,,,,,LentMessages,1084027,1083540,,,,,,,1084027,,,,,,,solo and shared
64,13,blake3-servil-mt,1048576,14,1100594,,,,,,,LentMessages,1303310,1303117,,,,,,,1303310,,,,,,,solo and shared
64,14,blake3-servil-st,1048576,4,928011,,,,,,,LentMessages,959998,959998,,,,,,,937086,,,,,,,solo and shared
65,0,blake3-servil-mt,1024,2048,322274,,,,,,,ContinuousMessages,445473,387015,,,,,,,445473,,,,,,,solo and shared
65,1,sha256,1024,2154,1035766,,,,,,,ContinuousMessages,1037725,1037725,,,,,,,1037551,,,,,,,solo and shared
65,2,blake3-servil-mt,1024,3121,437549,,,,,,,ContinuousBatches,457428,457428,,,,,,,453601,,,,,,,solo and shared
65,3,sha256,1024,2048,2078951,,,,,,,ContinuousBatches,2084603,2084603,,,,,,,2075861,,,,,,,solo and shared
65,4,blake3-servil-mt,262144,14,250060,,,,,,,ContinuousBatches,340170,331399,,,,,,,340170,,,,,,,solo and shared
65,5,sha256,262144,8,2099022,,,,,,,ContinuousBatches,2069956,2055533,,,,,,,2069956,,,,,,,solo and shared
65,9,blake3-servil-st,1048576,4,958803,,,,,,,LentMessages,1010928,1010928,,,,,,,988238,,,,,,,solo and shared
65,10,sha256,1048576,2,1014510,,,,,,,LentMessages,942402,942402,,,,,,,942351,,,,,,,solo and shared
65,11,blake3-servil-mt,1048576,14,1088367,,,,,,,LentMessages,1301231,1301191,,,,,,,1301231,,,,,,,solo and shared
65,12,blake3-servil-st,67108864,1,15643350,,,,,,,LentPieces,15104734,15082180,,,,,,,15104734,,,,,,,solo and shared
65,13,sha256,67108864,1,30742260,,,,,,,LentPieces,31869149,31493296,,,,,,,31869149,,,,,,,solo and shared
65,14,blake3-servil-mt,67108864,1,8418896,,,,,,,LentPieces,8893833,8893833,,,,,,,8883458,,,,,,,solo and shared
66,0,sha256,1024,2048,2002225,,,,,,,ContinuousBatches,2046091,2046091,,,,,,,2042337,,,,,,,solo and shared
66,1,blake3-servil-mt,1024,3121,374576,,,,,,,ContinuousBatches,442957,442957,,,,,,,442446,,,,,,,solo and shared
66,2,sha256,262144,8,2025717,,,,,,,ContinuousBatches,2066240,2060470,,,,,,,2066240,,,,,,,solo and shared
66,3,blake3-servil-mt,262144,14,247705,,,,,,,ContinuousBatches,274871,274871,,,,,,,273319,,,,,,,solo and shared
66,6,sha256,1048576,2,1015217,,,,,,,LentMessages,1046504,1046504,,,,,,,1041725,,,,,,,solo and shared
66,7,blake3-servil-st,1048576,4,945551,,,,,,,LentMessages,909968,894124,,,,,,,909968,,,,,,,solo and shared
66,8,blake3-servil-mt,1048576,14,1195447,,,,,,,LentMessages,1304412,1302598,,,,,,,1304412,,,,,,,solo and shared
66,9,sha256,67108864,1,31378580,,,,,,,LentPieces,31569589,31176498,,,,,,,31569589,,,,,,,solo and shared
66,10,blake3-servil-st,67108864,1,14873394,,,,,,,LentPieces,15290296,15240105,,,,,,,15290296,,,,,,,solo and shared
66,11,blake3-servil-mt,67108864,1,9576809,,,,,,,LentPieces,9216355,9162548,,,,,,,9216355,,,,,,,solo and shared
66,8,sha256,1024,2154,1013381,,,,,,,ContinuousMessages,1014682,1012845,,,,,,,1014682,,,,,,,solo and shared
66,9,blake3-servil-mt,1024,2048,327866,,,,,,,ContinuousMessages,419299,419299,,,,,,,417556,,,,,,,solo and shared
67,0,blake3-servil-mt,262144,14,239552,,,,,,,ContinuousBatches,273733,271993,,,,,,,273733,,,,,,,solo and shared
67,1,sha256,262144,8,2110146,,,,,,,ContinuousBatches,2121895,2114764,,,,,,,2121895,,,,,,,solo and shared
67,3,blake3-servil-st,1048576,4,1113343,,,,,,,LentMessages,1058354,1010632,,,,,,,1058354,,,,,,,solo and shared
67,4,blake3-servil-mt,1048576,14,1239617,,,,,,,LentMessages,1358856,1357692,,,,,,,1358856,,,,,,,solo and shared
67,5,sha256,1048576,2,989131,,,,,,,LentMessages,1001832,982084,,,,,,,1001832,,,,,,,solo and shared
67,6,blake3-servil-st,67108864,1,16368662,,,,,,,LentPieces,16003489,16003489,,,,,,,15559695,,,,,,,solo and shared
67,7,blake3-servil-mt,67108864,1,8646955,,,,,,,LentPieces,9437484,9436164,,,,,,,9437484,,,,,,,solo and shared
67,8,sha256,67108864,1,31173684,,,,,,,LentPieces,30985215,30901063,,,,,,,30985215,,,,,,,solo and shared
67,6,blake3-servil-mt,1024,2048,341428,,,,,,,ContinuousMessages,429314,429314,,,,,,,419863,,,,,,,solo and shared
67,7,sha256,1024,2154,1053300,,,,,,,ContinuousMessages,1039199,1039199,,,,,,,1013794,,,,,,,solo and shared
67,8,blake3-servil-mt,1024,3121,376313,,,,,,,ContinuousBatches,416059,416059,,,,,,,396971,,,,,,,solo and shared
67,9,sha256,1024,2048,2007468,,,,,,,ContinuousBatches,2040890,2040890,,,,,,,2039575,,,,,,,solo and shared
68,0,blake3-servil-mt,1048576,14,1319570,,,,,,,LentMessages,1366084,1365324,,,,,,,1366084,,,,,,,solo and shared
68,1,sha256,1048576,2,1010096,,,,,,,LentMessages,985680,985680,,,,,,,985142,,,,,,,solo and shared
68,2,blake3-servil-st,1048576,4,951470,,,,,,,LentMessages,929218,917767,,,,,,,929218,,,,,,,solo and shared
68,3,blake3-servil-mt,67108864,1,9513102,,,,,,,LentPieces,9101001,9094434,,,,,,,9101001,,,,,,,solo and shared
68,4,sha256,67108864,1,30606268,,,,,,,LentPieces,31141927,31099678,,,,,,,31141927,,,,,,,solo and shared
68,5,blake3-servil-st,67108864,1,15433047,,,,,,,LentPieces,15687434,15687434,,,,,,,15254103,,,,,,,solo and shared
68,4,sha256,1024,2154,992377,,,,,,,ContinuousMessages,1015406,1013096,,,,,,,1015406,,,,,,,solo and shared
68,5,blake3-servil-mt,1024,2048,314368,,,,,,,ContinuousMessages,414382,411326,,,,,,,414382,,,,,,,solo and shared
68,6,sha256,1024,2048,2004301,,,,,,,ContinuousBatches,2041435,2040855,,,,,,,2041435,,,,,,,solo and shared
68,7,blake3-servil-mt,1024,3121,371449,,,,,,,ContinuousBatches,418614,417821,,,,,,,418614,,,,,,,solo and shared
68,8,sha256,262144,8,2066061,,,,,,,ContinuousBatches,2125623,2125623,,,,,,,2074495,,,,,,,solo and shared
68,9,blake3-servil-mt,262144,14,341079,,,,,,,ContinuousBatches,246451,239467,,,,,,,246451,,,,,,,solo and shared
69,0,blake3-servil-mt,67108864,1,8142725,,,,,,,LentPieces,8988070,8984426,,,,,,,8988070,,,,,,,solo and shared
69,1,blake3-servil-st,67108864,1,15014254,,,,,,,LentPieces,23618786,23618786,,,,,,,23335448,,,,,,,solo and shared
69,2,sha256,67108864,1,31744783,,,,,,,LentPieces,31172894,31172894,,,,,,,31100760,,,,,,,solo and shared
69,2,blake3-servil-mt,1024,2048,351723,,,,,,,ContinuousMessages,411639,411639,,,,,,,405207,,,,,,,solo and shared
69,3,sha256,1024,2154,1020033,,,,,,,ContinuousMessages,1037475,1037475,,,,,,,1037417,,,,,,,solo and shared
69,4,blake3-servil-mt,1024,3121,436868,,,,,,,ContinuousBatches,507312,507312,,,,,,,456936,,,,,,,solo and shared
69,5,sha256,1024,2048,2060845,,,,,,,ContinuousBatches,2050409,2049827,,,,,,,2050409,,,,,,,solo and shared
69,6,blake3-servil-mt,262144,14,635247,,,,,,,ContinuousBatches,253247,253247,,,,,,,250112,,,,,,,solo and shared
69,7,sha256,262144,8,2110374,,,,,,,ContinuousBatches,2174027,2154164,,,,,,,2174027,,,,,,,solo and shared
69,12,blake3-servil-mt,1048576,14,1175575,,,,,,,LentMessages,1324917,1324917,,,,,,,1324801,,,,,,,solo and shared
69,13,blake3-servil-st,1048576,4,916908,,,,,,,LentMessages,924215,923181,,,,,,,924215,,,,,,,solo and shared
69,14,sha256,1048576,2,975628,,,,,,,LentMessages,976746,975960,,,,,,,976746,,,,,,,solo and shared
70,0,sha256,1024,2154,1032925,,,,,,,ContinuousMessages,1034454,1034454,,,,,,,1033894,,,,,,,solo and shared
70,1,blake3-servil-mt,1024,2048,302707,,,,,,,ContinuousMessages,479136,479136,,,,,,,464664,,,,,,,solo and shared
70,2,sha256,1024,2048,2063422,,,,,,,ContinuousBatches,2103354,2103354,,,,,,,2080312,,,,,,,solo and shared
70,3,blake3-servil-mt,1024,3121,412789,,,,,,,ContinuousBatches,484742,484742,,,,,,,466676,,,,,,,solo and shared
70,4,sha256,262144,8,2060393,,,,,,,ContinuousBatches,2076369,2076369,,,,,,,2075775,,,,,,,solo and shared
70,5,blake3-servil-mt,262144,14,351137,,,,,,,ContinuousBatches,301904,244745,,,,,,,301904,,,,,,,solo and shared
70,9,sha256,1048576,2,1020683,,,,,,,LentMessages,1015795,989739,,,,,,,1015795,,,,,,,solo and shared
70,10,blake3-servil-mt,1048576,14,1117493,,,,,,,LentMessages,1321987,1321960,,,,,,,1321987,,,,,,,solo and shared
70,11,blake3-servil-st,1048576,4,926144,,,,,,,LentMessages,923811,921042,,,,,,,923811,,,,,,,solo and shared
70,12,sha256,67108864,1,31324902,,,,,,,LentPieces,32248367,32248367,,,,,,,31946187,,,,,,,solo and shared
70,13,blake3-servil-mt,67108864,1,8757832,,,,,,,LentPieces,8888852,8888852,,,,,,,8886596,,,,,,,solo and shared
70,14,blake3-servil-st,67108864,1,15785101,,,,,,,LentPieces,15203157,15155680,,,,,,,15203157,,,,,,,solo and shared
71,0,blake3-servil-mt,1024,3121,381175,,,,,,,ContinuousBatches,414431,395345,,,,,,,414431,,,,,,,solo and shared
71,1,sha256,1024,2048,2063468,,,,,,,ContinuousBatches,2068406,2068406,,,,,,,2062774,,,,,,,solo and shared
71,2,blake3-servil-mt,262144,14,440163,,,,,,,ContinuousBatches,367539,348290,,,,,,,367539,,,,,,,solo and shared
71,3,sha256,262144,8,2188816,,,,,,,ContinuousBatches,2184688,2184688,,,,,,,2160018,,,,,,,solo and shared
71,6,blake3-servil-st,1048576,4,1065067,,,,,,,LentMessages,1147830,1066627,,,,,,,1147830,,,,,,,solo and shared
71,7,sha256,1048576,2,971156,,,,,,,LentMessages,948775,948775,,,,,,,946599,,,,,,,solo and shared
71,8,blake3-servil-mt,1048576,14,1240258,,,,,,,LentMessages,1285418,1284176,,,,,,,1285418,,,,,,,solo and shared
71,9,blake3-servil-st,67108864,1,15595025,,,,,,,LentPieces,15197899,15178417,,,,,,,15197899,,,,,,,solo and shared
71,10,sha256,67108864,1,30996178,,,,,,,LentPieces,31592442,31592442,,,,,,,31524333,,,,,,,solo and shared
71,11,blake3-servil-mt,67108864,1,9522313,,,,,,,LentPieces,8789622,8789622,,,,,,,8776368,,,,,,,solo and shared
71,8,blake3-servil-mt,1024,2048,246175,,,,,,,ContinuousMessages,361938,361938,,,,,,,360533,,,,,,,solo and shared
71,9,sha256,1024,2154,1016264,,,,,,,ContinuousMessages,1013683,1013683,,,,,,,1013518,,,,,,,solo and shared
72,0,sha256,262144,8,2060505,,,,,,,ContinuousBatches,2137133,2137133,,,,,,,2063955,,,,,,,solo and shared
72,1,blake3-servil-mt,262144,14,312862,,,,,,,ContinuousBatches,292718,292718,,,,,,,259686,,,,,,,solo and shared
72,3,sha256,1048576,2,1017833,,,,,,,LentMessages,1104683,1091792,,,,,,,1104683,,,,,,,solo and shared
72,4,blake3-servil-st,1048576,4,895686,,,,,,,LentMessages,931203,931203,,,,,,,899684,,,,,,,solo and shared
72,5,blake3-servil-mt,1048576,14,1138878,,,,,,,LentMessages,1275662,1275358,,,,,,,1275662,,,,,,,solo and shared
72,6,sha256,67108864,1,31541344,,,,,,,LentPieces,31599747,31599747,,,,,,,31198377,,,,,,,solo and shared
72,7,blake3-servil-st,67108864,1,15214539,,,,,,,LentPieces,15102387,15102387,,,,,,,15074496,,,,,,,solo and shared
72,8,blake3-servil-mt,67108864,1,9212764,,,,,,,LentPieces,9732502,9675795,,,,,,,9732502,,,,,,,solo and shared
72,6,sha256,1024,2154,1043886,,,,,,,ContinuousMessages,1026011,1016176,,,,,,,1026011,,,,,,,solo and shared
72,7,blake3-servil-mt,1024,2048,386936,,,,,,,ContinuousMessages,512409,512409,,,,,,,501489,,,,,,,solo and shared
72,8,sha256,1024,2048,2043243,,,,,,,ContinuousBatches,2082931,2080560,,,,,,,2082931,,,,,,,solo and shared
72,9,blake3-servil-mt,1024,3121,370619,,,,,,,ContinuousBatches,445777,420519,,,,,,,445777,,,,,,,solo and shared
73,0,blake3-servil-st,1048576,4,955358,,,,,,,LentMessages,999785,999785,,,,,,,983752,,,,,,,solo and shared
73,1,blake3-servil-mt,1048576,14,1139724,,,,,,,LentMessages,1268290,1267503,,,,,,,1268290,,,,,,,solo and shared
73,2,sha256,1048576,2,980425,,,,,,,LentMessages,983108,983108,,,,,,,982709,,,,,,,solo and shared
73,3,blake3-servil-st,67108864,1,15868052,,,,,,,LentPieces,15126715,15060853,,,,,,,15126715,,,,,,,solo and shared
73,4,blake3-servil-mt,67108864,1,8074809,,,,,,,LentPieces,9053695,9047975,,,,,,,9053695,,,,,,,solo and shared
73,5,sha256,67108864,1,31774263,,,,,,,LentPieces,31113705,31113705,,,,,,,30967082,,,,,,,solo and shared
73,4,blake3-servil-mt,1024,2048,351518,,,,,,,ContinuousMessages,410821,410821,,,,,,,403228,,,,,,,solo and shared
73,5,sha256,1024,2154,1014441,,,,,,,ContinuousMessages,1013593,1013593,,,,,,,1013087,,,,,,,solo and shared
73,6,blake3-servil-mt,1024,3121,378229,,,,,,,ContinuousBatches,423546,423546,,,,,,,399246,,,,,,,solo and shared
73,7,sha256,1024,2048,2054103,,,,,,,ContinuousBatches,2045964,2045964,,,,,,,2045532,,,,,,,solo and shared
73,8,blake3-servil-mt,262144,14,334143,,,,,,,ContinuousBatches,262158,262158,,,,,,,261536,,,,,,,solo and shared
73,9,sha256,262144,8,2072310,,,,,,,ContinuousBatches,2110362,2110362,,,,,,,2107135,,,,,,,solo and shared
74,0,blake3-servil-mt,67108864,1,8776314,,,,,,,LentPieces,9825157,9792331,,,,,,,9825157,,,,,,,solo and shared
74,1,sha256,67108864,1,31634084,,,,,,,LentPieces,31678410,31678410,,,,,,,31615955,,,,,,,solo and shared
74,2,blake3-servil-st,67108864,1,16097175,,,,,,,LentPieces,17044062,17044062,,,,,,,16025957,,,,,,,solo and shared
74,2,sha256,1024,2154,992496,,,,,,,ContinuousMessages,1015303,1014194,,,,,,,1015303,,,,,,,solo and shared
74,3,blake3-servil-mt,1024,2048,361907,,,,,,,ContinuousMessages,480642,480642,,,,,,,477621,,,,,,,solo and shared
74,4,sha256,1024,2048,2088966,,,,,,,ContinuousBatches,2042378,2042378,,,,,,,2040328,,,,,,,solo and shared
74,5,blake3-servil-mt,1024,3121,392317,,,,,,,ContinuousBatches,430471,430471,,,,,,,428498,,,,,,,solo and shared
74,6,sha256,262144,8,2027970,,,,,,,ContinuousBatches,2125559,2080390,,,,,,,2125559,,,,,,,solo and shared
74,7,blake3-servil-mt,262144,14,253018,,,,,,,ContinuousBatches,303326,303326,,,,,,,301552,,,,,,,solo and shared
74,12,blake3-servil-mt,1048576,14,1051485,,,,,,,LentMessages,1357897,1357570,,,,,,,1357897,,,,,,,solo and shared
74,13,sha256,1048576,2,979150,,,,,,,LentMessages,982062,981403,,,,,,,982062,,,,,,,solo and shared
74,14,blake3-servil-st,1048576,4,964136,,,,,,,LentMessages,923861,919356,,,,,,,923861,,,,,,,solo and shared
75,0,blake3-servil-mt,1024,2048,260115,,,,,,,ContinuousMessages,437536,437536,,,,,,,376804,,,,,,,solo and shared
75,1,sha256,1024,2154,1020670,,,,,,,ContinuousMessages,1015924,1015924,,,,,,,1015383,,,,,,,solo and shared
75,2,blake3-servil-mt,1024,3121,368477,,,,,,,ContinuousBatches,388247,376392,,,,,,,388247,,,,,,,solo and shared
75,3,sha256,1024,2048,2006334,,,,,,,ContinuousBatches,2085128,2045905,,,,,,,2085128,,,,,,,solo and shared
75,4,blake3-servil-mt,262144,14,399963,,,,,,,ContinuousBatches,249044,248990,,,,,,,249044,,,,,,,solo and shared
75,5,sha256,262144,8,2070005,,,,,,,ContinuousBatches,2074896,2074896,,,,,,,2061134,,,,,,,solo and shared
75,9,blake3-servil-mt,1048576,14,1236635,,,,,,,LentMessages,1292469,1290337,,,,,,,1292469,,,,,,,solo and shared
75,10,blake3-servil-st,1048576,4,914788,,,,,,,LentMessages,920807,920556,,,,,,,920807,,,,,,,solo and shared
75,11,sha256,1048576,2,975221,,,,,,,LentMessages,979650,977205,,,,,,,979650,,,,,,,solo and shared
75,12,blake3-servil-mt,67108864,1,7917344,,,,,,,LentPieces,9390422,9390422,,,,,,,9349752,,,,,,,solo and shared
75,13,blake3-servil-st,67108864,1,15658370,,,,,,,LentPieces,15421581,15297273,,,,,,,15421581,,,,,,,solo and shared
75,14,sha256,67108864,1,30773861,,,,,,,LentPieces,31606531,31462446,,,,,,,31606531,,,,,,,solo and shared
76,0,sha256,1024,2048,2004632,,,,,,,ContinuousBatches,2043125,2041704,,,,,,,2043125,,,,,,,solo and shared
76,1,blake3-servil-mt,1024,3121,377765,,,,,,,ContinuousBatches,438908,438908,,,,,,,435003,,,,,,,solo and shared
76,2,sha256,262144,8,2439008,,,,,,,ContinuousBatches,2072537,2072537,,,,,,,2067407,,,,,,,solo and shared
76,3,blake3-servil-mt,262144,14,272757,,,,,,,ContinuousBatches,301391,301391,,,,,,,299716,,,,,,,solo and shared
76,6,sha256,1048576,2,1023109,,,,,,,LentMessages,1047781,1022012,,,,,,,1047781,,,,,,,solo and shared
76,7,blake3-servil-mt,1048576,14,1156291,,,,,,,LentMessages,1270518,1269825,,,,,,,1270518,,,,,,,solo and shared
76,8,blake3-servil-st,1048576,4,916120,,,,,,,LentMessages,924636,916663,,,,,,,924636,,,,,,,solo and shared
76,9,sha256,67108864,1,30593408,,,,,,,LentPieces,31386711,31386711,,,,,,,31381975,,,,,,,solo and shared
76,10,blake3-servil-mt,67108864,1,9070141,,,,,,,LentPieces,9227897,9223766,,,,,,,9227897,,,,,,,solo and shared
76,11,blake3-servil-st,67108864,1,14838607,,,,,,,LentPieces,15090310,15029416,,,,,,,15090310,,,,,,,solo and shared
76,8,sha256,1024,2154,1011332,,,,,,,ContinuousMessages,1016334,1016334,,,,,,,1015665,,,,,,,solo and shared
76,9,blake3-servil-mt,1024,2048,372160,,,,,,,ContinuousMessages,501130,501102,,,,,,,501130,,,,,,,solo and shared
77,0,blake3-servil-mt,262144,14,235649,,,,,,,ContinuousBatches,264601,263577,,,,,,,264601,,,,,,,solo and shared
77,1,sha256,262144,8,2138726,,,,,,,ContinuousBatches,2126173,2125435,,,,,,,2126173,,,,,,,solo and shared
77,3,blake3-servil-st,1048576,4,957612,,,,,,,LentMessages,1019753,1019753,,,,,,,985206,,,,,,,solo and shared
77,4,sha256,1048576,2,965578,,,,,,,LentMessages,964859,962876,,,,,,,964859,,,,,,,solo and shared
77,5,blake3-servil-mt,1048576,14,1135020,,,,,,,LentMessages,1277166,1275845,,,,,,,1277166,,,,,,,solo and shared
77,6,blake3-servil-st,67108864,1,15947559,,,,,,,LentPieces,15376406,15376406,,,,,,,15320726,,,,,,,solo and shared
77,7,sha256,67108864,1,30477292,,,,,,,LentPieces,31424593,31329056,,,,,,,31424593,,,,,,,solo and shared
77,8,blake3-servil-mt,67108864,1,8471147,,,,,,,LentPieces,9140694,9090144,,,,,,,9140694,,,,,,,solo and shared
77,6,blake3-servil-mt,1024,2048,276158,,,,,,,ContinuousMessages,426100,420903,,,,,,,426100,,,,,,,solo and shared
77,7,sha256,1024,2154,1003703,,,,,,,ContinuousMessages,1013979,1013979,,,,,,,1013548,,,,,,,solo and shared
77,8,blake3-servil-mt,1024,3121,377269,,,,,,,ContinuousBatches,441004,441004,,,,,,,436370,,,,,,,solo and shared
77,9,sha256,1024,2048,2037923,,,,,,,ContinuousBatches,2042944,2042944,,,,,,,2036612,,,,,,,solo and shared
78,0,sha256,1048576,2,1033830,,,,,,,LentMessages,1062513,1062513,,,,,,,1057744,,,,,,,solo and shared
78,1,blake3-servil-st,1048576,4,905812,,,,,,,LentMessages,939566,939566,,,,,,,904376,,,,,,,solo and shared
78,2,blake3-servil-mt,1048576,14,1169468,,,,,,,LentMessages,1286438,1286438,,,,,,,1286430,,,,,,,solo and shared
78,3,sha256,67108864,1,30832161,,,,,,,LentPieces,31544399,31529971,,,,,,,31544399,,,,,,,solo and shared
78,4,blake3-servil-st,67108864,1,15379224,,,,,,,LentPieces,15121559,15121559,,,,,,,15101748,,,,,,,solo and shared
78,5,blake3-servil-mt,67108864,1,8140840,,,,,,,LentPieces,9001449,9001449,,,,,,,8991050,,,,,,,solo and shared
78,4,sha256,1024,2154,1003174,,,,,,,ContinuousMessages,1072119,1072119,,,,,,,1014933,,,,,,,solo and shared
78,5,blake3-servil-mt,1024,2048,332698,,,,,,,ContinuousMessages,480224,417244,,,,,,,480224,,,,,,,solo and shared
78,6,sha256,1024,2048,2040438,,,,,,,ContinuousBatches,2039293,2039293,,,,,,,2039179,,,,,,,solo and shared
78,7,blake3-servil-mt,1024,3121,392165,,,,,,,ContinuousBatches,463448,458896,,,,,,,463448,,,,,,,solo and shared
78,8,sha256,262144,8,2084195,,,,,,,ContinuousBatches,2085928,2079620,,,,,,,2085928,,,,,,,solo and shared
78,9,blake3-servil-mt,262144,14,289387,,,,,,,ContinuousBatches,326355,319416,,,,,,,326355,,,,,,,solo and shared
79,0,blake3-servil-st,67108864,1,15841783,,,,,,,LentPieces,15309808,15309808,,,,,,,15303571,,,,,,,solo and shared
79,1,blake3-servil-mt,67108864,1,8817463,,,,,,,LentPieces,8852963,8852963,,,,,,,8821659,,,,,,,solo and shared
79,2,sha256,67108864,1,30688204,,,,,,,LentPieces,31996379,31996379,,,,,,,31324804,,,,,,,solo and shared
79,2,blake3-servil-mt,1024,2048,349910,,,,,,,ContinuousMessages,471152,423679,,,,,,,471152,,,,,,,solo and shared
79,3,sha256,1024,2154,1005745,,,,,,,ContinuousMessages,1014836,1014836,,,,,,,1013065,,,,,,,solo and shared
79,4,blake3-servil-mt,1024,3121,398566,,,,,,,ContinuousBatches,418335,418335,,,,,,,415833,,,,,,,solo and shared
79,5,sha256,1024,2048,2043390,,,,,,,ContinuousBatches,2040810,2039508,,,,,,,2040810,,,,,,,solo and shared
79,6,blake3-servil-mt,262144,14,246553,,,,,,,ContinuousBatches,373476,351183,,,,,,,373476,,,,,,,solo and shared
79,7,sha256,262144,8,2109482,,,,,,,ContinuousBatches,2085546,2085546,,,,,,,2068151,,,,,,,solo and shared
79,12,blake3-servil-st,1048576,4,952319,,,,,,,LentMessages,1000457,999340,,,,,,,1000457,,,,,,,solo and shared
79,13,blake3-servil-mt,1048576,14,1280137,,,,,,,LentMessages,1263405,1263405,,,,,,,1263082,,,,,,,solo and shared
79,14,sha256,1048576,2,982650,,,,,,,LentMessages,981174,980747,,,,,,,981174,,,,,,,solo and shared
80,0,sha256,1024,2154,1051876,,,,,,,ContinuousMessages,1056187,1056187,,,,,,,1055348,,,,,,,solo and shared
80,1,blake3-servil-mt,1024,2048,365170,,,,,,,ContinuousMessages,419437,394390,,,,,,,419437,,,,,,,solo and shared
80,2,sha256,1024,2048,2086788,,,,,,,ContinuousBatches,2123312,2123312,,,,,,,2121162,,,,,,,solo and shared
80,3,blake3-servil-mt,1024,3121,371395,,,,,,,ContinuousBatches,367032,361330,,,,,,,367032,,,,,,,solo and shared
80,4,sha256,262144,8,2064228,,,,,,,ContinuousBatches,2058896,2058590,,,,,,,2058896,,,,,,,solo and shared
80,5,blake3-servil-mt,262144,14,358470,,,,,,,ContinuousBatches,253353,253353,,,,,,,245214,,,,,,,solo and shared
80,9,blake3-servil-mt,1048576,14,1010635,,,,,,,LentMessages,1469055,1468759,,,,,,,1469055,,,,,,,solo and shared
80,10,sha256,1048576,2,981839,,,,,,,LentMessages,981403,981005,,,,,,,981403,,,,,,,solo and shared
80,11,blake3-servil-st,1048576,4,928462,,,,,,,LentMessages,941583,936359,,,,,,,941583,,,,,,,solo and shared
80,12,blake3-servil-mt,67108864,1,9130577,,,,,,,LentPieces,10060459,10060459,,,,,,,10057389,,,,,,,solo and shared
80,13,sha256,67108864,1,30943779,,,,,,,LentPieces,31433067,31340518,,,,,,,31433067,,,,,,,solo and shared
80,14,blake3-servil-st,67108864,1,16489907,,,,,,,LentPieces,15422516,15422516,,,,,,,15306559,,,,,,,solo and shared
81,0,blake3-servil-mt,1024,3121,377406,,,,,,,ContinuousBatches,449248,436465,,,,,,,449248,,,,,,,solo and shared
81,1,sha256,1024,2048,2045324,,,,,,,ContinuousBatches,2051456,2051456,,,,,,,2051261,,,,,,,solo and shared
81,2,blake3-servil-mt,262144,14,499032,,,,,,,ContinuousBatches,300162,300162,,,,,,,287191,,,,,,,solo and shared
81,3,sha256,262144,8,2148152,,,,,,,ContinuousBatches,2157470,2146276,,,,,,,2157470,,,,,,,solo and shared
81,6,blake3-servil-mt,1048576,14,1175712,,,,,,,LentMessages,1326633,1326633,,,,,,,1325098,,,,,,,solo and shared
81,7,blake3-servil-st,1048576,4,909389,,,,,,,LentMessages,921868,915989,,,,,,,921868,,,,,,,solo and shared
81,8,sha256,1048576,2,974559,,,,,,,LentMessages,977853,976647,,,,,,,977853,,,,,,,solo and shared
81,9,blake3-servil-mt,67108864,1,8906644,,,,,,,LentPieces,8701827,8700537,,,,,,,8701827,,,,,,,solo and shared
81,10,blake3-servil-st,67108864,1,15048982,,,,,,,LentPieces,16052351,16052351,,,,,,,16009909,,,,,,,solo and shared
81,11,sha256,67108864,1,31105884,,,,,,,LentPieces,31019755,31019755,,,,,,,31000895,,,,,,,solo and shared
81,8,blake3-servil-mt,1024,2048,340695,,,,,,,ContinuousMessages,467394,467394,,,,,,,438059,,,,,,,solo and shared
81,9,sha256,1024,2154,1043681,,,,,,,ContinuousMessages,1014199,1013640,,,,,,,1014199,,,,,,,solo and shared
82,0,sha256,262144,8,2033871,,,,,,,ContinuousBatches,2092726,2092726,,,,,,,2079773,,,,,,,solo and shared
82,1,blake3-servil-mt,262144,14,251652,,,,,,,ContinuousBatches,298903,298903,,,,,,,292611,,,,,,,solo and shared
82,3,sha256,1048576,2,1068204,,,,,,,LentMessages,1102245,1080817,,,,,,,1102245,,,,,,,solo and shared
82,4,blake3-servil-mt,1048576,14,1250105,,,,,,,LentMessages,1678859,1678859,,,,,,,1678555,,,,,,,solo and shared
82,5,blake3-servil-st,1048576,4,940415,,,,,,,LentMessages,960735,947352,,,,,,,960735,,,,,,,solo and shared
82,6,sha256,67108864,1,31931218,,,,,,,LentPieces,31309905,31244453,,,,,,,31309905,,,,,,,solo and shared
82,7,blake3-servil-mt,67108864,1,8481315,,,,,,,LentPieces,9394738,9381417,,,,,,,9394738,,,,,,,solo and shared
82,8,blake3-servil-st,67108864,1,16560349,,,,,,,LentPieces,16395844,15486997,,,,,,,16395844,,,,,,,solo and shared
82,6,sha256,1024,2154,1052952,,,,,,,ContinuousMessages,1028934,1014450,,,,,,,1028934,,,,,,,solo and shared
82,7,blake3-servil-mt,1024,2048,322361,,,,,,,ContinuousMessages,450402,449853,,,,,,,450402,,,,,,,solo and shared
82,8,sha256,1024,2048,2004161,,,,,,,ContinuousBatches,2040958,2040761,,,,,,,2040958,,,,,,,solo and shared
82,9,blake3-servil-mt,1024,3121,387398,,,,,,,ContinuousBatches,413529,413529,,,,,,,413061,,,,,,,solo and shared
83,0,blake3-servil-st,1048576,4,988571,,,,,,,LentMessages,975202,975202,,,,,,,964873,,,,,,,solo and shared
83,1,sha256,1048576,2,928440,,,,,,,LentMessages,942923,942923,,,,,,,939721,,,,,,,solo and shared
83,2,blake3-servil-mt,1048576,14,1135395,,,,,,,LentMessages,1295022,1294910,,,,,,,1295022,,,,,,,solo and shared
83,3,blake3-servil-st,67108864,1,15122552,,,,,,,LentPieces,15548328,15449901,,,,,,,15548328,,,,,,,solo and shared
83,4,sha256,67108864,1,31179817,,,,,,,LentPieces,31039584,31039584,,,,,,,30986209,,,,,,,solo and shared
83,5,blake3-servil-mt,67108864,1,8677980,,,,,,,LentPieces,11457156,11457156,,,,,,,11454512,,,,,,,solo and shared
83,4,blake3-servil-mt,1024,2048,349110,,,,,,,ContinuousMessages,437992,424298,,,,,,,437992,,,,,,,solo and shared
83,5,sha256,1024,2154,1019528,,,,,,,ContinuousMessages,1014608,1014608,,,,,,,1014076,,,,,,,solo and shared
83,6,blake3-servil-mt,1024,3121,402586,,,,,,,ContinuousBatches,424377,424377,,,,,,,424347,,,,,,,solo and shared
83,7,sha256,1024,2048,2083882,,,,,,,ContinuousBatches,2039176,2039176,,,,,,,2038318,,,,,,,solo and shared
83,8,blake3-servil-mt,262144,14,377043,,,,,,,ContinuousBatches,305893,295379,,,,,,,305893,,,,,,,solo and shared
83,9,sha256,262144,8,2109093,,,,,,,ContinuousBatches,2107683,2107683,,,,,,,2099057,,,,,,,solo and shared
84,0,sha256,67108864,1,31699352,,,,,,,LentPieces,31747045,31689972,,,,,,,31747045,,,,,,,solo and shared
84,1,blake3-servil-st,67108864,1,15738199,,,,,,,LentPieces,15603025,15304135,,,,,,,15603025,,,,,,,solo and shared
84,2,blake3-servil-mt,67108864,1,8954803,,,,,,,LentPieces,9169145,9169145,,,,,,,9164993,,,,,,,solo and shared
84,2,sha256,1024,2154,1019507,,,,,,,ContinuousMessages,1059939,1059939,,,,,,,1018429,,,,,,,solo and shared
84,3,blake3-servil-mt,1024,2048,286017,,,,,,,ContinuousMessages,470165,408086,,,,,,,470165,,,,,,,solo and shared
84,4,sha256,1024,2048,2039709,,,,,,,ContinuousBatches,2043927,2040274,,,,,,,2043927,,,,,,,solo and shared
84,5,blake3-servil-mt,1024,3121,371916,,,,,,,ContinuousBatches,427717,419437,,,,,,,427717,,,,,,,solo and shared
84,6,sha256,262144,8,2072628,,,,,,,ContinuousBatches,2076587,2069131,,,,,,,2076587,,,,,,,solo and shared
84,7,blake3-servil-mt,262144,14,232447,,,,,,,ContinuousBatches,286259,286259,,,,,,,285683,,,,,,,solo and shared
84,12,sha256,1048576,2,1011216,,,,,,,LentMessages,1063708,1053610,,,,,,,1063708,,,,,,,solo and shared
84,13,blake3-servil-st,1048576,4,876799,,,,,,,LentMessages,911862,907198,,,,,,,911862,,,,,,,solo and shared
84,14,blake3-servil-mt,1048576,14,1174708,,,,,,,LentMessages,1299145,1299145,,,,,,,1298971,,,,,,,solo and shared
85,0,blake3-servil-mt,1024,2048,264592,,,,,,,ContinuousMessages,389055,376458,,,,,,,389055,,,,,,,solo and shared
85,1,sha256,1024,2154,1052794,,,,,,,ContinuousMessages,1055430,1055430,,,,,,,1055324,,,,,,,solo and shared
85,2,blake3-servil-mt,1024,3121,336534,,,,,,,ContinuousBatches,442158,422061,,,,,,,442158,,,,,,,solo and shared
85,3,sha256,1024,2048,2098428,,,,,,,ContinuousBatches,2056046,2047802,,,,,,,2056046,,,,,,,solo and shared
85,4,blake3-servil-mt,262144,14,274869,,,,,,,ContinuousBatches,318063,314997,,,,,,,318063,,,,,,,solo and shared
85,5,sha256,262144,8,2115709,,,,,,,ContinuousBatches,2107513,2105169,,,,,,,2107513,,,,,,,solo and shared
85,9,blake3-servil-st,1048576,4,1038488,,,,,,,LentMessages,1143478,1068501,,,,,,,1143478,,,,,,,solo and shared
85,10,blake3-servil-mt,1048576,14,1161818,,,,,,,LentMessages,1394088,1394088,,,,,,,1393659,,,,,,,solo and shared
85,11,sha256,1048576,2,987543,,,,,,,LentMessages,998062,984684,,,,,,,998062,,,,,,,solo and shared
85,12,blake3-servil-st,67108864,1,15575224,,,,,,,LentPieces,15597603,15597603,,,,,,,15166235,,,,,,,solo and shared
85,13,blake3-servil-mt,67108864,1,8965773,,,,,,,LentPieces,9229609,9229609,,,,,,,9226146,,,,,,,solo and shared
85,14,sha256,67108864,1,31363087,,,,,,,LentPieces,31331368,31200288,,,,,,,31331368,,,,,,,solo and shared
86,0,sha256,1024,2048,2057843,,,,,,,ContinuousBatches,2042359,2041915,,,,,,,2042359,,,,,,,solo and shared
86,1,blake3-servil-mt,1024,3121,389308,,,,,,,ContinuousBatches,403797,400633,,,,,,,403797,,,,,,,solo and shared
86,2,sha256,262144,8,2072960,,,,,,,ContinuousBatches,2074870,2074870,,,,,,,2068088,,,,,,,solo and shared
86,3,blake3-servil-mt,262144,14,261058,,,,,,,ContinuousBatches,377500,377500,,,,,,,355440,,,,,,,solo and shared
86,6,blake3-servil-mt,1048576,14,1110931,,,,,,,LentMessages,1327855,1326518,,,,,,,1327855,,,,,,,solo and shared
86,7,sha256,1048576,2,980686,,,,,,,LentMessages,989589,982213,,,,,,,989589,,,,,,,solo and shared
86,8,blake3-servil-st,1048576,4,944000,,,,,,,LentMessages,947577,939899,,,,,,,947577,,,,,,,solo and shared
86,9,blake3-servil-mt,67108864,1,8988215,,,,,,,LentPieces,9409774,9406923,,,,,,,9409774,,,,,,,solo and shared
86,10,sha256,67108864,1,31618334,,,,,,,LentPieces,31142466,31059720,,,,,,,31142466,,,,,,,solo and shared
86,11,blake3-servil-st,67108864,1,15128180,,,,,,,LentPieces,15921629,15921629,,,,,,,15855364,,,,,,,solo and shared
86,8,sha256,1024,2154,994109,,,,,,,ContinuousMessages,1014957,1014957,,,,,,,1014622,,,,,,,solo and shared
86,9,blake3-servil-mt,1024,2048,400760,,,,,,,ContinuousMessages,425351,425351,,,,,,,411423,,,,,,,solo and shared
87,0,blake3-servil-mt,262144,14,235097,,,,,,,ContinuousBatches,244951,237242,,,,,,,244951,,,,,,,solo and shared
87,1,sha256,262144,8,2101694,,,,,,,ContinuousBatches,2149897,2149897,,,,,,,2145735,,,,,,,solo and shared
87,3,blake3-servil-mt,1048576,14,1252301,,,,,,,LentMessages,1348117,1348117,,,,,,,1346687,,,,,,,solo and shared
87,4,blake3-servil-st,1048576,4,920784,,,,,,,LentMessages,939140,923419,,,,,,,939140,,,,,,,solo and shared
87,5,sha256,1048576,2,980222,,,,,,,LentMessages,974117,974117,,,,,,,973373,,,,,,,solo and shared
87,6,blake3-servil-mt,67108864,1,8218086,,,,,,,LentPieces,8923289,8923289,,,,,,,8921790,,,,,,,solo and shared
87,7,blake3-servil-st,67108864,1,14934770,,,,,,,LentPieces,15107243,15050745,,,,,,,15107243,,,,,,,solo and shared
87,8,sha256,67108864,1,31192844,,,,,,,LentPieces,31417192,31071011,,,,,,,31417192,,,,,,,solo and shared
87,6,blake3-servil-mt,1024,2048,300620,,,,,,,ContinuousMessages,429121,429121,,,,,,,406247,,,,,,,solo and shared
87,7,sha256,1024,2154,1022131,,,,,,,ContinuousMessages,1014903,1014903,,,,,,,1014441,,,,,,,solo and shared
87,8,blake3-servil-mt,1024,3121,361959,,,,,,,ContinuousBatches,405318,405318,,,,,,,401983,,,,,,,solo and shared
87,9,sha256,1024,2048,2001466,,,,,,,ContinuousBatches,2039834,2039834,,,,,,,2039602,,,,,,,solo and shared
88,0,sha256,1048576,2,985523,,,,,,,LentMessages,1050556,1050556,,,,,,,1035348,,,,,,,solo and shared
88,1,blake3-servil-mt,1048576,14,1146360,,,,,,,LentMessages,1278228,1276948,,,,,,,1278228,,,,,,,solo and shared
88,2,blake3-servil-st,1048576,4,913379,,,,,,,LentMessages,957483,957483,,,,,,,930307,,,,,,,solo and shared
88,3,sha256,67108864,1,31748825,,,,,,,LentPieces,31440405,31440405,,,,,,,31264645,,,,,,,solo and shared
88,4,blake3-servil-mt,67108864,1,8786854,,,,,,,LentPieces,9151427,9140057,,,,,,,9151427,,,,,,,solo and shared
88,5,blake3-servil-st,67108864,1,15906120,,,,,,,LentPieces,15779770,15362113,,,,,,,15779770,,,,,,,solo and shared
88,4,sha256,1024,2154,1012529,,,,,,,ContinuousMessages,1014221,1014221,,,,,,,1013975,,,,,,,solo and shared
88,5,blake3-servil-mt,1024,2048,355834,,,,,,,ContinuousMessages,461751,461751,,,,,,,448748,,,,,,,solo and shared
88,6,sha256,1024,2048,2040888,,,,,,,ContinuousBatches,2039891,2039485,,,,,,,2039891,,,,,,,solo and shared
88,7,blake3-servil-mt,1024,3121,379766,,,,,,,ContinuousBatches,418289,418289,,,,,,,402101,,,,,,,solo and shared
88,8,sha256,262144,8,2066839,,,,,,,ContinuousBatches,2075389,2075389,,,,,,,2073057,,,,,,,solo and shared
88,9,blake3-servil-mt,262144,14,393139,,,,,,,ContinuousBatches,326870,247350,,,,,,,326870,,,,,,,solo and shared
89,0,blake3-servil-st,67108864,1,15540862,,,,,,,LentPieces,15392740,15335050,,,,,,,15392740,,,,,,,solo and shared
89,1,sha256,67108864,1,32328127,,,,,,,LentPieces,32220855,32220855,,,,,,,31870567,,,,,,,solo and shared
89,2,blake3-servil-mt,67108864,1,8630701,,,,,,,LentPieces,9830646,9689969,,,,,,,9830646,,,,,,,solo and shared
89,2,blake3-servil-mt,1024,2048,295618,,,,,,,ContinuousMessages,433065,433065,,,,,,,395052,,,,,,,solo and shared
89,3,sha256,1024,2154,1030284,,,,,,,ContinuousMessages,1024456,1024456,,,,,,,1022267,,,,,,,solo and shared
89,4,blake3-servil-mt,1024,3121,425116,,,,,,,ContinuousBatches,435739,411638,,,,,,,435739,,,,,,,solo and shared
89,5,sha256,1024,2048,2041713,,,,,,,ContinuousBatches,2087128,2087128,,,,,,,2087103,,,,,,,solo and shared
89,6,blake3-servil-mt,262144,14,293665,,,,,,,ContinuousBatches,406019,406019,,,,,,,395589,,,,,,,solo and shared
89,7,sha256,262144,8,2137352,,,,,,,ContinuousBatches,2144755,2129406,,,,,,,2144755,,,,,,,solo and shared
89,12,blake3-servil-st,1048576,4,1127173,,,,,,,LentMessages,1139172,1060178,,,,,,,1139172,,,,,,,solo and shared
89,13,sha256,1048576,2,961102,,,,,,,LentMessages,992310,980365,,,,,,,992310,,,,,,,solo and shared
89,14,blake3-servil-mt,1048576,14,1493673,,,,,,,LentMessages,1331893,1331893,,,,,,,1331590,,,,,,,solo and shared
90,0,sha256,1024,2154,1080506,,,,,,,ContinuousMessages,1056397,1056226,,,,,,,1056397,,,,,,,solo and shared
90,1,blake3-servil-mt,1024,2048,249404,,,,,,,ContinuousMessages,521722,521722,,,,,,,513325,,,,,,,solo and shared
90,2,sha256,1024,2048,2111286,,,,,,,ContinuousBatches,2042129,2040909,,,,,,,2042129,,,,,,,solo and shared
90,3,blake3-servil-mt,1024,3121,386577,,,,,,,ContinuousBatches,435893,424364,,,,,,,435893,,,,,,,solo and shared
90,4,sha256,262144,8,2069347,,,,,,,ContinuousBatches,2107697,2084291,,,,,,,2107697,,,,,,,solo and shared
90,5,blake3-servil-mt,262144,14,226995,,,,,,,ContinuousBatches,312170,309027,,,,,,,312170,,,,,,,solo and shared
90,9,sha256,1048576,2,1023093,,,,,,,LentMessages,1014034,946524,,,,,,,1014034,,,,,,,solo and shared
90,10,blake3-servil-st,1048576,4,1281003,,,,,,,LentMessages,933645,916784,,,,,,,933645,,,,,,,solo and shared
90,11,blake3-servil-mt,1048576,14,1138198,,,,,,,LentMessages,1280897,1280897,,,,,,,1280467,,,,,,,solo and shared
90,12,sha256,67108864,1,30784105,,,,,,,LentPieces,31436121,31436121,,,,,,,31269900,,,,,,,solo and shared
90,13,blake3-servil-st,67108864,1,15110766,,,,,,,LentPieces,15111888,15106259,,,,,,,15111888,,,,,,,solo and shared
90,14,blake3-servil-mt,67108864,1,8750909,,,,,,,LentPieces,8698370,8685718,,,,,,,8698370,,,,,,,solo and shared
91,0,blake3-servil-mt,1024,3121,341791,,,,,,,ContinuousBatches,398802,398802,,,,,,,384765,,,,,,,solo and shared
91,1,sha256,1024,2048,2039129,,,,,,,ContinuousBatches,2042001,2041735,,,,,,,2042001,,,,,,,solo and shared
91,2,blake3-servil-mt,262144,14,252124,,,,,,,ContinuousBatches,293621,283043,,,,,,,293621,,,,,,,solo and shared
91,3,sha256,262144,8,2086278,,,,,,,ContinuousBatches,2114252,2114252,,,,,,,2112917,,,,,,,solo and shared
91,6,blake3-servil-st,1048576,4,957382,,,,,,,LentMessages,1021285,1021285,,,,,,,1001236,,,,,,,solo and shared
91,7,blake3-servil-mt,1048576,14,1170825,,,,,,,LentMessages,1284113,1284113,,,,,,,1283621,,,,,,,solo and shared
91,8,sha256,1048576,2,980880,,,,,,,LentMessages,987884,985493,,,,,,,987884,,,,,,,solo and shared
91,9,blake3-servil-st,67108864,1,15690041,,,,,,,LentPieces,15628358,15628358,,,,,,,15597582,,,,,,,solo and shared
91,10,blake3-servil-mt,67108864,1,9121324,,,,,,,LentPieces,9164484,9132060,,,,,,,9164484,,,,,,,solo and shared
91,11,sha256,67108864,1,31048030,,,,,,,LentPieces,31592455,31500328,,,,,,,31592455,,,,,,,solo and shared
91,8,blake3-servil-mt,1024,2048,479540,,,,,,,ContinuousMessages,499582,499582,,,,,,,370917,,,,,,,solo and shared
91,9,sha256,1024,2154,1015686,,,,,,,ContinuousMessages,1034893,1034893,,,,,,,1034614,,,,,,,solo and shared
92,0,sha256,262144,8,2057504,,,,,,,ContinuousBatches,2128836,2127292,,,,,,,2128836,,,,,,,solo and shared
92,1,blake3-servil-mt,262144,14,231374,,,,,,,ContinuousBatches,353885,353885,,,,,,,332633,,,,,,,solo and shared
92,3,blake3-servil-mt,1048576,14,1066282,,,,,,,LentMessages,1362472,1362472,,,,,,,1361739,,,,,,,solo and shared
92,4,sha256,1048576,2,980431,,,,,,,LentMessages,985270,981404,,,,,,,985270,,,,,,,solo and shared
92,5,blake3-servil-st,1048576,4,921489,,,,,,,LentMessages,913243,909480,,,,,,,913243,,,,,,,solo and shared
92,6,blake3-servil-mt,67108864,1,8069697,,,,,,,LentPieces,9415438,9362464,,,,,,,9415438,,,,,,,solo and shared
92,7,sha256,67108864,1,31174757,,,,,,,LentPieces,31274443,31274443,,,,,,,31266968,,,,,,,solo and shared
92,8,blake3-servil-st,67108864,1,15025707,,,,,,,LentPieces,15356987,15356987,,,,,,,15253469,,,,,,,solo and shared
92,6,sha256,1024,2154,1013316,,,,,,,ContinuousMessages,1015865,1015865,,,,,,,1014820,,,,,,,solo and shared
92,7,blake3-servil-mt,1024,2048,294359,,,,,,,ContinuousMessages,452214,451411,,,,,,,452214,,,,,,,solo and shared
92,8,sha256,1024,2048,2046618,,,,,,,ContinuousBatches,2046929,2046929,,,,,,,2046345,,,,,,,solo and shared
92,9,blake3-servil-mt,1024,3121,403388,,,,,,,ContinuousBatches,514765,480792,,,,,,,514765,,,,,,,solo and shared
93,0,blake3-servil-mt,1048576,14,1230734,,,,,,,LentMessages,1433141,1362901,,,,,,,1433141,,,,,,,solo and shared
93,1,blake3-servil-st,1048576,4,928971,,,,,,,LentMessages,929502,924140,,,,,,,929502,,,,,,,solo and shared
93,2,sha256,1048576,2,986036,,,,,,,LentMessages,1038860,1030789,,,,,,,1038860,,,,,,,solo and shared
93,3,blake3-servil-mt,67108864,1,8374987,,,,,,,LentPieces,9411319,9411319,,,,,,,9392561,,,,,,,solo and shared
93,4,blake3-servil-st,67108864,1,15256652,,,,,,,LentPieces,15181421,15127070,,,,,,,15181421,,,,,,,solo and shared
93,5,sha256,67108864,1,31072761,,,,,,,LentPieces,31807281,31325893,,,,,,,31807281,,,,,,,solo and shared
93,4,blake3-servil-mt,1024,2048,310380,,,,,,,ContinuousMessages,495149,495149,,,,,,,459100,,,,,,,solo and shared
93,5,sha256,1024,2154,1014857,,,,,,,ContinuousMessages,1057089,1030109,,,,,,,1057089,,,,,,,solo and shared
93,6,blake3-servil-mt,1024,3121,390443,,,,,,,ContinuousBatches,421793,421793,,,,,,,410225,,,,,,,solo and shared
93,7,sha256,1024,2048,2040302,,,,,,,ContinuousBatches,2041318,2039572,,,,,,,2041318,,,,,,,solo and shared
93,8,blake3-servil-mt,262144,14,318458,,,,,,,ContinuousBatches,272275,272275,,,,,,,266591,,,,,,,solo and shared
93,9,sha256,262144,8,2102278,,,,,,,ContinuousBatches,2120769,2120769,,,,,,,2116010,,,,,,,solo and shared
94,0,sha256,67108864,1,32060105,,,,,,,LentPieces,32000028,31649849,,,,,,,32000028,,,,,,,solo and shared
94,1,blake3-servil-mt,67108864,1,8678682,,,,,,,LentPieces,8850256,8846411,,,,,,,8850256,,,,,,,solo and shared
94,2,blake3-servil-st,67108864,1,14854365,,,,,,,LentPieces,15411737,15411737,,,,,,,15370454,,,,,,,solo and shared
94,2,sha256,1024,2154,1083030,,,,,,,ContinuousMessages,1013688,1013688,,,,,,,1013042,,,,,,,solo and shared
94,3,blake3-servil-mt,1024,2048,352547,,,,,,,ContinuousMessages,481597,481597,,,,,,,473843,,,,,,,solo and shared
94,4,sha256,1024,2048,2096652,,,,,,,ContinuousBatches,2043662,2043662,,,,,,,2039982,,,,,,,solo and shared
94,5,blake3-servil-mt,1024,3121,424573,,,,,,,ContinuousBatches,423409,397702,,,,,,,423409,,,,,,,solo and shared
94,6,sha256,262144,8,2063157,,,,,,,ContinuousBatches,2075304,2075304,,,,,,,2071175,,,,,,,solo and shared
94,7,blake3-servil-mt,262144,14,300780,,,,,,,ContinuousBatches,281699,281699,,,,,,,275520,,,,,,,solo and shared
94,12,sha256,1048576,2,1005153,,,,,,,LentMessages,1044959,1044959,,,,,,,1035355,,,,,,,solo and shared
94,13,blake3-servil-mt,1048576,14,1159583,,,,,,,LentMessages,1271654,1271654,,,,,,,1270526,,,,,,,solo and shared
94,14,blake3-servil-st,1048576,4,934052,,,,,,,LentMessages,956315,917861,,,,,,,956315,,,,,,,solo and shared
95,0,blake3-servil-mt,1024,2048,247485,,,,,,,ContinuousMessages,398051,398051,,,,,,,397987,,,,,,,solo and shared
95,1,sha256,1024,2154,1040493,,,,,,,ContinuousMessages,1036414,1036321,,,,,,,1036414,,,,,,,solo and shared
95,2,blake3-servil-mt,1024,3121,337810,,,,,,,ContinuousBatches,409027,399458,,,,,,,409027,,,,,,,solo and shared
95,3,sha256,1024,2048,2055748,,,,,,,ContinuousBatches,2083072,2082129,,,,,,,2083072,,,,,,,solo and shared
95,4,blake3-servil-mt,262144,14,396014,,,,,,,ContinuousBatches,294459,293420,,,,,,,294459,,,,,,,solo and shared
95,5,sha256,262144,8,2105416,,,,,,,ContinuousBatches,2111626,2097446,,,,,,,2111626,,,,,,,solo and shared
95,9,blake3-servil-st,1048576,4,949608,,,,,,,LentMessages,973651,948952,,,,,,,973651,,,,,,,solo and shared
95,10,sha256,1048576,2,957924,,,,,,,LentMessages,960942,957413,,,,,,,960942,,,,,,,solo and shared
95,11,blake3-servil-mt,1048576,14,1140928,,,,,,,LentMessages,1273862,1273862,,,,,,,1273799,,,,,,,solo and shared
95,12,blake3-servil-st,67108864,1,15262982,,,,,,,LentPieces,15151834,15114236,,,,,,,15151834,,,,,,,solo and shared
95,13,sha256,67108864,1,31858023,,,,,,,LentPieces,31129985,31046680,,,,,,,31129985,,,,,,,solo and shared
95,14,blake3-servil-mt,67108864,1,9042015,,,,,,,LentPieces,9283604,9281151,,,,,,,9283604,,,,,,,solo and shared
96,0,sha256,1024,2048,2063895,,,,,,,ContinuousBatches,2049385,2041831,,,,,,,2049385,,,,,,,solo and shared
96,1,blake3-servil-mt,1024,3121,395082,,,,,,,ContinuousBatches,442443,442443,,,,,,,441166,,,,,,,solo and shared
96,2,sha256,262144,8,2088187,,,,,,,ContinuousBatches,2094852,2080703,,,,,,,2094852,,,,,,,solo and shared
96,3,blake3-servil-mt,262144,14,396946,,,,,,,ContinuousBatches,273012,273012,,,,,,,265996,,,,,,,solo and shared
96,6,sha256,1048576,2,1047073,,,,,,,LentMessages,1072095,1072095,,,,,,,1067197,,,,,,,solo and shared
96,7,blake3-servil-st,1048576,4,933320,,,,,,,LentMessages,972943,961097,,,,,,,972943,,,,,,,solo and shared
96,8,blake3-servil-mt,1048576,14,1261365,,,,,,,LentMessages,1469421,1469421,,,,,,,1468897,,,,,,,solo and shared
96,9,sha256,67108864,1,30885104,,,,,,,LentPieces,30986010,30920144,,,,,,,30986010,,,,,,,solo and shared
96,10,blake3-servil-st,67108864,1,15736607,,,,,,,LentPieces,15439023,15439023,,,,,,,15384757,,,,,,,solo and shared
96,11,blake3-servil-mt,67108864,1,9336074,,,,,,,LentPieces,9011441,9011441,,,,,,,9004062,,,,,,,solo and shared
96,8,sha256,1024,2154,1028965,,,,,,,ContinuousMessages,1026775,1025615,,,,,,,1026775,,,,,,,solo and shared
96,9,blake3-servil-mt,1024,2048,272797,,,,,,,ContinuousMessages,463263,429845,,,,,,,463263,,,,,,,solo and shared
97,0,blake3-servil-mt,262144,14,204286,,,,,,,ContinuousBatches,265503,252808,,,,,,,265503,,,,,,,solo and shared
97,1,sha256,262144,8,2150711,,,,,,,ContinuousBatches,2118900,2118900,,,,,,,2114960,,,,,,,solo and shared
97,3,blake3-servil-st,1048576,4,964504,,,,,,,LentMessages,1014124,1014124,,,,,,,996765,,,,,,,solo and shared
97,4,blake3-servil-mt,1048576,14,1176024,,,,,,,LentMessages,1293839,1292952,,,,,,,1293839,,,,,,,solo and shared
97,5,sha256,1048576,2,979911,,,,,,,LentMessages,984979,980806,,,,,,,984979,,,,,,,solo and shared
97,6,blake3-servil-st,67108864,1,15037225,,,,,,,LentPieces,16310868,15640307,,,,,,,16310868,,,,,,,solo and shared
97,7,blake3-servil-mt,67108864,1,8911601,,,,,,,LentPieces,9263518,9263518,,,,,,,9217463,,,,,,,solo and shared
97,8,sha256,67108864,1,31232079,,,,,,,LentPieces,31661639,31661639,,,,,,,31468449,,,,,,,solo and shared
97,6,blake3-servil-mt,1024,2048,304592,,,,,,,ContinuousMessages,445837,401994,,,,,,,445837,,,,,,,solo and shared
97,7,sha256,1024,2154,1097986,,,,,,,ContinuousMessages,1015134,1014975,,,,,,,1015134,,,,,,,solo and shared
97,8,blake3-servil-mt,1024,3121,378765,,,,,,,ContinuousBatches,426497,374903,,,,,,,426497,,,,,,,solo and shared
97,9,sha256,1024,2048,2043107,,,,,,,ContinuousBatches,2043407,2042635,,,,,,,2043407,,,,,,,solo and shared
98,0,blake3-servil-mt,1048576,14,1261851,,,,,,,LentMessages,1327554,1327193,,,,,,,1327554,,,,,,,solo and shared
98,1,sha256,1048576,2,981353,,,,,,,LentMessages,983093,980226,,,,,,,983093,,,,,,,solo and shared
98,2,blake3-servil-st,1048576,4,929904,,,,,,,LentMessages,929515,929515,,,,,,,907054,,,,,,,solo and shared
98,3,blake3-servil-mt,67108864,1,9010769,,,,,,,LentPieces,8764994,8764994,,,,,,,8762710,,,,,,,solo and shared
98,4,sha256,67108864,1,31012957,,,,,,,LentPieces,32020141,32020141,,,,,,,31419832,,,,,,,solo and shared
98,5,blake3-servil-st,67108864,1,15169329,,,,,,,LentPieces,15008025,15008025,,,,,,,14998579,,,,,,,solo and shared
98,4,sha256,1024,2154,1009133,,,,,,,ContinuousMessages,1015176,1013019,,,,,,,1015176,,,,,,,solo and shared
98,5,blake3-servil-mt,1024,2048,345701,,,,,,,ContinuousMessages,466432,466432,,,,,,,446909,,,,,,,solo and shared
98,6,sha256,1024,2048,2038573,,,,,,,ContinuousBatches,2040795,2040795,,,,,,,2040005,,,,,,,solo and shared
98,7,blake3-servil-mt,1024,3121,380771,,,,,,,ContinuousBatches,423235,412009,,,,,,,423235,,,,,,,solo and shared
98,8,sha256,262144,8,2066200,,,,,,,ContinuousBatches,2099817,2075297,,,,,,,2099817,,,,,,,solo and shared
98,9,blake3-servil-mt,262144,14,388634,,,,,,,ContinuousBatches,272572,270547,,,,,,,272572,,,,,,,solo and shared
99,0,blake3-servil-mt,67108864,1,8596351,,,,,,,LentPieces,9428368,9428368,,,,,,,9403469,,,,,,,solo and shared
99,1,blake3-servil-st,67108864,1,15693986,,,,,,,LentPieces,15527110,15527110,,,,,,,15184734,,,,,,,solo and shared
99,2,sha256,67108864,1,30451627,,,,,,,LentPieces,31678014,31436881,,,,,,,31678014,,,,,,,solo and shared
99,2,blake3-servil-mt,1024,2048,369373,,,,,,,ContinuousMessages,482736,378477,,,,,,,482736,,,,,,,solo and shared
99,3,sha256,1024,2154,1013439,,,,,,,ContinuousMessages,1013823,1013160,,,,,,,1013823,,,,,,,solo and shared
99,4,blake3-servil-mt,1024,3121,407295,,,,,,,ContinuousBatches,438311,437271,,,,,,,438311,,,,,,,solo and shared
99,5,sha256,1024,2048,2038314,,,,,,,ContinuousBatches,2039582,2038444,,,,,,,2039582,,,,,,,solo and shared
99,6,blake3-servil-mt,262144,14,237132,,,,,,,ContinuousBatches,320050,320050,,,,,,,312684,,,,,,,solo and shared
99,7,sha256,262144,8,2074998,,,,,,,ContinuousBatches,2063057,2063057,,,,,,,2061437,,,,,,,solo and shared
99,12,blake3-servil-mt,1048576,14,1256877,,,,,,,LentMessages,1337617,1337617,,,,,,,1337243,,,,,,,solo and shared
99,13,blake3-servil-st,1048576,4,916980,,,,,,,LentMessages,953898,917532,,,,,,,953898,,,,,,,solo and shared
99,14,sha256,1048576,2,975311,,,,,,,LentMessages,983905,976593,,,,,,,983905,,,,,,,solo and shared
100,0,sha256,1024,2154,1054701,,,,,,,ContinuousMessages,1015081,1015081,,,,,,,1014241,,,,,,,solo and shared
100,1,blake3-servil-mt,1024,2048,321962,,,,,,,ContinuousMessages,453365,428668,,,,,,,453365,,,,,,,solo and shared
100,2,sha256,1024,2048,2045989,,,,,,,ContinuousBatches,2045531,2042355,,,,,,,2045531,,,,,,,solo and shared
100,3,blake3-servil-mt,1024,3121,358801,,,,,,,ContinuousBatches,363731,353942,,,,,,,363731,,,,,,,solo and shared
100,4,sha256,262144,8,2071951,,,,,,,ContinuousBatches,2061837,2058263,,,,,,,2061837,,,,,,,solo and shared
100,5,blake3-servil-mt,262144,14,313582,,,,,,,ContinuousBatches,257404,257404,,,,,,,249065,,,,,,,solo and shared
100,9,sha256,1048576,2,1005557,,,,,,,LentMessages,1003968,981097,,,,,,,1003968,,,,,,,solo and shared
100,10,blake3-servil-mt,1048576,14,1098628,,,,,,,LentMessages,1294280,1294070,,,,,,,1294280,,,,,,,solo and shared
100,11,blake3-servil-st,1048576,4,917889,,,,,,,LentMessages,926016,917419,,,,,,,926016,,,,,,,solo and shared
100,12,sha256,67108864,1,31369246,,,,,,,LentPieces,31522457,31140254,,,,,,,31522457,,,,,,,solo and shared
100,13,blake3-servil-mt,67108864,1,8535978,,,,,,,LentPieces,8600368,8600368,,,,,,,8597199,,,,,,,solo and shared
100,14,blake3-servil-st,67108864,1,14896595,,,,,,,LentPieces,17527672,15759638,,,,,,,17527672,,,,,,,solo and shared
101,0,blake3-servil-mt,1024,3121,487743,,,,,,,ContinuousBatches,464326,464235,,,,,,,464326,,,,,,,solo and shared
101,1,sha256,1024,2048,2130554,,,,,,,ContinuousBatches,2044207,2044207,,,,,,,2040528,,,,,,,solo and shared
101,2,blake3-servil-mt,262144,14,457213,,,,,,,ContinuousBatches,315774,308900,,,,,,,315774,,,,,,,solo and shared
101,3,sha256,262144,8,2100627,,,,,,,ContinuousBatches,2111108,2100449,,,,,,,2111108,,,,,,,solo and shared
101,6,blake3-servil-st,1048576,4,996190,,,,,,,LentMessages,1049475,1024994,,,,,,,1049475,,,,,,,solo and shared
101,7,sha256,1048576,2,944353,,,,,,,LentMessages,1038517,977156,,,,,,,1038517,,,,,,,solo and shared
101,8,blake3-servil-mt,1048576,14,1051919,,,,,,,LentMessages,1293281,1293281,,,,,,,1292499,,,,,,,solo and shared
101,9,blake3-servil-st,67108864,1,15880087,,,,,,,LentPieces,15085212,15054767,,,,,,,15085212,,,,,,,solo and shared
101,10,sha256,67108864,1,31443361,,,,,,,LentPieces,31539069,31226935,,,,,,,31539069,,,,,,,solo and shared
101,11,blake3-servil-mt,67108864,1,8462393,,,,,,,LentPieces,8859032,8854100,,,,,,,8859032,,,,,,,solo and shared
101,8,blake3-servil-mt,1024,2048,333442,,,,,,,ContinuousMessages,462673,421861,,,,,,,462673,,,,,,,solo and shared
101,9,sha256,1024,2154,1058042,,,,,,,ContinuousMessages,1014690,1014690,,,,,,,1013897,,,,,,,solo and shared
102,0,sha256,262144,8,2038766,,,,,,,ContinuousBatches,2073327,2073327,,,,,,,2065242,,,,,,,solo and shared
102,1,blake3-servil-mt,262144,14,257267,,,,,,,ContinuousBatches,389561,389561,,,,,,,386265,,,,,,,solo and shared
102,3,sha256,1048576,2,980050,,,,,,,LentMessages,1578839,1576276,,,,,,,1578839,,,,,,,solo and shared
102,4,blake3-servil-st,1048576,4,881439,,,,,,,LentMessages,1556391,1556379,,,,,,,1556391,,,,,,,solo and shared
102,5,blake3-servil-mt,1048576,14,1131375,,,,,,,LentMessages,1266345,1266345,,,,,,,1266092,,,,,,,solo and shared
102,6,sha256,67108864,1,31868870,,,,,,,LentPieces,31119254,31051232,,,,,,,31119254,,,,,,,solo and shared
102,7,blake3-servil-st,67108864,1,14978278,,,,,,,LentPieces,15848188,15848188,,,,,,,15842358,,,,,,,solo and shared
102,8,blake3-servil-mt,67108864,1,8861503,,,,,,,LentPieces,8789980,8785117,,,,,,,8789980,,,,,,,solo and shared
102,6,sha256,1024,2154,1003335,,,,,,,ContinuousMessages,1015130,1013803,,,,,,,1015130,,,,,,,solo and shared
102,7,blake3-servil-mt,1024,2048,662025,,,,,,,ContinuousMessages,449653,401886,,,,,,,449653,,,,,,,solo and shared
102,8,sha256,1024,2048,2018809,,,,,,,ContinuousBatches,2039187,2038641,,,,,,,2039187,,,,,,,solo and shared
102,9,blake3-servil-mt,1024,3121,364579,,,,,,,ContinuousBatches,397503,397503,,,,,,,387590,,,,,,,solo and shared
103,0,blake3-servil-st,1048576,4,978917,,,,,,,LentMessages,990822,956189,,,,,,,990822,,,,,,,solo and shared
103,1,blake3-servil-mt,1048576,14,1108158,,,,,,,LentMessages,1252335,1252335,,,,,,,1251928,,,,,,,solo and shared
103,2,sha256,1048576,2,979636,,,,,,,LentMessages,982997,982997,,,,,,,980842,,,,,,,solo and shared
103,3,blake3-servil-st,67108864,1,15092273,,,,,,,LentPieces,15075330,15075330,,,,,,,15050616,,,,,,,solo and shared
103,4,blake3-servil-mt,67108864,1,9203501,,,,,,,LentPieces,10101805,10101805,,,,,,,10071767,,,,,,,solo and shared
103,5,sha256,67108864,1,31392754,,,,,,,LentPieces,31089251,31089251,,,,,,,31027592,,,,,,,solo and shared
103,4,blake3-servil-mt,1024,2048,297814,,,,,,,ContinuousMessages,392733,392733,,,,,,,356898,,,,,,,solo and shared
103,5,sha256,1024,2154,1052880,,,,,,,ContinuousMessages,1033469,1033157,,,,,,,1033469,,,,,,,solo and shared
103,6,blake3-servil-mt,1024,3121,388769,,,,,,,ContinuousBatches,439398,439398,,,,,,,400565,,,,,,,solo and shared
103,7,sha256,1024,2048,2048244,,,,,,,ContinuousBatches,2055979,2055979,,,,,,,2053752,,,,,,,solo and shared
103,8,blake3-servil-mt,262144,14,243906,,,,,,,ContinuousBatches,387288,387288,,,,,,,384770,,,,,,,solo and shared
103,9,sha256,262144,8,2077889,,,,,,,ContinuousBatches,2518615,2463522,,,,,,,2518615,,,,,,,solo and shared
104,0,blake3-servil-mt,67108864,1,9188752,,,,,,,LentPieces,8921460,8905186,,,,,,,8921460,,,,,,,solo and shared
104,1,sha256,67108864,1,31010608,,,,,,,LentPieces,31316407,31304171,,,,,,,31316407,,,,,,,solo and shared
104,2,blake3-servil-st,67108864,1,15461508,,,,,,,LentPieces,15469885,15469885,,,,,,,15122113,,,,,,,solo and shared
104,2,sha256,1024,2154,992304,,,,,,,ContinuousMessages,1015419,1013051,,,,,,,1015419,,,,,,,solo and shared
104,3,blake3-servil-mt,1024,2048,307558,,,,,,,ContinuousMessages,422054,388093,,,,,,,422054,,,,,,,solo and shared
104,4,sha256,1024,2048,2038433,,,,,,,ContinuousBatches,2049176,2041507,,,,,,,2049176,,,,,,,solo and shared
104,5,blake3-servil-mt,1024,3121,388988,,,,,,,ContinuousBatches,446171,444753,,,,,,,446171,,,,,,,solo and shared
104,6,sha256,262144,8,2073347,,,,,,,ContinuousBatches,2073127,2073127,,,,,,,2069541,,,,,,,solo and shared
104,7,blake3-servil-mt,262144,14,236313,,,,,,,ContinuousBatches,351357,351357,,,,,,,347296,,,,,,,solo and shared
104,12,blake3-servil-mt,1048576,14,1124092,,,,,,,LentMessages,1854072,1853035,,,,,,,1854072,,,,,,,solo and shared
104,13,sha256,1048576,2,982999,,,,,,,LentMessages,987485,984454,,,,,,,987485,,,,,,,solo and shared
104,14,blake3-servil-st,1048576,4,928741,,,,,,,LentMessages,1269590,914606,,,,,,,1269590,,,,,,,solo and shared
105,0,blake3-servil-mt,1024,2048,427573,,,,,,,ContinuousMessages,521950,458820,,,,,,,521950,,,,,,,solo and shared
105,1,sha256,1024,2154,1014734,,,,,,,ContinuousMessages,1087333,1014538,,,,,,,1087333,,,,,,,solo and shared
105,2,blake3-servil-mt,1024,3121,355326,,,,,,,ContinuousBatches,458944,452869,,,,,,,458944,,,,,,,solo and shared
105,3,sha256,1024,2048,2084452,,,,,,,ContinuousBatches,2057706,2057706,,,,,,,2056246,,,,,,,solo and shared
105,4,blake3-servil-mt,262144,14,246072,,,,,,,ContinuousBatches,277672,266998,,,,,,,277672,,,,,,,solo and shared
105,5,sha256,262144,8,2082316,,,,,,,ContinuousBatches,2108709,2105936,,,,,,,2108709,,,,,,,solo and shared
105,9,blake3-servil-mt,1048576,14,1182280,,,,,,,LentMessages,1553557,1553557,,,,,,,1552264,,,,,,,solo and shared
105,10,blake3-servil-st,1048576,4,914823,,,,,,,LentMessages,932194,929698,,,,,,,932194,,,,,,,solo and shared
105,11,sha256,1048576,2,976430,,,,,,,LentMessages,1012266,977331,,,,,,,1012266,,,,,,,solo and shared
105,12,blake3-servil-mt,67108864,1,8998387,,,,,,,LentPieces,9852165,9668411,,,,,,,9852165,,,,,,,solo and shared
105,13,blake3-servil-st,67108864,1,16134294,,,,,,,LentPieces,16189145,16189145,,,,,,,15764406,,,,,,,solo and shared
105,14,sha256,67108864,1,31086373,,,,,,,LentPieces,32348619,31793437,,,,,,,32348619,,,,,,,solo and shared
106,0,sha256,1024,2048,2065547,,,,,,,ContinuousBatches,2041903,2041903,,,,,,,2039513,,,,,,,solo and shared
106,1,blake3-servil-mt,1024,3121,386094,,,,,,,ContinuousBatches,409995,409995,,,,,,,409281,,,,,,,solo and shared
106,2,sha256,262144,8,2045084,,,,,,,ContinuousBatches,2070342,2070342,,,,,,,2066861,,,,,,,solo and shared
106,3,blake3-servil-mt,262144,14,239914,,,,,,,ContinuousBatches,317549,306662,,,,,,,317549,,,,,,,solo and shared
106,6,sha256,1048576,2,1015970,,,,,,,LentMessages,1047200,1039743,,,,,,,1047200,,,,,,,solo and shared
106,7,blake3-servil-mt,1048576,14,1178600,,,,,,,LentMessages,1300508,1300508,,,,,,,1300472,,,,,,,solo and shared
106,8,blake3-servil-st,1048576,4,916439,,,,,,,LentMessages,920307,914223,,,,,,,920307,,,,,,,solo and shared
106,9,sha256,67108864,1,30898074,,,,,,,LentPieces,31798815,31798815,,,,,,,31505646,,,,,,,solo and shared
106,10,blake3-servil-mt,67108864,1,9237748,,,,,,,LentPieces,8932332,8922292,,,,,,,8932332,,,,,,,solo and shared
106,11,blake3-servil-st,67108864,1,14801865,,,,,,,LentPieces,15119956,15080222,,,,,,,15119956,,,,,,,solo and shared
106,8,sha256,1024,2154,1012310,,,,,,,ContinuousMessages,1016512,1016512,,,,,,,1016227,,,,,,,solo and shared
106,9,blake3-servil-mt,1024,2048,325867,,,,,,,ContinuousMessages,415510,394041,,,,,,,415510,,,,,,,solo and shared
107,0,blake3-servil-mt,262144,14,234062,,,,,,,ContinuousBatches,269327,268460,,,,,,,269327,,,,,,,solo and shared
107,1,sha256,262144,8,2166487,,,,,,,ContinuousBatches,2163679,2155397,,,,,,,2163679,,,,,,,solo and shared
107,3,blake3-servil-st,1048576,4,1123249,,,,,,,LentMessages,1269488,1205156,,,,,,,1269488,,,,,,,solo and shared
107,4,sha256,1048576,2,1010517,,,,,,,LentMessages,997300,996616,,,,,,,997300,,,,,,,solo and shared
107,5,blake3-servil-mt,1048576,14,1193223,,,,,,,LentMessages,1304329,1304329,,,,,,,1303793,,,,,,,solo and shared
107,6,blake3-servil-st,67108864,1,15281478,,,,,,,LentPieces,15483638,15042902,,,,,,,15483638,,,,,,,solo and shared
107,7,sha256,67108864,1,30989353,,,,,,,LentPieces,31943504,31684953,,,,,,,31943504,,,,,,,solo and shared
107,8,blake3-servil-mt,67108864,1,8430805,,,,,,,LentPieces,8887836,8887836,,,,,,,8886005,,,,,,,solo and shared
107,6,blake3-servil-mt,1024,2048,316892,,,,,,,ContinuousMessages,451363,451363,,,,,,,441214,,,,,,,solo and shared
107,7,sha256,1024,2154,1001177,,,,,,,ContinuousMessages,1014635,1014635,,,,,,,1014190,,,,,,,solo and shared
107,8,blake3-servil-mt,1024,3121,382977,,,,,,,ContinuousBatches,402209,402209,,,,,,,395839,,,,,,,solo and shared
107,9,sha256,1024,2048,2042534,,,,,,,ContinuousBatches,2069910,2069910,,,,,,,2065232,,,,,,,solo and shared
108,0,sha256,1048576,2,1004578,,,,,,,LentMessages,1038153,1038091,,,,,,,1038153,,,,,,,solo and shared
108,1,blake3-servil-st,1048576,4,904989,,,,,,,LentMessages,922866,894141,,,,,,,922866,,,,,,,solo and shared
108,2,blake3-servil-mt,1048576,14,1084466,,,,,,,LentMessages,1265361,1265361,,,,,,,1264969,,,,,,,solo and shared
108,3,sha256,67108864,1,31673756,,,,,,,LentPieces,31703188,31703188,,,,,,,31484608,,,,,,,solo and shared
108,4,blake3-servil-st,67108864,1,15493291,,,,,,,LentPieces,15420409,15420409,,,,,,,15396082,,,,,,,solo and shared
108,5,blake3-servil-mt,67108864,1,8709459,,,,,,,LentPieces,9481018,9475316,,,,,,,9481018,,,,,,,solo and shared
108,4,sha256,1024,2154,1015729,,,,,,,ContinuousMessages,1017016,1017016,,,,,,,1016631,,,,,,,solo and shared
108,5,blake3-servil-mt,1024,2048,346090,,,,,,,ContinuousMessages,490509,490509,,,,,,,483026,,,,,,,solo and shared
108,6,sha256,1024,2048,2017772,,,,,,,ContinuousBatches,2047255,2047255,,,,,,,2040217,,,,,,,solo and shared
108,7,blake3-servil-mt,1024,3121,411976,,,,,,,ContinuousBatches,469807,460575,,,,,,,469807,,,,,,,solo and shared
108,8,sha256,262144,8,2034496,,,,,,,ContinuousBatches,2102630,2079794,,,,,,,2102630,,,,,,,solo and shared
108,9,blake3-servil-mt,262144,14,286200,,,,,,,ContinuousBatches,345652,345652,,,,,,,343016,,,,,,,solo and shared
109,0,blake3-servil-st,67108864,1,15415936,,,,,,,LentPieces,15136821,15098644,,,,,,,15136821,,,,,,,solo and shared
109,1,blake3-servil-mt,67108864,1,8866908,,,,,,,LentPieces,8896572,8884456,,,,,,,8896572,,,,,,,solo and shared
109,2,sha256,67108864,1,31225097,,,,,,,LentPieces,31276937,31223534,,,,,,,31276937,,,,,,,solo and shared
109,2,blake3-servil-mt,1024,2048,318587,,,,,,,ContinuousMessages,426624,426624,,,,,,,426572,,,,,,,solo and shared
109,3,sha256,1024,2154,1009855,,,,,,,ContinuousMessages,1014704,1014704,,,,,,,1012493,,,,,,,solo and shared
109,4,blake3-servil-mt,1024,3121,376748,,,,,,,ContinuousBatches,417824,412829,,,,,,,417824,,,,,,,solo and shared
109,5,sha256,1024,2048,2040005,,,,,,,ContinuousBatches,2041186,2041186,,,,,,,2039650,,,,,,,solo and shared
109,6,blake3-servil-mt,262144,14,341980,,,,,,,ContinuousBatches,293513,289059,,,,,,,293513,,,,,,,solo and shared
109,7,sha256,262144,8,2103449,,,,,,,ContinuousBatches,2112895,2112895,,,,,,,2112189,,,,,,,solo and shared
109,12,blake3-servil-st,1048576,4,971981,,,,,,,LentMessages,1040602,1031237,,,,,,,1040602,,,,,,,solo and shared
109,13,blake3-servil-mt,1048576,14,1134169,,,,,,,LentMessages,1269893,1269893,,,,,,,1269838,,,,,,,solo and shared
109,14,sha256,1048576,2,982443,,,,,,,LentMessages,987922,982058,,,,,,,987922,,,,,,,solo and shared
110,0,sha256,1024,2154,1052048,,,,,,,ContinuousMessages,1044029,1044029,,,,,,,1037739,,,,,,,solo and shared
110,1,blake3-servil-mt,1024,2048,336568,,,,,,,ContinuousMessages,411512,402968,,,,,,,411512,,,,,,,solo and shared
110,2,sha256,1024,2048,2042624,,,,,,,ContinuousBatches,2108619,2108619,,,,,,,2087388,,,,,,,solo and shared
110,3,blake3-servil-mt,1024,3121,408740,,,,,,,ContinuousBatches,524650,524650,,,,,,,512725,,,,,,,solo and shared
110,4,sha256,262144,8,2083209,,,,,,,ContinuousBatches,3083139,3082095,,,,,,,3083139,,,,,,,solo and shared
110,5,blake3-servil-mt,262144,14,442987,,,,,,,ContinuousBatches,328229,316092,,,,,,,328229,,,,,,,solo and shared
110,9,blake3-servil-mt,1048576,14,1181524,,,,,,,LentMessages,1440760,1440548,,,,,,,1440760,,,,,,,solo and shared
110,10,sha256,1048576,2,1004954,,,,,,,LentMessages,1043493,1032991,,,,,,,1043493,,,,,,,solo and shared
110,11,blake3-servil-st,1048576,4,927846,,,,,,,LentMessages,944420,944420,,,,,,,910447,,,,,,,solo and shared
110,12,blake3-servil-mt,67108864,1,8376812,,,,,,,LentPieces,9156451,9156451,,,,,,,9126162,,,,,,,solo and shared
110,13,sha256,67108864,1,31204754,,,,,,,LentPieces,31482296,31482296,,,,,,,31339134,,,,,,,solo and shared
110,14,blake3-servil-st,67108864,1,14920472,,,,,,,LentPieces,15452742,15452742,,,,,,,15379936,,,,,,,solo and shared
111,0,blake3-servil-mt,1024,3121,384171,,,,,,,ContinuousBatches,404680,404680,,,,,,,398217,,,,,,,solo and shared
111,1,sha256,1024,2048,2046795,,,,,,,ContinuousBatches,2083787,2083787,,,,,,,2083163,,,,,,,solo and shared
111,2,blake3-servil-mt,262144,14,234753,,,,,,,ContinuousBatches,383206,383206,,,,,,,357133,,,,,,,solo and shared
111,3,sha256,262144,8,2098125,,,,,,,ContinuousBatches,2110485,2110485,,,,,,,2101080,,,,,,,solo and shared
111,6,blake3-servil-mt,1048576,14,1249411,,,,,,,LentMessages,1364650,1356658,,,,,,,1364650,,,,,,,solo and shared
111,7,blake3-servil-st,1048576,4,922763,,,,,,,LentMessages,938971,938971,,,,,,,925711,,,,,,,solo and shared
111,8,sha256,1048576,2,980282,,,,,,,LentMessages,979784,978701,,,,,,,979784,,,,,,,solo and shared
111,9,blake3-servil-mt,67108864,1,8803346,,,,,,,LentPieces,8799752,8799752,,,,,,,8790942,,,,,,,solo and shared
111,10,blake3-servil-st,67108864,1,16807893,,,,,,,LentPieces,15379462,15379462,,,,,,,15353331,,,,,,,solo and shared
111,11,sha256,67108864,1,30506090,,,,,,,LentPieces,31562934,31410082,,,,,,,31562934,,,,,,,solo and shared
111,8,blake3-servil-mt,1024,2048,309276,,,,,,,ContinuousMessages,481045,479427,,,,,,,481045,,,,,,,solo and shared
111,9,sha256,1024,2154,1012851,,,,,,,ContinuousMessages,1081042,1013570,,,,,,,1081042,,,,,,,solo and shared
112,0,sha256,262144,8,2072110,,,,,,,ContinuousBatches,2097926,2079422,,,,,,,2097926,,,,,,,solo and shared
112,1,blake3-servil-mt,262144,14,254788,,,,,,,ContinuousBatches,330119,330119,,,,,,,303481,,,,,,,solo and shared
112,3,sha256,1048576,2,1029119,,,,,,,LentMessages,1089308,1052354,,,,,,,1089308,,,,,,,solo and shared
112,4,blake3-servil-mt,1048576,14,1179119,,,,,,,LentMessages,1267364,1267364,,,,,,,1266419,,,,,,,solo and shared
112,5,blake3-servil-st,1048576,4,919597,,,,,,,LentMessages,923591,919165,,,,,,,923591,,,,,,,solo and shared
112,6,sha256,67108864,1,30833429,,,,,,,LentPieces,31622025,31452235,,,,,,,31622025,,,,,,,solo and shared
112,7,blake3-servil-mt,67108864,1,9435651,,,,,,,LentPieces,9374882,9369975,,,,,,,9374882,,,,,,,solo and shared
112,8,blake3-servil-st,67108864,1,15254904,,,,,,,LentPieces,15621273,15581269,,,,,,,15621273,,,,,,,solo and shared
112,6,sha256,1024,2154,997065,,,,,,,ContinuousMessages,1015126,1015125,,,,,,,1015126,,,,,,,solo and shared
112,7,blake3-servil-mt,1024,2048,316416,,,,,,,ContinuousMessages,452859,452859,,,,,,,448787,,,,,,,solo and shared
112,8,sha256,1024,2048,2045249,,,,,,,ContinuousBatches,2069205,2040575,,,,,,,2069205,,,,,,,solo and shared
112,9,blake3-servil-mt,1024,3121,387513,,,,,,,ContinuousBatches,409095,400128,,,,,,,409095,,,,,,,solo and shared
113,0,blake3-servil-st,1048576,4,937928,,,,,,,LentMessages,1007901,1007901,,,,,,,974899,,,,,,,solo and shared
113,1,sha256,1048576,2,941631,,,,,,,LentMessages,942817,942817,,,,,,,939886,,,,,,,solo and shared
113,2,blake3-servil-mt,1048576,14,1081230,,,,,,,LentMessages,1272962,1272962,,,,,,,1271995,,,,,,,solo and shared
113,3,blake3-servil-st,67108864,1,16112501,,,,,,,LentPieces,15494922,15318755,,,,,,,15494922,,,,,,,solo and shared
113,4,sha256,67108864,1,30675410,,,,,,,LentPieces,31560107,31506654,,,,,,,31560107,,,,,,,solo and shared
113,5,blake3-servil-mt,67108864,1,8756088,,,,,,,LentPieces,9159242,9090217,,,,,,,9159242,,,,,,,solo and shared
113,4,blake3-servil-mt,1024,2048,270095,,,,,,,ContinuousMessages,428853,404539,,,,,,,428853,,,,,,,solo and shared
113,5,sha256,1024,2154,1017282,,,,,,,ContinuousMessages,1014570,1013510,,,,,,,1014570,,,,,,,solo and shared
113,6,blake3-servil-mt,1024,3121,423106,,,,,,,ContinuousBatches,407360,379847,,,,,,,407360,,,,,,,solo and shared
113,7,sha256,1024,2048,2037110,,,,,,,ContinuousBatches,2082780,2045730,,,,,,,2082780,,,,,,,solo and shared
113,8,blake3-servil-mt,262144,14,270622,,,,,,,ContinuousBatches,289567,287278,,,,,,,289567,,,,,,,solo and shared
113,9,sha256,262144,8,2088113,,,,,,,ContinuousBatches,2447221,2447221,,,,,,,2067448,,,,,,,solo and shared
114,0,sha256,67108864,1,31110910,,,,,,,LentPieces,31687822,31687822,,,,,,,31574514,,,,,,,solo and shared
114,1,blake3-servil-st,67108864,1,15214185,,,,,,,LentPieces,15079549,15079549,,,,,,,15066368,,,,,,,solo and shared
114,2,blake3-servil-mt,67108864,1,8004272,,,,,,,LentPieces,9351950,9349606,,,,,,,9351950,,,,,,,solo and shared
114,2,sha256,1024,2154,1049265,,,,,,,ContinuousMessages,1014048,1013906,,,,,,,1014048,,,,,,,solo and shared
114,3,blake3-servil-mt,1024,2048,293568,,,,,,,ContinuousMessages,426219,404243,,,,,,,426219,,,,,,,solo and shared
114,4,sha256,1024,2048,2079905,,,,,,,ContinuousBatches,2084740,2084740,,,,,,,2084654,,,,,,,solo and shared
114,5,blake3-servil-mt,1024,3121,368657,,,,,,,ContinuousBatches,433694,433694,,,,,,,413534,,,,,,,solo and shared
114,6,sha256,262144,8,2084599,,,,,,,ContinuousBatches,2090588,2084597,,,,,,,2090588,,,,,,,solo and shared
114,7,blake3-servil-mt,262144,14,393298,,,,,,,ContinuousBatches,303723,297460,,,,,,,303723,,,,,,,solo and shared
114,12,sha256,1048576,2,1111209,,,,,,,LentMessages,1094135,1067082,,,,,,,1094135,,,,,,,solo and shared
114,13,blake3-servil-st,1048576,4,903173,,,,,,,LentMessages,963350,910940,,,,,,,963350,,,,,,,solo and shared
114,14,blake3-servil-mt,1048576,14,1178887,,,,,,,LentMessages,1291506,1290530,,,,,,,1291506,,,,,,,solo and shared
115,0,blake3-servil-mt,1024,2048,302654,,,,,,,ContinuousMessages,427410,427410,,,,,,,419258,,,,,,,solo and shared
115,1,sha256,1024,2154,1060418,,,,,,,ContinuousMessages,1050329,1049563,,,,,,,1050329,,,,,,,solo and shared
115,2,blake3-servil-mt,1024,3121,376038,,,,,,,ContinuousBatches,424673,396732,,,,,,,424673,,,,,,,solo and shared
115,3,sha256,1024,2048,2090190,,,,,,,ContinuousBatches,2084875,2081839,,,,,,,2084875,,,,,,,solo and shared
115,4,blake3-servil-mt,262144,14,398706,,,,,,,ContinuousBatches,276545,267820,,,,,,,276545,,,,,,,solo and shared
115,5,sha256,262144,8,2145232,,,,,,,ContinuousBatches,2145390,2145390,,,,,,,2114414,,,,,,,solo and shared
115,9,blake3-servil-st,1048576,4,998488,,,,,,,LentMessages,983941,930732,,,,,,,983941,,,,,,,solo and shared
115,10,blake3-servil-mt,1048576,14,1145317,,,,,,,LentMessages,1285265,1285032,,,,,,,1285265,,,,,,,solo and shared
115,11,sha256,1048576,2,985875,,,,,,,LentMessages,985920,983301,,,,,,,985920,,,,,,,solo and shared
115,12,blake3-servil-st,67108864,1,16010944,,,,,,,LentPieces,16070928,15316433,,,,,,,16070928,,,,,,,solo and shared
115,13,blake3-servil-mt,67108864,1,8330986,,,,,,,LentPieces,9134076,9129403,,,,,,,9134076,,,,,,,solo and shared
115,14,sha256,67108864,1,31349998,,,,,,,LentPieces,31599258,31481760,,,,,,,31599258,,,,,,,solo and shared
116,0,sha256,1024,2048,2000526,,,,,,,ContinuousBatches,2040935,2040935,,,,,,,2039605,,,,,,,solo and shared
116,1,blake3-servil-mt,1024,3121,379039,,,,,,,ContinuousBatches,405321,405321,,,,,,,386874,,,,,,,solo and shared
116,2,sha256,262144,8,2061353,,,,,,,ContinuousBatches,2073136,2073136,,,,,,,2068640,,,,,,,solo and shared
116,3,blake3-servil-mt,262144,14,427985,,,,,,,ContinuousBatches,241364,241364,,,,,,,234857,,,,,,,solo and shared
116,6,blake3-servil-mt,1048576,14,998629,,,,,,,LentMessages,1356267,1355670,,,,,,,1356267,,,,,,,solo and shared
116,7,sha256,1048576,2,981393,,,,,,,LentMessages,986931,984864,,,,,,,986931,,,,,,,solo and shared
116,8,blake3-servil-st,1048576,4,923052,,,,,,,LentMessages,932899,913682,,,,,,,932899,,,,,,,solo and shared
116,9,blake3-servil-mt,67108864,1,9800063,,,,,,,LentPieces,10292789,10292789,,,,,,,10213021,,,,,,,solo and shared
116,10,sha256,67108864,1,31135571,,,,,,,LentPieces,31207641,31097093,,,,,,,31207641,,,,,,,solo and shared
116,11,blake3-servil-st,67108864,1,17020739,,,,,,,LentPieces,15223905,15216092,,,,,,,15223905,,,,,,,solo and shared
116,8,sha256,1024,2154,993880,,,,,,,ContinuousMessages,1015732,1015732,,,,,,,1013474,,,,,,,solo and shared
116,9,blake3-servil-mt,1024,2048,378607,,,,,,,ContinuousMessages,478630,478630,,,,,,,420786,,,,,,,solo and shared
117,0,blake3-servil-mt,262144,14,219927,,,,,,,ContinuousBatches,284130,284130,,,,,,,272420,,,,,,,solo and shared
117,1,sha256,262144,8,2142318,,,,,,,ContinuousBatches,2142616,2139642,,,,,,,2142616,,,,,,,solo and shared
117,3,blake3-servil-mt,1048576,14,1212003,,,,,,,LentMessages,1343532,1341927,,,,,,,1343532,,,,,,,solo and shared
117,4,blake3-servil-st,1048576,4,941336,,,,,,,LentMessages,924296,916498,,,,,,,924296,,,,,,,solo and shared
117,5,sha256,1048576,2,993970,,,,,,,LentMessages,978814,975992,,,,,,,978814,,,,,,,solo and shared
117,6,blake3-servil-mt,67108864,1,8655433,,,,,,,LentPieces,8912113,8904612,,,,,,,8912113,,,,,,,solo and shared
117,7,blake3-servil-st,67108864,1,15145221,,,,,,,LentPieces,15998470,15998470,,,,,,,15969445,,,,,,,solo and shared
117,8,sha256,67108864,1,31059541,,,,,,,LentPieces,31106009,31063327,,,,,,,31106009,,,,,,,solo and shared
117,6,blake3-servil-mt,1024,2048,438056,,,,,,,ContinuousMessages,444656,427823,,,,,,,444656,,,,,,,solo and shared
117,7,sha256,1024,2154,1054221,,,,,,,ContinuousMessages,1065540,1065540,,,,,,,1014078,,,,,,,solo and shared
117,8,blake3-servil-mt,1024,3121,391999,,,,,,,ContinuousBatches,429417,429417,,,,,,,428710,,,,,,,solo and shared
117,9,sha256,1024,2048,2075137,,,,,,,ContinuousBatches,2046367,2046367,,,,,,,2043674,,,,,,,solo and shared
118,0,sha256,1048576,2,1016148,,,,,,,LentMessages,1176959,1088125,,,,,,,1176959,,,,,,,solo and shared
118,1,blake3-servil-mt,1048576,14,1297064,,,,,,,LentMessages,1387259,1312757,,,,,,,1387259,,,,,,,solo and shared
118,2,blake3-servil-st,1048576,4,925702,,,,,,,LentMessages,949717,949717,,,,,,,924133,,,,,,,solo and shared
118,3,sha256,67108864,1,30894071,,,,,,,LentPieces,31039858,31039858,,,,,,,30946858,,,,,,,solo and shared
118,4,blake3-servil-mt,67108864,1,8902525,,,,,,,LentPieces,10007041,10007041,,,,,,,9904100,,,,,,,solo and shared
118,5,blake3-servil-st,67108864,1,15045094,,,,,,,LentPieces,15458006,15079566,,,,,,,15458006,,,,,,,solo and shared
118,4,sha256,1024,2154,992118,,,,,,,ContinuousMessages,1014552,1014552,,,,,,,1013120,,,,,,,solo and shared
118,5,blake3-servil-mt,1024,2048,337191,,,,,,,ContinuousMessages,479831,461274,,,,,,,479831,,,,,,,solo and shared
118,6,sha256,1024,2048,2012059,,,,,,,ContinuousBatches,2040054,2040054,,,,,,,2039490,,,,,,,solo and shared
118,7,blake3-servil-mt,1024,3121,366686,,,,,,,ContinuousBatches,412359,412359,,,,,,,411648,,,,,,,solo and shared
118,8,sha256,262144,8,2075167,,,,,,,ContinuousBatches,2075361,2075361,,,,,,,2070019,,,,,,,solo and shared
118,9,blake3-servil-mt,262144,14,359616,,,,,,,ContinuousBatches,285882,276870,,,,,,,285882,,,,,,,solo and shared
119,0,blake3-servil-st,67108864,1,15212201,,,,,,,LentPieces,16553306,16553306,,,,,,,15337598,,,,,,,solo and shared
119,1,sha256,67108864,1,32102827,,,,,,,LentPieces,31022541,30941069,,,,,,,31022541,,,,,,,solo and shared
119,2,blake3-servil-mt,67108864,1,8832834,,,,,,,LentPieces,9713411,9705185,,,,,,,9713411,,,,,,,solo and shared
119,2,blake3-servil-mt,1024,2048,266978,,,,,,,ContinuousMessages,495723,485360,,,,,,,495723,,,,,,,solo and shared
119,3,sha256,1024,2154,1029376,,,,,,,ContinuousMessages,1024833,1024833,,,,,,,1023435,,,,,,,solo and shared
119,4,blake3-servil-mt,1024,3121,487784,,,,,,,ContinuousBatches,418941,418941,,,,,,,409921,,,,,,,solo and shared
119,5,sha256,1024,2048,2056539,,,,,,,ContinuousBatches,2046507,2046507,,,,,,,2043899,,,,,,,solo and shared
119,6,blake3-servil-mt,262144,14,319752,,,,,,,ContinuousBatches,271934,271540,,,,,,,271934,,,,,,,solo and shared
119,7,sha256,262144,8,2106749,,,,,,,ContinuousBatches,2108264,2108264,,,,,,,2097583,,,,,,,solo and shared
119,12,blake3-servil-st,1048576,4,982268,,,,,,,LentMessages,1011099,1011099,,,,,,,1008828,,,,,,,solo and shared
119,13,sha256,1048576,2,958605,,,,,,,LentMessages,963655,958479,,,,,,,963655,,,,,,,solo and shared
119,14,blake3-servil-mt,1048576,14,1174906,,,,,,,LentMessages,1285659,1285659,,,,,,,1285605,,,,,,,solo and shared
