point,sample,calls,wall_ns,p_cycles,p_instructions,p_ns,e_cycles,e_instructions,e_ns
1 x 64 B,0,20446,1557023,0,0,0,5870874,14864607,1552135
1 x 64 B,1,20446,1545772,0,0,0,5862066,14864608,1546739
1 x 64 B,2,20446,1541806,0,0,0,5846151,14864607,1542824
1 x 64 B,3,20446,1546915,0,0,0,5859885,14864608,1547849
1 x 64 B,4,20446,1539627,0,0,0,5843240,14864607,1540567
1 x 64 B,5,20446,1551769,0,0,0,5863557,14864608,1552854
1 x 64 B,6,20446,1540724,0,0,0,5848427,14864607,1541707
1 x 64 B,7,20446,1542245,0,0,0,5846638,14864608,1543272
1 x 64 B,8,20446,1541345,0,0,0,5850982,14864607,1542311
1 x 64 B,9,20446,1551632,0,0,0,5882794,14864608,1552611
1 x 64 B,10,20446,1547420,0,0,0,5867116,14864608,1548435
1 x 64 B,11,20446,1540382,0,0,0,5847857,14864607,1541337
1 x 64 B,12,20446,1536203,0,0,0,5825277,14864608,1537158
1 x 64 B,13,20446,1539044,0,0,0,5842032,14864607,1540011
1 x 64 B,14,20446,1545878,0,0,0,5860511,14864608,1546850
1 x 64 B,15,20446,1539466,0,0,0,5845060,14864607,1540421
1 x 64 B,16,20446,1534404,0,0,0,5817146,14864608,1535398
1 x 64 B,17,20446,1543671,0,0,0,5859380,14864607,1544639
1 x 64 B,18,20446,1536617,0,0,0,5825563,14864608,1537594
1 x 64 B,19,20446,1541099,0,0,0,5850553,14864607,1542082
1 x 64 B,20,20446,1547487,0,0,0,5868707,14864608,1548456
1 x 64 B,21,20446,1543316,0,0,0,5853986,14864608,1544278
1 x 64 B,22,20446,1532889,0,0,0,5819410,14864607,1533835
1 x 64 B,23,20446,1544402,0,0,0,5856623,14864608,1545363
1 x 64 B,24,20446,1538518,0,0,0,5841084,14864607,1539494
1 x 64 B,25,20446,1545028,0,0,0,5859477,14864608,1546020
1 x 64 B,26,20446,1539166,0,0,0,5844197,14864607,1540134
1 x 64 B,27,20446,1543429,0,0,0,5852919,14864608,1544401
1 x 64 B,28,20446,1534540,0,0,0,5825350,14864607,1536319
1 x 64 B,29,20446,1547540,0,0,0,5864944,14864608,1548537
1 x 64 B,30,20446,1542588,0,0,0,5854484,14864607,1544509
1 x 64 B,31,20446,1549366,0,0,0,5868139,14864608,1550987
3 x 64 B,0,10634,1726158,0,0,0,6525867,12378342,1727875
3 x 64 B,1,10634,1719777,0,0,0,6528815,12378341,1720872
3 x 64 B,2,10634,1729606,0,0,0,6557414,12378342,1730600
3 x 64 B,3,10634,1731756,0,0,0,6559270,12378342,1732889
3 x 64 B,4,10634,1720633,0,0,0,6525215,12378342,1721611
3 x 64 B,5,10634,1724556,0,0,0,6544230,12378341,1725552
3 x 64 B,6,10634,1725792,0,0,0,6540750,12378342,1726794
3 x 64 B,7,10634,1729478,0,0,0,6558063,12378342,1730468
3 x 64 B,8,10634,1729490,0,0,0,6555800,12378342,1730485
3 x 64 B,9,10634,1727277,0,0,0,6558002,12378341,1728256
3 x 64 B,10,10634,1723846,0,0,0,6536223,12378342,1724840
3 x 64 B,11,10634,1729828,0,0,0,6559242,12378342,1730794
3 x 64 B,12,10634,1726251,0,0,0,6554589,12378341,1727225
3 x 64 B,13,10634,1721215,0,0,0,6529291,12378342,1722204
3 x 64 B,14,10634,1724273,0,0,0,6538843,12378342,1725246
3 x 64 B,15,10634,1725951,0,0,0,6545490,12378342,1726938
3 x 64 B,16,10634,1726449,0,0,0,6555756,12378341,1727429
3 x 64 B,17,10634,1724730,0,0,0,6542898,12378342,1725706
3 x 64 B,18,10634,1725279,0,0,0,6544832,12378342,1726241
3 x 64 B,19,10634,1725191,0,0,0,6545082,12378342,1726165
3 x 64 B,20,10634,1721633,0,0,0,6536800,12378341,1722595
3 x 64 B,21,10634,1722321,0,0,0,6534809,12378342,1723288
3 x 64 B,22,10634,1723553,0,0,0,6537107,12378342,1724521
3 x 64 B,23,10634,1723939,0,0,0,6544522,12378341,1724888
3 x 64 B,24,10634,1721243,0,0,0,6529645,12378342,1722230
3 x 64 B,25,10634,1723381,0,0,0,6536448,12378342,1724354
3 x 64 B,26,10634,1726550,0,0,0,6550288,12378342,1727532
3 x 64 B,27,10634,1726996,0,0,0,6557079,12378341,1727953
3 x 64 B,28,10634,1721590,0,0,0,6530546,12378342,1722551
3 x 64 B,29,10634,1722739,0,0,0,6532959,12378342,1723702
3 x 64 B,30,10634,1727912,0,0,0,6556079,12378342,1728898
3 x 64 B,31,10634,1721769,0,0,0,6536877,12378341,1722745
4 x 64 B,0,9997,1806948,0,0,0,6855430,12436634,1808025
4 x 64 B,1,9997,1805716,0,0,0,6849495,12436634,1806696
4 x 64 B,2,9997,1809756,0,0,0,6866885,12436634,1810736
4 x 64 B,3,9997,1801266,0,0,0,6834273,12436634,1802246
4 x 64 B,4,9997,1827061,0,0,0,6938233,12436633,1828023
4 x 64 B,5,9997,1819576,0,0,0,6903084,12436634,1820528
4 x 64 B,6,9997,1814254,0,0,0,6881062,12436634,1815215
4 x 64 B,7,9997,1806397,0,0,0,6843284,12436634,1807429
4 x 64 B,8,9997,1817204,0,0,0,6890824,12436634,1818355
4 x 64 B,9,9997,1807510,0,0,0,6862518,12436633,1808463
4 x 64 B,10,9997,1820158,0,0,0,6903060,12436634,1822362
4 x 64 B,11,9997,1819697,0,0,0,6895410,12436634,1821052
4 x 64 B,12,9997,1816044,0,0,0,6805035,12436634,1804829
4 x 64 B,13,9997,1821815,0,0,0,6851079,12436634,1819755
4 x 64 B,14,9997,1826240,0,0,0,6867392,12436634,1815759
4 x 64 B,15,9997,1802312,0,0,0,6838289,12436633,1803392
4 x 64 B,16,9997,1790736,0,0,0,6791455,12436634,1791718
4 x 64 B,17,9997,1803713,0,0,0,6840464,12436634,1804720
4 x 64 B,18,9997,1808742,0,0,0,6858903,12436634,1809742
4 x 64 B,19,9997,1804707,0,0,0,6839780,12436634,1805723
4 x 64 B,20,9997,1791856,0,0,0,6803127,12436633,1792814
4 x 64 B,21,9997,1795256,0,0,0,6808476,12436634,1796229
4 x 64 B,22,9997,1806340,0,0,0,6849482,12436634,1807317
4 x 64 B,23,9997,1808160,0,0,0,6859172,12436634,1809131
4 x 64 B,24,9997,1811608,0,0,0,6871399,12436634,1812556
4 x 64 B,25,9997,1811946,0,0,0,6881053,12436633,1812910
4 x 64 B,26,9997,1807974,0,0,0,6854437,12436634,1808977
4 x 64 B,27,9997,1800219,0,0,0,6827614,12436634,1801185
4 x 64 B,28,9997,1808783,0,0,0,6860435,12436634,1809753
4 x 64 B,29,9997,1812302,0,0,0,6875500,12436634,1813259
4 x 64 B,30,9997,1800763,0,0,0,6836089,12436633,1801710
4 x 64 B,31,9997,1813654,0,0,0,6879567,12436634,1814622
6 x 64 B,0,6661,1877897,0,0,0,7124742,11417320,1878975
6 x 64 B,1,6661,1871900,0,0,0,7098327,11417320,1872868
6 x 64 B,2,6661,1868145,0,0,0,7086647,11417326,1869146
6 x 64 B,3,6661,1877536,0,0,0,7121956,11417326,1878512
6 x 64 B,4,6661,1871407,0,0,0,7092996,11417320,1872405
6 x 64 B,5,6661,1883365,0,0,0,7141648,11417320,1884360
6 x 64 B,6,6661,1873744,0,0,0,7112922,11417319,1874750
6 x 64 B,7,6661,1877481,0,0,0,7118765,11417320,1878488
6 x 64 B,8,6661,1873598,0,0,0,7107378,11417320,1874579
6 x 64 B,9,6661,1875881,0,0,0,7112186,11417320,1876871
6 x 64 B,10,6661,1879414,0,0,0,7127320,11417320,1880421
6 x 64 B,11,6661,1880517,0,0,0,7130318,11417320,1881530
6 x 64 B,12,6661,1880173,0,0,0,7132701,11417320,1881162
6 x 64 B,13,6661,1874539,0,0,0,7108329,11417320,1875554
6 x 64 B,14,6661,1875642,0,0,0,7119422,11417319,1876632
6 x 64 B,15,6661,1879772,0,0,0,7130088,11417320,1880734
6 x 64 B,16,6661,1881465,0,0,0,7136999,11417320,1882419
6 x 64 B,17,6661,1871174,0,0,0,7098283,11417320,1872164
6 x 64 B,18,6661,1877231,0,0,0,7119953,11417320,1878200
6 x 64 B,19,6661,1875773,0,0,0,7113547,11417320,1876737
6 x 64 B,20,6661,1874683,0,0,0,7106382,11417320,1876302
6 x 64 B,21,6661,1878494,0,0,0,7117000,11417320,1879816
6 x 64 B,22,6661,1869322,0,0,0,7096989,11417319,1871263
6 x 64 B,23,6661,1883900,0,0,0,7131489,11417320,1885916
6 x 64 B,24,6661,1889460,0,0,0,7134141,11417320,1887916
6 x 64 B,25,6661,1869328,0,0,0,7044775,11417320,1863047
6 x 64 B,26,6661,1864442,0,0,0,7070662,11417320,1865460
6 x 64 B,27,6661,1826020,0,0,0,6926909,11417320,1827005
6 x 64 B,28,6661,1826199,0,0,0,6924738,11417320,1827161
6 x 64 B,29,6661,1851990,0,0,0,7033153,11417319,1853061
6 x 64 B,30,6661,1825500,0,0,0,6922822,11417320,1826474
6 x 64 B,31,6661,1844299,0,0,0,6994947,11417320,1845278
8 x 64 B,0,7905,1821824,0,0,0,6909783,12039681,1822967
8 x 64 B,1,7905,1826916,0,0,0,6929219,12039681,1827923
8 x 64 B,2,7905,2200717,0,0,0,6936915,12039681,2201808
8 x 64 B,3,7905,1835952,0,0,0,6964645,12039681,1836958
8 x 64 B,4,7905,1825820,0,0,0,6924134,12039681,1826824
8 x 64 B,5,7905,1828318,0,0,0,6934989,12039681,1829309
8 x 64 B,6,7905,1816707,0,0,0,6899068,12039680,1817677
8 x 64 B,7,7905,1827616,0,0,0,6932594,12039681,1828593
8 x 64 B,8,7905,1822721,0,0,0,6912513,12039681,1823705
8 x 64 B,9,7905,1833311,0,0,0,6949358,12039681,1834354
8 x 64 B,10,7905,1823717,0,0,0,6918393,12039681,1824716
8 x 64 B,11,7905,1821278,0,0,0,6915481,12039680,1822256
8 x 64 B,12,7905,1833371,0,0,0,6953201,12039681,1834368
8 x 64 B,13,7905,1837136,0,0,0,6969213,12039681,1838111
8 x 64 B,14,7905,1819694,0,0,0,6904008,12039681,1820682
8 x 64 B,15,7905,1820717,0,0,0,6904303,12039681,1821741
8 x 64 B,16,7905,1830137,0,0,0,6943052,12039681,1831140
8 x 64 B,17,7905,1821622,0,0,0,6915595,12039680,1822603
8 x 64 B,18,7905,1828542,0,0,0,6935255,12039681,1829518
8 x 64 B,19,7905,1832838,0,0,0,6953883,12039681,1833818
8 x 64 B,20,7905,1824370,0,0,0,6918769,12039681,1825374
8 x 64 B,21,7905,1826119,0,0,0,6926644,12039681,1827119
8 x 64 B,22,7905,1819318,0,0,0,6901469,12039681,1820315
8 x 64 B,23,7905,1831149,0,0,0,6953588,12039680,1832127
8 x 64 B,24,7905,1820163,0,0,0,6905275,12039681,1821162
8 x 64 B,25,7905,1838133,0,0,0,6974600,12039681,1839105
8 x 64 B,26,7905,1832273,0,0,0,6950871,12039681,1833280
8 x 64 B,27,7905,1822489,0,0,0,6913011,12039681,1823493
8 x 64 B,28,7905,1829579,0,0,0,6939149,12039681,1830569
8 x 64 B,29,7905,1836484,0,0,0,6974199,12039680,1837722
8 x 64 B,30,7905,1819778,0,0,0,6900146,12039681,1821054
8 x 64 B,31,7905,1835113,0,0,0,6952899,12039681,1836834
12 x 64 B,0,4744,1903679,0,0,0,7211917,11903062,1905900
12 x 64 B,1,4744,1898111,0,0,0,7198139,11903062,1899195
12 x 64 B,2,4744,1898473,0,0,0,7199215,11903062,1899503
12 x 64 B,3,4744,1896843,0,0,0,7195884,11903062,1897826
12 x 64 B,4,4744,1897541,0,0,0,7200811,11903062,1898560
12 x 64 B,5,4744,1897034,0,0,0,7203417,11903061,1898007
12 x 64 B,6,4744,1901349,0,0,0,7213789,11903062,1902318
12 x 64 B,7,4744,1902238,0,0,0,7215382,11903062,1903217
12 x 64 B,8,4744,1898984,0,0,0,7204074,11903062,1899985
12 x 64 B,9,4744,1900094,0,0,0,7206397,11903062,1901117
12 x 64 B,10,4744,1901830,0,0,0,7210662,11903062,1902870
12 x 64 B,11,4744,1901222,0,0,0,7209600,11903062,1902213
12 x 64 B,12,4744,1899361,0,0,0,7200438,11903062,1900395
12 x 64 B,13,4744,1900693,0,0,0,7209745,11903062,1901711
12 x 64 B,14,4744,1896405,0,0,0,7194985,11903062,1897430
12 x 64 B,15,4744,1895931,0,0,0,7192889,11903062,1896929
12 x 64 B,16,4744,1898033,0,0,0,7206921,11903061,1899028
12 x 64 B,17,4744,1916471,0,0,0,7231346,11903062,1911441
12 x 64 B,18,4744,1910195,0,0,0,7247504,11903062,1911189
12 x 64 B,19,4744,1908610,0,0,0,7239644,11903062,1909610
12 x 64 B,20,4744,1912958,0,0,0,7256721,11903062,1913977
12 x 64 B,21,4744,1905323,0,0,0,7229553,11903062,1906330
12 x 64 B,22,4744,1913074,0,0,0,7258965,11903062,1914073
12 x 64 B,23,4744,1913348,0,0,0,7260388,11903062,1914350
12 x 64 B,24,4744,1914521,0,0,0,7264371,11903062,1915504
12 x 64 B,25,4744,1909624,0,0,0,7245935,11903062,1910621
12 x 64 B,26,4744,1914297,0,0,0,7263203,11903062,1915278
12 x 64 B,27,4744,1908992,0,0,0,7247790,11903061,1909953
12 x 64 B,28,4744,1908200,0,0,0,7237630,11903062,1909177
12 x 64 B,29,4744,1910536,0,0,0,7250053,11903062,1911509
12 x 64 B,30,4744,1908331,0,0,0,7238254,11903062,1909368
12 x 64 B,31,4744,1909140,0,0,0,7242601,11903062,1910153
16 x 64 B,0,4272,1909636,0,0,0,7243951,11902158,1910743
16 x 64 B,1,4272,1906949,0,0,0,7231446,11902158,1907983
16 x 64 B,2,4272,1905903,0,0,0,7229195,11902158,1906902
16 x 64 B,3,4272,1910020,0,0,0,7244420,11902158,1911039
16 x 64 B,4,4272,1911617,0,0,0,7239074,11902158,1912726
16 x 64 B,5,4272,1909879,0,0,0,7243825,11902158,1910991
16 x 64 B,6,4272,1907770,0,0,0,7242794,11902157,1909007
16 x 64 B,7,4272,1912029,0,0,0,7244133,11902158,1913544
16 x 64 B,8,4272,1910225,0,0,0,7244673,11902158,1911485
16 x 64 B,9,4272,1922838,0,0,0,7244698,11902158,1921666
16 x 64 B,10,4272,1910708,0,0,0,7243726,11902158,1911869
16 x 64 B,11,4272,1912114,0,0,0,7244012,11902158,1913198
16 x 64 B,12,4272,1910781,0,0,0,7243783,11902158,1911844
16 x 64 B,13,4272,1902068,0,0,0,7217509,11902158,1903091
16 x 64 B,14,4272,1910490,0,0,0,7244139,11902158,1911527
16 x 64 B,15,4272,1909250,0,0,0,7243853,11902158,1910283
16 x 64 B,16,4272,1909480,0,0,0,7243521,11902158,1910464
16 x 64 B,17,4272,1909215,0,0,0,7243577,11902158,1910203
16 x 64 B,18,4272,1907617,0,0,0,7243362,11902157,1908605
16 x 64 B,19,4272,1911109,0,0,0,7243546,11902158,1912170
16 x 64 B,20,4272,1909913,0,0,0,7244097,11902158,1910907
16 x 64 B,21,4272,1904657,0,0,0,7225616,11902158,1905641
16 x 64 B,22,4272,1902073,0,0,0,7217728,11902158,1903060
16 x 64 B,23,4272,1905591,0,0,0,7230767,11902158,1906608
16 x 64 B,24,4272,1909149,0,0,0,7243610,11902158,1910150
16 x 64 B,25,4272,1909089,0,0,0,7243908,11902158,1910075
16 x 64 B,26,4272,1909159,0,0,0,7243433,11902158,1910141
16 x 64 B,27,4272,1909369,0,0,0,7243518,11902158,1910358
16 x 64 B,28,4272,1909434,0,0,0,7243743,11902158,1910418
16 x 64 B,29,4272,1907780,0,0,0,7243387,11902157,1908762
16 x 64 B,30,4272,1913865,0,0,0,7244074,11902158,1914892
16 x 64 B,31,4272,1909475,0,0,0,7243754,11902158,1910447
24 x 64 B,0,2945,1928185,0,0,0,7314275,11924671,1929324
24 x 64 B,1,2945,1935213,0,0,0,7342237,11924671,1936216
24 x 64 B,2,2945,1934632,0,0,0,7337982,11924671,1935631
24 x 64 B,3,2945,1927102,0,0,0,7310715,11924671,1928099
24 x 64 B,4,2945,1930660,0,0,0,7323924,11924671,1931657
24 x 64 B,5,2945,1938369,0,0,0,7353413,11924671,1939363
24 x 64 B,6,2945,1939274,0,0,0,7357903,11924671,1940269
24 x 64 B,7,2945,1931593,0,0,0,7328014,11924671,1932561
24 x 64 B,8,2945,1929457,0,0,0,7320954,11924671,1930458
24 x 64 B,9,2945,1933817,0,0,0,7335831,11924671,1934807
24 x 64 B,10,2945,1932548,0,0,0,7332103,11924671,1933554
24 x 64 B,11,2945,1939742,0,0,0,7359037,11924671,1940728
24 x 64 B,12,2945,1924504,0,0,0,7307738,11924670,1925494
24 x 64 B,13,2945,1935189,0,0,0,7341710,11924671,1936186
24 x 64 B,14,2945,1926990,0,0,0,7308757,11924671,1928081
24 x 64 B,15,2945,1942072,0,0,0,7363019,11924671,1944509
24 x 64 B,16,2945,1935358,0,0,0,7336839,11924671,1936661
24 x 64 B,17,2945,1939006,0,0,0,7352147,11924671,1940973
24 x 64 B,18,2945,1940146,0,0,0,7319840,11924671,1938460
24 x 64 B,19,2945,1946377,0,0,0,7322389,11924671,1938477
24 x 64 B,20,2945,1941962,0,0,0,7364044,11924671,1943096
24 x 64 B,21,2945,1935822,0,0,0,7340487,11924671,1936858
24 x 64 B,22,2945,1934846,0,0,0,7332953,11924671,1935916
24 x 64 B,23,2945,1927102,0,0,0,7308929,11924671,1928117
24 x 64 B,24,2945,1925743,0,0,0,7306924,11924671,1926747
24 x 64 B,25,2945,2310824,0,0,0,7361103,11924671,2311897
24 x 64 B,26,2945,1935664,0,0,0,7344733,11924671,1936687
24 x 64 B,27,2945,1931099,0,0,0,7326053,11924671,1932135
24 x 64 B,28,2945,1932726,0,0,0,7331536,11924671,1933731
24 x 64 B,29,2945,1940390,0,0,0,7360757,11924671,1941392
24 x 64 B,30,2945,1931231,0,0,0,7327856,11924671,1932244
24 x 64 B,31,2945,1928136,0,0,0,7315876,11924671,1929144
64 x 64 B,0,1140,1977033,0,0,0,7501385,11815326,1978186
64 x 64 B,1,1140,1972735,0,0,0,7486454,11815326,1973730
64 x 64 B,2,1140,1974157,0,0,0,7487664,11815326,1975181
64 x 64 B,3,1140,1976485,0,0,0,7498617,11815326,1977511
64 x 64 B,4,1140,1976041,0,0,0,7497527,11815326,1977064
64 x 64 B,5,1140,1976021,0,0,0,7498328,11815326,1977053
64 x 64 B,6,1140,1975748,0,0,0,7497958,11815326,1976751
64 x 64 B,7,1140,1974204,0,0,0,7497613,11815325,1975198
64 x 64 B,8,1140,1977284,0,0,0,7498752,11815326,1978335
64 x 64 B,9,1140,1976120,0,0,0,7497977,11815326,1977164
64 x 64 B,10,1140,1979226,0,0,0,7498738,11815326,1980292
64 x 64 B,11,1140,1976228,0,0,0,7497695,11815326,1977243
64 x 64 B,12,1140,1975612,0,0,0,7489471,11815326,1976660
64 x 64 B,13,1140,1975664,0,0,0,7497682,11815326,1976663
64 x 64 B,14,1140,1976838,0,0,0,7498378,11815326,1977861
64 x 64 B,15,1140,1975898,0,0,0,7498505,11815326,1976883
64 x 64 B,16,1140,1976832,0,0,0,7498812,11815326,1977843
64 x 64 B,17,1140,1975894,0,0,0,7498074,11815326,1976895
64 x 64 B,18,1140,1976177,0,0,0,7498640,11815326,1977181
64 x 64 B,19,1140,1976676,0,0,0,7499299,11815326,1977662
64 x 64 B,20,1140,1976664,0,0,0,7498314,11815326,1977668
64 x 64 B,21,1140,1976113,0,0,0,7498278,11815326,1977179
64 x 64 B,22,1140,1976803,0,0,0,7497675,11815326,1977892
64 x 64 B,23,1140,1977690,0,0,0,7498287,11815326,1979261
64 x 64 B,24,1140,1978273,0,0,0,7498668,11815326,1979952
64 x 64 B,25,1140,1979226,0,0,0,7498278,11815326,1981417
64 x 64 B,26,1140,1977365,0,0,0,7491834,11815326,1978957
64 x 64 B,27,1140,1988774,0,0,0,7496124,11815326,1982297
64 x 64 B,28,1140,1977185,0,0,0,7497818,11815326,1978250
64 x 64 B,29,1140,1977504,0,0,0,7499217,11815326,1978578
64 x 64 B,30,1140,1977060,0,0,0,7498467,11815326,1978075
64 x 64 B,31,1140,1977208,0,0,0,7498581,11815326,1978227
128 x 64 B,0,579,1989697,0,0,0,7547157,11851338,1990971
128 x 64 B,1,579,1989191,0,0,0,7544342,11851338,1990259
128 x 64 B,2,579,1987835,0,0,0,7540734,11851338,1988879
128 x 64 B,3,579,1988146,0,0,0,7544125,11851338,1989178
128 x 64 B,4,579,1988212,0,0,0,7541265,11851338,1989253
128 x 64 B,5,579,1987769,0,0,0,7541327,11851338,1988827
128 x 64 B,6,579,1988405,0,0,0,7543849,11851338,1989440
128 x 64 B,7,579,1987804,0,0,0,7541600,11851338,1988840
128 x 64 B,8,579,1988016,0,0,0,7540585,11851338,1989059
128 x 64 B,9,579,1989129,0,0,0,7545144,11851338,1990172
128 x 64 B,10,579,1989213,0,0,0,7546976,11851338,1990289
128 x 64 B,11,579,1988475,0,0,0,7543204,11851338,1989659
128 x 64 B,12,579,1990142,0,0,0,7539373,11851338,1991300
128 x 64 B,13,579,1988008,0,0,0,7540148,11851338,1989474
128 x 64 B,14,579,1991057,0,0,0,7547150,11851338,1992712
128 x 64 B,15,579,1990617,0,0,0,7544317,11851338,1992275
128 x 64 B,16,579,2008184,0,0,0,7543123,11851338,2000775
128 x 64 B,17,579,1989323,0,0,0,7542249,11851338,1990515
128 x 64 B,18,579,1988835,0,0,0,7543002,11851338,1989867
128 x 64 B,19,579,1988733,0,0,0,7542423,11851338,1989765
128 x 64 B,20,579,1987977,0,0,0,7544068,11851338,1989017
128 x 64 B,21,579,1987852,0,0,0,7542394,11851338,1988930
128 x 64 B,22,579,1988543,0,0,0,7544476,11851338,1989591
128 x 64 B,23,579,1988696,0,0,0,7543663,11851338,1989742
128 x 64 B,24,579,1989287,0,0,0,7544236,11851338,1990348
128 x 64 B,25,579,1988936,0,0,0,7546229,11851338,1989961
128 x 64 B,26,579,1988021,0,0,0,7543517,11851338,1989064
128 x 64 B,27,579,2363750,0,0,0,7544021,11851338,2364817
128 x 64 B,28,579,1998411,0,0,0,7545988,11851338,1994799
128 x 64 B,29,579,1990179,0,0,0,7544249,11851338,1991263
128 x 64 B,30,579,1988278,0,0,0,7540444,11851338,1990032
128 x 64 B,31,579,1988978,0,0,0,7540844,11851338,1990236
129 x 64 B,0,567,1987117,0,0,0,7527597,11942520,1988782
129 x 64 B,1,567,2001898,0,0,0,7525449,11942520,1992699
129 x 64 B,2,567,1985350,0,0,0,7526903,11942520,1986430
129 x 64 B,3,567,1983675,0,0,0,7526569,11942520,1984685
129 x 64 B,4,567,1983556,0,0,0,7526441,11942520,1984573
129 x 64 B,5,567,1983769,0,0,0,7526432,11942520,1984879
129 x 64 B,6,567,1984405,0,0,0,7526457,11942520,1985435
129 x 64 B,7,567,1984627,0,0,0,7526411,11942520,1985664
129 x 64 B,8,567,1985244,0,0,0,7526392,11942520,1986336
129 x 64 B,9,567,1985236,0,0,0,7526185,11942520,1986326
129 x 64 B,10,567,1984463,0,0,0,7526352,11942520,1985488
129 x 64 B,11,567,1983629,0,0,0,7526133,11942520,1984670
129 x 64 B,12,567,1983811,0,0,0,7526411,11942520,1984821
129 x 64 B,13,567,1983404,0,0,0,7526058,11942520,1984433
129 x 64 B,14,567,1983628,0,0,0,7525919,11942520,1984635
129 x 64 B,15,567,1983516,0,0,0,7525787,11942520,1984541
129 x 64 B,16,567,1983886,0,0,0,7526165,11942520,1984936
129 x 64 B,17,567,1983988,0,0,0,7526454,11942520,1985010
129 x 64 B,18,567,1983789,0,0,0,7526227,11942520,1984805
129 x 64 B,19,567,1983386,0,0,0,7525697,11942520,1984413
129 x 64 B,20,567,1983688,0,0,0,7526212,11942520,1984716
129 x 64 B,21,567,1982413,0,0,0,7522695,11942520,1983452
129 x 64 B,22,567,1983241,0,0,0,7525084,11942520,1984268
129 x 64 B,23,567,1982313,0,0,0,7522849,11942520,1983346
129 x 64 B,24,567,1983746,0,0,0,7525922,11942520,1984756
129 x 64 B,25,567,1984014,0,0,0,7525955,11942520,1985028
129 x 64 B,26,567,1984409,0,0,0,7525946,11942520,1985455
129 x 64 B,27,567,1982211,0,0,0,7522773,11942520,1983243
129 x 64 B,28,567,1983814,0,0,0,7526299,11942520,1984832
129 x 64 B,29,567,1983166,0,0,0,7526033,11942520,1984197
129 x 64 B,30,567,1983588,0,0,0,7525715,11942520,1984613
129 x 64 B,31,567,1982369,0,0,0,7522691,11942520,1983407
1024 x 64 B,0,73,2021267,0,0,0,7668019,11900534,2022479
1024 x 64 B,1,73,2020569,0,0,0,7664587,11900534,2021698
1024 x 64 B,2,73,2020148,0,0,0,7664763,11900534,2021228
1024 x 64 B,3,73,2020341,0,0,0,7663578,11900534,2021440
1024 x 64 B,4,73,2022068,0,0,0,7669413,11900534,2023926
1024 x 64 B,5,73,2023275,0,0,0,7669164,11900534,2024721
1024 x 64 B,6,73,2022362,0,0,0,7667562,11900534,2024672
1024 x 64 B,7,73,2036626,0,0,0,7665060,11900534,2034230
1024 x 64 B,8,73,2037513,0,0,0,7665138,11900534,2029285
1024 x 64 B,9,73,2021849,0,0,0,7666757,11900534,2023000
1024 x 64 B,10,73,2022002,0,0,0,7667766,11900534,2023091
1024 x 64 B,11,73,2021938,0,0,0,7668321,11900534,2022991
1024 x 64 B,12,73,2020159,0,0,0,7666674,11900534,2021229
1024 x 64 B,13,73,2020078,0,0,0,7664804,11900534,2021159
1024 x 64 B,14,73,2027127,0,0,0,7666877,11900534,2028259
1024 x 64 B,15,73,2021047,0,0,0,7667148,11900534,2022128
1024 x 64 B,16,73,2021528,0,0,0,7664156,11900534,2022646
1024 x 64 B,17,73,2020753,0,0,0,7664650,11900534,2021825
1024 x 64 B,18,73,2021777,0,0,0,7666966,11900534,2022867
1024 x 64 B,19,73,2020782,0,0,0,7664869,11900534,2021853
1024 x 64 B,20,73,2019949,0,0,0,7665161,11900534,2021016
1024 x 64 B,21,73,2019671,0,0,0,7663361,11900534,2020738
1024 x 64 B,22,73,2019725,0,0,0,7663917,11900534,2020793
1024 x 64 B,23,73,2020768,0,0,0,7667757,11900534,2021827
1024 x 64 B,24,73,2021107,0,0,0,7665495,11900534,2022171
1024 x 64 B,25,73,2022405,0,0,0,7666991,11900535,2023469
1024 x 64 B,26,73,2020658,0,0,0,7667511,11900534,2021733
1024 x 64 B,27,73,2019231,0,0,0,7661278,11900534,2020306
1024 x 64 B,28,73,2019658,0,0,0,7664079,11900534,2020794
1024 x 64 B,29,73,2020614,0,0,0,7663171,11900534,2021715
1024 x 64 B,30,73,2020380,0,0,0,7662346,11900534,2021491
1024 x 64 B,31,73,2020580,0,0,0,7662801,11900534,2021659
1 x 128 B,0,12734,1699944,0,0,0,6450427,16108875,1701104
1 x 128 B,1,12734,1702502,0,0,0,6457457,16108876,1703499
1 x 128 B,2,12734,1704760,0,0,0,6463257,16108876,1705756
1 x 128 B,3,12734,1708633,0,0,0,6486959,16108875,1709631
1 x 128 B,4,12734,1706116,0,0,0,6472435,16108876,1707096
1 x 128 B,5,12734,1708413,0,0,0,6479890,16108876,1709398
1 x 128 B,6,12734,1711911,0,0,0,6487880,16108876,1712910
1 x 128 B,7,12734,1711975,0,0,0,6499278,16108875,1712968
1 x 128 B,8,12734,1708891,0,0,0,6482320,16108876,1709846
1 x 128 B,9,12734,1711686,0,0,0,6490261,16108876,1712676
1 x 128 B,10,12734,1699221,0,0,0,6451203,16108875,1700191
1 x 128 B,11,12734,1714349,0,0,0,6501139,16108876,1715445
1 x 128 B,12,12734,1708624,0,0,0,6478696,16108876,1709615
1 x 128 B,13,12734,1706981,0,0,0,6471185,16108876,1708498
1 x 128 B,14,12734,1706361,0,0,0,6476233,16108875,1707833
1 x 128 B,15,12734,1707351,0,0,0,6472252,16108876,1708596
1 x 128 B,16,12734,1720634,0,0,0,6466116,16108876,1718978
1 x 128 B,17,12734,1708480,0,0,0,6486838,16108875,1709908
1 x 128 B,18,12734,1729925,0,0,0,6501249,16108876,1722180
1 x 128 B,19,12734,1709113,0,0,0,6477941,16108876,1710166
1 x 128 B,20,12734,1703005,0,0,0,6455180,16108876,1704016
1 x 128 B,21,12734,1700160,0,0,0,6455958,16108875,1701256
1 x 128 B,22,12734,1704163,0,0,0,6467229,16108876,1705127
1 x 128 B,23,12734,1700333,0,0,0,6449683,16108876,1701297
1 x 128 B,24,12734,1698786,0,0,0,6452600,16108875,1699732
1 x 128 B,25,12734,1713502,0,0,0,6500176,16108876,1714478
1 x 128 B,26,12734,1705969,0,0,0,6473164,16108876,1706997
1 x 128 B,27,12734,1705746,0,0,0,6467942,16108876,1706735
1 x 128 B,28,12734,1702218,0,0,0,6463648,16108875,1703182
1 x 128 B,29,12734,1710583,0,0,0,6486403,16108876,1711601
1 x 128 B,30,12734,1713256,0,0,0,6498981,16108876,1714265
1 x 128 B,31,12734,1713487,0,0,0,6506119,16108875,1714499
3 x 128 B,0,4333,1559808,0,0,0,5918342,10542555,1560960
3 x 128 B,1,4333,1561534,0,0,0,5922668,10542555,1562500
3 x 128 B,2,4333,1562128,0,0,0,5932206,10542554,1563067
3 x 128 B,3,4333,1561762,0,0,0,5921264,10542555,1562830
3 x 128 B,4,4333,1556770,0,0,0,5904483,10542554,1557843
3 x 128 B,5,4333,1556338,0,0,0,5899729,10542555,1557315
3 x 128 B,6,4333,1550439,0,0,0,5885687,10542554,1551409
3 x 128 B,7,4333,1558525,0,0,0,5906028,10542555,1559521
3 x 128 B,8,4333,1555226,0,0,0,5905849,10542554,1556183
3 x 128 B,9,4333,1561684,0,0,0,5919377,10542555,1562669
3 x 128 B,10,4333,1558938,0,0,0,5912622,10542555,1559924
3 x 128 B,11,4333,1561925,0,0,0,5928762,10542554,1562880
3 x 128 B,12,4333,1556068,0,0,0,5901755,10542555,1557030
3 x 128 B,13,4333,1549460,0,0,0,5883951,10542554,1550428
3 x 128 B,14,4333,1558425,0,0,0,5909935,10542555,1559376
3 x 128 B,15,4333,1572371,0,0,0,5970040,10542554,1573337
3 x 128 B,16,4333,1576991,0,0,0,5982634,10542555,1577957
3 x 128 B,17,4333,1575568,0,0,0,5976868,10542555,1576541
3 x 128 B,18,4333,1571510,0,0,0,5967976,10542554,1572457
3 x 128 B,19,4333,1552781,0,0,0,5889538,10542555,1553748
3 x 128 B,20,4333,1542069,0,0,0,5855124,10542554,1543025
3 x 128 B,21,4333,1546930,0,0,0,5828421,10542555,1541777
3 x 128 B,22,4333,1568574,0,0,0,5954497,10542554,1569565
3 x 128 B,23,4333,1569144,0,0,0,5952360,10542555,1570126
3 x 128 B,24,4333,1573467,0,0,0,5973281,10542554,1574435
3 x 128 B,25,4333,1559991,0,0,0,5916636,10542555,1560980
3 x 128 B,26,4333,1566896,0,0,0,5940825,10542555,1567862
3 x 128 B,27,4333,1550756,0,0,0,5886824,10542554,1552096
3 x 128 B,28,4333,1556980,0,0,0,5900567,10542555,1558006
3 x 128 B,29,4333,1554647,0,0,0,5902331,10542554,1555930
3 x 128 B,30,4333,1571275,0,0,0,5953549,10542555,1573145
3 x 128 B,31,4333,1563026,0,0,0,5931655,10542554,1564192
4 x 128 B,0,5409,1892631,0,0,0,7177841,12381567,1894377
4 x 128 B,1,5409,1891873,0,0,0,7176533,12381567,1892902
4 x 128 B,2,5409,1887096,0,0,0,7154911,12381567,1888107
4 x 128 B,3,5409,1887682,0,0,0,7158926,12381567,1888683
4 x 128 B,4,5409,1886075,0,0,0,7155916,12381567,1887071
4 x 128 B,5,5409,1881823,0,0,0,7137404,12381567,1882794
4 x 128 B,6,5409,1882368,0,0,0,7141666,12381567,1883349
4 x 128 B,7,5409,1882857,0,0,0,7141686,12381567,1883837
4 x 128 B,8,5409,1883847,0,0,0,7152814,12381566,1884802
4 x 128 B,9,5409,1883073,0,0,0,7145432,12381567,1884047
4 x 128 B,10,5409,1893811,0,0,0,7175060,12381567,1894814
4 x 128 B,11,5409,1887568,0,0,0,7162082,12381567,1888569
4 x 128 B,12,5409,1887131,0,0,0,7158511,12381567,1888108
4 x 128 B,13,5409,1890895,0,0,0,7173432,12381567,1891879
4 x 128 B,14,5409,1886716,0,0,0,7155783,12381567,1887699
4 x 128 B,15,5409,1889095,0,0,0,7163542,12381567,1890100
4 x 128 B,16,5409,1887720,0,0,0,7161703,12381567,1888699
4 x 128 B,17,5409,1888790,0,0,0,7174230,12381566,1889747
4 x 128 B,18,5409,1890008,0,0,0,7170036,12381567,1890985
4 x 128 B,19,5409,1889978,0,0,0,7171905,12381567,1890964
4 x 128 B,20,5409,1885929,0,0,0,7154732,12381567,1886902
4 x 128 B,21,5409,1889917,0,0,0,7170647,12381567,1890878
4 x 128 B,22,5409,1883303,0,0,0,7143301,12381567,1884274
4 x 128 B,23,5409,1898361,0,0,0,7157270,12381567,1891634
4 x 128 B,24,5409,1888380,0,0,0,7161734,12381567,1889397
4 x 128 B,25,5409,1890845,0,0,0,7175009,12381567,1891814
4 x 128 B,26,5409,1885061,0,0,0,7157193,12381566,1886028
4 x 128 B,27,5409,1891497,0,0,0,7175950,12381567,1892466
4 x 128 B,28,5409,1891414,0,0,0,7173669,12381567,1892394
4 x 128 B,29,5409,1881225,0,0,0,7137183,12381567,1882219
4 x 128 B,30,5409,1884753,0,0,0,7150648,12381567,1885729
4 x 128 B,31,5409,1881334,0,0,0,7123824,12381567,1882345
6 x 128 B,0,3221,1918210,0,0,0,7278854,14755767,1919264
6 x 128 B,1,3221,1914914,0,0,0,7266003,14755767,1915891
6 x 128 B,2,3221,1912425,0,0,0,7254983,14755767,1913421
6 x 128 B,3,3221,1916075,0,0,0,7268529,14755767,1917079
6 x 128 B,4,3221,1918183,0,0,0,7283077,14755766,1919237
6 x 128 B,5,3221,1916121,0,0,0,7268355,14755767,1917131
6 x 128 B,6,3221,1919566,0,0,0,7279108,14755767,1921638
6 x 128 B,7,3221,1916560,0,0,0,7266306,14755767,1918423
6 x 128 B,8,3221,1914546,0,0,0,7257524,14755767,1917014
6 x 128 B,9,3221,1922971,0,0,0,7247551,14755767,1921053
6 x 128 B,10,3221,1934603,0,0,0,7278865,14755767,1926693
6 x 128 B,11,3221,1932480,0,0,0,7326968,14755767,1933506
6 x 128 B,12,3221,1920983,0,0,0,7287228,14755767,1922131
6 x 128 B,13,3221,1920046,0,0,0,7282512,14755767,1921052
6 x 128 B,14,3221,1929609,0,0,0,7316254,14755767,1930641
6 x 128 B,15,3221,1926773,0,0,0,7311346,14755767,1927762
6 x 128 B,16,3221,1930537,0,0,0,7320960,14755767,1931621
6 x 128 B,17,3221,1924379,0,0,0,7300514,14755767,1925379
6 x 128 B,18,3221,1923659,0,0,0,7304522,14755766,1924655
6 x 128 B,19,3221,1927008,0,0,0,7309806,14755767,1927986
6 x 128 B,20,3221,1925857,0,0,0,7308034,14755767,1926838
6 x 128 B,21,3221,1924158,0,0,0,7298841,14755767,1925135
6 x 128 B,22,3221,1927014,0,0,0,7312504,14755767,1927990
6 x 128 B,23,3221,1928503,0,0,0,7316679,14755767,1929673
6 x 128 B,24,3221,1926860,0,0,0,7306769,14755767,1927857
6 x 128 B,25,3221,1933071,0,0,0,7334323,14755767,1934051
6 x 128 B,26,3221,1919392,0,0,0,7283571,14755767,1920386
6 x 128 B,27,3221,1924917,0,0,0,7301660,14755767,1925889
6 x 128 B,28,3221,1929107,0,0,0,7318121,14755767,1930106
6 x 128 B,29,3221,1927626,0,0,0,7312176,14755767,1928610
6 x 128 B,30,3221,1928540,0,0,0,7318223,14755767,1929524
6 x 128 B,31,3221,1919602,0,0,0,7283056,14755767,1920589
8 x 128 B,0,4318,1911485,0,0,0,7257905,12146899,1912588
8 x 128 B,1,4318,1908947,0,0,0,7244467,12146900,1909933
8 x 128 B,2,4318,1912157,0,0,0,7253232,12146900,1913177
8 x 128 B,3,4318,1915603,0,0,0,7268682,12146900,1916601
8 x 128 B,4,4318,1914296,0,0,0,7261466,12146900,1915271
8 x 128 B,5,4318,1909187,0,0,0,7244762,12146900,1910160
8 x 128 B,6,4318,1911284,0,0,0,7250665,12146900,1912262
8 x 128 B,7,4318,1913862,0,0,0,7263357,12146900,1914857
8 x 128 B,8,4318,1910807,0,0,0,7248837,12146900,1911780
8 x 128 B,9,4318,1913272,0,0,0,7260863,12146900,1914261
8 x 128 B,10,4318,1911880,0,0,0,7251276,12146900,1913070
8 x 128 B,11,4318,1911313,0,0,0,7249583,12146900,1912306
8 x 128 B,12,4318,1911261,0,0,0,7257300,12146899,1912295
8 x 128 B,13,4318,1914327,0,0,0,7262218,12146900,1915402
8 x 128 B,14,4318,1913868,0,0,0,7257190,12146900,1915002
8 x 128 B,15,4318,1912435,0,0,0,7244887,12146900,1914257
8 x 128 B,16,4318,1912401,0,0,0,7251040,12146900,1913501
8 x 128 B,17,4318,1927709,0,0,0,7255316,12146900,1925301
8 x 128 B,18,4318,1921171,0,0,0,7263433,12146900,1920329
8 x 128 B,19,4318,1924969,0,0,0,7258725,12146900,1918677
8 x 128 B,20,4318,1911293,0,0,0,7247862,12146900,1912371
8 x 128 B,21,4318,1914866,0,0,0,7262240,12146900,1915885
8 x 128 B,22,4318,1914183,0,0,0,7262176,12146900,1915205
8 x 128 B,23,4318,1910687,0,0,0,7246825,12146900,1911683
8 x 128 B,24,4318,1909495,0,0,0,7250489,12146899,1910501
8 x 128 B,25,4318,1915486,0,0,0,7263402,12146900,1916523
8 x 128 B,26,4318,1910617,0,0,0,7249173,12146900,1911628
8 x 128 B,27,4318,1915184,0,0,0,7261812,12146900,1916227
8 x 128 B,28,4318,1919620,0,0,0,7255730,12146900,1916794
8 x 128 B,29,4318,1911954,0,0,0,7251522,12146900,1912998
8 x 128 B,30,4318,1911498,0,0,0,7249891,12146900,1912565
8 x 128 B,31,4318,1911127,0,0,0,7249977,12146900,1912113
12 x 128 B,0,2541,1946527,0,0,0,7385561,11998968,1947650
12 x 128 B,1,2541,1945965,0,0,0,7381512,11998968,1946963
12 x 128 B,2,2541,1943768,0,0,0,7373777,11998968,1944759
12 x 128 B,3,2541,1946063,0,0,0,7384491,11998968,1947050
12 x 128 B,4,2541,1945111,0,0,0,7379880,11998968,1946091
12 x 128 B,5,2541,1941916,0,0,0,7368893,11998968,1942914
12 x 128 B,6,2541,1942460,0,0,0,7370316,11998968,1943481
12 x 128 B,7,2541,1946510,0,0,0,7391848,11998967,1947474
12 x 128 B,8,2541,1939134,0,0,0,7350168,11998968,1940211
12 x 128 B,9,2541,1945514,0,0,0,7380266,11998968,1946527
12 x 128 B,10,2541,1948479,0,0,0,7393548,11998968,1949462
12 x 128 B,11,2541,1937935,0,0,0,7350057,11998968,1938922
12 x 128 B,12,2541,1943811,0,0,0,7374292,11998968,1944795
12 x 128 B,13,2541,1946841,0,0,0,7384890,11998968,1947825
12 x 128 B,14,2541,1942450,0,0,0,7370777,11998968,1943445
12 x 128 B,15,2541,1948925,0,0,0,7393114,11998968,1949911
12 x 128 B,16,2541,1943205,0,0,0,7373418,11998968,1944193
12 x 128 B,17,2541,1946273,0,0,0,7382359,11998968,1947274
12 x 128 B,18,2541,1949426,0,0,0,7396114,11998968,1950405
12 x 128 B,19,2541,1943183,0,0,0,7373150,11998968,1944189
12 x 128 B,20,2541,1945879,0,0,0,7384040,11998968,1946893
12 x 128 B,21,2541,1947585,0,0,0,7389065,11998968,1948583
12 x 128 B,22,2541,1945861,0,0,0,7380754,11998968,1946842
12 x 128 B,23,2541,1947112,0,0,0,7381839,11998968,1948849
12 x 128 B,24,2541,1957278,0,0,0,7377550,11998968,1953002
12 x 128 B,25,2541,1958747,0,0,0,7383512,11998968,1958201
12 x 128 B,26,2541,1941489,0,0,0,7369321,11998967,1942707
12 x 128 B,27,2541,1967205,0,0,0,7404661,11998968,1960119
12 x 128 B,28,2541,1949459,0,0,0,7391817,11998968,1950535
12 x 128 B,29,2541,1944648,0,0,0,7375738,11998968,1945803
12 x 128 B,30,2541,1950944,0,0,0,7403638,11998968,1951955
12 x 128 B,31,2541,1942799,0,0,0,7368000,11998968,1943793
16 x 128 B,0,2266,1951252,0,0,0,7401871,11883270,1952381
16 x 128 B,1,2266,1954543,0,0,0,7414839,11883270,1955570
16 x 128 B,2,2266,1956987,0,0,0,7420993,11883270,1958093
16 x 128 B,3,2266,1949483,0,0,0,7397311,11883270,1950500
16 x 128 B,4,2266,1954051,0,0,0,7409757,11883270,1955100
16 x 128 B,5,2266,1951123,0,0,0,7401520,11883270,1952144
16 x 128 B,6,2266,1953247,0,0,0,7410161,11883270,1954232
16 x 128 B,7,2266,1951893,0,0,0,7406134,11883270,1952910
16 x 128 B,8,2266,1954332,0,0,0,7414243,11883270,1955325
16 x 128 B,9,2266,1949894,0,0,0,7399205,11883270,1950910
16 x 128 B,10,2266,1956915,0,0,0,7417420,11883271,1957991
16 x 128 B,11,2266,1950358,0,0,0,7399103,11883270,1951354
16 x 128 B,12,2266,1950887,0,0,0,7400274,11883270,1951887
16 x 128 B,13,2266,1950155,0,0,0,7399542,11883270,1951159
16 x 128 B,14,2266,1952076,0,0,0,7401697,11883270,1953135
16 x 128 B,15,2266,1953945,0,0,0,7414406,11883270,1954952
16 x 128 B,16,2266,1949552,0,0,0,7403880,11883269,1950554
16 x 128 B,17,2266,1952388,0,0,0,7408428,11883270,1953386
16 x 128 B,18,2266,1955845,0,0,0,7422379,11883270,1956838
16 x 128 B,19,2266,1953166,0,0,0,7409397,11883270,1954152
16 x 128 B,20,2266,1949848,0,0,0,7399310,11883270,1950842
16 x 128 B,21,2266,1950501,0,0,0,7398441,11883270,1951498
16 x 128 B,22,2266,1949430,0,0,0,7398122,11883270,1950408
16 x 128 B,23,2266,1951862,0,0,0,7404431,11883270,1952907
16 x 128 B,24,2266,1953806,0,0,0,7409899,11883270,1954833
16 x 128 B,25,2266,1952244,0,0,0,7400907,11883270,1953329
16 x 128 B,26,2266,1951580,0,0,0,7401478,11883270,1952759
16 x 128 B,27,2266,1956685,0,0,0,7417591,11883270,1957898
16 x 128 B,28,2266,1952065,0,0,0,7404649,11883270,1953057
16 x 128 B,29,2266,1951684,0,0,0,7401584,11883270,1952709
16 x 128 B,30,2266,1951321,0,0,0,7399966,11883270,1952677
16 x 128 B,31,2266,1956812,0,0,0,7414673,11883270,1958101
24 x 128 B,0,1536,1969516,0,0,0,7466350,11789166,1971278
24 x 128 B,1,1536,1979721,0,0,0,7462669,11789166,1978586
24 x 128 B,2,1536,1978580,0,0,0,7459350,11789166,1971713
24 x 128 B,3,1536,1966999,0,0,0,7459533,11789166,1968046
24 x 128 B,4,1536,1969134,0,0,0,7471523,11789166,1970124
24 x 128 B,5,1536,1965813,0,0,0,7458379,11789166,1966940
24 x 128 B,6,1536,1966804,0,0,0,7463015,11789166,1967815
24 x 128 B,7,1536,1969615,0,0,0,7473032,11789166,1970603
24 x 128 B,8,1536,1967396,0,0,0,7463095,11789166,1968383
24 x 128 B,9,1536,1967150,0,0,0,7460677,11789166,1968179
24 x 128 B,10,1536,1965133,0,0,0,7454327,11789166,1966159
24 x 128 B,11,1536,1967254,0,0,0,7466053,11789165,1968298
24 x 128 B,12,1536,1967897,0,0,0,7463190,11789166,1968912
24 x 128 B,13,1536,1964783,0,0,0,7452787,11789166,1965792
24 x 128 B,14,1536,1966655,0,0,0,7460023,11789166,1967656
24 x 128 B,15,1536,1964924,0,0,0,7455997,11789166,1965926
24 x 128 B,16,1536,1965253,0,0,0,7457020,11789166,1966245
24 x 128 B,17,1536,1968816,0,0,0,7471027,11789166,1969820
24 x 128 B,18,1536,1965506,0,0,0,7457520,11789166,1966481
24 x 128 B,19,1536,1968799,0,0,0,7469390,11789166,1969793
24 x 128 B,20,1536,1966364,0,0,0,7459839,11789166,1967350
24 x 128 B,21,1536,1964322,0,0,0,7453384,11789166,1965337
24 x 128 B,22,1536,1964082,0,0,0,7452372,11789166,1965080
24 x 128 B,23,1536,1968042,0,0,0,7462756,11789166,1969063
24 x 128 B,24,1536,1966321,0,0,0,7460634,11789166,1967315
24 x 128 B,25,1536,1966255,0,0,0,7461333,11789166,1967259
24 x 128 B,26,1536,1966624,0,0,0,7461284,11789166,1967624
24 x 128 B,27,1536,1968038,0,0,0,7463095,11789166,1969041
24 x 128 B,28,1536,1966919,0,0,0,7463064,11789166,1967915
24 x 128 B,29,1536,1971531,0,0,0,7463216,11789166,1972589
24 x 128 B,30,1536,1966542,0,0,0,7462172,11789166,1967539
24 x 128 B,31,1536,1965492,0,0,0,7458286,11789166,1966491
64 x 128 B,0,589,1988759,0,0,0,7546431,11680236,1989922
64 x 128 B,1,589,1987489,0,0,0,7541407,11680236,1988509
64 x 128 B,2,589,1988614,0,0,0,7542737,11680236,1989653
64 x 128 B,3,589,1988090,0,0,0,7541981,11680236,1989103
64 x 128 B,4,589,1987548,0,0,0,7540604,11680236,1988618
64 x 128 B,5,589,1987539,0,0,0,7536324,11680236,1988703
64 x 128 B,6,589,1987351,0,0,0,7533852,11680236,1989284
64 x 128 B,7,589,1988126,0,0,0,7539810,11680236,1989448
64 x 128 B,8,589,1993268,0,0,0,7539390,11680236,1995489
64 x 128 B,9,589,1998992,0,0,0,7535817,11680236,1995179
64 x 128 B,10,589,1988824,0,0,0,7540450,11680236,1989946
64 x 128 B,11,589,1987078,0,0,0,7536642,11680236,1988142
64 x 128 B,12,589,1987872,0,0,0,7538525,11680236,1988960
64 x 128 B,13,589,1988787,0,0,0,7540625,11680236,1989854
64 x 128 B,14,589,1985740,0,0,0,7535624,11680236,1986771
64 x 128 B,15,589,2050862,0,0,0,7536008,11680236,2051938
64 x 128 B,16,589,1991904,0,0,0,7535123,11680236,1992931
64 x 128 B,17,589,1995114,0,0,0,7539135,11680236,1996175
64 x 128 B,18,589,1992282,0,0,0,7531709,11680236,1993314
64 x 128 B,19,589,1996110,0,0,0,7541792,11680236,1997174
64 x 128 B,20,589,1993982,0,0,0,7540239,11680236,1995017
64 x 128 B,21,589,1994288,0,0,0,7534544,11680236,1995355
64 x 128 B,22,589,1994557,0,0,0,7539301,11680236,1995578
64 x 128 B,23,589,1994585,0,0,0,7537375,11680236,1995649
64 x 128 B,24,589,1992389,0,0,0,7536440,11680236,1993427
64 x 128 B,25,589,1993652,0,0,0,7534689,11680236,1994721
64 x 128 B,26,589,1995014,0,0,0,7535481,11680236,1996042
64 x 128 B,27,589,1994517,0,0,0,7536130,11680236,1995566
64 x 128 B,28,589,1991507,0,0,0,7529193,11680236,1992525
64 x 128 B,29,589,1995997,0,0,0,7539221,11680236,1997071
64 x 128 B,30,589,1988514,0,0,0,7532778,11680236,1989541
64 x 128 B,31,589,1987700,0,0,0,7537915,11680236,1988743
128 x 128 B,0,296,1994363,0,0,0,7563035,11626654,1995562
128 x 128 B,1,296,1994941,0,0,0,7568631,11626654,1995992
128 x 128 B,2,296,1994947,0,0,0,7565441,11626654,1996030
128 x 128 B,3,296,1995922,0,0,0,7571253,11626654,1996970
128 x 128 B,4,296,1994884,0,0,0,7568065,11626654,1995929
128 x 128 B,5,296,1993656,0,0,0,7564578,11626654,1994718
128 x 128 B,6,296,1994774,0,0,0,7568477,11626654,1995835
128 x 128 B,7,296,1993579,0,0,0,7564736,11626654,1994641
128 x 128 B,8,296,1993275,0,0,0,7562999,11626654,1994329
128 x 128 B,9,296,1994630,0,0,0,7559182,11626654,1995757
128 x 128 B,10,296,1994077,0,0,0,7563875,11626654,1995139
128 x 128 B,11,296,1993716,0,0,0,7561287,11626654,1994868
128 x 128 B,12,296,1993677,0,0,0,7560425,11626654,1995112
128 x 128 B,13,296,1995394,0,0,0,7566962,11626654,1996845
128 x 128 B,14,296,1994733,0,0,0,7561497,11626654,1996618
128 x 128 B,15,296,2010033,0,0,0,7567804,11626654,2007977
128 x 128 B,16,296,2014488,0,0,0,7579843,11626654,2006511
128 x 128 B,17,296,1994619,0,0,0,7565918,11626654,1995724
128 x 128 B,18,296,1993421,0,0,0,7561041,11626654,1994587
128 x 128 B,19,296,1994792,0,0,0,7567741,11626654,1995859
128 x 128 B,20,296,1995898,0,0,0,7567931,11626654,1996992
128 x 128 B,21,296,2006954,0,0,0,7565898,11626654,1999127
128 x 128 B,22,296,1998934,0,0,0,7578697,11626654,2000082
128 x 128 B,23,296,1997536,0,0,0,7576245,11626654,1998738
128 x 128 B,24,296,1998612,0,0,0,7579749,11626654,1999683
128 x 128 B,25,296,1998357,0,0,0,7581120,11626654,1999405
128 x 128 B,26,296,1996917,0,0,0,7575868,11626654,1997969
128 x 128 B,27,296,1996449,0,0,0,7576111,11626654,1997504
128 x 128 B,28,296,1994525,0,0,0,7567031,11626654,1995593
128 x 128 B,29,296,1998851,0,0,0,7585497,11626654,1999929
128 x 128 B,30,296,1998949,0,0,0,7582286,11626654,2000005
128 x 128 B,31,296,1997049,0,0,0,7578353,11626654,1998114
129 x 128 B,0,291,2001550,0,0,0,7595799,11835336,2002769
129 x 128 B,1,291,2001995,0,0,0,7595780,11835336,2003058
129 x 128 B,2,291,2000586,0,0,0,7592098,11835336,2001646
129 x 128 B,3,291,2002026,0,0,0,7595648,11835336,2003081
129 x 128 B,4,291,2001511,0,0,0,7593277,11835336,2002576
129 x 128 B,5,291,2005451,0,0,0,7605795,11835336,2006492
129 x 128 B,6,291,2000644,0,0,0,7591308,11835336,2001729
129 x 128 B,7,291,1998435,0,0,0,7582494,11835336,1999483
129 x 128 B,8,291,2000033,0,0,0,7587372,11835336,2001098
129 x 128 B,9,291,2003334,0,0,0,7600406,11835336,2004391
129 x 128 B,10,291,2002107,0,0,0,7591796,11835336,2003208
129 x 128 B,11,291,2008009,0,0,0,7616657,11835336,2009086
129 x 128 B,12,291,2003624,0,0,0,7602764,11835336,2004703
129 x 128 B,13,291,2006118,0,0,0,7611767,11835336,2007184
129 x 128 B,14,291,2000932,0,0,0,7592388,11835336,2002010
129 x 128 B,15,291,2000820,0,0,0,7591716,11835336,2001900
129 x 128 B,16,291,1999891,0,0,0,7588769,11835336,2000975
129 x 128 B,17,291,2004481,0,0,0,7604393,11835336,2005554
129 x 128 B,18,291,2005791,0,0,0,7608203,11835336,2007055
129 x 128 B,19,291,2005696,0,0,0,7608704,11835336,2006821
129 x 128 B,20,291,2007061,0,0,0,7608132,11835336,2008972
129 x 128 B,21,291,2003420,0,0,0,7597095,11835336,2004594
129 x 128 B,22,291,2014310,0,0,0,7604555,11835336,2017136
129 x 128 B,23,291,2014832,0,0,0,7617226,11835336,2013723
129 x 128 B,24,291,2019401,0,0,0,7616967,11835336,2014197
129 x 128 B,25,291,2007031,0,0,0,7611531,11835336,2008118
129 x 128 B,26,291,2006879,0,0,0,7613526,11835336,2007947
129 x 128 B,27,291,2005748,0,0,0,7609085,11835336,2006912
129 x 128 B,28,291,2010564,0,0,0,7621511,11835336,2011672
129 x 128 B,29,291,2011080,0,0,0,7617010,11835336,2012238
129 x 128 B,30,291,2006846,0,0,0,7612108,11835336,2007931
129 x 128 B,31,291,2009501,0,0,0,7620069,11835336,2010572
1024 x 128 B,0,37,2024011,0,0,0,7677433,11590912,2025251
1024 x 128 B,1,37,2023673,0,0,0,7678257,11590912,2024740
1024 x 128 B,2,37,2023557,0,0,0,7676505,11590912,2024607
1024 x 128 B,3,37,2024202,0,0,0,7677163,11590912,2025251
1024 x 128 B,4,37,2023931,0,0,0,7678879,11590912,2024968
1024 x 128 B,5,37,2023481,0,0,0,7677231,11590912,2024541
1024 x 128 B,6,37,2023605,0,0,0,7677084,11590912,2024672
1024 x 128 B,7,37,2023675,0,0,0,7676712,11590912,2024747
1024 x 128 B,8,37,2023476,0,0,0,7676246,11590912,2024538
1024 x 128 B,9,37,2023111,0,0,0,7675834,11590912,2024158
1024 x 128 B,10,37,2025459,0,0,0,7677035,11590913,2026529
1024 x 128 B,11,37,2023187,0,0,0,7675074,11590912,2024255
1024 x 128 B,12,37,2022635,0,0,0,7674092,11590912,2023695
1024 x 128 B,13,37,2023988,0,0,0,7674267,11590912,2025116
1024 x 128 B,14,37,2023312,0,0,0,7675642,11590912,2024371
1024 x 128 B,15,37,2023390,0,0,0,7675517,11590912,2024444
1024 x 128 B,16,37,2022911,0,0,0,7675877,11590912,2023958
1024 x 128 B,17,37,2023660,0,0,0,7677657,11590912,2024723
1024 x 128 B,18,37,2023158,0,0,0,7675090,11590912,2024206
1024 x 128 B,19,37,2023866,0,0,0,7676434,11590912,2024927
1024 x 128 B,20,37,2022987,0,0,0,7676761,11590912,2024068
1024 x 128 B,21,37,2023335,0,0,0,7676484,11590912,2024378
1024 x 128 B,22,37,2024067,0,0,0,7678906,11590912,2025135
1024 x 128 B,23,37,2024111,0,0,0,7677110,11590912,2025166
1024 x 128 B,24,37,2023622,0,0,0,7677645,11590912,2024706
1024 x 128 B,25,37,2034952,0,0,0,7719566,11590912,2036081
1024 x 128 B,26,37,2055314,0,0,0,7795714,11590912,2057214
1024 x 128 B,27,37,2035286,0,0,0,7714462,11590912,2037447
1024 x 128 B,28,37,2032219,0,0,0,7704969,11590912,2034801
1024 x 128 B,29,37,2037551,0,0,0,7679972,11590912,2036198
1024 x 128 B,30,37,2039452,0,0,0,7677459,11590912,2031748
1024 x 128 B,31,37,2024908,0,0,0,7677429,11590912,2026039
1 x 256 B,0,7333,1836750,0,0,0,6967819,16316291,1837910
1 x 256 B,1,7333,1831573,0,0,0,6944110,16316291,1832595
1 x 256 B,2,7333,1839351,0,0,0,6979226,16316291,1840382
1 x 256 B,3,7333,1839105,0,0,0,6964202,16316291,1840146
1 x 256 B,4,7333,1827768,0,0,0,6940013,16316290,1828732
1 x 256 B,5,7333,1842975,0,0,0,6986190,16316291,1844033
1 x 256 B,6,7333,1843869,0,0,0,6995123,16316291,1844844
1 x 256 B,7,7333,1835882,0,0,0,6961663,16316291,1836852
1 x 256 B,8,7333,1844039,0,0,0,6988516,16316291,1845067
1 x 256 B,9,7333,1841565,0,0,0,6985803,16316291,1842559
1 x 256 B,10,7333,1829454,0,0,0,6947018,16316290,1830439
1 x 256 B,11,7333,1836649,0,0,0,6968880,16316291,1837629
1 x 256 B,12,7333,1833361,0,0,0,6954548,16316291,1834316
1 x 256 B,13,7333,1834649,0,0,0,6961085,16316291,1835649
1 x 256 B,14,7333,1831698,0,0,0,6946661,16316291,1832698
1 x 256 B,15,7333,1835031,0,0,0,6958141,16316291,1836118
1 x 256 B,16,7333,1839236,0,0,0,6981842,16316290,1840506
1 x 256 B,17,7333,1843162,0,0,0,6989362,16316291,1844153
1 x 256 B,18,7333,1839348,0,0,0,6977037,16316291,1840332
1 x 256 B,19,7333,1832420,0,0,0,6950247,16316291,1833396
1 x 256 B,20,7333,1834715,0,0,0,6957743,16316291,1835685
1 x 256 B,21,7333,1840114,0,0,0,6980008,16316291,1841101
1 x 256 B,22,7333,1828340,0,0,0,6941852,16316290,1829313
1 x 256 B,23,7333,1833445,0,0,0,6948978,16316291,1834423
1 x 256 B,24,7333,1837603,0,0,0,6971096,16316291,1838567
1 x 256 B,25,7333,1833449,0,0,0,6951085,16316291,1834459
1 x 256 B,26,7333,1827872,0,0,0,6933610,16316291,1828839
1 x 256 B,27,7333,1825340,0,0,0,6925469,16316291,1826329
1 x 256 B,28,7333,1834121,0,0,0,6965377,16316290,1835069
1 x 256 B,29,7333,1833058,0,0,0,6953769,16316291,1834023
1 x 256 B,30,7333,1836223,0,0,0,6968054,16316291,1837185
1 x 256 B,31,7333,1837456,0,0,0,6970494,16316291,1838438
3 x 256 B,0,2917,1968430,0,0,0,7466862,12429703,1969494
3 x 256 B,1,2917,1963793,0,0,0,7450670,12429703,1964982
3 x 256 B,2,2917,1975137,0,0,0,7488724,12429703,1976180
3 x 256 B,3,2917,1954450,0,0,0,7411667,12429703,1956349
3 x 256 B,4,2917,1976911,0,0,0,7495573,12429703,1978537
3 x 256 B,5,2917,1966141,0,0,0,7451534,12429703,1968683
3 x 256 B,6,2917,1967038,0,0,0,7454373,12429703,1969074
3 x 256 B,7,2917,1958743,0,0,0,7419633,12429703,1959821
3 x 256 B,8,2917,1958472,0,0,0,7382818,12429703,1950971
3 x 256 B,9,2917,1978567,0,0,0,7501495,12429703,1980111
3 x 256 B,10,2917,1955717,0,0,0,7419512,12429703,1956818
3 x 256 B,11,2917,1937315,0,0,0,7349381,12429703,1938279
3 x 256 B,12,2917,1922121,0,0,0,7293037,12429703,1923097
3 x 256 B,13,2917,1920824,0,0,0,7294330,12429702,1921806
3 x 256 B,14,2917,1950642,0,0,0,7398679,12429703,1951685
3 x 256 B,15,2917,1964700,0,0,0,7447904,12429703,1966329
3 x 256 B,16,2917,1968469,0,0,0,7453969,12429703,1969628
3 x 256 B,17,2917,1960919,0,0,0,7438025,12429703,1961891
3 x 256 B,18,2917,1973828,0,0,0,7485351,12429703,1974846
3 x 256 B,19,2917,1974193,0,0,0,7487813,12429703,1975155
3 x 256 B,20,2917,1994822,0,0,0,7566728,12429703,1997213
3 x 256 B,21,2917,1960303,0,0,0,7383238,12429703,1958650
3 x 256 B,22,2917,1983098,0,0,0,7501206,12429703,1982260
3 x 256 B,23,2917,1947742,0,0,0,7344109,12429703,1942396
3 x 256 B,24,2917,1950819,0,0,0,7390852,12429703,1951865
3 x 256 B,25,2917,1923139,0,0,0,7294349,12429703,1924106
3 x 256 B,26,2917,1939781,0,0,0,7357769,12429703,1940778
3 x 256 B,27,2917,1946406,0,0,0,7383560,12429703,1947383
3 x 256 B,28,2917,1940431,0,0,0,7362528,12429703,1941388
3 x 256 B,29,2917,1936935,0,0,0,7349215,12429703,1937898
3 x 256 B,30,2917,1976443,0,0,0,7500391,12429703,1977389
3 x 256 B,31,2917,1949945,0,0,0,7392705,12429703,1950954
4 x 256 B,0,2940,1945858,0,0,0,7380992,12130806,1946932
4 x 256 B,1,2940,1943538,0,0,0,7375352,12130806,1944500
4 x 256 B,2,2940,1938207,0,0,0,7353387,12130806,1939184
4 x 256 B,3,2940,1943190,0,0,0,7363519,12130806,1944205
4 x 256 B,4,2940,1940787,0,0,0,7370206,12130805,1941768
4 x 256 B,5,2940,1943031,0,0,0,7373625,12130806,1944015
4 x 256 B,6,2940,1940544,0,0,0,7361889,12130806,1941512
4 x 256 B,7,2940,1945583,0,0,0,7382753,12130806,1946548
4 x 256 B,8,2940,1933244,0,0,0,7328029,12130806,1934290
4 x 256 B,9,2940,1939614,0,0,0,7359756,12130806,1940603
4 x 256 B,10,2940,1943288,0,0,0,7370446,12130806,1944321
4 x 256 B,11,2940,1940691,0,0,0,7359072,12130806,1942871
4 x 256 B,12,2940,1953180,0,0,0,7404234,12130806,1955288
4 x 256 B,13,2940,1941915,0,0,0,7363796,12130806,1943828
4 x 256 B,14,2940,1957969,0,0,0,7376446,12130806,1956223
4 x 256 B,15,2940,1944654,0,0,0,7373740,12130806,1945767
4 x 256 B,16,2940,1944860,0,0,0,7376756,12130806,1945866
4 x 256 B,17,2940,1942096,0,0,0,7365465,12130806,1943145
4 x 256 B,18,2940,1941379,0,0,0,7364598,12130806,1942367
4 x 256 B,19,2940,1941921,0,0,0,7370116,12130806,1942902
4 x 256 B,20,2940,2324327,0,0,0,7364079,12130806,2325392
4 x 256 B,21,2940,1939551,0,0,0,7358461,12130806,1940535
4 x 256 B,22,2940,1945110,0,0,0,7379418,12130806,1946084
4 x 256 B,23,2940,1941953,0,0,0,7364105,12130806,1942967
4 x 256 B,24,2940,1937791,0,0,0,7352980,12130806,1938777
4 x 256 B,25,2940,1943939,0,0,0,7376947,12130806,1944931
4 x 256 B,26,2940,1946176,0,0,0,7384394,12130806,1947164
4 x 256 B,27,2940,1940758,0,0,0,7363774,12130806,1941749
4 x 256 B,28,2940,1940566,0,0,0,7362256,12130806,1941554
4 x 256 B,29,2940,1944427,0,0,0,7382529,12130805,1945387
4 x 256 B,30,2940,1943884,0,0,0,7375826,12130806,1944855
4 x 256 B,31,2940,1938037,0,0,0,7353177,12130806,1939012
6 x 256 B,0,1718,1943954,0,0,0,7376398,14325050,1945066
6 x 256 B,1,1718,1944967,0,0,0,7380414,14325050,1945945
6 x 256 B,2,1718,1945451,0,0,0,7381402,14325050,1946424
6 x 256 B,3,1718,1952748,0,0,0,7410635,14325050,1953735
6 x 256 B,4,1718,1951925,0,0,0,7403740,14325050,1952905
6 x 256 B,5,1718,1956550,0,0,0,7424337,14325050,1957540
6 x 256 B,6,1718,1957419,0,0,0,7427280,14325050,1958404
6 x 256 B,7,1718,1950244,0,0,0,7400563,14325050,1951218
6 x 256 B,8,1718,1951459,0,0,0,7404361,14325050,1952442
6 x 256 B,9,1718,1957474,0,0,0,7428405,14325050,1958448
6 x 256 B,10,1718,1955229,0,0,0,7416952,14325050,1956228
6 x 256 B,11,1718,1944963,0,0,0,7380317,14325050,1945948
6 x 256 B,12,1718,1954427,0,0,0,7415999,14325050,1955415
6 x 256 B,13,1718,1955165,0,0,0,7420097,14325050,1956131
6 x 256 B,14,1718,1954846,0,0,0,7417086,14325050,1955832
6 x 256 B,15,1718,1950963,0,0,0,7403979,14325050,1951935
6 x 256 B,16,1718,1946119,0,0,0,7381885,14325050,1947170
6 x 256 B,17,1718,1957020,0,0,0,7422734,14325050,1958248
6 x 256 B,18,1718,1953963,0,0,0,7411015,14325050,1955157
6 x 256 B,19,1718,1944389,0,0,0,7380177,14325049,1946234
6 x 256 B,20,1718,1961039,0,0,0,7434753,14325050,1962120
6 x 256 B,21,1718,1958166,0,0,0,7420845,14325050,1960337
6 x 256 B,22,1718,1961904,0,0,0,7403437,14325050,1960471
6 x 256 B,23,1718,1946363,0,0,0,7379846,14325050,1947390
6 x 256 B,24,1718,1962466,0,0,0,7440954,14325050,1963519
6 x 256 B,25,1718,1954257,0,0,0,7409136,14325050,1955289
6 x 256 B,26,1718,1953121,0,0,0,7408685,14325050,1954108
6 x 256 B,27,1718,1955859,0,0,0,7418010,14325050,1956857
6 x 256 B,28,1718,1968772,0,0,0,7468502,14325050,1969753
6 x 256 B,29,1718,1960135,0,0,0,7438882,14325050,1961121
6 x 256 B,30,1718,2339783,0,0,0,7431747,14325050,2340800
6 x 256 B,31,1718,1973153,0,0,0,7486770,14325050,1974142
8 x 256 B,0,2290,1943279,0,0,0,7374179,11770966,1944387
8 x 256 B,1,2290,1945303,0,0,0,7380125,11770966,1946291
8 x 256 B,2,2290,1942307,0,0,0,7371520,11770966,1943308
8 x 256 B,3,2290,1944769,0,0,0,7378507,11770966,1945769
8 x 256 B,4,2290,1942883,0,0,0,7372261,11770966,1943882
8 x 256 B,5,2290,1942728,0,0,0,7371527,11770966,1943730
8 x 256 B,6,2290,1945153,0,0,0,7379600,11770966,1946134
8 x 256 B,7,2290,1947752,0,0,0,7384106,11770966,1948790
8 x 256 B,8,2290,1945902,0,0,0,7383519,11770966,1946900
8 x 256 B,9,2290,1947855,0,0,0,7390276,11770966,1948853
8 x 256 B,10,2290,1947200,0,0,0,7388999,11770966,1948200
8 x 256 B,11,2290,1946786,0,0,0,7386946,11770966,1947779
8 x 256 B,12,2290,1946735,0,0,0,7387454,11770966,1947731
8 x 256 B,13,2290,1946411,0,0,0,7385192,11770966,1947401
8 x 256 B,14,2290,1946638,0,0,0,7384782,11770966,1947636
8 x 256 B,15,2290,1946998,0,0,0,7386245,11770966,1947980
8 x 256 B,16,2290,1946084,0,0,0,7390383,11770965,1947065
8 x 256 B,17,2290,1948071,0,0,0,7392290,11770966,1949054
8 x 256 B,18,2290,1948563,0,0,0,7393063,11770966,1949545
8 x 256 B,19,2290,1957327,0,0,0,7382823,11770966,1950541
8 x 256 B,20,2290,1948624,0,0,0,7391969,11770966,1949658
8 x 256 B,21,2290,1948368,0,0,0,7393761,11770966,1949348
8 x 256 B,22,2290,1948185,0,0,0,7391473,11770966,1949157
8 x 256 B,23,2290,1948061,0,0,0,7392013,11770966,1949028
8 x 256 B,24,2290,1948111,0,0,0,7390898,11770966,1949080
8 x 256 B,25,2290,1948324,0,0,0,7390469,11770966,1949470
8 x 256 B,26,2290,1946932,0,0,0,7381196,11770966,1948154
8 x 256 B,27,2290,1948748,0,0,0,7388892,11770966,1950360
8 x 256 B,28,2290,1949440,0,0,0,7391029,11770966,1950621
8 x 256 B,29,2290,1950890,0,0,0,7389401,11770966,1953234
8 x 256 B,30,2290,1954960,0,0,0,7389337,11770966,1953603
8 x 256 B,31,2290,1957680,0,0,0,7384914,11770966,1952373
12 x 256 B,0,1329,1975929,0,0,0,7495427,11821821,1977063
12 x 256 B,1,1329,1976878,0,0,0,7496239,11821821,1978032
12 x 256 B,2,1329,1962132,0,0,0,7443150,11821821,1963159
12 x 256 B,3,1329,1984847,0,0,0,7523452,11821821,1985871
12 x 256 B,4,1329,1982312,0,0,0,7520094,11821821,1983316
12 x 256 B,5,1329,1975397,0,0,0,7491061,11821821,1976454
12 x 256 B,6,1329,1971528,0,0,0,7478628,11821821,1972536
12 x 256 B,7,1329,1984215,0,0,0,7526420,11821821,1985211
12 x 256 B,8,1329,1980890,0,0,0,7515039,11821821,1981888
12 x 256 B,9,1329,1978262,0,0,0,7506230,11821821,1979292
12 x 256 B,10,1329,1979324,0,0,0,7500773,11821821,1980348
12 x 256 B,11,1329,1978080,0,0,0,7506148,11821821,1979073
12 x 256 B,12,1329,1966578,0,0,0,7461924,11821821,1967568
12 x 256 B,13,1329,1968615,0,0,0,7475589,11821820,1969577
12 x 256 B,14,1329,1966031,0,0,0,7459613,11821821,1967023
12 x 256 B,15,1329,1988974,0,0,0,7544529,11821821,1989956
12 x 256 B,16,1329,1984905,0,0,0,7532942,11821821,1985895
12 x 256 B,17,1329,1968797,0,0,0,7471350,11821821,1969790
12 x 256 B,18,1329,1971525,0,0,0,7481434,11821821,1972518
12 x 256 B,19,1329,1982511,0,0,0,7522174,11821821,1983503
12 x 256 B,20,1329,1983671,0,0,0,7527147,11821821,1984666
12 x 256 B,21,1329,1976062,0,0,0,7496812,11821821,1977060
12 x 256 B,22,1329,1981762,0,0,0,7518816,11821821,1982758
12 x 256 B,23,1329,1973257,0,0,0,7485896,11821821,1974234
12 x 256 B,24,1329,1969770,0,0,0,7474608,11821821,1970751
12 x 256 B,25,1329,1959550,0,0,0,7435692,11821821,1960540
12 x 256 B,26,1329,1965536,0,0,0,7457890,11821821,1966518
12 x 256 B,27,1329,1983952,0,0,0,7528235,11821821,1984945
12 x 256 B,28,1329,1979050,0,0,0,7509942,11821821,1980062
12 x 256 B,29,1329,1978918,0,0,0,7505466,11821821,1979970
12 x 256 B,30,1329,1973912,0,0,0,7489240,11821821,1974904
12 x 256 B,31,1329,1963399,0,0,0,7449201,11821821,1964398
16 x 256 B,0,1180,1978814,0,0,0,7505037,11690626,1980080
16 x 256 B,1,1180,1980287,0,0,0,7507225,11690626,1982113
16 x 256 B,2,1180,1978215,0,0,0,7502820,11690626,1979480
16 x 256 B,3,1180,1979943,0,0,0,7497896,11690626,1982184
16 x 256 B,4,1180,1980939,0,0,0,7506134,11690626,1982363
16 x 256 B,5,1180,1991549,0,0,0,7501769,11690626,1985130
16 x 256 B,6,1180,1977915,0,0,0,7501751,11690626,1978967
16 x 256 B,7,1180,1977526,0,0,0,7501046,11690626,1978554
16 x 256 B,8,1180,1978237,0,0,0,7505712,11690626,1979259
16 x 256 B,9,1180,1975616,0,0,0,7497382,11690626,1976620
16 x 256 B,10,1180,1977443,0,0,0,7499892,11690626,1978513
16 x 256 B,11,1180,1977409,0,0,0,7502758,11690626,1978416
16 x 256 B,12,1180,1978654,0,0,0,7501854,11690626,1979700
16 x 256 B,13,1180,1979490,0,0,0,7495968,11690626,1980581
16 x 256 B,14,1180,1979668,0,0,0,7504958,11690626,1980704
16 x 256 B,15,1180,1975781,0,0,0,7497334,11690626,1976776
16 x 256 B,16,1180,1977491,0,0,0,7502211,11690626,1978484
16 x 256 B,17,1180,1985661,0,0,0,7494679,11690626,1979668
16 x 256 B,18,1180,1977517,0,0,0,7501031,11690626,1978563
16 x 256 B,19,1180,1975535,0,0,0,7495225,11690626,1976560
16 x 256 B,20,1180,1978443,0,0,0,7505809,11690626,1979427
16 x 256 B,21,1180,1975504,0,0,0,7495935,11690626,1976502
16 x 256 B,22,1180,1976473,0,0,0,7497475,11690626,1977463
16 x 256 B,23,1180,1977936,0,0,0,7504896,11690626,1978931
16 x 256 B,24,1180,1978168,0,0,0,7505877,11690626,1979150
16 x 256 B,25,1180,1978690,0,0,0,7508001,11690626,1979700
16 x 256 B,26,1180,1975638,0,0,0,7495424,11690626,1976624
16 x 256 B,27,1180,1977179,0,0,0,7503804,11690626,1978178
16 x 256 B,28,1180,1976390,0,0,0,7498155,11690626,1977373
16 x 256 B,29,1180,1978333,0,0,0,7506477,11690626,1979324
16 x 256 B,30,1180,1974693,0,0,0,7498870,11690625,1975666
16 x 256 B,31,1180,1976159,0,0,0,7497390,11690626,1977171
24 x 256 B,0,793,1983728,0,0,0,7527703,11636848,1984853
24 x 256 B,1,793,1984737,0,0,0,7530857,11636848,1985747
24 x 256 B,2,793,1984769,0,0,0,7531641,11636848,1985780
24 x 256 B,3,793,1983900,0,0,0,7528103,11636848,1984894
24 x 256 B,4,793,1984645,0,0,0,7529583,11636848,1985663
24 x 256 B,5,793,1983503,0,0,0,7526546,11636848,1984526
24 x 256 B,6,793,1985543,0,0,0,7528927,11636848,1986584
24 x 256 B,7,793,1984500,0,0,0,7528783,11636848,1985678
24 x 256 B,8,793,1985149,0,0,0,7530413,11636848,1986622
24 x 256 B,9,793,1987449,0,0,0,7528175,11636848,1989115
24 x 256 B,10,793,1984961,0,0,0,7526900,11636848,1986363
24 x 256 B,11,793,1991351,0,0,0,7531083,11636848,1993712
24 x 256 B,12,793,1995863,0,0,0,7526896,11636848,1992337
24 x 256 B,13,793,1993849,0,0,0,7528262,11636848,1988926
24 x 256 B,14,793,1984327,0,0,0,7528396,11636848,1985373
24 x 256 B,15,793,1984076,0,0,0,7529278,11636848,1985118
24 x 256 B,16,793,1984110,0,0,0,7528575,11636848,1985115
24 x 256 B,17,793,1983870,0,0,0,7528744,11636848,1984856
24 x 256 B,18,793,1985190,0,0,0,7529536,11636848,1986219
24 x 256 B,19,793,1984127,0,0,0,7528191,11636848,1985204
24 x 256 B,20,793,1985215,0,0,0,7528414,11636848,1986247
24 x 256 B,21,793,1985646,0,0,0,7528373,11636848,1986687
24 x 256 B,22,793,1985040,0,0,0,7529266,11636848,1986050
24 x 256 B,23,793,1985367,0,0,0,7533244,11636848,1986361
24 x 256 B,24,793,2351203,0,0,0,7531061,11636849,2352452
24 x 256 B,25,793,1984738,0,0,0,7529637,11636848,1985758
24 x 256 B,26,793,1982968,0,0,0,7525554,11636848,1983983
24 x 256 B,27,793,1983969,0,0,0,7525620,11636848,1984972
24 x 256 B,28,793,1983905,0,0,0,7528921,11636848,1984895
24 x 256 B,29,793,1984475,0,0,0,7528767,11636848,1985479
24 x 256 B,30,793,1984204,0,0,0,7528794,11636848,1985202
24 x 256 B,31,793,1984723,0,0,0,7528838,11636848,1985730
64 x 256 B,0,301,1994097,0,0,0,7565116,11591575,1995292
64 x 256 B,1,301,1992745,0,0,0,7562540,11591575,1993782
64 x 256 B,2,301,1994670,0,0,0,7566843,11591575,1995719
64 x 256 B,3,301,1994578,0,0,0,7564503,11591575,1995656
64 x 256 B,4,301,1993488,0,0,0,7562326,11591575,1994555
64 x 256 B,5,301,1993140,0,0,0,7561737,11591575,1994171
64 x 256 B,6,301,1993893,0,0,0,7563448,11591575,1994935
64 x 256 B,7,301,1992786,0,0,0,7562127,11591575,1993820
64 x 256 B,8,301,1994777,0,0,0,7567367,11591575,1995824
64 x 256 B,9,301,1993370,0,0,0,7564970,11591575,1994411
64 x 256 B,10,301,1995623,0,0,0,7569286,11591575,1996672
64 x 256 B,11,301,1991544,0,0,0,7563864,11591574,1992581
64 x 256 B,12,301,1993351,0,0,0,7563351,11591575,1994441
64 x 256 B,13,301,1994575,0,0,0,7567116,11591575,1995693
64 x 256 B,14,301,1994217,0,0,0,7564960,11591575,1995292
64 x 256 B,15,301,1994079,0,0,0,7561529,11591575,1995871
64 x 256 B,16,301,1996782,0,0,0,7566122,11591575,1998234
64 x 256 B,17,301,1995099,0,0,0,7566785,11591575,1996873
64 x 256 B,18,301,1998118,0,0,0,7562719,11591575,1999899
64 x 256 B,19,301,1995783,0,0,0,7569005,11591575,1996875
64 x 256 B,20,301,1994334,0,0,0,7565457,11591575,1995428
64 x 256 B,21,301,1995183,0,0,0,7566924,11591575,1996294
64 x 256 B,22,301,1994485,0,0,0,7567423,11591575,1995571
64 x 256 B,23,301,1993970,0,0,0,7562975,11591575,1995050
64 x 256 B,24,301,1995087,0,0,0,7568542,11591575,1996131
64 x 256 B,25,301,1995213,0,0,0,7569879,11591575,1996255
64 x 256 B,26,301,1992199,0,0,0,7561306,11591575,1993240
64 x 256 B,27,301,1993215,0,0,0,7562407,11591575,1994260
64 x 256 B,28,301,1993547,0,0,0,7558139,11591575,1994638
64 x 256 B,29,301,1994475,0,0,0,7565622,11591576,1995519
64 x 256 B,30,301,1994090,0,0,0,7568845,11591575,1995154
64 x 256 B,31,301,1994529,0,0,0,7567832,11591575,1995561
128 x 256 B,0,149,2003434,0,0,0,7600843,11420471,2004598
128 x 256 B,1,149,2003594,0,0,0,7602628,11420471,2006982
128 x 256 B,2,149,2003351,0,0,0,7601760,11420471,2004444
128 x 256 B,3,149,2002478,0,0,0,7598763,11420471,2003528
128 x 256 B,4,149,2002845,0,0,0,7601405,11420471,2003893
128 x 256 B,5,149,2003641,0,0,0,7602043,11420471,2004698
128 x 256 B,6,149,2002040,0,0,0,7599075,11420471,2003099
128 x 256 B,7,149,2003285,0,0,0,7600481,11420471,2004354
128 x 256 B,8,149,2002620,0,0,0,7597928,11420471,2003700
128 x 256 B,9,149,2002536,0,0,0,7597851,11420471,2003599
128 x 256 B,10,149,2002187,0,0,0,7598158,11420471,2003251
128 x 256 B,11,149,2003263,0,0,0,7600419,11420471,2004335
128 x 256 B,12,149,2003891,0,0,0,7604090,11420471,2004951
128 x 256 B,13,149,2003521,0,0,0,7601641,11420471,2004599
128 x 256 B,14,149,2003088,0,0,0,7601287,11420471,2004148
128 x 256 B,15,149,2004620,0,0,0,7598824,11420471,2005731
128 x 256 B,16,149,2003132,0,0,0,7600039,11420471,2004208
128 x 256 B,17,149,2004528,0,0,0,7603523,11420471,2005621
128 x 256 B,18,149,2004624,0,0,0,7604125,11420471,2005714
128 x 256 B,19,149,2002776,0,0,0,7597896,11420471,2003852
128 x 256 B,20,149,2004978,0,0,0,7604062,11420471,2006058
128 x 256 B,21,149,2004538,0,0,0,7601682,11420471,2005615
128 x 256 B,22,149,2006466,0,0,0,7603893,11420471,2008379
128 x 256 B,23,149,2006736,0,0,0,7603398,11420471,2008130
128 x 256 B,24,149,2006815,0,0,0,7603970,11420471,2008760
128 x 256 B,25,149,2006227,0,0,0,7600711,11420471,2007560
128 x 256 B,26,149,2019028,0,0,0,7601064,11420471,2010075
128 x 256 B,27,149,2004476,0,0,0,7604418,11420471,2005565
128 x 256 B,28,149,2004187,0,0,0,7601862,11420471,2005319
128 x 256 B,29,149,2004935,0,0,0,7604298,11420471,2006021
128 x 256 B,30,149,2004358,0,0,0,7600240,11420471,2005454
128 x 256 B,31,149,2004141,0,0,0,7603323,11420471,2005203
129 x 256 B,0,146,2386578,0,0,0,7597129,11532614,2387848
129 x 256 B,1,146,2002041,0,0,0,7596122,11532614,2003121
129 x 256 B,2,146,2001573,0,0,0,7594304,11532614,2002644
129 x 256 B,3,146,2001821,0,0,0,7593366,11532614,2002891
129 x 256 B,4,146,2002498,0,0,0,7596913,11532614,2003570
129 x 256 B,5,146,2000874,0,0,0,7592491,11532614,2001967
129 x 256 B,6,146,2002593,0,0,0,7597860,11532614,2003651
129 x 256 B,7,146,2002359,0,0,0,7597218,11532614,2003424
129 x 256 B,8,146,2001530,0,0,0,7593909,11532614,2002594
129 x 256 B,9,146,2001656,0,0,0,7595267,11532614,2002720
129 x 256 B,10,146,2001924,0,0,0,7595659,11532620,2003016
129 x 256 B,11,146,2002144,0,0,0,7596056,11532620,2003232
129 x 256 B,12,146,2002066,0,0,0,7594662,11532614,2003136
129 x 256 B,13,146,2003138,0,0,0,7592549,11532614,2004278
129 x 256 B,14,146,2014740,0,0,0,7596703,11532614,2006387
129 x 256 B,15,146,2002011,0,0,0,7596231,11532614,2003079
129 x 256 B,16,146,2002322,0,0,0,7596577,11532614,2003394
129 x 256 B,17,146,2002500,0,0,0,7598425,11532614,2003570
129 x 256 B,18,146,2002261,0,0,0,7597219,11532614,2003330
129 x 256 B,19,146,2002838,0,0,0,7599049,11532614,2003911
129 x 256 B,20,146,2004383,0,0,0,7601747,11532614,2005467
129 x 256 B,21,146,2002058,0,0,0,7597939,11532614,2003133
129 x 256 B,22,146,2002851,0,0,0,7598139,11532614,2003928
129 x 256 B,23,146,2001423,0,0,0,7595213,11532614,2002474
129 x 256 B,24,146,2002204,0,0,0,7596182,11532614,2003258
129 x 256 B,25,146,2002215,0,0,0,7598686,11532614,2003269
129 x 256 B,26,146,2004645,0,0,0,7604296,11532614,2005702
129 x 256 B,27,146,2003007,0,0,0,7599665,11532614,2004132
129 x 256 B,28,146,2004159,0,0,0,7599559,11532614,2005319
129 x 256 B,29,146,2003024,0,0,0,7595733,11532614,2005184
129 x 256 B,30,146,2004333,0,0,0,7598403,11532614,2005753
129 x 256 B,31,146,2003107,0,0,0,7595515,11532614,2004891
1024 x 256 B,0,19,2065673,0,0,0,7787184,11632052,2058367
1024 x 256 B,1,19,2052144,0,0,0,7786188,11632052,2053239
1024 x 256 B,2,19,2051816,0,0,0,7784922,11632052,2052892
1024 x 256 B,3,19,2053032,0,0,0,7787214,11632052,2054180
1024 x 256 B,4,19,2052565,0,0,0,7785935,11632052,2053651
1024 x 256 B,5,19,2053499,0,0,0,7785240,11632052,2054599
1024 x 256 B,6,19,2051928,0,0,0,7784757,11632052,2052999
1024 x 256 B,7,19,2053088,0,0,0,7784767,11632052,2054197
1024 x 256 B,8,19,2053254,0,0,0,7788499,11632052,2054332
1024 x 256 B,9,19,2052382,0,0,0,7787217,11632052,2053438
1024 x 256 B,10,19,2051654,0,0,0,7785045,11632052,2052726
1024 x 256 B,11,19,2051616,0,0,0,7785116,11632052,2052734
1024 x 256 B,12,19,2080968,0,0,0,7789264,11632053,2062996
1024 x 256 B,13,19,2052167,0,0,0,7785663,11632052,2053264
1024 x 256 B,14,19,2052201,0,0,0,7784928,11632052,2053298
1024 x 256 B,15,19,2051829,0,0,0,7783858,11632052,2052901
1024 x 256 B,16,19,2051922,0,0,0,7784196,11632052,2052986
1024 x 256 B,17,19,2052079,0,0,0,7784655,11632052,2053137
1024 x 256 B,18,19,2052219,0,0,0,7784798,11632052,2053271
1024 x 256 B,19,19,2051505,0,0,0,7784741,11632052,2052599
1024 x 256 B,20,19,2051835,0,0,0,7785659,11632052,2052895
1024 x 256 B,21,19,2051841,0,0,0,7786027,11632052,2052937
1024 x 256 B,22,19,2049862,0,0,0,7777487,11632052,2050955
1024 x 256 B,23,19,2048185,0,0,0,7772538,11632052,2049272
1024 x 256 B,24,19,2048420,0,0,0,7772404,11632052,2049485
1024 x 256 B,25,19,2048825,0,0,0,7773232,11632052,2049909
1024 x 256 B,26,19,2049040,0,0,0,7773677,11632052,2050103
1024 x 256 B,27,19,2048479,0,0,0,7773319,11632052,2049592
1024 x 256 B,28,19,2048884,0,0,0,7773889,11632052,2049968
1024 x 256 B,29,19,2048397,0,0,0,7773225,11632052,2049470
1024 x 256 B,30,19,2049996,0,0,0,7773434,11632052,2051102
1024 x 256 B,31,19,2048123,0,0,0,7772044,11632052,2049188
1 x 512 B,0,3995,1904567,0,0,0,7232208,16511700,1905769
1 x 512 B,1,3995,1916136,0,0,0,7261762,16511701,1917476
1 x 512 B,2,3995,1910583,0,0,0,7241448,16511701,1912091
1 x 512 B,3,3995,1913849,0,0,0,7246915,16511701,1914965
1 x 512 B,4,3995,1918347,0,0,0,7252252,16511701,1920336
1 x 512 B,5,3995,1910203,0,0,0,7242342,16511701,1911575
1 x 512 B,6,3995,1926301,0,0,0,7256481,16511701,1919012
1 x 512 B,7,3995,1911480,0,0,0,7248105,16511701,1912378
1 x 512 B,8,3995,1911110,0,0,0,7253265,16511701,1911980
1 x 512 B,9,3995,1914031,0,0,0,7261654,16511701,1914893
1 x 512 B,10,3995,1908372,0,0,0,7243509,16511701,1909237
1 x 512 B,11,3995,1916695,0,0,0,7272196,16511701,1917647
1 x 512 B,12,3995,1911305,0,0,0,7256590,16511700,1912190
1 x 512 B,13,3995,1917004,0,0,0,7272246,16511701,1917877
1 x 512 B,14,3995,1911837,0,0,0,7249448,16511701,1912722
1 x 512 B,15,3995,1911925,0,0,0,7254491,16511701,1912799
1 x 512 B,16,3995,1911312,0,0,0,7253464,16511701,1912191
1 x 512 B,17,3995,2289784,0,0,0,7261645,16511701,2290661
1 x 512 B,18,3995,1912750,0,0,0,7258710,16511701,1913619
1 x 512 B,19,3995,1913642,0,0,0,7261605,16511701,1914513
1 x 512 B,20,3995,1913830,0,0,0,7262542,16511701,1914763
1 x 512 B,21,3995,1911720,0,0,0,7252681,16511701,1912590
1 x 512 B,22,3995,1911602,0,0,0,7252921,16511701,1912470
1 x 512 B,23,3995,1914493,0,0,0,7264562,16511701,1915364
1 x 512 B,24,3995,1911561,0,0,0,7254118,16511701,1912424
1 x 512 B,25,3995,1911590,0,0,0,7253770,16511701,1912449
1 x 512 B,26,3995,1912579,0,0,0,7258834,16511701,1913435
1 x 512 B,27,3995,1912284,0,0,0,7256206,16511701,1913155
1 x 512 B,28,3995,1908644,0,0,0,7248821,16511700,1909499
1 x 512 B,29,3995,1911021,0,0,0,7249980,16511701,1911876
1 x 512 B,30,3995,1911164,0,0,0,7249613,16511701,1912034
1 x 512 B,31,3995,1912651,0,0,0,7258383,16511701,1913513
3 x 512 B,0,1486,1939693,0,0,0,7360578,11818524,1940597
3 x 512 B,1,1486,1940697,0,0,0,7362137,11818524,1941594
3 x 512 B,2,1486,1960410,0,0,0,7436133,11818524,1961296
3 x 512 B,3,1486,1929234,0,0,0,7320035,11818524,1930125
3 x 512 B,4,1486,1927271,0,0,0,7309444,11818524,1928159
3 x 512 B,5,1486,1930867,0,0,0,7324192,11818524,1931738
3 x 512 B,6,1486,1916357,0,0,0,7273095,11818524,1917230
3 x 512 B,7,1486,1934577,0,0,0,7340353,11818524,1935446
3 x 512 B,8,1486,1950811,0,0,0,7402470,11818524,1951673
3 x 512 B,9,1486,1930863,0,0,0,7325657,11818524,1931837
3 x 512 B,10,1486,1950203,0,0,0,7395412,11818524,1951177
3 x 512 B,11,1486,1910784,0,0,0,7253180,11818523,1912588
3 x 512 B,12,1486,1948995,0,0,0,7391405,11818524,1950156
3 x 512 B,13,1486,1944736,0,0,0,7322592,11818524,1942417
3 x 512 B,14,1486,1933712,0,0,0,7313960,11818524,1932752
3 x 512 B,15,1486,1934245,0,0,0,7299315,11818524,1927769
3 x 512 B,16,1486,1945443,0,0,0,7379746,11818524,1946358
3 x 512 B,17,1486,1929054,0,0,0,7322497,11818524,1929912
3 x 512 B,18,1486,1934402,0,0,0,7339531,11818524,1935367
3 x 512 B,19,1486,1919762,0,0,0,7285621,11818524,1920618
3 x 512 B,20,1486,1930456,0,0,0,7325117,11818524,1931328
3 x 512 B,21,1486,1950752,0,0,0,7403908,11818524,1951632
3 x 512 B,22,1486,1925948,0,0,0,7305229,11818524,1926815
3 x 512 B,23,1486,1936771,0,0,0,7347418,11818524,1937664
3 x 512 B,24,1486,1948726,0,0,0,7394122,11818524,1949611
3 x 512 B,25,1486,1911324,0,0,0,7252322,11818524,1912207
3 x 512 B,26,1486,1909932,0,0,0,7251773,11818523,1910799
3 x 512 B,27,1486,1931451,0,0,0,7330792,11818524,1932313
3 x 512 B,28,1486,1927699,0,0,0,7314951,11818524,1928553
3 x 512 B,29,1486,1951676,0,0,0,7401801,11818524,1952554
3 x 512 B,30,1486,1930734,0,0,0,7325098,11818524,1931596
3 x 512 B,31,1486,1930317,0,0,0,7326495,11818524,1931159
4 x 512 B,0,1534,1969205,0,0,0,7476061,11993178,1970112
4 x 512 B,1,1534,1979902,0,0,0,7499828,11993178,1980785
4 x 512 B,2,1534,1975392,0,0,0,7498636,11993178,1976240
4 x 512 B,3,1534,1981659,0,0,0,7520076,11993178,1982505
4 x 512 B,4,1534,1965747,0,0,0,7462530,11993178,1966592
4 x 512 B,5,1534,1967091,0,0,0,7464679,11993178,1967938
4 x 512 B,6,1534,1974996,0,0,0,7496540,11993178,1975843
4 x 512 B,7,1534,1966851,0,0,0,7464063,11993178,1967704
4 x 512 B,8,1534,1974997,0,0,0,7495964,11993178,1975847
4 x 512 B,9,1534,1968798,0,0,0,7472280,11993178,1969644
4 x 512 B,10,1534,1975472,0,0,0,7498538,11993178,1976308
4 x 512 B,11,1534,1969408,0,0,0,7474124,11993178,1970276
4 x 512 B,12,1534,1974031,0,0,0,7492288,11993178,1974875
4 x 512 B,13,1534,1977223,0,0,0,7504791,11993178,1978078
4 x 512 B,14,1534,1985872,0,0,0,7538265,11993178,1986723
4 x 512 B,15,1534,1976037,0,0,0,7498821,11993178,1976881
4 x 512 B,16,1534,1967730,0,0,0,7467027,11993178,1968593
4 x 512 B,17,1534,1979457,0,0,0,7508660,11993178,1980424
4 x 512 B,18,1534,1968432,0,0,0,7466759,11993178,1970198
4 x 512 B,19,1534,1986377,0,0,0,7532396,11993178,1987841
4 x 512 B,20,1534,1979735,0,0,0,7507128,11993178,1981195
4 x 512 B,21,1534,1989893,0,0,0,7514292,11993178,1989192
4 x 512 B,22,1534,1967162,0,0,0,7461804,11993178,1968114
4 x 512 B,23,1534,1977778,0,0,0,7500082,11993178,1978664
4 x 512 B,24,1534,1966974,0,0,0,7461873,11993178,1967851
4 x 512 B,25,1534,1977113,0,0,0,7502210,11993178,1977993
4 x 512 B,26,1534,1984738,0,0,0,7526669,11993178,1985634
4 x 512 B,27,1534,1983618,0,0,0,7526824,11993178,1984503
4 x 512 B,28,1534,1981704,0,0,0,7520758,11993178,1982559
4 x 512 B,29,1534,1967305,0,0,0,7471313,11993177,1968145
4 x 512 B,30,1534,1972032,0,0,0,7483528,11993178,1972908
4 x 512 B,31,1534,1977555,0,0,0,7501758,11993178,1978478
6 x 512 B,0,889,1979151,0,0,0,7513378,14087460,1980116
6 x 512 B,1,889,1977119,0,0,0,7502138,14087460,1977990
6 x 512 B,2,889,1978683,0,0,0,7511540,14087460,1979547
6 x 512 B,3,889,1969607,0,0,0,7474125,14087460,1970474
6 x 512 B,4,889,1986183,0,0,0,7539782,14087460,1987043
6 x 512 B,5,889,1976999,0,0,0,7502303,14087460,1977863
6 x 512 B,6,889,1967978,0,0,0,7470813,14087460,1968847
6 x 512 B,7,889,1985294,0,0,0,7533328,14087460,1986155
6 x 512 B,8,889,1970212,0,0,0,7479450,14087460,1971084
6 x 512 B,9,889,1973992,0,0,0,7490999,14087460,1974869
6 x 512 B,10,889,1971783,0,0,0,7483916,14087460,1972648
6 x 512 B,11,889,1977915,0,0,0,7506531,14087460,1978769
6 x 512 B,12,889,1979319,0,0,0,7513101,14087460,1980173
6 x 512 B,13,889,1978380,0,0,0,7507311,14087460,1979235
6 x 512 B,14,889,1979428,0,0,0,7510808,14087460,1980283
6 x 512 B,15,889,1982666,0,0,0,7522885,14087460,1983562
6 x 512 B,16,889,1979095,0,0,0,7510896,14087460,1979950
6 x 512 B,17,889,1971019,0,0,0,7480495,14087460,1971879
6 x 512 B,18,889,1975089,0,0,0,7496699,14087460,1975963
6 x 512 B,19,889,1972054,0,0,0,7484115,14087460,1972917
6 x 512 B,20,889,1975200,0,0,0,7494159,14087460,1976083
6 x 512 B,21,889,1969637,0,0,0,7475928,14087460,1970497
6 x 512 B,22,889,1971720,0,0,0,7484069,14087460,1972569
6 x 512 B,23,889,1982012,0,0,0,7520383,14087460,1982866
6 x 512 B,24,889,1978672,0,0,0,7507127,14087460,1979872
6 x 512 B,25,889,1975980,0,0,0,7496204,14087460,1977116
6 x 512 B,26,889,1986409,0,0,0,7530021,14087460,1987954
6 x 512 B,27,889,1990113,0,0,0,7544110,14087460,1991331
6 x 512 B,28,889,1991754,0,0,0,7544275,14087460,1992945
6 x 512 B,29,889,1995607,0,0,0,7545582,14087460,1994230
6 x 512 B,30,889,1997803,0,0,0,7543604,14087460,1992432
6 x 512 B,31,889,1989056,0,0,0,7544657,14087460,1989954
8 x 512 B,0,1190,1976922,0,0,0,7498864,11676646,1977897
8 x 512 B,1,1190,1975226,0,0,0,7494942,11676646,1976132
8 x 512 B,2,1190,1980473,0,0,0,7514405,11676646,1981360
8 x 512 B,3,1190,2362753,0,0,0,7502847,11676646,2363664
8 x 512 B,4,1190,1979072,0,0,0,7510086,11676646,1979951
8 x 512 B,5,1190,1981033,0,0,0,7510927,11676646,1981930
8 x 512 B,6,1190,1976184,0,0,0,7498671,11676646,1977061
8 x 512 B,7,1190,1975473,0,0,0,7499044,11676646,1976365
8 x 512 B,8,1190,1978007,0,0,0,7506360,11676646,1978882
8 x 512 B,9,1190,1977174,0,0,0,7506125,11676646,1978036
8 x 512 B,10,1190,1981513,0,0,0,7518443,11676646,1982386
8 x 512 B,11,1190,1980273,0,0,0,7517460,11676646,1981144
8 x 512 B,12,1190,1976636,0,0,0,7500708,11676646,1977522
8 x 512 B,13,1190,1976614,0,0,0,7500590,11676646,1977555
8 x 512 B,14,1190,1977751,0,0,0,7500678,11676646,1978664
8 x 512 B,15,1190,1978551,0,0,0,7501645,11676646,1980283
8 x 512 B,16,1190,1982071,0,0,0,7513335,11676646,1983287
8 x 512 B,17,1190,1982526,0,0,0,7513531,11676646,1984750
8 x 512 B,18,1190,1979278,0,0,0,7501608,11676646,1980482
8 x 512 B,19,1190,1978765,0,0,0,7501993,11676646,1979743
8 x 512 B,20,1190,1988408,0,0,0,7502887,11676646,1982224
8 x 512 B,21,1190,1979763,0,0,0,7513048,11676646,1980677
8 x 512 B,22,1190,1976966,0,0,0,7502139,11676646,1977851
8 x 512 B,23,1190,1976676,0,0,0,7502245,11676646,1977656
8 x 512 B,24,1190,1977573,0,0,0,7503158,11676646,1978466
8 x 512 B,25,1190,1977869,0,0,0,7502483,11676646,1978790
8 x 512 B,26,1190,1978206,0,0,0,7507396,11676646,1979095
8 x 512 B,27,1190,1978316,0,0,0,7503319,11676646,1979224
8 x 512 B,28,1190,1977694,0,0,0,7503672,11676646,1978605
8 x 512 B,29,1190,1977370,0,0,0,7504270,11676646,1978245
8 x 512 B,30,1190,1977617,0,0,0,7504535,11676646,1978518
8 x 512 B,31,1190,1978096,0,0,0,7504974,11676646,1979519
12 x 512 B,0,674,1980944,0,0,0,7508721,11632932,1982357
12 x 512 B,1,674,1987969,0,0,0,7536883,11632932,1989279
12 x 512 B,2,674,1991445,0,0,0,7542793,11632932,1993230
12 x 512 B,3,674,1985264,0,0,0,7523858,11632932,1986648
12 x 512 B,4,674,1978264,0,0,0,7465259,11632932,1972146
12 x 512 B,5,674,1977320,0,0,0,7503285,11632932,1978243
12 x 512 B,6,674,1986923,0,0,0,7539768,11632932,1987810
12 x 512 B,7,674,1983500,0,0,0,7525792,11632932,1984420
12 x 512 B,8,674,1968813,0,0,0,7468089,11632932,1969719
12 x 512 B,9,674,1984417,0,0,0,7535146,11632931,1985308
12 x 512 B,10,674,1978991,0,0,0,7505028,11632932,1979934
12 x 512 B,11,674,1984857,0,0,0,7532843,11632932,1985756
12 x 512 B,12,674,1982951,0,0,0,7523798,11632932,1983851
12 x 512 B,13,674,2343658,0,0,0,7485506,11632933,2344590
12 x 512 B,14,674,1984131,0,0,0,7530819,11632932,1985038
12 x 512 B,15,674,1981302,0,0,0,7517425,11632932,1982200
12 x 512 B,16,674,1985441,0,0,0,7533323,11632932,1986326
12 x 512 B,17,674,1977983,0,0,0,7503596,11632932,1978875
12 x 512 B,18,674,1969562,0,0,0,7475415,11632932,1970461
12 x 512 B,19,674,1985137,0,0,0,7531530,11632932,1986024
12 x 512 B,20,674,1978483,0,0,0,7508482,11632932,1979466
12 x 512 B,21,674,1979464,0,0,0,7511570,11632932,1980356
12 x 512 B,22,674,1970931,0,0,0,7480535,11632932,1971828
12 x 512 B,23,674,1977869,0,0,0,7504158,11632932,1978763
12 x 512 B,24,674,1968806,0,0,0,7469658,11632932,1969707
12 x 512 B,25,674,1980544,0,0,0,7508243,11632932,1981477
12 x 512 B,26,674,1969012,0,0,0,7471410,11632932,1969910
12 x 512 B,27,674,1983112,0,0,0,7520790,11632932,1984049
12 x 512 B,28,674,1972095,0,0,0,7488724,11632931,1973021
12 x 512 B,29,674,1986984,0,0,0,7535577,11632932,1987937
12 x 512 B,30,674,1986006,0,0,0,7534891,11632932,1986976
12 x 512 B,31,674,1986810,0,0,0,7533615,11632932,1987781
16 x 512 B,0,602,1990954,0,0,0,7548905,11589468,1991944
16 x 512 B,1,602,1986847,0,0,0,7538248,11589468,1987750
16 x 512 B,2,602,1989030,0,0,0,7543587,11589468,1989980
16 x 512 B,3,602,1987401,0,0,0,7539158,11589468,1988327
16 x 512 B,4,602,1990020,0,0,0,7546810,11589468,1990953
16 x 512 B,5,602,1989608,0,0,0,7548749,11589468,1990629
16 x 512 B,6,602,1990017,0,0,0,7542876,11589468,1991165
16 x 512 B,7,602,1989857,0,0,0,7546340,11589468,1991621
16 x 512 B,8,602,1990058,0,0,0,7545482,11589468,1991171
16 x 512 B,9,602,1990176,0,0,0,7538891,11589468,1992339
16 x 512 B,10,602,1996078,0,0,0,7540531,11589468,1994865
16 x 512 B,11,602,1997561,0,0,0,7543111,11589468,1992960
16 x 512 B,12,602,1989583,0,0,0,7541762,11589468,1990578
16 x 512 B,13,602,1988587,0,0,0,7542510,11589468,1989501
16 x 512 B,14,602,1987329,0,0,0,7540123,11589468,1988242
16 x 512 B,15,602,1989347,0,0,0,7548784,11589468,1990254
16 x 512 B,16,602,1988991,0,0,0,7546250,11589468,1989954
16 x 512 B,17,602,1989149,0,0,0,7543587,11589468,1990059
16 x 512 B,18,602,1989645,0,0,0,7545386,11589468,1990547
16 x 512 B,19,602,1988264,0,0,0,7542448,11589468,1989169
16 x 512 B,20,602,1989514,0,0,0,7546156,11589468,1990429
16 x 512 B,21,602,1990597,0,0,0,7548806,11589468,1991512
16 x 512 B,22,602,1988987,0,0,0,7546318,11589468,1989890
16 x 512 B,23,602,1988016,0,0,0,7542904,11589468,1988914
16 x 512 B,24,602,1987969,0,0,0,7543261,11589468,1988856
16 x 512 B,25,602,1989433,0,0,0,7545634,11589468,1990326
16 x 512 B,26,602,1988256,0,0,0,7544821,11589468,1989142
16 x 512 B,27,602,1987966,0,0,0,7542047,11589468,1988852
16 x 512 B,28,602,1987986,0,0,0,7543421,11589468,1988863
16 x 512 B,29,602,1988146,0,0,0,7541273,11589468,1989029
16 x 512 B,30,602,1988691,0,0,0,7546458,11589468,1989625
16 x 512 B,31,602,1989438,0,0,0,7546733,11589468,1990343
24 x 512 B,0,403,1997067,0,0,0,7570613,11562436,1998123
24 x 512 B,1,403,1992500,0,0,0,7560483,11562436,1993432
24 x 512 B,2,403,1994474,0,0,0,7567551,11562436,1995402
24 x 512 B,3,403,1992501,0,0,0,7560827,11562436,1993430
24 x 512 B,4,403,1994202,0,0,0,7564262,11562436,1995112
24 x 512 B,5,403,1992589,0,0,0,7559538,11562436,1993513
24 x 512 B,6,403,1993470,0,0,0,7556196,11562436,1994481
24 x 512 B,7,403,2002153,0,0,0,7566448,11562436,1997348
24 x 512 B,8,403,1993919,0,0,0,7563514,11562436,1994846
24 x 512 B,9,403,1991979,0,0,0,7557469,11562436,1992908
24 x 512 B,10,403,1994257,0,0,0,7567729,11562436,1995172
24 x 512 B,11,403,1993279,0,0,0,7563079,11562436,1994218
24 x 512 B,12,403,1992983,0,0,0,7559709,11562436,1993904
24 x 512 B,13,403,1994272,0,0,0,7565221,11562436,1995227
24 x 512 B,14,403,1992279,0,0,0,7557651,11562436,1994033
24 x 512 B,15,403,1995180,0,0,0,7562856,11562436,1996580
24 x 512 B,16,403,1994093,0,0,0,7561381,11562436,1995794
24 x 512 B,17,403,1999126,0,0,0,7567617,11562436,2000699
24 x 512 B,18,403,2009643,0,0,0,7565492,11562436,2001985
24 x 512 B,19,403,1995796,0,0,0,7567969,11562436,1996796
24 x 512 B,20,403,1995819,0,0,0,7570583,11562436,1996744
24 x 512 B,21,403,1994231,0,0,0,7566155,11562436,1995174
24 x 512 B,22,403,1994013,0,0,0,7566017,11562436,1995056
24 x 512 B,23,403,1996558,0,0,0,7569889,11562436,1997613
24 x 512 B,24,403,1995902,0,0,0,7569041,11562436,1996942
24 x 512 B,25,403,1996801,0,0,0,7572747,11562436,1997861
24 x 512 B,26,403,1993536,0,0,0,7562587,11562436,1994558
24 x 512 B,27,403,1996716,0,0,0,7571126,11562436,1997795
24 x 512 B,28,403,1993035,0,0,0,7559214,11562436,1994047
24 x 512 B,29,403,1994005,0,0,0,7560954,11562436,1995086
24 x 512 B,30,403,1993332,0,0,0,7562620,11562436,1994349
24 x 512 B,31,403,1993337,0,0,0,7561222,11562436,1994373
64 x 512 B,0,151,2004531,0,0,0,7605828,11459001,2005695
64 x 512 B,1,151,2004374,0,0,0,7603919,11459001,2005428
64 x 512 B,2,151,2003420,0,0,0,7601952,11459001,2004480
64 x 512 B,3,151,2003983,0,0,0,7600414,11459001,2005077
64 x 512 B,4,151,2003737,0,0,0,7600750,11459001,2004805
64 x 512 B,5,151,2004642,0,0,0,7600655,11459001,2005796
64 x 512 B,6,151,2011978,0,0,0,7601993,11459001,2007281
64 x 512 B,7,151,2004921,0,0,0,7603053,11459001,2006015
64 x 512 B,8,151,2003641,0,0,0,7602293,11459001,2004703
64 x 512 B,9,151,2004636,0,0,0,7602455,11459001,2005742
64 x 512 B,10,151,2005266,0,0,0,7603973,11459001,2006362
64 x 512 B,11,151,2005141,0,0,0,7601437,11459001,2006269
64 x 512 B,12,151,2003438,0,0,0,7600481,11459001,2004529
64 x 512 B,13,151,2005044,0,0,0,7602188,11459001,2006166
64 x 512 B,14,151,2003909,0,0,0,7601797,11459001,2004979
64 x 512 B,15,151,2003947,0,0,0,7600195,11459001,2004997
64 x 512 B,16,151,2003410,0,0,0,7600939,11459001,2004471
64 x 512 B,17,151,2003612,0,0,0,7601046,11459001,2004658
64 x 512 B,18,151,2003268,0,0,0,7600892,11459001,2004332
64 x 512 B,19,151,2004489,0,0,0,7602279,11459001,2005558
64 x 512 B,20,151,2004147,0,0,0,7599952,11459001,2005389
64 x 512 B,21,151,2004305,0,0,0,7601362,11459001,2005653
64 x 512 B,22,151,2005027,0,0,0,7600369,11459001,2006753
64 x 512 B,23,151,2004955,0,0,0,7602269,11459001,2006734
64 x 512 B,24,151,2017663,0,0,0,7602747,11459001,2016184
64 x 512 B,25,151,2004547,0,0,0,7601583,11459001,2005674
64 x 512 B,26,151,2015009,0,0,0,7599832,11459001,2009564
64 x 512 B,27,151,2005534,0,0,0,7602183,11459001,2006661
64 x 512 B,28,151,2005062,0,0,0,7604893,11459001,2006129
64 x 512 B,29,151,2003720,0,0,0,7602516,11459001,2004811
64 x 512 B,30,151,2390077,0,0,0,7603047,11459002,2391170
64 x 512 B,31,151,2003752,0,0,0,7601906,11459001,2004790
128 x 512 B,0,76,2016659,0,0,0,7650961,11506538,2017892
128 x 512 B,1,76,2017070,0,0,0,7651323,11506538,2018139
128 x 512 B,2,76,2017193,0,0,0,7651733,11506538,2018255
128 x 512 B,3,76,2016970,0,0,0,7652967,11506538,2018038
128 x 512 B,4,76,2017413,0,0,0,7653451,11506538,2018469
128 x 512 B,5,76,2016167,0,0,0,7648184,11506538,2017261
128 x 512 B,6,76,2017685,0,0,0,7654563,11506538,2018742
128 x 512 B,7,76,2016997,0,0,0,7652781,11506538,2018056
128 x 512 B,8,76,2016221,0,0,0,7648892,11506538,2017278
128 x 512 B,9,76,2016563,0,0,0,7650693,11506538,2017612
128 x 512 B,10,76,2017272,0,0,0,7652145,11506538,2018328
128 x 512 B,11,76,2016678,0,0,0,7651454,11506538,2017739
128 x 512 B,12,76,2016837,0,0,0,7651865,11506538,2017891
128 x 512 B,13,76,2016810,0,0,0,7651139,11506538,2017872
128 x 512 B,14,76,2016884,0,0,0,7650720,11506538,2017935
128 x 512 B,15,76,2016804,0,0,0,7651286,11506538,2017874
128 x 512 B,16,76,2016774,0,0,0,7650934,11506538,2017846
128 x 512 B,17,76,2016949,0,0,0,7651250,11506538,2018011
128 x 512 B,18,76,2017248,0,0,0,7652577,11506538,2018306
128 x 512 B,19,76,2016963,0,0,0,7653252,11506538,2018027
128 x 512 B,20,76,2018328,0,0,0,7653047,11506538,2019442
128 x 512 B,21,76,2020687,0,0,0,7651616,11506538,2021811
128 x 512 B,22,76,2017486,0,0,0,7652663,11506538,2018539
128 x 512 B,23,76,2016433,0,0,0,7650646,11506538,2017481
128 x 512 B,24,76,2017187,0,0,0,7653385,11506538,2018234
128 x 512 B,25,76,2016121,0,0,0,7648712,11506538,2017186
128 x 512 B,26,76,2015387,0,0,0,7645401,11506538,2016436
128 x 512 B,27,76,2017151,0,0,0,7648205,11506538,2018493
128 x 512 B,28,76,2017884,0,0,0,7651751,11506538,2019695
128 x 512 B,29,76,2019098,0,0,0,7643634,11506539,2020498
128 x 512 B,30,76,2017487,0,0,0,7642743,11506538,2020075
128 x 512 B,31,76,2022659,0,0,0,7644619,11506538,2021109
129 x 512 B,0,74,2000749,0,0,0,7586565,11518318,2002034
129 x 512 B,1,74,2000876,0,0,0,7589307,11518318,2001989
129 x 512 B,2,74,2001750,0,0,0,7585126,11518318,2002907
129 x 512 B,3,74,2009023,0,0,0,7585443,11518318,2003089
129 x 512 B,4,74,1999005,0,0,0,7578217,11518318,2000096
129 x 512 B,5,74,1999870,0,0,0,7583599,11518318,2000952
129 x 512 B,6,74,2000507,0,0,0,7589167,11518318,2001593
129 x 512 B,7,74,2000811,0,0,0,7589690,11518318,2001870
129 x 512 B,8,74,1999532,0,0,0,7585785,11518318,2000591
129 x 512 B,9,74,1999699,0,0,0,7585065,11518318,2000755
129 x 512 B,10,74,1997386,0,0,0,7578600,11518318,1998435
129 x 512 B,11,74,1998307,0,0,0,7580927,11518318,1999373
129 x 512 B,12,74,2000446,0,0,0,7589134,11518318,2001508
129 x 512 B,13,74,2000614,0,0,0,7584328,11518318,2001712
129 x 512 B,14,74,1996976,0,0,0,7576432,11518318,1998047
129 x 512 B,15,74,1998168,0,0,0,7580462,11518318,1999247
129 x 512 B,16,74,1998313,0,0,0,7580708,11518318,1999397
129 x 512 B,17,74,1998553,0,0,0,7580831,11518318,1999625
129 x 512 B,18,74,1998480,0,0,0,7582533,11518318,1999554
129 x 512 B,19,74,1998304,0,0,0,7581746,11518318,1999372
129 x 512 B,20,74,1997529,0,0,0,7577901,11518318,1998601
129 x 512 B,21,74,1997918,0,0,0,7578773,11518318,1998977
129 x 512 B,22,74,1997938,0,0,0,7580334,11518318,1999011
129 x 512 B,23,74,1997426,0,0,0,7577581,11518318,1998484
129 x 512 B,24,74,1998618,0,0,0,7581450,11518318,1999691
129 x 512 B,25,74,2000311,0,0,0,7588626,11518318,2001387
129 x 512 B,26,74,2000557,0,0,0,7590433,11518318,2001636
129 x 512 B,27,74,2000918,0,0,0,7592171,11518318,2001997
129 x 512 B,28,74,2000542,0,0,0,7588478,11518318,2001611
129 x 512 B,29,74,2001786,0,0,0,7594370,11518318,2002842
129 x 512 B,30,74,2001942,0,0,0,7592737,11518318,2003246
129 x 512 B,31,74,2000350,0,0,0,7590450,11518318,2001407
1024 x 512 B,0,10,2142917,0,0,0,8129981,12102466,2144193
1024 x 512 B,1,10,2176259,0,0,0,8208149,12102466,2172454
1024 x 512 B,2,10,2141147,0,0,0,8119650,12102466,2142596
1024 x 512 B,3,10,2138583,0,0,0,8091270,12102466,2140745
1024 x 512 B,4,10,2135653,0,0,0,8076165,12102466,2134523
1024 x 512 B,5,10,2129769,0,0,0,8075641,12102466,2130902
1024 x 512 B,6,10,2129805,0,0,0,8075796,12102467,2130887
1024 x 512 B,7,10,2127665,0,0,0,8074590,12102466,2128726
1024 x 512 B,8,10,2128759,0,0,0,8077055,12102466,2129877
1024 x 512 B,9,10,2128597,0,0,0,8075351,12102466,2129672
1024 x 512 B,10,10,2129380,0,0,0,8075764,12102466,2130492
1024 x 512 B,11,10,2128283,0,0,0,8075930,12102466,2129375
1024 x 512 B,12,10,2128031,0,0,0,8075364,12102466,2129084
1024 x 512 B,13,10,2508954,0,0,0,8077486,12102467,2510036
1024 x 512 B,14,10,2127547,0,0,0,8074478,12102466,2128611
1024 x 512 B,15,10,2129493,0,0,0,8075200,12102466,2130603
1024 x 512 B,16,10,2127694,0,0,0,8074964,12102466,2128766
1024 x 512 B,17,10,2128061,0,0,0,8075504,12102466,2129113
1024 x 512 B,18,10,2129913,0,0,0,8076078,12102467,2130983
1024 x 512 B,19,10,2135115,0,0,0,8075071,12102466,2131969
1024 x 512 B,20,10,2128293,0,0,0,8074470,12102466,2129362
1024 x 512 B,21,10,2127519,0,0,0,8075284,12102466,2128586
1024 x 512 B,22,10,2128281,0,0,0,8075249,12102466,2129357
1024 x 512 B,23,10,2129784,0,0,0,8075375,12102466,2130892
1024 x 512 B,24,10,2128165,0,0,0,8075223,12102466,2129242
1024 x 512 B,25,10,2127316,0,0,0,8074966,12102466,2128374
1024 x 512 B,26,10,2130178,0,0,0,8076116,12102467,2131230
1024 x 512 B,27,10,2127722,0,0,0,8074985,12102466,2128773
1024 x 512 B,28,10,2127685,0,0,0,8074472,12102466,2128758
1024 x 512 B,29,10,2127478,0,0,0,8075100,12102466,2128539
1024 x 512 B,30,10,2127911,0,0,0,8075462,12102466,2128982
1024 x 512 B,31,10,2194370,0,0,0,8067493,12102466,2130802
1 x 1024 B,0,2066,1953966,0,0,0,7415493,16423000,1955018
1 x 1024 B,1,2066,1954841,0,0,0,7415200,16423000,1955753
1 x 1024 B,2,2066,1953717,0,0,0,7415114,16423000,1954596
1 x 1024 B,3,2066,1955927,0,0,0,7415202,16423000,1956863
1 x 1024 B,4,2066,1954333,0,0,0,7415150,16423000,1955199
1 x 1024 B,5,2066,1954974,0,0,0,7415162,16423000,1955897
1 x 1024 B,6,2066,1955110,0,0,0,7415260,16423000,1957003
1 x 1024 B,7,2066,1956635,0,0,0,7415593,16423000,1957988
1 x 1024 B,8,2066,1956927,0,0,0,7415426,16423000,1958774
1 x 1024 B,9,2066,1970152,0,0,0,7416605,16423000,1967798
1 x 1024 B,10,2066,1960703,0,0,0,7415831,16423000,1959680
1 x 1024 B,11,2066,1954127,0,0,0,7415363,16423000,1955094
1 x 1024 B,12,2066,1954396,0,0,0,7415161,16423000,1955242
1 x 1024 B,13,2066,1953958,0,0,0,7415076,16423000,1954818
1 x 1024 B,14,2066,1954344,0,0,0,7415103,16423000,1955204
1 x 1024 B,15,2066,1954382,0,0,0,7415113,16423000,1955250
1 x 1024 B,16,2066,1954335,0,0,0,7415092,16423000,1955191
1 x 1024 B,17,2066,1955310,0,0,0,7415130,16423000,1956185
1 x 1024 B,18,2066,1953942,0,0,0,7415100,16423000,1954790
1 x 1024 B,19,2066,1955544,0,0,0,7415002,16423000,1956436
1 x 1024 B,20,2066,1952318,0,0,0,7414654,16422999,1953158
1 x 1024 B,21,2066,1954135,0,0,0,7415090,16423000,1954991
1 x 1024 B,22,2066,1953833,0,0,0,7415087,16423000,1954688
1 x 1024 B,23,2066,1953928,0,0,0,7415172,16423000,1954799
1 x 1024 B,24,2066,1953988,0,0,0,7415456,16423000,1954848
1 x 1024 B,25,2066,1953907,0,0,0,7415053,16423000,1954756
1 x 1024 B,26,2066,1954396,0,0,0,7415040,16423000,1955240
1 x 1024 B,27,2066,1954755,0,0,0,7415045,16423000,1955596
1 x 1024 B,28,2066,1953997,0,0,0,7415035,16423000,1954850
1 x 1024 B,29,2066,1953929,0,0,0,7415046,16423000,1954782
1 x 1024 B,30,2066,1953606,0,0,0,7415049,16423000,1954465
1 x 1024 B,31,2066,1954362,0,0,0,7415007,16423000,1955207
3 x 1024 B,0,787,1984719,0,0,0,7530307,12067437,1985666
3 x 1024 B,1,787,1984201,0,0,0,7529314,12067437,1985057
3 x 1024 B,2,787,1984717,0,0,0,7529521,12067437,1985587
3 x 1024 B,3,787,1983306,0,0,0,7527714,12067437,1984170
3 x 1024 B,4,787,1983532,0,0,0,7526175,12067437,1984398
3 x 1024 B,5,787,1982548,0,0,0,7525336,12067437,1983416
3 x 1024 B,6,787,1983952,0,0,0,7527939,12067437,1984810
3 x 1024 B,7,787,1984111,0,0,0,7526977,12067437,1985006
3 x 1024 B,8,787,1983820,0,0,0,7527695,12067437,1984693
3 x 1024 B,9,787,2043664,0,0,0,7755572,12067437,2044522
3 x 1024 B,10,787,2041916,0,0,0,7746570,12067437,2042767
3 x 1024 B,11,787,2068211,0,0,0,7848274,12067437,2069092
3 x 1024 B,12,787,2060484,0,0,0,7808478,12067439,2061810
3 x 1024 B,13,787,2063131,0,0,0,7824664,12067437,2064496
3 x 1024 B,14,787,2053136,0,0,0,7784450,12067443,2054591
3 x 1024 B,15,787,1994442,0,0,0,7564107,12067443,1995640
3 x 1024 B,16,787,1988392,0,0,0,7527855,12067437,1990003
3 x 1024 B,17,787,1984449,0,0,0,7530148,12067437,1985312
3 x 1024 B,18,787,1985408,0,0,0,7529117,12067437,1986277
3 x 1024 B,19,787,1983340,0,0,0,7527955,12067437,1984195
3 x 1024 B,20,787,1985095,0,0,0,7528643,12067437,1985980
3 x 1024 B,21,787,1983730,0,0,0,7527592,12067437,1984649
3 x 1024 B,22,787,1984636,0,0,0,7527377,12067437,1985508
3 x 1024 B,23,787,1983999,0,0,0,7528138,12067437,1984854
3 x 1024 B,24,787,1985711,0,0,0,7529619,12067437,1986685
3 x 1024 B,25,787,1983296,0,0,0,7525266,12067437,1984160
3 x 1024 B,26,787,1984317,0,0,0,7527465,12067437,1985210
3 x 1024 B,27,787,1984532,0,0,0,7530416,12067437,1985405
3 x 1024 B,28,787,1984496,0,0,0,7527820,12067437,1985370
3 x 1024 B,29,787,1984260,0,0,0,7528949,12067437,1985120
3 x 1024 B,30,787,1984462,0,0,0,7529803,12067437,1985320
3 x 1024 B,31,787,1983677,0,0,0,7526804,12067437,1984544
4 x 1024 B,0,770,1985162,0,0,0,7532481,11702826,1986082
4 x 1024 B,1,770,1984789,0,0,0,7531842,11702826,1985659
4 x 1024 B,2,770,1985109,0,0,0,7532331,11702826,1986002
4 x 1024 B,3,770,1985280,0,0,0,7531968,11702826,1986228
4 x 1024 B,4,770,1984946,0,0,0,7531771,11702826,1985812
4 x 1024 B,5,770,1985507,0,0,0,7532444,11702826,1986363
4 x 1024 B,6,770,1984617,0,0,0,7531653,11702826,1985473
4 x 1024 B,7,770,1986895,0,0,0,7539650,11702826,1987762
4 x 1024 B,8,770,1993018,0,0,0,7564172,11702826,1993883
4 x 1024 B,9,770,1992810,0,0,0,7562372,11702826,1993694
4 x 1024 B,10,770,1993083,0,0,0,7564020,11702826,1993951
4 x 1024 B,11,770,1992446,0,0,0,7561133,11702826,1993310
4 x 1024 B,12,770,1992500,0,0,0,7562949,11702826,1993357
4 x 1024 B,13,770,1992393,0,0,0,7560347,11702826,1993261
4 x 1024 B,14,770,1992026,0,0,0,7561473,11702826,1992895
4 x 1024 B,15,770,1990968,0,0,0,7554879,11702826,1991833
4 x 1024 B,16,770,1993886,0,0,0,7528493,11702827,1991972
4 x 1024 B,17,770,1984002,0,0,0,7527792,11702826,1984891
4 x 1024 B,18,770,1985202,0,0,0,7531438,11702826,1986079
4 x 1024 B,19,770,1985749,0,0,0,7532073,11702826,1986733
4 x 1024 B,20,770,1985245,0,0,0,7531844,11702826,1986231
4 x 1024 B,21,770,1987544,0,0,0,7532067,11702826,1989239
4 x 1024 B,22,770,1986231,0,0,0,7532295,11702826,1987529
4 x 1024 B,23,770,1990839,0,0,0,7533342,11702826,1992877
4 x 1024 B,24,770,1985779,0,0,0,7532589,11702826,1986982
4 x 1024 B,25,770,2001198,0,0,0,7533237,11702826,1992855
4 x 1024 B,26,770,1986128,0,0,0,7533169,11702826,1987173
4 x 1024 B,27,770,1985703,0,0,0,7532869,11702826,1986668
4 x 1024 B,28,770,1985993,0,0,0,7533608,11702826,1986972
4 x 1024 B,29,770,1985751,0,0,0,7532531,11702826,1986754
4 x 1024 B,30,770,1985672,0,0,0,7532402,11702826,1986650
4 x 1024 B,31,770,1985707,0,0,0,7533096,11702826,1986668
6 x 1024 B,0,448,1998745,0,0,0,7577636,13824750,1999866
6 x 1024 B,1,448,1996373,0,0,0,7577135,13824750,1997365
6 x 1024 B,2,448,1996689,0,0,0,7577495,13824750,1997683
6 x 1024 B,3,448,1995700,0,0,0,7573726,13824750,1996715
6 x 1024 B,4,448,1996800,0,0,0,7577784,13824750,1997788
6 x 1024 B,5,448,1996557,0,0,0,7577484,13824750,1997543
6 x 1024 B,6,448,1996677,0,0,0,7577025,13824750,1997676
6 x 1024 B,7,448,1996482,0,0,0,7577180,13824750,1997476
6 x 1024 B,8,448,1993951,0,0,0,7567237,13824750,1994942
6 x 1024 B,9,448,1966750,0,0,0,7464227,13824750,1967734
6 x 1024 B,10,448,1980430,0,0,0,7510957,13824750,1981449
6 x 1024 B,11,448,1967173,0,0,0,7464786,13824750,1968190
6 x 1024 B,12,448,1967431,0,0,0,7464694,13824750,1968425
6 x 1024 B,13,448,1967927,0,0,0,7467824,13824750,1968919
6 x 1024 B,14,448,1996626,0,0,0,7576310,13824750,1997627
6 x 1024 B,15,448,1997228,0,0,0,7577574,13824750,1998211
6 x 1024 B,16,448,1996191,0,0,0,7575542,13824750,1997204
6 x 1024 B,17,448,1996888,0,0,0,7577831,13824750,1997886
6 x 1024 B,18,448,1996239,0,0,0,7575274,13824750,1997239
6 x 1024 B,19,448,1996118,0,0,0,7574645,13824750,1997102
6 x 1024 B,20,448,1996625,0,0,0,7577154,13824750,1997613
6 x 1024 B,21,448,1997575,0,0,0,7579262,13824750,1998552
6 x 1024 B,22,448,2003899,0,0,0,7604846,13824750,2004888
6 x 1024 B,23,448,2002983,0,0,0,7602085,13824750,2003974
6 x 1024 B,24,448,2003457,0,0,0,7602981,13824750,2004451
6 x 1024 B,25,448,2004271,0,0,0,7604597,13824750,2005266
6 x 1024 B,26,448,2003001,0,0,0,7599536,13824750,2004323
6 x 1024 B,27,448,2004216,0,0,0,7598178,13824750,2005341
6 x 1024 B,28,448,2013251,0,0,0,7597623,13824750,2009248
6 x 1024 B,29,448,2003025,0,0,0,7597532,13824750,2004395
6 x 1024 B,30,448,2015395,0,0,0,7596584,13824750,2014912
6 x 1024 B,31,448,2002570,0,0,0,7576863,13824750,2002196
8 x 1024 B,0,604,1986545,0,0,0,7538349,11568174,1987718
8 x 1024 B,1,604,1987422,0,0,0,7537498,11568174,1988445
8 x 1024 B,2,604,1986982,0,0,0,7535694,11568174,1988030
8 x 1024 B,3,604,1986658,0,0,0,7536146,11568174,1987683
8 x 1024 B,4,604,1986828,0,0,0,7536741,11568174,1987875
8 x 1024 B,5,604,1985839,0,0,0,7533018,11568174,1986867
8 x 1024 B,6,604,1985609,0,0,0,7533050,11568174,1986633
8 x 1024 B,7,604,1987029,0,0,0,7537108,11568174,1988058
8 x 1024 B,8,604,1984899,0,0,0,7532891,11568174,1985923
8 x 1024 B,9,604,1985544,0,0,0,7533412,11568174,1986558
8 x 1024 B,10,604,1985260,0,0,0,7533314,11568174,1986321
8 x 1024 B,11,604,1986833,0,0,0,7538176,11568174,1987842
8 x 1024 B,12,604,1983335,0,0,0,7532690,11568173,1984337
8 x 1024 B,13,604,1984997,0,0,0,7536991,11568173,1986064
8 x 1024 B,14,604,1986460,0,0,0,7536460,11568174,1987466
8 x 1024 B,15,604,1986969,0,0,0,7537740,11568174,1987972
8 x 1024 B,16,604,1987295,0,0,0,7541481,11568174,1988304
8 x 1024 B,17,604,1988103,0,0,0,7543316,11568174,1989108
8 x 1024 B,18,604,1987408,0,0,0,7541683,11568174,1988408
8 x 1024 B,19,604,1987762,0,0,0,7542561,11568174,1988770
8 x 1024 B,20,604,1987806,0,0,0,7543149,11568174,1988826
8 x 1024 B,21,604,1987830,0,0,0,7542605,11568174,1988851
8 x 1024 B,22,604,1988531,0,0,0,7545292,11568174,1989544
8 x 1024 B,23,604,1987882,0,0,0,7542310,11568174,1988894
8 x 1024 B,24,604,1988049,0,0,0,7543103,11568174,1989068
8 x 1024 B,25,604,1988429,0,0,0,7545112,11568174,1989419
8 x 1024 B,26,604,1984336,0,0,0,7530054,11568174,1985359
8 x 1024 B,27,604,1992551,0,0,0,7529602,11568174,1989089
8 x 1024 B,28,604,1984166,0,0,0,7529631,11568174,1985178
8 x 1024 B,29,604,1983896,0,0,0,7527929,11568174,1984904
8 x 1024 B,30,604,1985611,0,0,0,7532751,11568174,1986627
8 x 1024 B,31,604,1984920,0,0,0,7532262,11568174,1985927
12 x 1024 B,0,343,2001291,0,0,0,7593477,11656535,2002483
12 x 1024 B,1,343,1997799,0,0,0,7577856,11656535,1998913
12 x 1024 B,2,343,1999465,0,0,0,7581001,11656535,2001404
12 x 1024 B,3,343,2001872,0,0,0,7587940,11656535,2003156
12 x 1024 B,4,343,2005630,0,0,0,7596280,11656535,2007945
12 x 1024 B,5,343,2009624,0,0,0,7586453,11656535,2007710
12 x 1024 B,6,343,2015711,0,0,0,7588341,11656535,2010231
12 x 1024 B,7,343,2000125,0,0,0,7585297,11656535,2001278
12 x 1024 B,8,343,2000282,0,0,0,7584234,11656535,2001352
12 x 1024 B,9,343,1997586,0,0,0,7578143,11656535,1998678
12 x 1024 B,10,343,2001876,0,0,0,7594035,11656535,2002957
12 x 1024 B,11,343,2000498,0,0,0,7584635,11656535,2001601
12 x 1024 B,12,343,1999156,0,0,0,7584971,11656535,2000213
12 x 1024 B,13,343,1999376,0,0,0,7585127,11656535,2000421
12 x 1024 B,14,343,2385239,0,0,0,7583175,11656536,2386347
12 x 1024 B,15,343,2000554,0,0,0,7590653,11656535,2001596
12 x 1024 B,16,343,1999431,0,0,0,7585329,11656535,2000460
12 x 1024 B,17,343,1997105,0,0,0,7579737,11656535,1998131
12 x 1024 B,18,343,1997850,0,0,0,7579839,11656535,1998896
12 x 1024 B,19,343,1999890,0,0,0,7588028,11656535,2000927
12 x 1024 B,20,343,2000092,0,0,0,7587633,11656535,2001160
12 x 1024 B,21,343,1997338,0,0,0,7580339,11656535,1998385
12 x 1024 B,22,343,1997541,0,0,0,7578195,11656535,1998593
12 x 1024 B,23,343,2000016,0,0,0,7590737,11656535,2001050
12 x 1024 B,24,343,1998905,0,0,0,7583624,11656535,1999932
12 x 1024 B,25,343,2011896,0,0,0,7590422,11656535,2005124
12 x 1024 B,26,343,1999081,0,0,0,7583384,11656535,2000164
12 x 1024 B,27,343,2000266,0,0,0,7585303,11656535,2001372
12 x 1024 B,28,343,2000269,0,0,0,7587454,11656535,2001311
12 x 1024 B,29,343,1999339,0,0,0,7587390,11656535,2000404
12 x 1024 B,30,343,2001476,0,0,0,7588933,11656535,2002567
12 x 1024 B,31,343,1996719,0,0,0,7577097,11656535,1997772
16 x 1024 B,0,304,1995323,0,0,0,7571468,11532606,1996485
16 x 1024 B,1,304,1995715,0,0,0,7572876,11532606,1996756
16 x 1024 B,2,304,1995609,0,0,0,7571288,11532606,1996668
16 x 1024 B,3,304,1995449,0,0,0,7570145,11532606,1996513
16 x 1024 B,4,304,1995471,0,0,0,7571934,11532606,1996507
16 x 1024 B,5,304,1995460,0,0,0,7571590,11532606,1996527
16 x 1024 B,6,304,1995537,0,0,0,7570560,11532606,1996601
16 x 1024 B,7,304,1997141,0,0,0,7576625,11532606,1998210
16 x 1024 B,8,304,1995967,0,0,0,7571797,11532606,1997601
16 x 1024 B,9,304,1998033,0,0,0,7571544,11532606,1999425
16 x 1024 B,10,304,1997902,0,0,0,7572613,11532606,1999423
16 x 1024 B,11,304,1998292,0,0,0,7571614,11532606,2000068
16 x 1024 B,12,304,2012993,0,0,0,7572846,11532606,2005382
16 x 1024 B,13,304,1997870,0,0,0,7574770,11532606,1999000
16 x 1024 B,14,304,1995650,0,0,0,7570506,11532606,1996722
16 x 1024 B,15,304,1995511,0,0,0,7571483,11532606,1996565
16 x 1024 B,16,304,1995185,0,0,0,7569909,11532606,1996238
16 x 1024 B,17,304,1995401,0,0,0,7572548,11532606,1996521
16 x 1024 B,18,304,1996224,0,0,0,7572788,11532606,1997309
16 x 1024 B,19,304,1996727,0,0,0,7574593,11532606,1997798
16 x 1024 B,20,304,1997297,0,0,0,7573199,11532606,1998399
16 x 1024 B,21,304,1995421,0,0,0,7571757,11532606,1996494
16 x 1024 B,22,304,1997237,0,0,0,7573272,11532606,1998333
16 x 1024 B,23,304,1995628,0,0,0,7571384,11532606,1996666
16 x 1024 B,24,304,1995999,0,0,0,7573688,11532606,1997052
16 x 1024 B,25,304,1995808,0,0,0,7572659,11532606,1996861
16 x 1024 B,26,304,1995563,0,0,0,7572602,11532606,1996614
16 x 1024 B,27,304,1995338,0,0,0,7571018,11532606,1996385
16 x 1024 B,28,304,1995817,0,0,0,7571534,11532606,1996883
16 x 1024 B,29,304,1995543,0,0,0,7571778,11532606,1996588
16 x 1024 B,30,304,1996122,0,0,0,7572709,11532606,1997192
16 x 1024 B,31,304,1996296,0,0,0,7574429,11532606,1997345
24 x 1024 B,0,203,1997043,0,0,0,7577561,11514120,1998228
24 x 1024 B,1,203,1998942,0,0,0,7584397,11514120,2000038
24 x 1024 B,2,203,1997850,0,0,0,7578265,11514120,1998953
24 x 1024 B,3,203,1998617,0,0,0,7582508,11514120,1999699
24 x 1024 B,4,203,1997731,0,0,0,7579969,11514120,1998805
24 x 1024 B,5,203,1999128,0,0,0,7581396,11514120,2000254
24 x 1024 B,6,203,1998327,0,0,0,7581805,11514120,1999400
24 x 1024 B,7,203,2000282,0,0,0,7581394,11514120,2001419
24 x 1024 B,8,203,1998814,0,0,0,7584108,11514120,1999888
24 x 1024 B,9,203,1998159,0,0,0,7580003,11514120,1999253
24 x 1024 B,10,203,1998419,0,0,0,7581808,11514120,1999495
24 x 1024 B,11,203,1998406,0,0,0,7581417,11514120,1999501
24 x 1024 B,12,203,1997155,0,0,0,7577097,11514120,1998224
24 x 1024 B,13,203,1999574,0,0,0,7586482,11514120,2000655
24 x 1024 B,14,203,1997949,0,0,0,7580816,11514120,1999144
24 x 1024 B,15,203,1998161,0,0,0,7579029,11514120,1999311
24 x 1024 B,16,203,1999020,0,0,0,7578896,11514120,2000934
24 x 1024 B,17,203,1998247,0,0,0,7579927,11514120,1999574
24 x 1024 B,18,203,2005416,0,0,0,7580471,11514120,2007803
24 x 1024 B,19,203,2010223,0,0,0,7583157,11514120,2006515
24 x 1024 B,20,203,2009184,0,0,0,7580880,11514120,2003527
24 x 1024 B,21,203,1999147,0,0,0,7583557,11514120,2000468
24 x 1024 B,22,203,1998875,0,0,0,7582345,11514120,2000412
24 x 1024 B,23,203,1998017,0,0,0,7579350,11514120,1999227
24 x 1024 B,24,203,1998475,0,0,0,7582794,11514120,1999559
24 x 1024 B,25,203,1998223,0,0,0,7579642,11514120,1999305
24 x 1024 B,26,203,1997752,0,0,0,7580094,11514120,1998833
24 x 1024 B,27,203,1998809,0,0,0,7578503,11514120,2000693
24 x 1024 B,28,203,2001504,0,0,0,7578975,11514120,2003086
24 x 1024 B,29,203,1997643,0,0,0,7577732,11514120,1998817
24 x 1024 B,30,203,1998684,0,0,0,7580265,11514120,1999907
24 x 1024 B,31,203,1999404,0,0,0,7584081,11514120,2000474
64 x 1024 B,0,76,2017486,0,0,0,7630237,11448474,2020055
64 x 1024 B,1,76,2018091,0,0,0,7632457,11448474,2016508
64 x 1024 B,2,76,2012876,0,0,0,7633639,11448474,2013965
64 x 1024 B,3,76,2013143,0,0,0,7636963,11448474,2014226
64 x 1024 B,4,76,2012551,0,0,0,7630295,11448474,2013677
64 x 1024 B,5,76,2011716,0,0,0,7631938,11448474,2012783
64 x 1024 B,6,76,2013612,0,0,0,7636941,11448474,2014721
64 x 1024 B,7,76,2012437,0,0,0,7634979,11448474,2013518
64 x 1024 B,8,76,2012868,0,0,0,7637818,11448474,2013945
64 x 1024 B,9,76,2012971,0,0,0,7635852,11448474,2014031
64 x 1024 B,10,76,2013801,0,0,0,7637573,11448474,2014930
64 x 1024 B,11,76,2011686,0,0,0,7631927,11448474,2012760
64 x 1024 B,12,76,2012460,0,0,0,7637201,11448474,2013550
64 x 1024 B,13,76,2010763,0,0,0,7628343,11448474,2011829
64 x 1024 B,14,76,2010984,0,0,0,7632039,11448474,2012047
64 x 1024 B,15,76,2012252,0,0,0,7633675,11448474,2013312
64 x 1024 B,16,76,2012132,0,0,0,7634653,11448474,2013187
64 x 1024 B,17,76,2011344,0,0,0,7629891,11448474,2012394
64 x 1024 B,18,76,2012544,0,0,0,7637383,11448474,2013613
64 x 1024 B,19,76,2011970,0,0,0,7632873,11448474,2013020
64 x 1024 B,20,76,2011985,0,0,0,7634495,11448474,2013082
64 x 1024 B,21,76,2012499,0,0,0,7634134,11448474,2013682
64 x 1024 B,22,76,2011729,0,0,0,7632097,11448474,2013679
64 x 1024 B,23,76,2014969,0,0,0,7633072,11448474,2016737
64 x 1024 B,24,76,2013930,0,0,0,7635892,11448474,2015680
64 x 1024 B,25,76,2015508,0,0,0,7633110,11448474,2017394
64 x 1024 B,26,76,2019345,0,0,0,7636536,11448474,2018149
64 x 1024 B,27,76,2025643,0,0,0,7637069,11448474,2019058
64 x 1024 B,28,76,2010944,0,0,0,7630402,11448474,2012041
64 x 1024 B,29,76,2013093,0,0,0,7634654,11448474,2014202
64 x 1024 B,30,76,2012078,0,0,0,7633534,11448474,2013157
64 x 1024 B,31,76,2015770,0,0,0,7638043,11448475,2016864
128 x 1024 B,0,38,2009977,0,0,0,7626369,11434452,2011235
128 x 1024 B,1,38,2008876,0,0,0,7623899,11434452,2009946
128 x 1024 B,2,38,2012677,0,0,0,7625296,11434452,2013799
128 x 1024 B,3,38,2009445,0,0,0,7626055,11434452,2010541
128 x 1024 B,4,38,2011027,0,0,0,7630664,11434452,2012117
128 x 1024 B,5,38,2009695,0,0,0,7627608,11434452,2010787
128 x 1024 B,6,38,2011447,0,0,0,7631579,11434452,2012519
128 x 1024 B,7,38,2009183,0,0,0,7624028,11434452,2010256
128 x 1024 B,8,38,2009796,0,0,0,7625418,11434452,2010881
128 x 1024 B,9,38,2010346,0,0,0,7630212,11434452,2011428
128 x 1024 B,10,38,2011117,0,0,0,7630489,11434452,2012192
128 x 1024 B,11,38,2010170,0,0,0,7628748,11434452,2011259
128 x 1024 B,12,38,2010121,0,0,0,7626612,11434452,2011200
128 x 1024 B,13,38,2010125,0,0,0,7629399,11434452,2011199
128 x 1024 B,14,38,2011421,0,0,0,7631514,11434452,2012496
128 x 1024 B,15,38,2008417,0,0,0,7623371,11434452,2009509
128 x 1024 B,16,38,2010655,0,0,0,7628014,11434452,2011722
128 x 1024 B,17,38,2009316,0,0,0,7626185,11434452,2010403
128 x 1024 B,18,38,2010172,0,0,0,7627016,11434452,2011255
128 x 1024 B,19,38,2009046,0,0,0,7625374,11434452,2010129
128 x 1024 B,20,38,2009630,0,0,0,7624663,11434452,2010717
128 x 1024 B,21,38,2009442,0,0,0,7626140,11434452,2010536
128 x 1024 B,22,38,2011664,0,0,0,7631241,11434452,2012747
128 x 1024 B,23,38,2010219,0,0,0,7629456,11434452,2011312
128 x 1024 B,24,38,2010452,0,0,0,7627924,11434452,2011528
128 x 1024 B,25,38,2009806,0,0,0,7628343,11434452,2010892
128 x 1024 B,26,38,2010307,0,0,0,7626119,11434452,2011374
128 x 1024 B,27,38,2009686,0,0,0,7625865,11434452,2010826
128 x 1024 B,28,38,2012589,0,0,0,7632510,11434452,2013739
128 x 1024 B,29,38,2012024,0,0,0,7629967,11434452,2014067
128 x 1024 B,30,38,2011875,0,0,0,7628020,11434452,2013307
128 x 1024 B,31,38,2013312,0,0,0,7623508,11434452,2015706
129 x 1024 B,0,38,2047727,0,0,0,7767630,11740846,2048922
129 x 1024 B,1,38,2047917,0,0,0,7763279,11740846,2049050
129 x 1024 B,2,38,2047725,0,0,0,7767375,11740846,2048821
129 x 1024 B,3,38,2046857,0,0,0,7763025,11740846,2047962
129 x 1024 B,4,38,2048933,0,0,0,7762953,11740847,2050049
129 x 1024 B,5,38,2046596,0,0,0,7764752,11740846,2047717
129 x 1024 B,6,38,2048817,0,0,0,7767919,11740846,2049942
129 x 1024 B,7,38,2046744,0,0,0,7765842,11740846,2047823
129 x 1024 B,8,38,2047602,0,0,0,7763693,11740846,2048723
129 x 1024 B,9,38,2047968,0,0,0,7770058,11740846,2049083
129 x 1024 B,10,38,2045619,0,0,0,7762241,11740846,2046726
129 x 1024 B,11,38,2046302,0,0,0,7764644,11740846,2047387
129 x 1024 B,12,38,2046400,0,0,0,7765035,11740846,2047485
129 x 1024 B,13,38,2046178,0,0,0,7765025,11740846,2047258
129 x 1024 B,14,38,2046696,0,0,0,7764705,11740846,2047770
129 x 1024 B,15,38,2045897,0,0,0,7761902,11740846,2047008
129 x 1024 B,16,38,2047531,0,0,0,7767383,11740846,2048598
129 x 1024 B,17,38,2046643,0,0,0,7766039,11740846,2047705
129 x 1024 B,18,38,2046164,0,0,0,7763653,11740846,2047232
129 x 1024 B,19,38,2049550,0,0,0,7767795,11740846,2050734
129 x 1024 B,20,38,2058003,0,0,0,7766880,11740846,2051162
129 x 1024 B,21,38,2046973,0,0,0,7766778,11740846,2048082
129 x 1024 B,22,38,2047231,0,0,0,7767670,11740846,2048325
129 x 1024 B,23,38,2048573,0,0,0,7770069,11740846,2049668
129 x 1024 B,24,38,2050535,0,0,0,7772657,11740847,2051629
129 x 1024 B,25,38,2047696,0,0,0,7770400,11740846,2048779
129 x 1024 B,26,38,2046859,0,0,0,7766380,11740846,2047947
129 x 1024 B,27,38,2046248,0,0,0,7764740,11740846,2047331
129 x 1024 B,28,38,2048056,0,0,0,7768061,11740846,2049166
129 x 1024 B,29,38,2047084,0,0,0,7768237,11740846,2048176
129 x 1024 B,30,38,2047251,0,0,0,7766202,11740846,2048343
129 x 1024 B,31,38,2048982,0,0,0,7771644,11740846,2050123
1024 x 1024 B,0,5,2116079,0,0,0,8027771,12031416,2117733
1024 x 1024 B,1,5,2135202,0,0,0,8090229,12031417,2136605
1024 x 1024 B,2,5,2129614,0,0,0,8072196,12031416,2132067
1024 x 1024 B,3,5,2122851,0,0,0,8052518,12031416,2124200
1024 x 1024 B,4,5,2118734,0,0,0,8020103,12031416,2120689
1024 x 1024 B,5,5,2125719,0,0,0,8004094,12031416,2117343
1024 x 1024 B,6,5,2110528,0,0,0,8003880,12031416,2111740
1024 x 1024 B,7,5,2109616,0,0,0,8002253,12031416,2110688
1024 x 1024 B,8,5,2109198,0,0,0,8000156,12031416,2110412
1024 x 1024 B,9,5,2112756,0,0,0,8002117,12031417,2114024
1024 x 1024 B,10,5,2110018,0,0,0,8000436,12031416,2111185
1024 x 1024 B,11,5,2109760,0,0,0,8002882,12031416,2110855
1024 x 1024 B,12,5,2110756,0,0,0,8003567,12031416,2111862
1024 x 1024 B,13,5,2109131,0,0,0,8001055,12031416,2110235
1024 x 1024 B,14,5,2108834,0,0,0,8001123,12031416,2109909
1024 x 1024 B,15,5,2109031,0,0,0,8002493,12031416,2110099
1024 x 1024 B,16,5,2109120,0,0,0,8001672,12031416,2110217
1024 x 1024 B,17,5,2109392,0,0,0,8001364,12031416,2110454
1024 x 1024 B,18,5,2110479,0,0,0,8002807,12031417,2111558
1024 x 1024 B,19,5,2108450,0,0,0,7998782,12031416,2109534
1024 x 1024 B,20,5,2108491,0,0,0,8001485,12031416,2109578
1024 x 1024 B,21,5,2108527,0,0,0,8000849,12031416,2109599
1024 x 1024 B,22,5,2108020,0,0,0,7999489,12031416,2109099
1024 x 1024 B,23,5,2109036,0,0,0,8002129,12031416,2110105
1024 x 1024 B,24,5,2109492,0,0,0,8003105,12031416,2110553
1024 x 1024 B,25,5,2109386,0,0,0,8001372,12031416,2110469
1024 x 1024 B,26,5,2108073,0,0,0,7999630,12031416,2109172
1024 x 1024 B,27,5,2110867,0,0,0,8002845,12031417,2111933
1024 x 1024 B,28,5,2108270,0,0,0,7999479,12031416,2109378
1024 x 1024 B,29,5,2108413,0,0,0,7999358,12031416,2109474
1024 x 1024 B,30,5,2107865,0,0,0,7998988,12031416,2108938
1024 x 1024 B,31,5,2108783,0,0,0,7999717,12031416,2109855
1 x 2048 B,0,1300,1979965,0,0,0,7510605,10050666,1980991
1 x 2048 B,1,1300,1977337,0,0,0,7498277,10050666,1978227
1 x 2048 B,2,1300,1974156,0,0,0,7486124,10050666,1975063
1 x 2048 B,3,1300,1975632,0,0,0,7497228,10050666,1976517
1 x 2048 B,4,1300,1976041,0,0,0,7497527,10050666,1976920
1 x 2048 B,5,1300,1975438,0,0,0,7495217,10050666,1976304
1 x 2048 B,6,1300,1980860,0,0,0,7510329,10050666,1981794
1 x 2048 B,7,1300,1980637,0,0,0,7510468,10050666,1982106
1 x 2048 B,8,1300,1981575,0,0,0,7510720,10050666,1982935
1 x 2048 B,9,1300,1981665,0,0,0,7509327,10050666,1983920
1 x 2048 B,10,1300,1982120,0,0,0,7503321,10050666,1983613
1 x 2048 B,11,1300,1985944,0,0,0,7464094,10050666,1975738
1 x 2048 B,12,1300,1966864,0,0,0,7462229,10050666,1967803
1 x 2048 B,13,1300,1974390,0,0,0,7492768,10050666,1975259
1 x 2048 B,14,1300,1973703,0,0,0,7485466,10050666,1974606
1 x 2048 B,15,1300,1981915,0,0,0,7486123,10050666,1975967
1 x 2048 B,16,1300,1972329,0,0,0,7484752,10050666,1973272
1 x 2048 B,17,1300,1979592,0,0,0,7510186,10050666,1980502
1 x 2048 B,18,1300,1978474,0,0,0,7504720,10050666,1979363
1 x 2048 B,19,1300,1966700,0,0,0,7462256,10050666,1967565
1 x 2048 B,20,1300,1972272,0,0,0,7486632,10050666,1973169
1 x 2048 B,21,1300,2360231,0,0,0,7495174,10050666,2361169
1 x 2048 B,22,1300,1978779,0,0,0,7508775,10050666,1979668
1 x 2048 B,23,1300,1979593,0,0,0,7509321,10050666,1980448
1 x 2048 B,24,1300,1975562,0,0,0,7498297,10050666,1976416
1 x 2048 B,25,1300,1974958,0,0,0,7495005,10050666,1975811
1 x 2048 B,26,1300,1971428,0,0,0,7476494,10050666,1972321
1 x 2048 B,27,1300,1974997,0,0,0,7494470,10050666,1975857
1 x 2048 B,28,1300,1969976,0,0,0,7477747,10050666,1970834
1 x 2048 B,29,1300,1974415,0,0,0,7492598,10050666,1975281
1 x 2048 B,30,1300,1973270,0,0,0,7489784,10050666,1974120
1 x 2048 B,31,1300,1978994,0,0,0,7509059,10050666,1979852
3 x 2048 B,0,439,1993321,0,0,0,7563014,10071465,1994271
3 x 2048 B,1,439,1992449,0,0,0,7563248,10071465,1993323
3 x 2048 B,2,439,1992767,0,0,0,7562979,10071465,1993642
3 x 2048 B,3,439,1993348,0,0,0,7565769,10071465,1994216
3 x 2048 B,4,439,1993388,0,0,0,7565502,10071465,1994261
3 x 2048 B,5,439,1993566,0,0,0,7565807,10071465,1994441
3 x 2048 B,6,439,1993627,0,0,0,7565786,10071465,1994506
3 x 2048 B,7,439,1993222,0,0,0,7565772,10071465,1994084
3 x 2048 B,8,439,1993642,0,0,0,7565640,10071465,1994506
3 x 2048 B,9,439,1993781,0,0,0,7565610,10071465,1994651
3 x 2048 B,10,439,1993400,0,0,0,7565697,10071465,1994263
3 x 2048 B,11,439,1993611,0,0,0,7565721,10071465,1994475
3 x 2048 B,12,439,1993812,0,0,0,7565859,10071465,1994679
3 x 2048 B,13,439,2002513,0,0,0,7565467,10071465,1998962
3 x 2048 B,14,439,1995077,0,0,0,7564391,10071465,1997387
3 x 2048 B,15,439,1994639,0,0,0,7564136,10071465,1995855
3 x 2048 B,16,439,1997803,0,0,0,7566123,10071465,2000150
3 x 2048 B,17,439,1996532,0,0,0,7567307,10071465,1997936
3 x 2048 B,18,439,1994628,0,0,0,7563195,10071465,1995592
3 x 2048 B,19,439,1993332,0,0,0,7563195,10071465,1994198
3 x 2048 B,20,439,1994575,0,0,0,7563278,10071465,1995471
3 x 2048 B,21,439,1993641,0,0,0,7565782,10071465,1994502
3 x 2048 B,22,439,1993831,0,0,0,7565908,10071465,1994717
3 x 2048 B,23,439,1993581,0,0,0,7565809,10071465,1994443
3 x 2048 B,24,439,1993799,0,0,0,7565715,10071465,1994716
3 x 2048 B,25,439,1993017,0,0,0,7563316,10071465,1993889
3 x 2048 B,26,439,1994455,0,0,0,7563488,10071465,1995351
3 x 2048 B,27,439,1994031,0,0,0,7565758,10071465,1994911
3 x 2048 B,28,439,1995129,0,0,0,7565779,10071465,1996015
3 x 2048 B,29,439,1993778,0,0,0,7565995,10071465,1994656
3 x 2048 B,30,439,1994680,0,0,0,7566120,10071465,1995661
3 x 2048 B,31,439,1993134,0,0,0,7565361,10071465,1994022
4 x 2048 B,0,330,1996886,0,0,0,7579559,10080546,1997833
4 x 2048 B,1,330,1998503,0,0,0,7582965,10080546,1999404
4 x 2048 B,2,330,2005171,0,0,0,7609135,10080546,2006070
4 x 2048 B,3,330,2005855,0,0,0,7608712,10080546,2006725
4 x 2048 B,4,330,2004531,0,0,0,7608610,10080546,2005420
4 x 2048 B,5,330,2005573,0,0,0,7609069,10080546,2006464
4 x 2048 B,6,330,2005019,0,0,0,7609135,10080546,2005915
4 x 2048 B,7,330,2005351,0,0,0,7609193,10080546,2006228
4 x 2048 B,8,330,2004779,0,0,0,7608760,10080546,2005656
4 x 2048 B,9,330,2005400,0,0,0,7608852,10080546,2006286
4 x 2048 B,10,330,2004958,0,0,0,7608569,10080546,2005850
4 x 2048 B,11,330,2005847,0,0,0,7608670,10080546,2006738
4 x 2048 B,12,330,2014534,0,0,0,7605061,10080546,2009574
4 x 2048 B,13,330,1998045,0,0,0,7579914,10080546,1998961
4 x 2048 B,14,330,1997194,0,0,0,7580211,10080546,1998087
4 x 2048 B,15,330,1997637,0,0,0,7580552,10080546,1998518
4 x 2048 B,16,330,1997591,0,0,0,7580615,10080546,1998469
4 x 2048 B,17,330,1998316,0,0,0,7580772,10080546,1999203
4 x 2048 B,18,330,1997424,0,0,0,7580752,10080546,1998322
4 x 2048 B,19,330,1997881,0,0,0,7580817,10080546,1998770
4 x 2048 B,20,330,1998143,0,0,0,7580718,10080546,1999108
4 x 2048 B,21,330,2005762,0,0,0,7608404,10080546,2007076
4 x 2048 B,22,330,2006628,0,0,0,7608988,10080546,2007953
4 x 2048 B,23,330,2007310,0,0,0,7608971,10080546,2008712
4 x 2048 B,24,330,2022479,0,0,0,7609218,10080546,2021357
4 x 2048 B,25,330,2006497,0,0,0,7609680,10080546,2007469
4 x 2048 B,26,330,2005074,0,0,0,7608350,10080546,2005973
4 x 2048 B,27,330,2006348,0,0,0,7609946,10080546,2007274
4 x 2048 B,28,330,2004499,0,0,0,7607946,10080546,2005389
4 x 2048 B,29,330,2005893,0,0,0,7608485,10080546,2006826
4 x 2048 B,30,330,2005294,0,0,0,7608603,10080546,2006205
4 x 2048 B,31,330,2005539,0,0,0,7610165,10080546,2006444
6 x 2048 B,0,219,1995995,0,0,0,7570443,10020930,1996974
6 x 2048 B,1,219,1983722,0,0,0,7528531,10020930,1984638
6 x 2048 B,2,219,1984328,0,0,0,7531021,10020930,1985225
6 x 2048 B,3,219,1986061,0,0,0,7537248,10020930,1986951
6 x 2048 B,4,219,1983973,0,0,0,7528670,10020930,1984875
6 x 2048 B,5,219,1983990,0,0,0,7530107,10020930,1984885
6 x 2048 B,6,219,1985602,0,0,0,7535757,10020930,1986495
6 x 2048 B,7,219,1987670,0,0,0,7544498,10020930,1988551
6 x 2048 B,8,219,1986450,0,0,0,7537726,10020930,1987350
6 x 2048 B,9,219,1985972,0,0,0,7537725,10020930,1986870
6 x 2048 B,10,219,1988479,0,0,0,7544725,10020930,1989382
6 x 2048 B,11,219,2051197,0,0,0,7543448,10020930,1991413
6 x 2048 B,12,219,1985642,0,0,0,7532939,10020930,1986563
6 x 2048 B,13,219,1986194,0,0,0,7538173,10020930,1987134
6 x 2048 B,14,219,1986382,0,0,0,7536934,10020930,1987277
6 x 2048 B,15,219,1990743,0,0,0,7539967,10020930,1991691
6 x 2048 B,16,219,1988302,0,0,0,7544455,10020930,1989222
6 x 2048 B,17,219,1987744,0,0,0,7545016,10020930,1988653
6 x 2048 B,18,219,1987287,0,0,0,7541322,10020930,1988184
6 x 2048 B,19,219,1984678,0,0,0,7533414,10020930,1985570
6 x 2048 B,20,219,1983218,0,0,0,7524459,10020930,1984128
6 x 2048 B,21,219,1987620,0,0,0,7544865,10020930,1988525
6 x 2048 B,22,219,1985135,0,0,0,7532413,10020930,1986024
6 x 2048 B,23,219,1986991,0,0,0,7542028,10020930,1987881
6 x 2048 B,24,219,1988575,0,0,0,7544872,10020930,1989480
6 x 2048 B,25,219,1987722,0,0,0,7544922,10020930,1988617
6 x 2048 B,26,219,1987834,0,0,0,7542127,10020930,1988745
6 x 2048 B,27,219,1988619,0,0,0,7545176,10020930,1989884
6 x 2048 B,28,219,1985802,0,0,0,7531083,10020930,1986828
6 x 2048 B,29,219,1985447,0,0,0,7523556,10020930,1987042
6 x 2048 B,30,219,1983456,0,0,0,7522762,10020930,1984662
6 x 2048 B,31,219,2003050,0,0,0,7546347,10020930,2001450
8 x 2048 B,0,165,2000731,0,0,0,7587159,10059756,2001814
8 x 2048 B,1,165,1999462,0,0,0,7585876,10059756,2000399
8 x 2048 B,2,165,2000873,0,0,0,7590101,10059756,2001797
8 x 2048 B,3,165,2000745,0,0,0,7586097,10059756,2001670
8 x 2048 B,4,165,2000538,0,0,0,7590409,10059756,2001481
8 x 2048 B,5,165,2000142,0,0,0,7588528,10059756,2001070
8 x 2048 B,6,165,2373235,0,0,0,7591471,10059756,2374185
8 x 2048 B,7,165,2000309,0,0,0,7591102,10059756,2001227
8 x 2048 B,8,165,2000037,0,0,0,7590254,10059756,2000949
8 x 2048 B,9,165,2000270,0,0,0,7589331,10059756,2001189
8 x 2048 B,10,165,2012104,0,0,0,7590101,10059756,2004171
8 x 2048 B,11,165,2000087,0,0,0,7588777,10059756,2001027
8 x 2048 B,12,165,1999959,0,0,0,7589905,10059756,2000867
8 x 2048 B,13,165,1999393,0,0,0,7587306,10059756,2000304
8 x 2048 B,14,165,1999977,0,0,0,7589346,10059756,2000888
8 x 2048 B,15,165,1999742,0,0,0,7589082,10059762,2000675
8 x 2048 B,16,165,2001184,0,0,0,7592372,10059762,2002112
8 x 2048 B,17,165,2000284,0,0,0,7589201,10059756,2001213
8 x 2048 B,18,165,1999395,0,0,0,7584839,10059756,2000337
8 x 2048 B,19,165,1998676,0,0,0,7579573,10059756,1999706
8 x 2048 B,20,165,1998030,0,0,0,7580808,10059756,1999061
8 x 2048 B,21,165,2000836,0,0,0,7583122,10059756,2001884
8 x 2048 B,22,165,1998294,0,0,0,7581768,10059756,1999226
8 x 2048 B,23,165,1997900,0,0,0,7576355,10059756,1998843
8 x 2048 B,24,165,1997732,0,0,0,7579967,10059756,1998667
8 x 2048 B,25,165,1998957,0,0,0,7580839,10059756,1999895
8 x 2048 B,26,165,1998108,0,0,0,7580976,10059756,1999063
8 x 2048 B,27,165,1997951,0,0,0,7576769,10059756,1998878
8 x 2048 B,28,165,1998004,0,0,0,7581966,10059756,1998945
8 x 2048 B,29,165,1998143,0,0,0,7577993,10059756,1999073
8 x 2048 B,30,165,1997569,0,0,0,7580084,10059756,1998527
8 x 2048 B,31,165,1999275,0,0,0,7585383,10059756,2000208
12 x 2048 B,0,111,2016452,0,0,0,7649618,10144212,2017461
12 x 2048 B,1,111,2015884,0,0,0,7647553,10144212,2016943
12 x 2048 B,2,111,2016805,0,0,0,7650191,10144212,2018389
12 x 2048 B,3,111,2017460,0,0,0,7650370,10144212,2018995
12 x 2048 B,4,111,2019195,0,0,0,7652972,10144212,2021630
12 x 2048 B,5,111,2019841,0,0,0,7650149,10144212,2021483
12 x 2048 B,6,111,2015777,0,0,0,7646271,10144212,2016728
12 x 2048 B,7,111,2033733,0,0,0,7668584,10144212,2026860
12 x 2048 B,8,111,2020862,0,0,0,7665194,10144212,2021890
12 x 2048 B,9,111,2029374,0,0,0,7659847,10144212,2023469
12 x 2048 B,10,111,2018429,0,0,0,7653879,10144212,2019405
12 x 2048 B,11,111,2017557,0,0,0,7647431,10144212,2018535
12 x 2048 B,12,111,2016392,0,0,0,7650625,10144212,2017339
12 x 2048 B,13,111,2020473,0,0,0,7658802,10144213,2021402
12 x 2048 B,14,111,2396063,0,0,0,7645776,10144212,2397023
12 x 2048 B,15,111,2015052,0,0,0,7646449,10144212,2016003
12 x 2048 B,16,111,2013676,0,0,0,7641002,10144212,2014605
12 x 2048 B,17,111,2014037,0,0,0,7642577,10144212,2014957
12 x 2048 B,18,111,2017024,0,0,0,7651708,10144212,2017952
12 x 2048 B,19,111,2014913,0,0,0,7644850,10144212,2015848
12 x 2048 B,20,111,2016674,0,0,0,7653120,10144212,2017605
12 x 2048 B,21,111,2016330,0,0,0,7652236,10144212,2017259
12 x 2048 B,22,111,2017556,0,0,0,7655854,10144212,2018490
12 x 2048 B,23,111,2014888,0,0,0,7645200,10144212,2015813
12 x 2048 B,24,111,2017742,0,0,0,7655192,10144212,2018675
12 x 2048 B,25,111,2013609,0,0,0,7642952,10144212,2014540
12 x 2048 B,26,111,2016187,0,0,0,7649999,10144212,2017123
12 x 2048 B,27,111,2015723,0,0,0,7648757,10144212,2016633
12 x 2048 B,28,111,2016470,0,0,0,7648144,10144212,2017401
12 x 2048 B,29,111,2015341,0,0,0,7649400,10144212,2016268
12 x 2048 B,30,111,2016246,0,0,0,7649191,10144212,2017173
12 x 2048 B,31,111,2016170,0,0,0,7651425,10144212,2017098
16 x 2048 B,0,83,2020047,0,0,0,7664069,10110264,2021046
16 x 2048 B,1,83,2021797,0,0,0,7670066,10110264,2022747
16 x 2048 B,2,83,2021050,0,0,0,7669751,10110264,2021987
16 x 2048 B,3,83,2021881,0,0,0,7671340,10110264,2022822
16 x 2048 B,4,83,2022190,0,0,0,7672120,10110264,2023133
16 x 2048 B,5,83,2022415,0,0,0,7674082,10110264,2023353
16 x 2048 B,6,83,2022753,0,0,0,7676501,10110264,2023688
16 x 2048 B,7,83,2020144,0,0,0,7663188,10110264,2021076
16 x 2048 B,8,83,2024295,0,0,0,7669506,10110264,2025360
16 x 2048 B,9,83,2027682,0,0,0,7679033,10110265,2029295
16 x 2048 B,10,83,2022178,0,0,0,7667573,10110264,2023400
16 x 2048 B,11,83,2037008,0,0,0,7672411,10110264,2034847
16 x 2048 B,12,83,2027148,0,0,0,7667819,10110264,2026692
16 x 2048 B,13,83,2030006,0,0,0,7664090,10110264,2024960
16 x 2048 B,14,83,2020456,0,0,0,7664875,10110264,2021442
16 x 2048 B,15,83,2022796,0,0,0,7676234,10110264,2023744
16 x 2048 B,16,83,2022311,0,0,0,7673831,10110264,2023262
16 x 2048 B,17,83,2023777,0,0,0,7676324,10110264,2024745
16 x 2048 B,18,83,2024311,0,0,0,7674595,10110264,2025283
16 x 2048 B,19,83,2025556,0,0,0,7680602,10110264,2026539
16 x 2048 B,20,83,2020252,0,0,0,7665985,10110264,2021195
16 x 2048 B,21,83,2020147,0,0,0,7666764,10110264,2021087
16 x 2048 B,22,83,2393941,0,0,0,7665283,10110264,2394924
16 x 2048 B,23,83,2020456,0,0,0,7667174,10110264,2021416
16 x 2048 B,24,83,2019743,0,0,0,7663078,10110264,2020694
16 x 2048 B,25,83,2022521,0,0,0,7672291,10110264,2023456
16 x 2048 B,26,83,2024210,0,0,0,7678105,10110264,2025151
16 x 2048 B,27,83,2020998,0,0,0,7667228,10110264,2021934
16 x 2048 B,28,83,2018687,0,0,0,7661303,10110264,2019617
16 x 2048 B,29,83,2020320,0,0,0,7666141,10110264,2021271
16 x 2048 B,30,83,2018414,0,0,0,7660673,10110264,2019354
16 x 2048 B,31,83,2021651,0,0,0,7671369,10110264,2022598
24 x 2048 B,0,55,2018602,0,0,0,7658131,10045896,2019598
24 x 2048 B,1,55,2012420,0,0,0,7636515,10045896,2013350
24 x 2048 B,2,55,2014331,0,0,0,7644112,10045896,2015276
24 x 2048 B,3,55,2011929,0,0,0,7634687,10045896,2012873
24 x 2048 B,4,55,2013471,0,0,0,7642449,10045896,2014405
24 x 2048 B,5,55,2013739,0,0,0,7637970,10045896,2014686
24 x 2048 B,6,55,2011606,0,0,0,7634954,10045896,2012546
24 x 2048 B,7,55,2013475,0,0,0,7640511,10045896,2014407
24 x 2048 B,8,55,2011081,0,0,0,7631172,10045896,2012022
24 x 2048 B,9,55,2012956,0,0,0,7637298,10045896,2013894
24 x 2048 B,10,55,2011862,0,0,0,7632771,10045896,2012795
24 x 2048 B,11,55,2012414,0,0,0,7634655,10045896,2013342
24 x 2048 B,12,55,2011466,0,0,0,7634274,10045896,2012401
24 x 2048 B,13,55,2014039,0,0,0,7641420,10045896,2014965
24 x 2048 B,14,55,2017010,0,0,0,7652674,10045896,2018002
24 x 2048 B,15,55,2015314,0,0,0,7641169,10045896,2016938
24 x 2048 B,16,55,2016300,0,0,0,7646540,10045896,2017507
24 x 2048 B,17,55,2017024,0,0,0,7640907,10045896,2019678
24 x 2048 B,18,55,2022959,0,0,0,7642911,10045896,2022063
24 x 2048 B,19,55,2025005,0,0,0,7645918,10045896,2020346
24 x 2048 B,20,55,2016170,0,0,0,7646142,10045896,2017206
24 x 2048 B,21,55,2013006,0,0,0,7637251,10045896,2013966
24 x 2048 B,22,55,2013185,0,0,0,7639826,10045896,2014126
24 x 2048 B,23,55,2011487,0,0,0,7631092,10045896,2012483
24 x 2048 B,24,55,2014065,0,0,0,7642663,10045896,2015006
24 x 2048 B,25,55,2014207,0,0,0,7640818,10045896,2015173
24 x 2048 B,26,55,2013637,0,0,0,7641310,10045896,2014587
24 x 2048 B,27,55,2016174,0,0,0,7646273,10045896,2017141
24 x 2048 B,28,55,2011753,0,0,0,7634445,10045896,2012715
24 x 2048 B,29,55,2015333,0,0,0,7643687,10045896,2016282
24 x 2048 B,30,55,2014960,0,0,0,7645519,10045896,2015908
24 x 2048 B,31,55,2015734,0,0,0,7648313,10045896,2016663
64 x 2048 B,0,21,2048207,0,0,0,7770824,10224132,2049256
64 x 2048 B,1,21,2046080,0,0,0,7764729,10224132,2047037
64 x 2048 B,2,21,2045116,0,0,0,7760120,10224132,2046069
64 x 2048 B,3,21,2047785,0,0,0,7771770,10224132,2048730
64 x 2048 B,4,21,2046749,0,0,0,7760106,10224133,2047723
64 x 2048 B,5,21,2046556,0,0,0,7766568,10224132,2047532
64 x 2048 B,6,21,2053858,0,0,0,7778049,10224132,2054844
64 x 2048 B,7,21,2047094,0,0,0,7766098,10224132,2048048
64 x 2048 B,8,21,2045149,0,0,0,7760735,10224132,2046088
64 x 2048 B,9,21,2046512,0,0,0,7765753,10224132,2047452
64 x 2048 B,10,21,2050715,0,0,0,7780248,10224132,2051660
64 x 2048 B,11,21,2049046,0,0,0,7776740,10224132,2049975
64 x 2048 B,12,21,2047113,0,0,0,7767115,10224132,2048042
64 x 2048 B,13,21,2051100,0,0,0,7779631,10224132,2052053
64 x 2048 B,14,21,2051142,0,0,0,7778221,10224132,2052118
64 x 2048 B,15,21,2046067,0,0,0,7762837,10224132,2047004
64 x 2048 B,16,21,2047750,0,0,0,7769655,10224132,2048696
64 x 2048 B,17,21,2045078,0,0,0,7759540,10224132,2046010
64 x 2048 B,18,21,2047134,0,0,0,7767551,10224132,2048067
64 x 2048 B,19,21,2053088,0,0,0,7789990,10224132,2054044
64 x 2048 B,20,21,2055705,0,0,0,7798357,10224132,2056652
64 x 2048 B,21,21,2054338,0,0,0,7791517,10224132,2056136
64 x 2048 B,22,21,2053549,0,0,0,7780500,10224132,2055190
64 x 2048 B,23,21,2050486,0,0,0,7773036,10224133,2057153
64 x 2048 B,24,21,2050915,0,0,0,7778428,10224132,2052154
64 x 2048 B,25,21,2060119,0,0,0,7763387,10224132,2053635
64 x 2048 B,26,21,2043595,0,0,0,7748611,10224132,2044694
64 x 2048 B,27,21,2042302,0,0,0,7748253,10224132,2043341
64 x 2048 B,28,21,2047457,0,0,0,7765836,10224132,2048519
64 x 2048 B,29,21,2043081,0,0,0,7748914,10224132,2044145
64 x 2048 B,30,21,2048265,0,0,0,7764042,10224132,2049354
64 x 2048 B,31,21,2041576,0,0,0,7741452,10224132,2042625
128 x 2048 B,0,11,2149207,0,0,0,8141309,10709593,2150400
128 x 2048 B,1,11,2138822,0,0,0,8114092,10709592,2139865
128 x 2048 B,2,11,2139187,0,0,0,8116500,10709592,2140229
128 x 2048 B,3,11,2140813,0,0,0,8123266,10709592,2141854
128 x 2048 B,4,11,2144635,0,0,0,8137137,10709592,2145664
128 x 2048 B,5,11,2139481,0,0,0,8116250,10709592,2140516
128 x 2048 B,6,11,2140000,0,0,0,8119465,10709592,2141036
128 x 2048 B,7,11,2133656,0,0,0,8096791,10709592,2134686
128 x 2048 B,8,11,2140517,0,0,0,8117931,10709593,2141552
128 x 2048 B,9,11,2146156,0,0,0,8144027,10709592,2147197
128 x 2048 B,10,11,2143299,0,0,0,8133800,10709592,2144333
128 x 2048 B,11,11,2140686,0,0,0,8121637,10709592,2141711
128 x 2048 B,12,11,2135621,0,0,0,8102961,10709592,2136656
128 x 2048 B,13,11,2143908,0,0,0,8134811,10709592,2144956
128 x 2048 B,14,11,2134628,0,0,0,8101169,10709592,2135672
128 x 2048 B,15,11,2141125,0,0,0,8118830,10709593,2142162
128 x 2048 B,16,11,2139372,0,0,0,8118162,10709592,2140395
128 x 2048 B,17,11,2140638,0,0,0,8123976,10709592,2141678
128 x 2048 B,18,11,2137881,0,0,0,8113827,10709592,2138919
128 x 2048 B,19,11,2140003,0,0,0,8118383,10709592,2141030
128 x 2048 B,20,11,2135437,0,0,0,8102852,10709592,2136464
128 x 2048 B,21,11,2146822,0,0,0,8145544,10709592,2147864
128 x 2048 B,22,11,2144477,0,0,0,8132096,10709593,2145518
128 x 2048 B,23,11,2142678,0,0,0,8130224,10709592,2143719
128 x 2048 B,24,11,2139924,0,0,0,8118732,10709592,2140957
128 x 2048 B,25,11,2140134,0,0,0,8119323,10709592,2141515
128 x 2048 B,26,11,2138299,0,0,0,8110865,10709592,2140402
128 x 2048 B,27,11,2142386,0,0,0,8122167,10709592,2143881
128 x 2048 B,28,11,2140786,0,0,0,8117136,10709592,2143206
128 x 2048 B,29,11,2153740,0,0,0,8112501,10709593,2151178
128 x 2048 B,30,11,2142916,0,0,0,8126190,10709592,2144089
128 x 2048 B,31,11,2137524,0,0,0,8106226,10709592,2138603
129 x 2048 B,0,11,2159027,0,0,0,8181052,10793248,2160168
129 x 2048 B,1,11,2158394,0,0,0,8185420,10793247,2159475
129 x 2048 B,2,11,2162379,0,0,0,8203039,10793247,2163411
129 x 2048 B,3,11,2161228,0,0,0,8198823,10793247,2162308
129 x 2048 B,4,11,2159204,0,0,0,8191552,10793247,2160249
129 x 2048 B,5,11,2154308,0,0,0,8176105,10793247,2155336
129 x 2048 B,6,11,2157397,0,0,0,8180707,10793248,2158443
129 x 2048 B,7,11,2151226,0,0,0,8163879,10793247,2152255
129 x 2048 B,8,11,2159933,0,0,0,8189953,10793247,2161014
129 x 2048 B,9,11,2151944,0,0,0,8164971,10793247,2152992
129 x 2048 B,10,11,2154755,0,0,0,8175018,10793247,2155830
129 x 2048 B,11,11,2151754,0,0,0,8163691,10793247,2152849
129 x 2048 B,12,11,2156104,0,0,0,8179794,10793247,2157171
129 x 2048 B,13,11,2163512,0,0,0,8197089,10793248,2165468
129 x 2048 B,14,11,2159851,0,0,0,8193881,10793247,2161256
129 x 2048 B,15,11,2160033,0,0,0,8170917,10793247,2162055
129 x 2048 B,16,11,2168288,0,0,0,8189330,10793247,2166545
129 x 2048 B,17,11,2168163,0,0,0,8184556,10793247,2162756
129 x 2048 B,18,11,2161425,0,0,0,8197355,10793247,2162510
129 x 2048 B,19,11,2153417,0,0,0,8162833,10793248,2154496
129 x 2048 B,20,11,2155725,0,0,0,8177817,10793247,2156778
129 x 2048 B,21,11,2156066,0,0,0,8180389,10793247,2157146
129 x 2048 B,22,11,2161127,0,0,0,8198251,10793247,2162169
129 x 2048 B,23,11,2163640,0,0,0,8203646,10793247,2164703
129 x 2048 B,24,11,2163047,0,0,0,8206324,10793247,2164094
129 x 2048 B,25,11,2169211,0,0,0,8188495,10793248,2164962
129 x 2048 B,26,11,2164267,0,0,0,8210909,10793247,2165335
129 x 2048 B,27,11,2164659,0,0,0,8212047,10793247,2165708
129 x 2048 B,28,11,2161612,0,0,0,8202359,10793247,2162734
129 x 2048 B,29,11,2164984,0,0,0,8210279,10793247,2166059
129 x 2048 B,30,11,2164510,0,0,0,8208556,10793247,2166230
129 x 2048 B,31,11,2157440,0,0,0,8170698,10793248,2158715
1024 x 2048 B,0,2,3109364,0,0,0,11779055,15575660,3111235
1024 x 2048 B,1,2,3105148,0,0,0,11777258,15575659,3106672
1024 x 2048 B,2,2,3107478,0,0,0,11779041,15575659,3108936
1024 x 2048 B,3,2,3106090,0,0,0,11777940,15575659,3107851
1024 x 2048 B,4,2,3105210,0,0,0,11777998,15575659,3106624
1024 x 2048 B,5,2,3104370,0,0,0,11777324,15575659,3105818
1024 x 2048 B,6,2,3104138,0,0,0,11777451,15575659,3105531
1024 x 2048 B,7,2,3105074,0,0,0,11777238,15575659,3106438
1024 x 2048 B,8,2,3105024,0,0,0,11777456,15575659,3106419
1024 x 2048 B,9,2,3106383,0,0,0,11778155,15575660,3107780
1024 x 2048 B,10,2,3104336,0,0,0,11778089,15575659,3105728
1024 x 2048 B,11,2,3103865,0,0,0,11777484,15575659,3105281
1024 x 2048 B,12,2,3104787,0,0,0,11777396,15575659,3106175
1024 x 2048 B,13,2,3105167,0,0,0,11777485,15575659,3106547
1024 x 2048 B,14,2,3104056,0,0,0,11777460,15575659,3105450
1024 x 2048 B,15,2,3104165,0,0,0,11777485,15575659,3105573
1024 x 2048 B,16,2,3104977,0,0,0,11777623,15575659,3106372
1024 x 2048 B,17,2,3105050,0,0,0,11777537,15575659,3106453
1024 x 2048 B,18,2,3106997,0,0,0,11778537,15575660,3108360
1024 x 2048 B,19,2,3104551,0,0,0,11777829,15575659,3105940
1024 x 2048 B,20,2,3104133,0,0,0,11777905,15575659,3105534
1024 x 2048 B,21,2,3106974,0,0,0,11786589,15575659,3108559
1024 x 2048 B,22,2,3118797,0,0,0,11820696,15575659,3120785
1024 x 2048 B,23,2,3118850,0,0,0,11818850,15575659,3120781
1024 x 2048 B,24,2,3131387,0,0,0,11809879,15575659,3129104
1024 x 2048 B,25,2,3133011,0,0,0,11800370,15575659,3123585
1024 x 2048 B,26,2,3114237,0,0,0,11813100,15575659,3115740
1024 x 2048 B,27,2,3115804,0,0,0,11813013,15575660,3117237
1024 x 2048 B,28,2,3114861,0,0,0,11812937,15575659,3116360
1024 x 2048 B,29,2,3115879,0,0,0,11813878,15575659,3117454
1024 x 2048 B,30,2,3114014,0,0,0,11812327,15575659,3115464
1024 x 2048 B,31,2,3491726,0,0,0,11815017,15575659,3493307
1 x 2047 B,0,1027,1971389,0,0,0,7479106,15846976,1972550
1 x 2047 B,1,1027,1972842,0,0,0,7480622,15846976,1973732
1 x 2047 B,2,1027,1970834,0,0,0,7483113,15846975,1971702
1 x 2047 B,3,1027,1972637,0,0,0,7483969,15846976,1973539
1 x 2047 B,4,1027,1972981,0,0,0,7480802,15846976,1973906
1 x 2047 B,5,1027,1971430,0,0,0,7482455,15846976,1972368
1 x 2047 B,6,1027,1972789,0,0,0,7484111,15846976,1973703
1 x 2047 B,7,1027,1972950,0,0,0,7487258,15846976,1973853
1 x 2047 B,8,1027,1973719,0,0,0,7483871,15846976,1974629
1 x 2047 B,9,1027,1972637,0,0,0,7484466,15846976,1973514
1 x 2047 B,10,1027,1973043,0,0,0,7480506,15846976,1973982
1 x 2047 B,11,1027,1971710,0,0,0,7480688,15846976,1972601
1 x 2047 B,12,1027,1973102,0,0,0,7480651,15846976,1974019
1 x 2047 B,13,1027,1970976,0,0,0,7480867,15846976,1971860
1 x 2047 B,14,1027,1971745,0,0,0,7480625,15846976,1972631
1 x 2047 B,15,1027,1970777,0,0,0,7480537,15846976,1971646
1 x 2047 B,16,1027,1971577,0,0,0,7480548,15846976,1972457
1 x 2047 B,17,1027,1971164,0,0,0,7480721,15846976,1972038
1 x 2047 B,18,1027,1972154,0,0,0,7480609,15846976,1973023
1 x 2047 B,19,1027,1970880,0,0,0,7480635,15846976,1971751
1 x 2047 B,20,1027,1971490,0,0,0,7480838,15846976,1972357
1 x 2047 B,21,1027,1970787,0,0,0,7480505,15846976,1971678
1 x 2047 B,22,1027,1971859,0,0,0,7480420,15846976,1972717
1 x 2047 B,23,1027,1971900,0,0,0,7480529,15846976,1973028
1 x 2047 B,24,1027,1972040,0,0,0,7480402,15846976,1973145
1 x 2047 B,25,1027,1971890,0,0,0,7473941,15846976,1973676
1 x 2047 B,26,1027,1972784,0,0,0,7480540,15846976,1974075
1 x 2047 B,27,1027,1975966,0,0,0,7481765,15846976,1978167
1 x 2047 B,28,1027,1983722,0,0,0,7482132,15846976,1980450
1 x 2047 B,29,1027,1985541,0,0,0,7486827,15846976,1978422
1 x 2047 B,30,1027,1972032,0,0,0,7478842,15846976,1972938
1 x 2047 B,31,1027,1972085,0,0,0,7481698,15846976,1972954
3 x 2047 B,0,347,1994671,0,0,0,7567885,15975552,1995763
3 x 2047 B,1,347,1994568,0,0,0,7568795,15975552,1995488
3 x 2047 B,2,347,1995746,0,0,0,7570671,15975552,1996654
3 x 2047 B,3,347,1996757,0,0,0,7570283,15975552,1997679
3 x 2047 B,4,347,1994704,0,0,0,7567707,15975552,1995610
3 x 2047 B,5,347,1994474,0,0,0,7568844,15975552,1995363
3 x 2047 B,6,347,2403279,0,0,0,7572184,15975552,2398227
3 x 2047 B,7,347,1996182,0,0,0,7568593,15975552,1997174
3 x 2047 B,8,347,1995423,0,0,0,7567426,15975552,1996362
3 x 2047 B,9,347,1994203,0,0,0,7567313,15975552,1995110
3 x 2047 B,10,347,1996667,0,0,0,7572444,15975552,1997581
3 x 2047 B,11,347,1996698,0,0,0,7569221,15975552,1997638
3 x 2047 B,12,347,1998312,0,0,0,7567311,15975552,1999265
3 x 2047 B,13,347,1994291,0,0,0,7567594,15975552,1995204
3 x 2047 B,14,347,1996384,0,0,0,7568020,15975552,1997336
3 x 2047 B,15,347,1996186,0,0,0,7572763,15975552,1997091
3 x 2047 B,16,347,1994049,0,0,0,7566835,15975552,1994939
3 x 2047 B,17,347,1995567,0,0,0,7572188,15975552,1996437
3 x 2047 B,18,347,1995992,0,0,0,7573249,15975552,1996885
3 x 2047 B,19,347,1996256,0,0,0,7571761,15975552,1997150
3 x 2047 B,20,347,1995034,0,0,0,7567400,15975552,1995935
3 x 2047 B,21,347,1994394,0,0,0,7567340,15975552,1995277
3 x 2047 B,22,347,1995019,0,0,0,7570286,15975552,1995918
3 x 2047 B,23,347,1996088,0,0,0,7571809,15975552,1996974
3 x 2047 B,24,347,1994517,0,0,0,7568155,15975552,1995401
3 x 2047 B,25,347,1995781,0,0,0,7572163,15975552,1996662
3 x 2047 B,26,347,1995169,0,0,0,7570517,15975552,1996071
3 x 2047 B,27,347,1996937,0,0,0,7573793,15975552,1997886
3 x 2047 B,28,347,1995929,0,0,0,7569409,15975552,1996847
3 x 2047 B,29,347,1996456,0,0,0,7570334,15975552,1997429
3 x 2047 B,30,347,1995951,0,0,0,7571282,15975552,1997003
3 x 2047 B,31,347,1996011,0,0,0,7569631,15975552,1997289
4 x 2047 B,0,260,1994878,0,0,0,7559253,15949286,1996816
4 x 2047 B,1,260,2004840,0,0,0,7558943,15949286,2003085
4 x 2047 B,2,260,1992972,0,0,0,7557504,15949286,1993902
4 x 2047 B,3,260,1992607,0,0,0,7558208,15949286,1993518
4 x 2047 B,4,260,1993266,0,0,0,7557522,15949286,1994171
4 x 2047 B,5,260,1999613,0,0,0,7558306,15949286,1995783
4 x 2047 B,6,260,1993404,0,0,0,7558161,15949286,1994336
4 x 2047 B,7,260,1992139,0,0,0,7557682,15949286,1993064
4 x 2047 B,8,260,1991991,0,0,0,7557672,15949286,1992909
4 x 2047 B,9,260,1992275,0,0,0,7558735,15949286,1993162
4 x 2047 B,10,260,1992474,0,0,0,7558585,15949286,1993367
4 x 2047 B,11,260,1992376,0,0,0,7558270,15949286,1993275
4 x 2047 B,12,260,1992034,0,0,0,7557950,15949286,1992917
4 x 2047 B,13,260,1991983,0,0,0,7557914,15949286,1992864
4 x 2047 B,14,260,1991775,0,0,0,7558680,15949286,1992675
4 x 2047 B,15,260,1992500,0,0,0,7557272,15949286,1993410
4 x 2047 B,16,260,1992053,0,0,0,7558208,15949286,1992952
4 x 2047 B,17,260,1992175,0,0,0,7558028,15949286,1993077
4 x 2047 B,18,260,1991744,0,0,0,7557900,15949286,1992639
4 x 2047 B,19,260,1992260,0,0,0,7557730,15949286,1993151
4 x 2047 B,20,260,1992193,0,0,0,7557618,15949286,1993088
4 x 2047 B,21,260,1991949,0,0,0,7557939,15949286,1992843
4 x 2047 B,22,260,1991882,0,0,0,7558639,15949286,1992796
4 x 2047 B,23,260,1992066,0,0,0,7558644,15949286,1992968
4 x 2047 B,24,260,1992277,0,0,0,7557697,15949286,1993184
4 x 2047 B,25,260,1991889,0,0,0,7557836,15949286,1992791
4 x 2047 B,26,260,1991694,0,0,0,7558147,15949286,1992603
4 x 2047 B,27,260,1991836,0,0,0,7557383,15949286,1992724
4 x 2047 B,28,260,1992580,0,0,0,7558606,15949286,1993468
4 x 2047 B,29,260,1991740,0,0,0,7557720,15949286,1992635
4 x 2047 B,30,260,1991637,0,0,0,7558022,15949286,1992531
4 x 2047 B,31,260,1991554,0,0,0,7557727,15949286,1992437
6 x 2047 B,0,175,2002499,0,0,0,7583880,16091616,2003494
6 x 2047 B,1,175,1996861,0,0,0,7576986,16091616,1997775
6 x 2047 B,2,175,1995716,0,0,0,7573082,16091616,1996635
6 x 2047 B,3,175,1996933,0,0,0,7574208,16091616,1997848
6 x 2047 B,4,175,2010370,0,0,0,7580539,16091616,2002693
6 x 2047 B,5,175,1996709,0,0,0,7573726,16091616,1997805
6 x 2047 B,6,175,1999865,0,0,0,7581157,16091616,2001558
6 x 2047 B,7,175,1998010,0,0,0,7574796,16091616,1999239
6 x 2047 B,8,175,2001239,0,0,0,7584927,16091616,2003145
6 x 2047 B,9,175,2007267,0,0,0,7586688,16091616,2006066
6 x 2047 B,10,175,2008184,0,0,0,7574417,16091616,2000914
6 x 2047 B,11,175,1997557,0,0,0,7573833,16091616,1998499
6 x 2047 B,12,175,1997709,0,0,0,7571801,16091616,1998683
6 x 2047 B,13,175,1995599,0,0,0,7570840,16091616,1996514
6 x 2047 B,14,175,1998562,0,0,0,7580645,16091616,1999494
6 x 2047 B,15,175,1998747,0,0,0,7580587,16091616,1999687
6 x 2047 B,16,175,1996118,0,0,0,7573910,16091616,1997029
6 x 2047 B,17,175,1997839,0,0,0,7580508,16091616,1998753
6 x 2047 B,18,175,1997680,0,0,0,7580610,16091616,1998614
6 x 2047 B,19,175,1996759,0,0,0,7573638,16091616,1997679
6 x 2047 B,20,175,1995799,0,0,0,7573551,16091616,1996710
6 x 2047 B,21,175,1996813,0,0,0,7577412,16091616,1997731
6 x 2047 B,22,175,1996038,0,0,0,7573380,16091616,1996962
6 x 2047 B,23,175,1996390,0,0,0,7573416,16091616,1997322
6 x 2047 B,24,175,1996151,0,0,0,7573286,16091616,1997065
6 x 2047 B,25,175,1999132,0,0,0,7580339,16091616,2000067
6 x 2047 B,26,175,1995919,0,0,0,7573302,16091616,1996849
6 x 2047 B,27,175,1996528,0,0,0,7573665,16091616,1997452
6 x 2047 B,28,175,1996861,0,0,0,7576412,16091616,1997774
6 x 2047 B,29,175,1996604,0,0,0,7576944,16091616,1997518
6 x 2047 B,30,175,1996253,0,0,0,7573963,16091616,1997168
6 x 2047 B,31,175,1996554,0,0,0,7573492,16091616,1997481
8 x 2047 B,0,132,2008848,0,0,0,7623020,16178022,2009848
8 x 2047 B,1,132,2009732,0,0,0,7625529,16178022,2010660
8 x 2047 B,2,132,2007701,0,0,0,7617119,16178022,2008623
8 x 2047 B,3,132,2006743,0,0,0,7613871,16178022,2007687
8 x 2047 B,4,132,2006626,0,0,0,7614647,16178022,2007551
8 x 2047 B,5,132,2007576,0,0,0,7617544,16178022,2008509
8 x 2047 B,6,132,2009258,0,0,0,7622992,16178022,2010184
8 x 2047 B,7,132,2008246,0,0,0,7619702,16178022,2009170
8 x 2047 B,8,132,2007510,0,0,0,7616104,16178022,2008551
8 x 2047 B,9,132,2008789,0,0,0,7621312,16178022,2009727
8 x 2047 B,10,132,2008372,0,0,0,7618705,16178022,2009313
8 x 2047 B,11,132,2008050,0,0,0,7618156,16178022,2009140
8 x 2047 B,12,132,2007963,0,0,0,7615799,16178022,2009756
8 x 2047 B,13,132,2010092,0,0,0,7621205,16178022,2011553
8 x 2047 B,14,132,2008138,0,0,0,7613233,16178022,2009382
8 x 2047 B,15,132,2016179,0,0,0,7617021,16178022,2017849
8 x 2047 B,16,132,2018389,0,0,0,7617123,16178022,2014853
8 x 2047 B,17,132,2017883,0,0,0,7618859,16178022,2012423
8 x 2047 B,18,132,2007851,0,0,0,7618052,16178022,2008796
8 x 2047 B,19,132,2007219,0,0,0,7617213,16178022,2008156
8 x 2047 B,20,132,2007502,0,0,0,7612944,16178022,2008451
8 x 2047 B,21,132,2007774,0,0,0,7615537,16178022,2008739
8 x 2047 B,22,132,2008102,0,0,0,7617026,16178022,2009036
8 x 2047 B,23,132,2016047,0,0,0,7618282,16178022,2011675
8 x 2047 B,24,132,2007840,0,0,0,7616454,16178022,2008786
8 x 2047 B,25,132,2007975,0,0,0,7619215,16178022,2008913
8 x 2047 B,26,132,2007232,0,0,0,7616186,16178022,2008170
8 x 2047 B,27,132,2007292,0,0,0,7618013,16178022,2008223
8 x 2047 B,28,132,2007781,0,0,0,7618093,16178022,2008719
8 x 2047 B,29,132,2007654,0,0,0,7616849,16178022,2008579
8 x 2047 B,30,132,2007455,0,0,0,7615390,16178022,2008387
8 x 2047 B,31,132,2011981,0,0,0,7613964,16178022,2009824
12 x 2047 B,0,88,2012978,0,0,0,7638967,16172478,2013961
12 x 2047 B,1,88,2015343,0,0,0,7638650,16172478,2016313
12 x 2047 B,2,88,2012947,0,0,0,7638318,16172478,2013891
12 x 2047 B,3,88,2013679,0,0,0,7638688,16172478,2014620
12 x 2047 B,4,88,2013219,0,0,0,7637945,16172478,2014185
12 x 2047 B,5,88,2013183,0,0,0,7639830,16172478,2014124
12 x 2047 B,6,88,2012775,0,0,0,7638186,16172478,2013724
12 x 2047 B,7,88,2012205,0,0,0,7637045,16172478,2013143
12 x 2047 B,8,88,2012773,0,0,0,7637413,16172478,2013704
12 x 2047 B,9,88,2014440,0,0,0,7638240,16172478,2015413
12 x 2047 B,10,88,2013455,0,0,0,7638530,16172478,2014403
12 x 2047 B,11,88,2012728,0,0,0,7637628,16172478,2013673
12 x 2047 B,12,88,2013206,0,0,0,7639203,16172478,2014144
12 x 2047 B,13,88,2013063,0,0,0,7638099,16172478,2013990
12 x 2047 B,14,88,2012713,0,0,0,7637385,16172478,2013673
12 x 2047 B,15,88,2012824,0,0,0,7638127,16172478,2013768
12 x 2047 B,16,88,2012856,0,0,0,7638641,16172478,2013799
12 x 2047 B,17,88,2013349,0,0,0,7638121,16172478,2014302
12 x 2047 B,18,88,2013761,0,0,0,7639378,16172478,2014831
12 x 2047 B,19,88,2016166,0,0,0,7640301,16172478,2017918
12 x 2047 B,20,88,2014415,0,0,0,7638239,16172478,2016898
12 x 2047 B,21,88,2015557,0,0,0,7639858,16172478,2018297
12 x 2047 B,22,88,2021792,0,0,0,7638608,16172478,2020985
12 x 2047 B,23,88,2022841,0,0,0,7638725,16172478,2018064
12 x 2047 B,24,88,2013694,0,0,0,7636805,16172478,2014651
12 x 2047 B,25,88,2012568,0,0,0,7637387,16172478,2013488
12 x 2047 B,26,88,2012198,0,0,0,7636820,16172478,2013121
12 x 2047 B,27,88,2013553,0,0,0,7637696,16172478,2014499
12 x 2047 B,28,88,2013268,0,0,0,7637511,16172478,2014206
12 x 2047 B,29,88,2013791,0,0,0,7637318,16172478,2014758
12 x 2047 B,30,88,2012717,0,0,0,7637361,16172478,2013675
12 x 2047 B,31,88,2013085,0,0,0,7637886,16172478,2014035
16 x 2047 B,0,54,1648962,0,0,0,6248766,13229826,1650049
16 x 2047 B,1,54,1707559,0,0,0,6248088,13229825,1648078
16 x 2047 B,2,54,1647737,0,0,0,6248845,13229826,1648695
16 x 2047 B,3,54,1647285,0,0,0,6248382,13229826,1648248
16 x 2047 B,4,54,1645675,0,0,0,6248316,13229825,1646627
16 x 2047 B,5,54,1647309,0,0,0,6248421,13229826,1648265
16 x 2047 B,6,54,1647004,0,0,0,6248859,13229826,1647947
16 x 2047 B,7,54,1645938,0,0,0,6247828,13229825,1646891
16 x 2047 B,8,54,1646696,0,0,0,6247717,13229826,1647652
16 x 2047 B,9,54,1647449,0,0,0,6248818,13229826,1648407
16 x 2047 B,10,54,1645223,0,0,0,6248055,13229825,1646155
16 x 2047 B,11,54,1647372,0,0,0,6248542,13229826,1648337
16 x 2047 B,12,54,1647208,0,0,0,6248246,13229826,1648421
16 x 2047 B,13,54,1645546,0,0,0,6247808,13229825,1646498
16 x 2047 B,14,54,1648137,0,0,0,6248049,13229826,1649097
16 x 2047 B,15,54,1646747,0,0,0,6248200,13229826,1647701
16 x 2047 B,16,54,1645711,0,0,0,6248398,13229825,1646661
16 x 2047 B,17,54,1646915,0,0,0,6248100,13229826,1647886
16 x 2047 B,18,54,1645346,0,0,0,6248178,13229825,1646300
16 x 2047 B,19,54,1647377,0,0,0,6248085,13229826,1648337
16 x 2047 B,20,54,1646698,0,0,0,6247823,13229826,1647659
16 x 2047 B,21,54,1645649,0,0,0,6247814,13229825,1646611
16 x 2047 B,22,54,1648104,0,0,0,6249206,13229826,1649064
16 x 2047 B,23,54,1647432,0,0,0,6248071,13229826,1648387
16 x 2047 B,24,54,1645252,0,0,0,6247741,13229825,1646197
16 x 2047 B,25,54,1648508,0,0,0,6248408,13229827,1649494
16 x 2047 B,26,54,1647199,0,0,0,6248267,13229826,1648150
16 x 2047 B,27,54,1645482,0,0,0,6248098,13229825,1646426
16 x 2047 B,28,54,1647557,0,0,0,6248921,13229826,1648517
16 x 2047 B,29,54,1647424,0,0,0,6248739,13229826,1648386
16 x 2047 B,30,54,1645946,0,0,0,6247814,13229825,1646915
16 x 2047 B,31,54,1647663,0,0,0,6248850,13229826,1648830
24 x 2047 B,0,44,2013130,0,0,0,7636244,16166934,2014410
24 x 2047 B,1,44,2016670,0,0,0,7635991,16166934,2018406
24 x 2047 B,2,44,2020429,0,0,0,7636078,16166934,2019075
24 x 2047 B,3,44,2022857,0,0,0,7635903,16166934,2017484
24 x 2047 B,4,44,2012369,0,0,0,7635895,16166934,2013341
24 x 2047 B,5,44,2011849,0,0,0,7635095,16166934,2012798
24 x 2047 B,6,44,2012299,0,0,0,7635455,16166934,2013252
24 x 2047 B,7,44,2012660,0,0,0,7634959,16166934,2013680
24 x 2047 B,8,44,2012723,0,0,0,7635437,16166934,2013686
24 x 2047 B,9,44,2012583,0,0,0,7635214,16166934,2013540
24 x 2047 B,10,44,2013034,0,0,0,7634927,16166934,2014014
24 x 2047 B,11,44,2012000,0,0,0,7634761,16166934,2012951
24 x 2047 B,12,44,2014287,0,0,0,7635104,16166934,2015266
24 x 2047 B,13,44,2011960,0,0,0,7635465,16166934,2012951
24 x 2047 B,14,44,2012373,0,0,0,7635248,16166934,2013319
24 x 2047 B,15,44,2012625,0,0,0,7635190,16166934,2013580
24 x 2047 B,16,44,2012599,0,0,0,7635031,16166934,2013547
24 x 2047 B,17,44,2011809,0,0,0,7634793,16166934,2012761
24 x 2047 B,18,44,2012113,0,0,0,7634790,16166934,2013059
24 x 2047 B,19,44,2011648,0,0,0,7635299,16166934,2012597
24 x 2047 B,20,44,2012318,0,0,0,7635134,16166934,2013257
24 x 2047 B,21,44,2011992,0,0,0,7635153,16166934,2012935
24 x 2047 B,22,44,2012850,0,0,0,7634976,16166934,2013830
24 x 2047 B,23,44,2012282,0,0,0,7635051,16166934,2013229
24 x 2047 B,24,44,2012321,0,0,0,7634910,16166934,2013262
24 x 2047 B,25,44,2011524,0,0,0,7634848,16166934,2012467
24 x 2047 B,26,44,2012400,0,0,0,7635852,16166934,2013364
24 x 2047 B,27,44,2012148,0,0,0,7635620,16166934,2013102
24 x 2047 B,28,44,2012403,0,0,0,7635230,16166934,2013352
24 x 2047 B,29,44,2011521,0,0,0,7634796,16166934,2012478
24 x 2047 B,30,44,2012296,0,0,0,7634947,16166934,2013254
24 x 2047 B,31,44,2011957,0,0,0,7635035,16166934,2012916
64 x 2047 B,0,17,2071801,0,0,0,7862294,16653260,2072821
64 x 2047 B,1,17,2071472,0,0,0,7861949,16653260,2072429
64 x 2047 B,2,17,2071953,0,0,0,7862082,16653260,2072916
64 x 2047 B,3,17,2071847,0,0,0,7862147,16653260,2072901
64 x 2047 B,4,17,2073043,0,0,0,7864416,16653260,2074023
64 x 2047 B,5,17,2075060,0,0,0,7868465,16653260,2076660
64 x 2047 B,6,17,2074278,0,0,0,7864822,16653260,2075476
64 x 2047 B,7,17,2074400,0,0,0,7864226,16653260,2076573
64 x 2047 B,8,17,2073918,0,0,0,7862321,16653260,2075015
64 x 2047 B,9,17,2075528,0,0,0,7862168,16653260,2076563
64 x 2047 B,10,17,2085213,0,0,0,7863195,16653261,2079798
64 x 2047 B,11,17,2072610,0,0,0,7862084,16653260,2073588
64 x 2047 B,12,17,2072626,0,0,0,7862369,16653260,2073578
64 x 2047 B,13,17,2072492,0,0,0,7862050,16653260,2073453
64 x 2047 B,14,17,2072818,0,0,0,7862121,16653260,2073791
64 x 2047 B,15,17,2072266,0,0,0,7862438,16653260,2073215
64 x 2047 B,16,17,2073467,0,0,0,7862537,16653260,2074445
64 x 2047 B,17,17,2072489,0,0,0,7861828,16653260,2073473
64 x 2047 B,18,17,2071996,0,0,0,7862328,16653260,2072963
64 x 2047 B,19,17,2072149,0,0,0,7862315,16653260,2073123
64 x 2047 B,20,17,2071991,0,0,0,7862546,16653260,2072948
64 x 2047 B,21,17,2072442,0,0,0,7862426,16653260,2073409
64 x 2047 B,22,17,2072201,0,0,0,7862244,16653260,2073181
64 x 2047 B,23,17,2072069,0,0,0,7862173,16653260,2073048
64 x 2047 B,24,17,2073854,0,0,0,7862512,16653261,2074839
64 x 2047 B,25,17,2072330,0,0,0,7861833,16653260,2073308
64 x 2047 B,26,17,2072140,0,0,0,7862359,16653260,2073122
64 x 2047 B,27,17,2071918,0,0,0,7862399,16653260,2072887
64 x 2047 B,28,17,2072026,0,0,0,7862454,16653260,2072995
64 x 2047 B,29,17,2072338,0,0,0,7861841,16653260,2073308
64 x 2047 B,30,17,2072190,0,0,0,7862203,16653260,2073164
64 x 2047 B,31,17,2071797,0,0,0,7862431,16653260,2072766
128 x 2047 B,0,9,2186194,0,0,0,8294466,17631708,2187188
128 x 2047 B,1,9,2185841,0,0,0,8294845,17631708,2186834
128 x 2047 B,2,9,2185252,0,0,0,8292814,17631708,2186222
128 x 2047 B,3,9,2185242,0,0,0,8293261,17631708,2186206
128 x 2047 B,4,9,2187887,0,0,0,8294052,17631709,2188830
128 x 2047 B,5,9,2186356,0,0,0,8296682,17631708,2187302
128 x 2047 B,6,9,2189559,0,0,0,8294380,17631708,2190554
128 x 2047 B,7,9,2186862,0,0,0,8293068,17631708,2187879
128 x 2047 B,8,9,2185482,0,0,0,8293489,17631708,2186489
128 x 2047 B,9,9,2187272,0,0,0,8297046,17631708,2188283
128 x 2047 B,10,9,2189996,0,0,0,8297634,17631709,2191579
128 x 2047 B,11,9,2187176,0,0,0,8294650,17631708,2188451
128 x 2047 B,12,9,2190807,0,0,0,8302903,17631708,2193294
128 x 2047 B,13,9,2189085,0,0,0,8293610,17631708,2190197
128 x 2047 B,14,9,2197740,0,0,0,8292282,17631708,2190683
128 x 2047 B,15,9,2188877,0,0,0,8297850,17631709,2189881
128 x 2047 B,16,9,2186403,0,0,0,8292593,17631708,2187391
128 x 2047 B,17,9,2185157,0,0,0,8292464,17631708,2186139
128 x 2047 B,18,9,2187229,0,0,0,8295936,17631708,2188226
128 x 2047 B,19,9,2186939,0,0,0,8299298,17631708,2187939
128 x 2047 B,20,9,2188470,0,0,0,8297116,17631709,2189459
128 x 2047 B,21,9,2186235,0,0,0,8293811,17631708,2187232
128 x 2047 B,22,9,2185249,0,0,0,8292818,17631708,2186223
128 x 2047 B,23,9,2185364,0,0,0,8294183,17631708,2186319
128 x 2047 B,24,9,2184920,0,0,0,8292855,17631708,2185873
128 x 2047 B,25,9,2185376,0,0,0,8291295,17631708,2186347
128 x 2047 B,26,9,2186766,0,0,0,8292613,17631709,2187732
128 x 2047 B,27,9,2185131,0,0,0,8293434,17631708,2186095
128 x 2047 B,28,9,2184980,0,0,0,8292491,17631708,2185941
128 x 2047 B,29,9,2184532,0,0,0,8291343,17631708,2185493
128 x 2047 B,30,9,2203981,0,0,0,8292756,17631708,2190616
128 x 2047 B,31,9,2187431,0,0,0,8293532,17631709,2188410
129 x 2047 B,0,9,2203732,0,0,0,8362072,17769444,2204759
129 x 2047 B,1,9,2205542,0,0,0,8362349,17769445,2206514
129 x 2047 B,2,9,2203740,0,0,0,8363427,17769444,2204716
129 x 2047 B,3,9,2203435,0,0,0,8362374,17769444,2204416
129 x 2047 B,4,9,2203273,0,0,0,8360520,17769444,2204256
129 x 2047 B,5,9,2202909,0,0,0,8361405,17769444,2203891
129 x 2047 B,6,9,2204998,0,0,0,8361516,17769445,2205968
129 x 2047 B,7,9,2204015,0,0,0,8362124,17769444,2204996
129 x 2047 B,8,9,2202990,0,0,0,8362309,17769444,2203960
129 x 2047 B,9,9,2203121,0,0,0,8360512,17769444,2204099
129 x 2047 B,10,9,2202721,0,0,0,8361821,17769444,2203726
129 x 2047 B,11,9,2205407,0,0,0,8362469,17769445,2206367
129 x 2047 B,12,9,2203376,0,0,0,8360448,17769444,2204439
129 x 2047 B,13,9,2205586,0,0,0,8363762,17769444,2207387
129 x 2047 B,14,9,2204692,0,0,0,8361973,17769444,2206488
129 x 2047 B,15,9,2204583,0,0,0,8362064,17769444,2206808
129 x 2047 B,16,9,2209977,0,0,0,8363437,17769445,2211291
129 x 2047 B,17,9,2208510,0,0,0,8361042,17769444,2207345
129 x 2047 B,18,9,2208240,0,0,0,8362094,17769444,2209240
129 x 2047 B,19,9,2202889,0,0,0,8360912,17769444,2203906
129 x 2047 B,20,9,2203991,0,0,0,8361181,17769444,2204973
129 x 2047 B,21,9,2206645,0,0,0,8362318,17769445,2207638
129 x 2047 B,22,9,2203300,0,0,0,8360935,17769444,2204260
129 x 2047 B,23,9,2204024,0,0,0,8361219,17769444,2205011
129 x 2047 B,24,9,2202785,0,0,0,8359980,17769444,2203755
129 x 2047 B,25,9,2203442,0,0,0,8361067,17769444,2204403
129 x 2047 B,26,9,2204433,0,0,0,8361714,17769445,2205405
129 x 2047 B,27,9,2203174,0,0,0,8360879,17769444,2204145
129 x 2047 B,28,9,2204053,0,0,0,8362243,17769444,2205020
129 x 2047 B,29,9,2203525,0,0,0,8361505,17769444,2204481
129 x 2047 B,30,9,2204389,0,0,0,8360212,17769445,2205359
129 x 2047 B,31,9,2204284,0,0,0,8362096,17769444,2205261
1024 x 2047 B,0,2,3891043,0,0,0,14760272,31343212,3892594
1024 x 2047 B,1,2,3890009,0,0,0,14757563,31343212,3891260
1024 x 2047 B,2,2,3889975,0,0,0,14758968,31343212,3891211
1024 x 2047 B,3,2,3891255,0,0,0,14758500,31343212,3892564
1024 x 2047 B,4,2,3891603,0,0,0,14761415,31343212,3892847
1024 x 2047 B,5,2,3888732,0,0,0,14753376,31343212,3889959
1024 x 2047 B,6,2,3888739,0,0,0,14761509,31343211,3889950
1024 x 2047 B,7,2,3892039,0,0,0,14765018,31343212,3893347
1024 x 2047 B,8,2,3897812,0,0,0,14773280,31343212,3900287
1024 x 2047 B,9,2,3901906,0,0,0,14780393,31343212,3904460
1024 x 2047 B,10,2,3918892,0,0,0,14762950,31343212,3908464
1024 x 2047 B,11,2,3905666,0,0,0,14759071,31343212,3897379
1024 x 2047 B,12,2,3892302,0,0,0,14759601,31343212,3893736
1024 x 2047 B,13,2,3891160,0,0,0,14752750,31343212,3892576
1024 x 2047 B,14,2,3891775,0,0,0,14757479,31343212,3893186
1024 x 2047 B,15,2,3891142,0,0,0,14760093,31343212,3892404
1024 x 2047 B,16,2,3886847,0,0,0,14751756,31343211,3888093
1024 x 2047 B,17,2,3891409,0,0,0,14762911,31343212,3892806
1024 x 2047 B,18,2,3891902,0,0,0,14762955,31343212,3893209
1024 x 2047 B,19,2,3890354,0,0,0,14759345,31343212,3891626
1024 x 2047 B,20,2,3890716,0,0,0,14758523,31343212,3891965
1024 x 2047 B,21,2,3890369,0,0,0,14756878,31343212,3891689
1024 x 2047 B,22,2,3891295,0,0,0,14760907,31343212,3892584
1024 x 2047 B,23,2,3892007,0,0,0,14756833,31343212,3893378
1024 x 2047 B,24,2,3891671,0,0,0,14761867,31343212,3892995
1024 x 2047 B,25,2,3890388,0,0,0,14759694,31343212,3891626
1024 x 2047 B,26,2,3888005,0,0,0,14755319,31343211,3889238
1024 x 2047 B,27,2,3891138,0,0,0,14762202,31343212,3892394
1024 x 2047 B,28,2,3890519,0,0,0,14755786,31343212,3892053
1024 x 2047 B,29,2,3897295,0,0,0,14773014,31343212,3899434
1024 x 2047 B,30,2,3908150,0,0,0,14763523,31343212,3906430
1024 x 2047 B,31,2,3904960,0,0,0,14760860,31343212,3898539
1 x 2049 B,0,1192,1973427,0,0,0,7487453,10672342,1974394
1 x 2049 B,1,1192,1977853,0,0,0,7503766,10672342,1978771
1 x 2049 B,2,1192,1978099,0,0,0,7503868,10672342,1978997
1 x 2049 B,3,1192,1973703,0,0,0,7489632,10672342,1974589
1 x 2049 B,4,1192,1974945,0,0,0,7490687,10672342,1975852
1 x 2049 B,5,1192,1978295,0,0,0,7503180,10672342,1979192
1 x 2049 B,6,1192,1980117,0,0,0,7512587,10672342,1981011
1 x 2049 B,7,1192,1974235,0,0,0,7492929,10672342,1975100
1 x 2049 B,8,1192,2348431,0,0,0,7489398,10672342,2349336
1 x 2049 B,9,1192,1977398,0,0,0,7502539,10672342,1978270
1 x 2049 B,10,1192,1987440,0,0,0,7539291,10672342,1988309
1 x 2049 B,11,1192,1972680,0,0,0,7487530,10672342,1973549
1 x 2049 B,12,1192,1982703,0,0,0,7523170,10672342,1983556
1 x 2049 B,13,1192,1971599,0,0,0,7483398,10672342,1972474
1 x 2049 B,14,1192,1972472,0,0,0,7484591,10672342,1973325
1 x 2049 B,15,1192,1971721,0,0,0,7483850,10672342,1972575
1 x 2049 B,16,1192,1977519,0,0,0,7503361,10672342,1978389
1 x 2049 B,17,1192,1977610,0,0,0,7502507,10672342,1978473
1 x 2049 B,18,1192,1977575,0,0,0,7502316,10672342,1978443
1 x 2049 B,19,1192,1976485,0,0,0,7502217,10672342,1977358
1 x 2049 B,20,1192,1980618,0,0,0,7515314,10672342,1981486
1 x 2049 B,21,1192,1976565,0,0,0,7502308,10672342,1977430
1 x 2049 B,22,1192,1973993,0,0,0,7490958,10672342,1974856
1 x 2049 B,23,1192,1986436,0,0,0,7538961,10672342,1987302
1 x 2049 B,24,1192,1970292,0,0,0,7476994,10672342,1971158
1 x 2049 B,25,1192,1972755,0,0,0,7482755,10672342,1973624
1 x 2049 B,26,1192,1975197,0,0,0,7494297,10672342,1976065
1 x 2049 B,27,1192,1984464,0,0,0,7531516,10672342,1985330
1 x 2049 B,28,1192,1975190,0,0,0,7495682,10672342,1976056
1 x 2049 B,29,1192,1968906,0,0,0,7472593,10672342,1969781
1 x 2049 B,30,1192,1978001,0,0,0,7503751,10672342,1978884
1 x 2049 B,31,1192,1969010,0,0,0,7470812,10672342,1970055
3 x 2049 B,0,400,1986333,0,0,0,7529659,10643166,1988197
3 x 2049 B,1,400,1984723,0,0,0,7527909,10643166,1986229
3 x 2049 B,2,400,1991197,0,0,0,7530654,10643166,1993381
3 x 2049 B,3,400,1993560,0,0,0,7526654,10643166,1990476
3 x 2049 B,4,400,1983869,0,0,0,7525347,10643166,1984785
3 x 2049 B,5,400,1984496,0,0,0,7524598,10643166,1985418
3 x 2049 B,6,400,1983995,0,0,0,7526734,10643166,1984892
3 x 2049 B,7,400,1983325,0,0,0,7524660,10643166,1984221
3 x 2049 B,8,400,1983787,0,0,0,7525426,10643166,1984680
3 x 2049 B,9,400,1983607,0,0,0,7526326,10643166,1984523
3 x 2049 B,10,400,1981065,0,0,0,7523815,10643165,1981957
3 x 2049 B,11,400,1982781,0,0,0,7524776,10643166,1983666
3 x 2049 B,12,400,1984404,0,0,0,7524616,10643166,1985320
3 x 2049 B,13,400,1982692,0,0,0,7524927,10643166,1983580
3 x 2049 B,14,400,1983406,0,0,0,7524537,10643166,1984298
3 x 2049 B,15,400,1982644,0,0,0,7524399,10643166,1983543
3 x 2049 B,16,400,1983326,0,0,0,7525619,10643166,1984275
3 x 2049 B,17,400,1983360,0,0,0,7524451,10643166,1984287
3 x 2049 B,18,400,1983876,0,0,0,7524666,10643166,1984909
3 x 2049 B,19,400,1983855,0,0,0,7524668,10643166,1984777
3 x 2049 B,20,400,1983991,0,0,0,7525080,10643166,1984921
3 x 2049 B,21,400,1983591,0,0,0,7525776,10643166,1984527
3 x 2049 B,22,400,1983686,0,0,0,7524846,10643166,1984599
3 x 2049 B,23,400,1982993,0,0,0,7524513,10643166,1983894
3 x 2049 B,24,400,1984158,0,0,0,7525317,10643166,1985064
3 x 2049 B,25,400,1983844,0,0,0,7524709,10643166,1984735
3 x 2049 B,26,400,1984446,0,0,0,7525614,10643166,1985364
3 x 2049 B,27,400,1984738,0,0,0,7524714,10643166,1985677
3 x 2049 B,28,400,1983766,0,0,0,7524650,10643166,1984676
3 x 2049 B,29,400,1983133,0,0,0,7524765,10643166,1984016
3 x 2049 B,30,400,1984341,0,0,0,7524590,10643166,1985252
3 x 2049 B,31,400,1983247,0,0,0,7524826,10643166,1984144
4 x 2049 B,0,302,1996880,0,0,0,7575823,10701434,1997889
4 x 2049 B,1,302,1996724,0,0,0,7576308,10701434,1997638
4 x 2049 B,2,302,1996626,0,0,0,7575367,10701434,1997550
4 x 2049 B,3,302,1996079,0,0,0,7575255,10701434,1996980
4 x 2049 B,4,302,1996554,0,0,0,7575835,10701434,1997452
4 x 2049 B,5,302,1996521,0,0,0,7575924,10701434,1997537
4 x 2049 B,6,302,1997451,0,0,0,7575949,10701434,1998385
4 x 2049 B,7,302,1997660,0,0,0,7575772,10701434,1999466
4 x 2049 B,8,302,1997675,0,0,0,7575824,10701434,1998986
4 x 2049 B,9,302,1998507,0,0,0,7576482,10701434,2000635
4 x 2049 B,10,302,1998711,0,0,0,7575958,10701434,1999866
4 x 2049 B,11,302,1997921,0,0,0,7574926,10701434,1998882
4 x 2049 B,12,302,1996822,0,0,0,7575823,10701434,1997742
4 x 2049 B,13,302,1997185,0,0,0,7575402,10701434,1998094
4 x 2049 B,14,302,1996505,0,0,0,7576193,10701434,1997405
4 x 2049 B,15,302,1998332,0,0,0,7575840,10701434,1999241
4 x 2049 B,16,302,1996374,0,0,0,7575576,10701434,1997269
4 x 2049 B,17,302,1997821,0,0,0,7574892,10701434,1998742
4 x 2049 B,18,302,1996648,0,0,0,7575962,10701434,1997550
4 x 2049 B,19,302,1996582,0,0,0,7575959,10701434,1997469
4 x 2049 B,20,302,1996197,0,0,0,7576096,10701434,1997085
4 x 2049 B,21,302,2009127,0,0,0,7576393,10701434,2001737
4 x 2049 B,22,302,1996421,0,0,0,7576026,10701434,1997352
4 x 2049 B,23,302,1997005,0,0,0,7575871,10701434,1997895
4 x 2049 B,24,302,1996352,0,0,0,7575881,10701434,1997244
4 x 2049 B,25,302,1996841,0,0,0,7575662,10701434,1997745
4 x 2049 B,26,302,1996124,0,0,0,7576085,10701434,1997021
4 x 2049 B,27,302,1996490,0,0,0,7575549,10701434,1997388
4 x 2049 B,28,302,1996148,0,0,0,7576097,10701434,1997051
4 x 2049 B,29,302,2003608,0,0,0,7583996,10701434,2002841
4 x 2049 B,30,302,2002615,0,0,0,7599244,10701434,2003534
4 x 2049 B,31,302,2003355,0,0,0,7599679,10701434,2004242
6 x 2049 B,0,201,2004616,0,0,0,7605019,10671054,2005607
6 x 2049 B,1,201,2005023,0,0,0,7609840,10671054,2005949
6 x 2049 B,2,201,2004491,0,0,0,7606016,10671054,2005408
6 x 2049 B,3,201,2005598,0,0,0,7611368,10671054,2006526
6 x 2049 B,4,201,2005704,0,0,0,7611129,10671054,2006621
6 x 2049 B,5,201,2002673,0,0,0,7600583,10671054,2003592
6 x 2049 B,6,201,2006033,0,0,0,7610865,10671054,2006953
6 x 2049 B,7,201,2004524,0,0,0,7606373,10671054,2005436
6 x 2049 B,8,201,2005893,0,0,0,7610238,10671054,2006816
6 x 2049 B,9,201,2004109,0,0,0,7605060,10671054,2005014
6 x 2049 B,10,201,2005570,0,0,0,7611209,10671054,2006506
6 x 2049 B,11,201,2002784,0,0,0,7600270,10671054,2003704
6 x 2049 B,12,201,2005604,0,0,0,7610440,10671054,2006524
6 x 2049 B,13,201,2004776,0,0,0,7605749,10671054,2005721
6 x 2049 B,14,201,2005368,0,0,0,7605232,10671054,2007178
6 x 2049 B,15,201,2006461,0,0,0,7604904,10671054,2007775
6 x 2049 B,16,201,2008158,0,0,0,7612527,10671054,2009903
6 x 2049 B,17,201,2006977,0,0,0,7606438,10671054,2008527
6 x 2049 B,18,201,2017628,0,0,0,7604454,10671054,2010281
6 x 2049 B,19,201,2004663,0,0,0,7601126,10671054,2005831
6 x 2049 B,20,201,2028902,0,0,0,7598308,10671054,2030208
6 x 2049 B,21,201,2036808,0,0,0,7594916,10671054,2038169
6 x 2049 B,22,201,2003670,0,0,0,7600707,10671054,2004728
6 x 2049 B,23,201,2008389,0,0,0,7612420,10671054,2009452
6 x 2049 B,24,201,2003369,0,0,0,7600337,10671054,2004392
6 x 2049 B,25,201,2015870,0,0,0,7611544,10671055,2016977
6 x 2049 B,26,201,2006676,0,0,0,7611746,10671054,2007700
6 x 2049 B,27,201,2006398,0,0,0,7611947,10671054,2007425
6 x 2049 B,28,201,2003048,0,0,0,7600770,10671054,2004073
6 x 2049 B,29,201,2006964,0,0,0,7612688,10671054,2008010
6 x 2049 B,30,201,2007394,0,0,0,7612018,10671054,2008455
6 x 2049 B,31,201,2007954,0,0,0,7612690,10671054,2009005
8 x 2049 B,0,151,2002007,0,0,0,7594065,10682408,2003226
8 x 2049 B,1,151,1996410,0,0,0,7572366,10682408,1997445
8 x 2049 B,2,151,2000423,0,0,0,7589207,10682408,2001441
8 x 2049 B,3,151,1998163,0,0,0,7580575,10682408,1999166
8 x 2049 B,4,151,2001768,0,0,0,7594886,10682408,2002792
8 x 2049 B,5,151,1996993,0,0,0,7575327,10682408,1998022
8 x 2049 B,6,151,2000815,0,0,0,7589818,10682408,2001844
8 x 2049 B,7,151,2000256,0,0,0,7589485,10682408,2001279
8 x 2049 B,8,151,1995733,0,0,0,7571929,10682408,1996757
8 x 2049 B,9,151,1996538,0,0,0,7573734,10682408,1997562
8 x 2049 B,10,151,1996256,0,0,0,7572251,10682408,1997292
8 x 2049 B,11,151,1996157,0,0,0,7574276,10682408,1997183
8 x 2049 B,12,151,2001726,0,0,0,7593534,10682408,2002741
8 x 2049 B,13,151,2001293,0,0,0,7592001,10682408,2002328
8 x 2049 B,14,151,2000982,0,0,0,7590877,10682408,2002030
8 x 2049 B,15,151,1996039,0,0,0,7573292,10682408,1997063
8 x 2049 B,16,151,1999129,0,0,0,7584386,10682408,2000145
8 x 2049 B,17,151,2002334,0,0,0,7596712,10682408,2003360
8 x 2049 B,18,151,2002693,0,0,0,7595830,10682408,2003716
8 x 2049 B,19,151,1997184,0,0,0,7577198,10682408,1998220
8 x 2049 B,20,151,2001915,0,0,0,7591918,10682408,2003016
8 x 2049 B,21,151,1998395,0,0,0,7578243,10682408,1999787
8 x 2049 B,22,151,2005048,0,0,0,7599748,10682408,2006363
8 x 2049 B,23,151,2001225,0,0,0,7584889,10682408,2003190
8 x 2049 B,24,151,2006536,0,0,0,7596784,10682408,2008508
8 x 2049 B,25,151,2016750,0,0,0,7619875,10682408,2014629
8 x 2049 B,26,151,2003851,0,0,0,7599088,10682408,2004948
8 x 2049 B,27,151,2006980,0,0,0,7614965,10682408,2008011
8 x 2049 B,28,151,2004015,0,0,0,7602801,10682408,2005015
8 x 2049 B,29,151,2005395,0,0,0,7608649,10682408,2006500
8 x 2049 B,30,151,2006208,0,0,0,7606758,10682408,2007275
8 x 2049 B,31,151,2004283,0,0,0,7600499,10682408,2005337
12 x 2049 B,0,101,2004569,0,0,0,7599784,10711416,2005718
12 x 2049 B,1,101,2002042,0,0,0,7594210,10711416,2003062
12 x 2049 B,2,101,2001480,0,0,0,7592623,10711416,2002496
12 x 2049 B,3,101,2005270,0,0,0,7592371,10711416,2006444
12 x 2049 B,4,101,2001201,0,0,0,7591440,10711416,2002231
12 x 2049 B,5,101,1999933,0,0,0,7587900,10711416,2000958
12 x 2049 B,6,101,2001547,0,0,0,7593364,10711416,2002556
12 x 2049 B,7,101,2001224,0,0,0,7593163,10711416,2002237
12 x 2049 B,8,101,2002213,0,0,0,7595275,10711416,2003231
12 x 2049 B,9,101,2001176,0,0,0,7592365,10711416,2002214
12 x 2049 B,10,101,2000559,0,0,0,7589750,10711416,2001567
12 x 2049 B,11,101,2000693,0,0,0,7591848,10711416,2001706
12 x 2049 B,12,101,2001529,0,0,0,7592831,10711416,2002531
12 x 2049 B,13,101,2004165,0,0,0,7603375,10711416,2005183
12 x 2049 B,14,101,2002373,0,0,0,7596953,10711416,2003370
12 x 2049 B,15,101,1999299,0,0,0,7585943,10711416,2000316
12 x 2049 B,16,101,2001622,0,0,0,7592486,10711416,2002628
12 x 2049 B,17,101,1999567,0,0,0,7585673,10711416,2000599
12 x 2049 B,18,101,2015855,0,0,0,7602014,10711416,2009313
12 x 2049 B,19,101,2005465,0,0,0,7608254,10711416,2006551
12 x 2049 B,20,101,2005296,0,0,0,7606483,10711416,2006301
12 x 2049 B,21,101,2002718,0,0,0,7598409,10711416,2003734
12 x 2049 B,22,101,2003176,0,0,0,7596037,10711416,2004267
12 x 2049 B,23,101,2002886,0,0,0,7599185,10711416,2003888
12 x 2049 B,24,101,2005272,0,0,0,7607582,10711416,2006282
12 x 2049 B,25,101,2003133,0,0,0,7599365,10711416,2004129
12 x 2049 B,26,101,2003841,0,0,0,7602453,10711416,2004845
12 x 2049 B,27,101,2002815,0,0,0,7595823,10711416,2003839
12 x 2049 B,28,101,2005740,0,0,0,7597516,10711416,2007684
12 x 2049 B,29,101,2005350,0,0,0,7602844,10711416,2006901
12 x 2049 B,30,101,2009703,0,0,0,7614424,10711416,2011796
12 x 2049 B,31,101,2014306,0,0,0,7604516,10711416,2013294
16 x 2049 B,0,76,2005386,0,0,0,7604932,10743574,2006791
16 x 2049 B,1,76,2005768,0,0,0,7610050,10743574,2006806
16 x 2049 B,2,76,2010652,0,0,0,7628666,10743574,2011685
16 x 2049 B,3,76,2011784,0,0,0,7631531,10743574,2012828
16 x 2049 B,4,76,2008424,0,0,0,7617967,10743574,2009468
16 x 2049 B,5,76,2010139,0,0,0,7625140,10743574,2011213
16 x 2049 B,6,76,2005852,0,0,0,7608103,10743574,2006891
16 x 2049 B,7,76,2008826,0,0,0,7615697,10743574,2009899
16 x 2049 B,8,76,2008387,0,0,0,7618181,10743574,2009421
16 x 2049 B,9,76,2007164,0,0,0,7611178,10743574,2008308
16 x 2049 B,10,76,2007130,0,0,0,7612386,10743574,2008169
16 x 2049 B,11,76,2006437,0,0,0,7610281,10743574,2007633
16 x 2049 B,12,76,2007395,0,0,0,7615742,10743574,2008442
16 x 2049 B,13,76,2004952,0,0,0,7606770,10743574,2005993
16 x 2049 B,14,76,2007123,0,0,0,7615913,10743574,2008172
16 x 2049 B,15,76,2008029,0,0,0,7615840,10743574,2009057
16 x 2049 B,16,76,2003890,0,0,0,7602663,10743574,2004919
16 x 2049 B,17,76,2002828,0,0,0,7598851,10743574,2003868
16 x 2049 B,18,76,2004181,0,0,0,7603822,10743574,2005224
16 x 2049 B,19,76,2006633,0,0,0,7612452,10743574,2007715
16 x 2049 B,20,76,2003076,0,0,0,7599596,10743574,2004101
16 x 2049 B,21,76,2004628,0,0,0,7604826,10743574,2005655
16 x 2049 B,22,76,2004625,0,0,0,7606441,10743574,2005656
16 x 2049 B,23,76,2005032,0,0,0,7606166,10743574,2006063
16 x 2049 B,24,76,2004446,0,0,0,7604358,10743574,2005491
16 x 2049 B,25,76,2005141,0,0,0,7607163,10743574,2006173
16 x 2049 B,26,76,2007781,0,0,0,7618739,10743574,2008819
16 x 2049 B,27,76,2003995,0,0,0,7601696,10743574,2005015
16 x 2049 B,28,76,2005582,0,0,0,7609099,10743574,2006627
16 x 2049 B,29,76,2004214,0,0,0,7604213,10743574,2005274
16 x 2049 B,30,76,2003259,0,0,0,7601557,10743574,2004278
16 x 2049 B,31,76,2004395,0,0,0,7603640,10743574,2005420
24 x 2049 B,0,51,2022042,0,0,0,7670698,10811040,2023190
24 x 2049 B,1,51,2023941,0,0,0,7677675,10811040,2024989
24 x 2049 B,2,51,2023606,0,0,0,7670680,10811040,2026080
24 x 2049 B,3,51,2022397,0,0,0,7666837,10811040,2024137
24 x 2049 B,4,51,2040034,0,0,0,7668996,10811041,2038291
24 x 2049 B,5,51,2027766,0,0,0,7669666,10811040,2026977
24 x 2049 B,6,51,2020751,0,0,0,7664145,10811040,2021875
24 x 2049 B,7,51,2020565,0,0,0,7664801,10811040,2021608
24 x 2049 B,8,51,2018834,0,0,0,7660288,10811040,2019861
24 x 2049 B,9,51,2018889,0,0,0,7660175,10811040,2019922
24 x 2049 B,10,51,2021897,0,0,0,7669582,10811040,2022952
24 x 2049 B,11,51,2020384,0,0,0,7664590,10811040,2021425
24 x 2049 B,12,51,2020495,0,0,0,7666609,10811040,2021540
24 x 2049 B,13,51,2021625,0,0,0,7666789,10811040,2022720
24 x 2049 B,14,51,2021716,0,0,0,7667904,10811040,2022765
24 x 2049 B,15,51,2030327,0,0,0,7665546,10811040,2025464
24 x 2049 B,16,51,2021835,0,0,0,7668767,10811040,2022900
24 x 2049 B,17,51,2021530,0,0,0,7665635,10811040,2022635
24 x 2049 B,18,51,2020940,0,0,0,7665062,10811040,2021982
24 x 2049 B,19,51,2022137,0,0,0,7666980,10811040,2023209
24 x 2049 B,20,51,2021322,0,0,0,7668500,10811040,2022356
24 x 2049 B,21,51,2019622,0,0,0,7663443,10811040,2020657
24 x 2049 B,22,51,2021270,0,0,0,7665752,10811040,2022305
24 x 2049 B,23,51,2019053,0,0,0,7661181,10811040,2020068
24 x 2049 B,24,51,2019819,0,0,0,7663438,10811040,2020857
24 x 2049 B,25,51,2020974,0,0,0,7668147,10811040,2021990
24 x 2049 B,26,51,2020956,0,0,0,7663778,10811040,2021986
24 x 2049 B,27,51,2020540,0,0,0,7664256,10811040,2021564
24 x 2049 B,28,51,2020079,0,0,0,7663632,10811040,2021103
24 x 2049 B,29,51,2019338,0,0,0,7661950,10811040,2020366
24 x 2049 B,30,51,2020986,0,0,0,7665664,10811040,2022011
24 x 2049 B,31,51,2018988,0,0,0,7658151,10811041,2020024
64 x 2049 B,0,19,2007358,0,0,0,7604719,10736392,2008506
64 x 2049 B,1,19,2006456,0,0,0,7608673,10736392,2007534
64 x 2049 B,2,19,2005999,0,0,0,7606777,10736392,2007099
64 x 2049 B,3,19,2004857,0,0,0,7605002,10736392,2005897
64 x 2049 B,4,19,2004945,0,0,0,7604546,10736392,2006011
64 x 2049 B,5,19,2005379,0,0,0,7605798,10736392,2006421
64 x 2049 B,6,19,2004329,0,0,0,7603553,10736392,2005376
64 x 2049 B,7,19,2004242,0,0,0,7604196,10736392,2005367
64 x 2049 B,8,19,2007139,0,0,0,7611162,10736392,2008461
64 x 2049 B,9,19,2011906,0,0,0,7621419,10736392,2013999
64 x 2049 B,10,19,2006672,0,0,0,7607637,10736392,2008000
64 x 2049 B,11,19,2007309,0,0,0,7611713,10736392,2009604
64 x 2049 B,12,19,2007794,0,0,0,7605623,10736392,2009318
64 x 2049 B,13,19,2005657,0,0,0,7606519,10736392,2006703
64 x 2049 B,14,19,2073942,0,0,0,7607076,10736393,2013497
64 x 2049 B,15,19,2004817,0,0,0,7601833,10736392,2005866
64 x 2049 B,16,19,2005255,0,0,0,7607180,10736392,2006284
64 x 2049 B,17,19,2005555,0,0,0,7603508,10736392,2006626
64 x 2049 B,18,19,2003910,0,0,0,7602992,10736392,2004939
64 x 2049 B,19,19,2004717,0,0,0,7604415,10736392,2005744
64 x 2049 B,20,19,2004605,0,0,0,7604374,10736392,2005621
64 x 2049 B,21,19,2005675,0,0,0,7602324,10736392,2006729
64 x 2049 B,22,19,2003811,0,0,0,7602831,10736392,2004861
64 x 2049 B,23,19,2003764,0,0,0,7602071,10736392,2004803
64 x 2049 B,24,19,2004298,0,0,0,7603526,10736392,2005322
64 x 2049 B,25,19,2003683,0,0,0,7601072,10736392,2004715
64 x 2049 B,26,19,2003572,0,0,0,7601861,10736392,2004622
64 x 2049 B,27,19,2003589,0,0,0,7600979,10736392,2004630
64 x 2049 B,28,19,2004269,0,0,0,7603353,10736392,2005310
64 x 2049 B,29,19,2003475,0,0,0,7600464,10736392,2004525
64 x 2049 B,30,19,2003217,0,0,0,7600478,10736392,2004262
64 x 2049 B,31,19,2003507,0,0,0,7601229,10736392,2004555
128 x 2049 B,0,10,2110339,0,0,0,8005560,11300186,2111510
128 x 2049 B,1,10,2108892,0,0,0,8002744,11300186,2109933
128 x 2049 B,2,10,2109524,0,0,0,8003904,11300186,2110568
128 x 2049 B,3,10,2109242,0,0,0,8002938,11300186,2110261
128 x 2049 B,4,10,2111283,0,0,0,8003736,11300187,2112308
128 x 2049 B,5,10,2109050,0,0,0,8002728,11300186,2110086
128 x 2049 B,6,10,2109424,0,0,0,8004216,11300186,2110439
128 x 2049 B,7,10,2108967,0,0,0,7999448,11300186,2109988
128 x 2049 B,8,10,2108487,0,0,0,8001272,11300186,2109498
128 x 2049 B,9,10,2109995,0,0,0,8005205,11300186,2111034
128 x 2049 B,10,10,2109151,0,0,0,8003396,11300186,2110183
128 x 2049 B,11,10,2110366,0,0,0,8004373,11300186,2111396
128 x 2049 B,12,10,2127865,0,0,0,8001562,11300186,2115236
128 x 2049 B,13,10,2111226,0,0,0,8002443,11300187,2112932
128 x 2049 B,14,10,2111845,0,0,0,8008235,11300186,2112888
128 x 2049 B,15,10,2119402,0,0,0,8027621,11300186,2121351
128 x 2049 B,16,10,2112996,0,0,0,8011934,11300186,2114189
128 x 2049 B,17,10,2123534,0,0,0,8009474,11300186,2122448
128 x 2049 B,18,10,2111077,0,0,0,8004632,11300186,2112300
128 x 2049 B,19,10,2110658,0,0,0,8006132,11300186,2111782
128 x 2049 B,20,10,2109639,0,0,0,8003933,11300186,2110710
128 x 2049 B,21,10,2112355,0,0,0,8004508,11300187,2113439
128 x 2049 B,22,10,2111810,0,0,0,8006943,11300186,2112889
128 x 2049 B,23,10,2111186,0,0,0,8007467,11300186,2112250
128 x 2049 B,24,10,2109342,0,0,0,8003448,11300186,2110382
128 x 2049 B,25,10,2491264,0,0,0,8001113,11300186,2492358
128 x 2049 B,26,10,2109905,0,0,0,8004224,11300186,2110938
128 x 2049 B,27,10,2112821,0,0,0,8008630,11300187,2113831
128 x 2049 B,28,10,2108706,0,0,0,8001620,11300186,2109732
128 x 2049 B,29,10,2108590,0,0,0,8001574,11300186,2109619
128 x 2049 B,30,10,2109898,0,0,0,8002496,11300186,2110940
128 x 2049 B,31,10,2109311,0,0,0,8004427,11300186,2110374
129 x 2049 B,0,10,2127866,0,0,0,8064628,11388457,2128989
129 x 2049 B,1,10,2125290,0,0,0,8063017,11388456,2126325
129 x 2049 B,2,10,2124905,0,0,0,8062229,11388456,2125945
129 x 2049 B,3,10,2125361,0,0,0,8064241,11388456,2126394
129 x 2049 B,4,10,2126313,0,0,0,8067571,11388456,2127338
129 x 2049 B,5,10,2126488,0,0,0,8067021,11388456,2127508
129 x 2049 B,6,10,2126439,0,0,0,8069651,11388456,2127480
129 x 2049 B,7,10,2125388,0,0,0,8064930,11388456,2126429
129 x 2049 B,8,10,2128586,0,0,0,8067474,11388457,2129609
129 x 2049 B,9,10,2141858,0,0,0,8066856,11388456,2131778
129 x 2049 B,10,10,2125443,0,0,0,8064227,11388456,2126470
129 x 2049 B,11,10,2125377,0,0,0,8065435,11388456,2126432
129 x 2049 B,12,10,2127202,0,0,0,8069199,11388456,2128245
129 x 2049 B,13,10,2124922,0,0,0,8063713,11388456,2125950
129 x 2049 B,14,10,2125860,0,0,0,8066187,11388456,2126887
129 x 2049 B,15,10,2127794,0,0,0,8066440,11388457,2128812
129 x 2049 B,16,10,2124990,0,0,0,8062722,11388456,2126029
129 x 2049 B,17,10,2125068,0,0,0,8062251,11388456,2126094
129 x 2049 B,18,10,2126077,0,0,0,8065708,11388456,2127371
129 x 2049 B,19,10,2127065,0,0,0,8067373,11388456,2128453
129 x 2049 B,20,10,2128352,0,0,0,8068756,11388456,2129949
129 x 2049 B,21,10,2126692,0,0,0,8067678,11388456,2128847
129 x 2049 B,22,10,2139316,0,0,0,8063448,11388456,2136630
129 x 2049 B,23,10,2129625,0,0,0,8066568,11388457,2130691
129 x 2049 B,24,10,2126543,0,0,0,8066558,11388456,2127588
129 x 2049 B,25,10,2125396,0,0,0,8065429,11388456,2126424
129 x 2049 B,26,10,2125397,0,0,0,8062891,11388456,2126496
129 x 2049 B,27,10,2125725,0,0,0,8064131,11388456,2126801
129 x 2049 B,28,10,2128061,0,0,0,8067535,11388456,2129136
129 x 2049 B,29,10,2125659,0,0,0,8064914,11388456,2126692
129 x 2049 B,30,10,2124895,0,0,0,8062691,11388456,2125930
129 x 2049 B,31,10,2502575,0,0,0,8066286,11388457,2503651
1024 x 2049 B,0,2,3381657,0,0,0,12828708,18078315,3383462
1024 x 2049 B,1,2,3381098,0,0,0,12829069,18078315,3382576
1024 x 2049 B,2,2,3395169,0,0,0,12830639,18078316,3390680
1024 x 2049 B,3,2,3382481,0,0,0,12830984,18078315,3383997
1024 x 2049 B,4,2,3385496,0,0,0,12831108,18078316,3387043
1024 x 2049 B,5,2,3380622,0,0,0,12828756,18078315,3382042
1024 x 2049 B,6,2,3386246,0,0,0,12829896,18078315,3387816
1024 x 2049 B,7,2,3384288,0,0,0,12831789,18078316,3385833
1024 x 2049 B,8,2,3381491,0,0,0,12828906,18078315,3382962
1024 x 2049 B,9,2,3381932,0,0,0,12830227,18078315,3383358
1024 x 2049 B,10,2,3383144,0,0,0,12830800,18078316,3384550
1024 x 2049 B,11,2,3380240,0,0,0,12827358,18078315,3381614
1024 x 2049 B,12,2,3383371,0,0,0,12829955,18078316,3384770
1024 x 2049 B,13,2,3386210,0,0,0,12846471,18078315,3387783
1024 x 2049 B,14,2,3395320,0,0,0,12876354,18078315,3398296
1024 x 2049 B,15,2,3405486,0,0,0,12899335,18078316,3408832
1024 x 2049 B,16,2,3412962,0,0,0,12839665,18078315,3400149
1024 x 2049 B,17,2,3385651,0,0,0,12833698,18078316,3387406
1024 x 2049 B,18,2,3381715,0,0,0,12830820,18078315,3383257
1024 x 2049 B,19,2,3382084,0,0,0,12830462,18078315,3383642
1024 x 2049 B,20,2,3386038,0,0,0,12830941,18078316,3387622
1024 x 2049 B,21,2,3382229,0,0,0,12830857,18078315,3383808
1024 x 2049 B,22,2,3761683,0,0,0,12832699,18078316,3763280
1024 x 2049 B,23,2,3380910,0,0,0,12829284,18078315,3382439
1024 x 2049 B,24,2,3384188,0,0,0,12831502,18078316,3385707
1024 x 2049 B,25,2,3380844,0,0,0,12829621,18078315,3382412
1024 x 2049 B,26,2,3380646,0,0,0,12828155,18078315,3382136
1024 x 2049 B,27,2,3382752,0,0,0,12829333,18078316,3384298
1024 x 2049 B,28,2,3386107,0,0,0,12831201,18078315,3387770
1024 x 2049 B,29,2,3383777,0,0,0,12830897,18078316,3385338
1024 x 2049 B,30,2,3381230,0,0,0,12829935,18078315,3382714
1024 x 2049 B,31,2,3380397,0,0,0,12827919,18078315,3381903
