point,sample,calls,wall_ns,p_cycles,p_instructions,p_ns,e_cycles,e_instructions,e_ns
1 x 64 B,0,20477,1538712,0,0,0,5826302,14887144,1540021
1 x 64 B,1,20477,1534540,0,0,0,5814187,14887145,1535594
1 x 64 B,2,20477,1554925,0,0,0,5833233,14887145,1551602
1 x 64 B,3,20477,1538374,0,0,0,5829969,14887145,1539440
1 x 64 B,4,20477,1533785,0,0,0,5822077,14887144,1534757
1 x 64 B,5,20477,1534372,0,0,0,5815473,14887145,1535403
1 x 64 B,6,20477,1536141,0,0,0,5832280,14887144,1537108
1 x 64 B,7,20477,1534847,0,0,0,5819538,14887145,1535858
1 x 64 B,8,20477,1545764,0,0,0,5825058,14887144,1546834
1 x 64 B,9,20477,1534725,0,0,0,5819601,14887145,1535709
1 x 64 B,10,20477,1538166,0,0,0,5832830,14887145,1539145
1 x 64 B,11,20477,1536152,0,0,0,5832091,14887144,1537121
1 x 64 B,12,20477,1537737,0,0,0,5832932,14887145,1538711
1 x 64 B,13,20477,1534979,0,0,0,5828070,14887144,1535970
1 x 64 B,14,20477,1537734,0,0,0,5832968,14887145,1538708
1 x 64 B,15,20477,1535959,0,0,0,5832305,14887144,1536925
1 x 64 B,16,20477,1537478,0,0,0,5829662,14887145,1538478
1 x 64 B,17,20477,1536161,0,0,0,5832313,14887144,1537216
1 x 64 B,18,20477,1538357,0,0,0,5832857,14887145,1539328
1 x 64 B,19,20477,1536521,0,0,0,5832238,14887144,1538104
1 x 64 B,20,20477,1538181,0,0,0,5828089,14887145,1539374
1 x 64 B,21,20477,1533294,0,0,0,5819771,14887144,1534390
1 x 64 B,22,20477,1536195,0,0,0,5819513,14887145,1537718
1 x 64 B,23,20477,1540915,0,0,0,5832820,14887145,1542497
1 x 64 B,24,20477,1536601,0,0,0,5832783,14887144,1538543
1 x 64 B,25,20477,1556701,0,0,0,5833898,14887145,1553917
1 x 64 B,26,20477,1543245,0,0,0,5832813,14887144,1542201
1 x 64 B,27,20477,1553454,0,0,0,5830728,14887145,1542380
1 x 64 B,28,20477,1539670,0,0,0,5833105,14887144,1540728
1 x 64 B,29,20477,1536805,0,0,0,5829017,14887145,1537780
1 x 64 B,30,20477,1536151,0,0,0,5832270,14887144,1537119
1 x 64 B,31,20477,1533136,0,0,0,5814806,14887145,1534113
3 x 64 B,0,10801,1752453,0,0,0,6645960,12572730,1753517
3 x 64 B,1,10801,1755129,0,0,0,6664281,12572729,1756116
3 x 64 B,2,10801,1762365,0,0,0,6683781,12572730,1763370
3 x 64 B,3,10801,1764489,0,0,0,6687207,12572730,1765521
3 x 64 B,4,10801,1761717,0,0,0,6683707,12572730,1762678
3 x 64 B,5,10801,1758772,0,0,0,6678760,12572729,1759721
3 x 64 B,6,10801,2118401,0,0,0,6646487,12572731,2119457
3 x 64 B,7,10801,1751763,0,0,0,6651171,12572729,1752709
3 x 64 B,8,10801,1754433,0,0,0,6655571,12572730,1755382
3 x 64 B,9,10801,1756177,0,0,0,6663834,12572730,1757159
3 x 64 B,10,10801,1758891,0,0,0,6673144,12572730,1759870
3 x 64 B,11,10801,1755624,0,0,0,6667037,12572729,1756578
3 x 64 B,12,10801,1757670,0,0,0,6668712,12572730,1758614
3 x 64 B,13,10801,1759566,0,0,0,6675212,12572730,1760537
3 x 64 B,14,10801,1756305,0,0,0,6663064,12572730,1757278
3 x 64 B,15,10801,1759180,0,0,0,6678874,12572729,1760120
3 x 64 B,16,10801,1762134,0,0,0,6686093,12572730,1763084
3 x 64 B,17,10801,1755205,0,0,0,6658942,12572730,1756163
3 x 64 B,18,10801,1754601,0,0,0,6657790,12572730,1755547
3 x 64 B,19,10801,1759572,0,0,0,6681933,12572729,1760543
3 x 64 B,20,10801,1760299,0,0,0,6678121,12572730,1761285
3 x 64 B,21,10801,1758777,0,0,0,6673959,12572730,1759750
3 x 64 B,22,10801,1755045,0,0,0,6657228,12572730,1756017
3 x 64 B,23,10801,1759841,0,0,0,6682381,12572729,1760799
3 x 64 B,24,10801,1757131,0,0,0,6666610,12572730,1758092
3 x 64 B,25,10801,1757518,0,0,0,6667821,12572730,1758479
3 x 64 B,26,10801,1759339,0,0,0,6673669,12572730,1760314
3 x 64 B,27,10801,1758646,0,0,0,6673466,12572730,1759616
3 x 64 B,28,10801,1756966,0,0,0,6671971,12572729,1757922
3 x 64 B,29,10801,1759709,0,0,0,6677170,12572730,1760662
3 x 64 B,30,10801,1761670,0,0,0,6683855,12572730,1762638
3 x 64 B,31,10801,1759421,0,0,0,6674422,12572730,1760463
4 x 64 B,0,9894,1785925,0,0,0,6779312,12308501,1787208
4 x 64 B,1,9894,1789648,0,0,0,6788820,12308502,1790912
4 x 64 B,2,9894,1792932,0,0,0,6795163,12308502,1794554
4 x 64 B,3,9894,1792810,0,0,0,6794058,12308502,1794340
4 x 64 B,4,9894,1780176,0,0,0,6747944,12308502,1783796
4 x 64 B,5,9894,1790671,0,0,0,6795200,12308501,1792459
4 x 64 B,6,9894,1795158,0,0,0,6796094,12308502,1796272
4 x 64 B,7,9894,1816789,0,0,0,6835213,12308502,1809165
4 x 64 B,8,9894,1801192,0,0,0,6831820,12308502,1802205
4 x 64 B,9,9894,1795858,0,0,0,6811023,12308502,1796864
4 x 64 B,10,9894,1811904,0,0,0,6879409,12308501,1812857
4 x 64 B,11,9894,1785388,0,0,0,6770574,12308502,1786356
4 x 64 B,12,9894,1795165,0,0,0,6808692,12308502,1796132
4 x 64 B,13,9894,1808861,0,0,0,6846465,12308502,1809868
4 x 64 B,14,9894,1771889,0,0,0,6720531,12308502,1772912
4 x 64 B,15,9894,1792041,0,0,0,6804307,12308501,1793028
4 x 64 B,16,9894,1796890,0,0,0,6814556,12308502,1797868
4 x 64 B,17,9894,1791962,0,0,0,6792281,12308502,1793035
4 x 64 B,18,9894,1788478,0,0,0,6783602,12308502,1789436
4 x 64 B,19,9894,1769382,0,0,0,6718589,12308501,1770335
4 x 64 B,20,9894,2158304,0,0,0,6765528,12308503,2159363
4 x 64 B,21,9894,1791926,0,0,0,6803964,12308501,1792882
4 x 64 B,22,9894,1782781,0,0,0,6763954,12308502,1783766
4 x 64 B,23,9894,1794992,0,0,0,6809579,12308502,1795982
4 x 64 B,24,9894,1782049,0,0,0,6761373,12308502,1783024
4 x 64 B,25,9894,1783046,0,0,0,6763813,12308502,1784030
4 x 64 B,26,9894,1793705,0,0,0,6812856,12308501,1794679
4 x 64 B,27,9894,1809434,0,0,0,6863795,12308502,1810415
4 x 64 B,28,9894,1783248,0,0,0,6766299,12308502,1784238
4 x 64 B,29,9894,1784084,0,0,0,6765591,12308502,1785083
4 x 64 B,30,9894,1786295,0,0,0,6778153,12308502,1787289
4 x 64 B,31,9894,1782434,0,0,0,6768108,12308501,1783403
6 x 64 B,0,6655,1870513,0,0,0,7096940,11407036,1871562
6 x 64 B,1,6655,1871627,0,0,0,7101448,11407036,1872620
6 x 64 B,2,6655,1853868,0,0,0,7033573,11407036,1854846
6 x 64 B,3,6655,1872614,0,0,0,7103086,11407036,1873581
6 x 64 B,4,6655,1874713,0,0,0,7110270,11407036,1875692
6 x 64 B,5,6655,1872849,0,0,0,7104619,11407036,1873832
6 x 64 B,6,6655,1855006,0,0,0,7044638,11407035,1855965
6 x 64 B,7,6655,1854977,0,0,0,7033400,11407036,1855981
6 x 64 B,8,6655,1873789,0,0,0,7110857,11407036,1874774
6 x 64 B,9,6655,1847195,0,0,0,7007104,11407036,1848238
6 x 64 B,10,6655,1841842,0,0,0,6987057,11407036,1843108
6 x 64 B,11,6655,1841867,0,0,0,6984919,11407036,1842904
6 x 64 B,12,6655,1850140,0,0,0,7013687,11407036,1852026
6 x 64 B,13,6655,1832542,0,0,0,6956614,11407035,1833765
6 x 64 B,14,6655,1846552,0,0,0,7001626,11407036,1847788
6 x 64 B,15,6655,1847054,0,0,0,6996610,11407036,1849633
6 x 64 B,16,6655,1849534,0,0,0,7016179,11407036,1850605
6 x 64 B,17,6655,1845636,0,0,0,6996486,11407036,1846676
6 x 64 B,18,6655,1870069,0,0,0,7095813,11407036,1871060
6 x 64 B,19,6655,1834697,0,0,0,6964299,11407035,1835708
6 x 64 B,20,6655,1833449,0,0,0,6955339,11407036,1834411
6 x 64 B,21,6655,1833936,0,0,0,6954708,11407036,1834962
6 x 64 B,22,6655,1835097,0,0,0,6963505,11407036,1836097
6 x 64 B,23,6655,1831674,0,0,0,6947092,11407036,1832675
6 x 64 B,24,6655,1840111,0,0,0,6981496,11407036,1841109
6 x 64 B,25,6655,1831916,0,0,0,6948473,11407036,1832913
6 x 64 B,26,6655,1853317,0,0,0,7038867,11407035,1854298
6 x 64 B,27,6655,1856561,0,0,0,6998409,11407036,1850082
6 x 64 B,28,6655,1837473,0,0,0,6968323,11407036,1838479
6 x 64 B,29,6655,1847498,0,0,0,7009855,11407036,1848462
6 x 64 B,30,6655,1838974,0,0,0,6978452,11407036,1839933
6 x 64 B,31,6655,1835440,0,0,0,6963924,11407036,1836395
8 x 64 B,0,7879,1827982,0,0,0,6941517,12000082,1829055
8 x 64 B,1,7879,1832180,0,0,0,6952723,12000083,1833150
8 x 64 B,2,7879,1832984,0,0,0,6954518,12000083,1833961
8 x 64 B,3,7879,1819179,0,0,0,6903172,12000083,1820150
8 x 64 B,4,7879,1832887,0,0,0,6952139,12000083,1833859
8 x 64 B,5,7879,1826513,0,0,0,6931202,12000083,1827487
8 x 64 B,6,7879,1819344,0,0,0,6908532,12000082,1820314
8 x 64 B,7,7879,1821629,0,0,0,6911709,12000083,1822597
8 x 64 B,8,7879,1819664,0,0,0,6904917,12000083,1820639
8 x 64 B,9,7879,1835148,0,0,0,6958520,12000083,1836157
8 x 64 B,10,7879,1825103,0,0,0,6925138,12000083,1826102
8 x 64 B,11,7879,1837573,0,0,0,6965253,12000083,1838583
8 x 64 B,12,7879,1826989,0,0,0,6939070,12000082,1827968
8 x 64 B,13,7879,1819052,0,0,0,6901550,12000083,1820036
8 x 64 B,14,7879,1833847,0,0,0,6957931,12000083,1834832
8 x 64 B,15,7879,1822705,0,0,0,6915596,12000083,1823692
8 x 64 B,16,7879,1818662,0,0,0,6901380,12000083,1819646
8 x 64 B,17,7879,1831940,0,0,0,6951180,12000083,1832902
8 x 64 B,18,7879,1822669,0,0,0,6921646,12000082,1823653
8 x 64 B,19,7879,1824047,0,0,0,6920400,12000083,1825020
8 x 64 B,20,7879,1823219,0,0,0,6916678,12000083,1824250
8 x 64 B,21,7879,1831226,0,0,0,6943875,12000083,1832701
8 x 64 B,22,7879,1820875,0,0,0,6906592,12000083,1821876
8 x 64 B,23,7879,1824652,0,0,0,6925149,12000082,1826653
8 x 64 B,24,7879,1829149,0,0,0,6933152,12000083,1830802
8 x 64 B,25,7879,1837583,0,0,0,6964524,12000083,1839161
8 x 64 B,26,7879,1827228,0,0,0,6924525,12000083,1829004
8 x 64 B,27,7879,1826691,0,0,0,6929392,12000083,1827714
8 x 64 B,28,7879,1833685,0,0,0,6900205,12000083,1826394
8 x 64 B,29,7879,1838473,0,0,0,6979916,12000082,1839471
8 x 64 B,30,7879,1818599,0,0,0,6895959,12000083,1819639
8 x 64 B,31,7879,1829391,0,0,0,6938904,12000083,1830370
12 x 64 B,0,4719,1901944,0,0,0,7214721,11840337,1903073
12 x 64 B,1,4719,1904029,0,0,0,7220786,11840337,1905053
12 x 64 B,2,4719,1903148,0,0,0,7218087,11840337,1904134
12 x 64 B,3,4719,1904185,0,0,0,7223287,11840337,1905160
12 x 64 B,4,4719,1903186,0,0,0,7220058,11840337,1904155
12 x 64 B,5,4719,1907855,0,0,0,7239732,11840337,1908839
12 x 64 B,6,4719,1902168,0,0,0,7222633,11840336,1903139
12 x 64 B,7,4719,1899930,0,0,0,7208958,11840337,1900928
12 x 64 B,8,4719,1903539,0,0,0,7223060,11840337,1904526
12 x 64 B,9,4719,1900663,0,0,0,7212286,11840337,1901669
12 x 64 B,10,4719,1901189,0,0,0,7213741,11840337,1902184
12 x 64 B,11,4719,1908243,0,0,0,7239337,11840337,1909226
12 x 64 B,12,4719,1902198,0,0,0,7216114,11840337,1903195
12 x 64 B,13,4719,1906614,0,0,0,7234425,11840337,1907603
12 x 64 B,14,4719,1908081,0,0,0,7239642,11840337,1909074
12 x 64 B,15,4719,1908088,0,0,0,7239498,11840337,1909066
12 x 64 B,16,4719,1903867,0,0,0,7222699,11840337,1904841
12 x 64 B,17,4719,1902342,0,0,0,7223722,11840336,1903297
12 x 64 B,18,4719,1907818,0,0,0,7239569,11840337,1908801
12 x 64 B,19,4719,1900749,0,0,0,7210950,11840337,1901721
12 x 64 B,20,4719,1903576,0,0,0,7223108,11840337,1904563
12 x 64 B,21,4719,1901574,0,0,0,7213699,11840337,1902575
12 x 64 B,22,4719,1905891,0,0,0,7231836,11840337,1906871
12 x 64 B,23,4719,1903740,0,0,0,7222769,11840337,1904718
12 x 64 B,24,4719,1904021,0,0,0,7223194,11840337,1904993
12 x 64 B,25,4719,1904424,0,0,0,7223440,11840337,1905397
12 x 64 B,26,4719,1903118,0,0,0,7221190,11840337,1904106
12 x 64 B,27,4719,1908039,0,0,0,7239495,11840337,1909012
12 x 64 B,28,4719,1901951,0,0,0,7223802,11840336,1903004
12 x 64 B,29,4719,1907537,0,0,0,7234128,11840337,1908592
12 x 64 B,30,4719,1904899,0,0,0,7227511,11840337,1906059
12 x 64 B,31,4719,1902010,0,0,0,7212839,11840337,1903050
16 x 64 B,0,4270,1909569,0,0,0,7230350,11896586,1910934
16 x 64 B,1,4270,1907056,0,0,0,7232577,11896586,1908373
16 x 64 B,2,4270,1909365,0,0,0,7232761,11896586,1911464
16 x 64 B,3,4270,1906210,0,0,0,7231384,11896586,1907249
16 x 64 B,4,4270,1918333,0,0,0,7232313,11896586,1912111
16 x 64 B,5,4270,1906210,0,0,0,7228797,11896586,1907203
16 x 64 B,6,4270,1906151,0,0,0,7231245,11896586,1907121
16 x 64 B,7,4270,1903630,0,0,0,7230488,11896585,1904664
16 x 64 B,8,4270,1906518,0,0,0,7231242,11896586,1907514
16 x 64 B,9,4270,1906375,0,0,0,7233546,11896586,1907364
16 x 64 B,10,4270,1907522,0,0,0,7233430,11896586,1908540
16 x 64 B,11,4270,1907109,0,0,0,7229948,11896586,1908120
16 x 64 B,12,4270,1906868,0,0,0,7228568,11896586,1907889
16 x 64 B,13,4270,1905981,0,0,0,7232454,11896586,1906957
16 x 64 B,14,4270,1905966,0,0,0,7229431,11896586,1906962
16 x 64 B,15,4270,1905926,0,0,0,7232302,11896586,1906898
16 x 64 B,16,4270,1900998,0,0,0,7211567,11896586,1901959
16 x 64 B,17,4270,1906327,0,0,0,7234629,11896586,1907299
16 x 64 B,18,4270,1900027,0,0,0,7214628,11896585,1901003
16 x 64 B,19,4270,1897012,0,0,0,7196553,11896586,1897980
16 x 64 B,20,4270,1897765,0,0,0,7198808,11896586,1898718
16 x 64 B,21,4270,1897766,0,0,0,7200451,11896586,1898740
16 x 64 B,22,4270,1901557,0,0,0,7213579,11896586,1902517
16 x 64 B,23,4270,1898766,0,0,0,7204743,11896586,1899721
16 x 64 B,24,4270,1901263,0,0,0,7213703,11896586,1902208
16 x 64 B,25,4270,1905077,0,0,0,7229627,11896586,1906046
16 x 64 B,26,4270,1906750,0,0,0,7234256,11896586,1907704
16 x 64 B,27,4270,1901289,0,0,0,7213435,11896586,1902261
16 x 64 B,28,4270,1899616,0,0,0,7213458,11896585,1900576
16 x 64 B,29,4270,1902320,0,0,0,7216863,11896586,1903276
16 x 64 B,30,4270,1918909,0,0,0,7218334,11896586,1908041
16 x 64 B,31,4270,1898082,0,0,0,7199376,11896586,1899086
24 x 64 B,0,2940,1935026,0,0,0,7341387,11904426,1936115
24 x 64 B,1,2940,1934999,0,0,0,7342362,11904426,1935957
24 x 64 B,2,2940,1934073,0,0,0,7337374,11904426,1935048
24 x 64 B,3,2940,1933854,0,0,0,7338189,11904426,1934820
24 x 64 B,4,2940,1933474,0,0,0,7335315,11904426,1934469
24 x 64 B,5,2940,1934456,0,0,0,7338466,11904426,1935591
24 x 64 B,6,2940,1934604,0,0,0,7339426,11904426,1935927
24 x 64 B,7,2940,1935288,0,0,0,7339303,11904426,1936684
24 x 64 B,8,2940,1935809,0,0,0,7337919,11904426,1937201
24 x 64 B,9,2940,1936026,0,0,0,7339271,11904426,1937272
24 x 64 B,10,2940,1932960,0,0,0,7337201,11904425,1935832
24 x 64 B,11,2940,1936186,0,0,0,7338581,11904426,1937585
24 x 64 B,12,2940,1948536,0,0,0,7343531,11904426,1942333
24 x 64 B,13,2940,1936374,0,0,0,7341336,11904426,1937421
24 x 64 B,14,2940,1934653,0,0,0,7337237,11904426,1935694
24 x 64 B,15,2940,1935734,0,0,0,7343042,11904426,1936701
24 x 64 B,16,2940,1933384,0,0,0,7334756,11904426,1934344
24 x 64 B,17,2940,1935304,0,0,0,7341838,11904426,1936255
24 x 64 B,18,2940,1934319,0,0,0,7339020,11904426,1935306
24 x 64 B,19,2940,1934858,0,0,0,7337243,11904426,1935905
24 x 64 B,20,2940,1935606,0,0,0,7339565,11904426,1936623
24 x 64 B,21,2940,1936266,0,0,0,7338932,11904426,1937287
24 x 64 B,22,2940,1935809,0,0,0,7341852,11904426,1936805
24 x 64 B,23,2940,1936080,0,0,0,7342187,11904426,1937046
24 x 64 B,24,2940,1935563,0,0,0,7342414,11904426,1936546
24 x 64 B,25,2940,1935814,0,0,0,7343895,11904426,1936761
24 x 64 B,26,2940,1934363,0,0,0,7339166,11904426,1935318
24 x 64 B,27,2940,1932050,0,0,0,7336555,11904425,1933009
24 x 64 B,28,2940,1935410,0,0,0,7342082,11904426,1936392
24 x 64 B,29,2940,1935035,0,0,0,7340995,11904426,1936005
24 x 64 B,30,2940,1934233,0,0,0,7339327,11904426,1935197
24 x 64 B,31,2940,1947869,0,0,0,7342197,11904426,1949148
64 x 64 B,0,1130,1962342,0,0,0,7443812,11711686,1963570
64 x 64 B,1,1130,1962824,0,0,0,7442795,11711686,1963852
64 x 64 B,2,1130,1961875,0,0,0,7440350,11711686,1963212
64 x 64 B,3,1130,2007902,0,0,0,7438877,11711686,2009369
64 x 64 B,4,1130,1961940,0,0,0,7440627,11711686,1963032
64 x 64 B,5,1130,1962577,0,0,0,7442421,11711686,1963621
64 x 64 B,6,1130,1959741,0,0,0,7435412,11711686,1960708
64 x 64 B,7,1130,1961057,0,0,0,7437672,11711686,1962059
64 x 64 B,8,1130,1961579,0,0,0,7442232,11711686,1962559
64 x 64 B,9,1130,1962553,0,0,0,7444002,11711686,1963559
64 x 64 B,10,1130,1965205,0,0,0,7447015,11711686,1966308
64 x 64 B,11,1130,1962971,0,0,0,7446006,11711686,1963986
64 x 64 B,12,1130,1960359,0,0,0,7434218,11711686,1961405
64 x 64 B,13,1130,1961711,0,0,0,7440632,11711686,1962799
64 x 64 B,14,1130,1963094,0,0,0,7443813,11711686,1964757
64 x 64 B,15,1130,1962449,0,0,0,7434409,11711686,1963996
64 x 64 B,16,1130,1964071,0,0,0,7444766,11711686,1966176
64 x 64 B,17,1130,1964003,0,0,0,7446568,11711686,1965694
64 x 64 B,18,1130,1965638,0,0,0,7432448,11711686,1968217
64 x 64 B,19,1130,1977072,0,0,0,7443270,11711686,1971907
64 x 64 B,20,1130,1963530,0,0,0,7441869,11711686,1964597
64 x 64 B,21,1130,1961286,0,0,0,7441936,11711686,1962273
64 x 64 B,22,1130,1957211,0,0,0,7433114,11711685,1958210
64 x 64 B,23,1130,1959839,0,0,0,7436964,11711686,1960825
64 x 64 B,24,1130,1959054,0,0,0,7433986,11711686,1960024
64 x 64 B,25,1130,1958642,0,0,0,7431331,11711686,1959615
64 x 64 B,26,1130,1958566,0,0,0,7432985,11711686,1959546
64 x 64 B,27,1130,1960042,0,0,0,7436909,11711686,1961034
64 x 64 B,28,1130,1960168,0,0,0,7435528,11711686,1961179
64 x 64 B,29,1130,1959748,0,0,0,7433475,11711686,1960743
64 x 64 B,30,1130,1974410,0,0,0,7434746,11711687,1975459
64 x 64 B,31,1130,1965060,0,0,0,7437222,11711686,1966032
128 x 64 B,0,576,1999396,0,0,0,7514074,11789934,2000525
128 x 64 B,1,576,1985825,0,0,0,7513264,11789934,1986847
128 x 64 B,2,576,1980373,0,0,0,7514305,11789934,1981373
128 x 64 B,3,576,1981365,0,0,0,7514492,11789934,1982382
128 x 64 B,4,576,1980796,0,0,0,7515108,11789934,1981789
128 x 64 B,5,576,1980550,0,0,0,7514169,11789934,1981545
128 x 64 B,6,576,1981313,0,0,0,7514376,11789934,1982340
128 x 64 B,7,576,1980335,0,0,0,7514066,11789934,1981344
128 x 64 B,8,576,1984041,0,0,0,7514848,11789934,1985121
128 x 64 B,9,576,1980818,0,0,0,7515237,11789934,1981819
128 x 64 B,10,576,1980234,0,0,0,7515033,11789934,1981250
128 x 64 B,11,576,1980768,0,0,0,7515267,11789934,1981763
128 x 64 B,12,576,1980488,0,0,0,7514569,11789934,1981476
128 x 64 B,13,576,1980635,0,0,0,7515074,11789934,1981622
128 x 64 B,14,576,1980080,0,0,0,7514892,11789934,1981075
128 x 64 B,15,576,1980618,0,0,0,7514568,11789934,1981610
128 x 64 B,16,576,1980533,0,0,0,7514553,11789934,1981518
128 x 64 B,17,576,1980591,0,0,0,7515102,11789934,1981579
128 x 64 B,18,576,1980181,0,0,0,7515022,11789934,1981177
128 x 64 B,19,576,1980264,0,0,0,7513204,11789934,1981239
128 x 64 B,20,576,1980974,0,0,0,7515359,11789934,1982059
128 x 64 B,21,576,1980771,0,0,0,7514176,11789934,1981821
128 x 64 B,22,576,1981770,0,0,0,7514582,11789934,1982869
128 x 64 B,23,576,1981630,0,0,0,7515746,11789934,1982906
128 x 64 B,24,576,1981965,0,0,0,7515187,11789934,1983395
128 x 64 B,25,576,1981240,0,0,0,7513500,11789934,1982525
128 x 64 B,26,576,1983338,0,0,0,7512325,11789934,1985911
128 x 64 B,27,576,1987928,0,0,0,7509439,11789934,1986379
128 x 64 B,28,576,1979921,0,0,0,7510238,11789934,1980966
128 x 64 B,29,576,1979318,0,0,0,7509282,11789934,1980346
128 x 64 B,30,576,1980112,0,0,0,7509761,11789934,1981174
128 x 64 B,31,576,1979552,0,0,0,7510169,11789934,1980552
129 x 64 B,0,568,2358120,0,0,0,7537467,11963582,2359261
129 x 64 B,1,568,1986729,0,0,0,7538394,11963582,1987735
129 x 64 B,2,568,1986785,0,0,0,7539241,11963582,1987799
129 x 64 B,3,568,1987795,0,0,0,7540366,11963582,1988804
129 x 64 B,4,568,1988500,0,0,0,7539675,11963582,1989583
129 x 64 B,5,568,1987080,0,0,0,7540245,11963582,1988070
129 x 64 B,6,568,1986704,0,0,0,7538166,11963582,1987696
129 x 64 B,7,568,1987343,0,0,0,7538665,11963582,1988353
129 x 64 B,8,568,1987974,0,0,0,7539831,11963582,1989013
129 x 64 B,9,568,1987377,0,0,0,7538366,11963582,1988389
129 x 64 B,10,568,1987287,0,0,0,7539946,11963582,1988315
129 x 64 B,11,568,1991313,0,0,0,7538329,11963582,1992348
129 x 64 B,12,568,1987213,0,0,0,7539359,11963582,1988247
129 x 64 B,13,568,1987335,0,0,0,7540052,11963582,1988323
129 x 64 B,14,568,1986578,0,0,0,7538704,11963582,1987598
129 x 64 B,15,568,1987443,0,0,0,7538450,11963582,1988457
129 x 64 B,16,568,1986096,0,0,0,7537230,11963582,1987092
129 x 64 B,17,568,1986678,0,0,0,7538963,11963582,1987684
129 x 64 B,18,568,1986602,0,0,0,7538308,11963582,1987618
129 x 64 B,19,568,1986431,0,0,0,7537505,11963582,1987427
129 x 64 B,20,568,1984175,0,0,0,7529430,11963582,1985200
129 x 64 B,21,568,1983280,0,0,0,7526445,11963582,1984310
129 x 64 B,22,568,1983973,0,0,0,7527431,11963582,1984986
129 x 64 B,23,568,1983641,0,0,0,7526578,11963582,1984673
129 x 64 B,24,568,1983584,0,0,0,7526441,11963582,1984581
129 x 64 B,25,568,1982478,0,0,0,7523407,11963582,1983490
129 x 64 B,26,568,1983387,0,0,0,7526186,11963582,1984404
129 x 64 B,27,568,1999409,0,0,0,7526067,11963582,1988229
129 x 64 B,28,568,1983567,0,0,0,7524525,11963582,1984690
129 x 64 B,29,568,1983957,0,0,0,7526104,11963582,1985057
129 x 64 B,30,568,1984436,0,0,0,7525141,11963582,1985748
129 x 64 B,31,568,1987387,0,0,0,7527189,11963582,1989145
1024 x 64 B,0,73,2028096,0,0,0,7684066,11900534,2030108
1024 x 64 B,1,73,2030007,0,0,0,7668897,11900534,2028562
1024 x 64 B,2,73,2034003,0,0,0,7667932,11900534,2026851
1024 x 64 B,3,73,2022058,0,0,0,7666863,11900534,2023126
1024 x 64 B,4,73,2021432,0,0,0,7668190,11900534,2022514
1024 x 64 B,5,73,2021432,0,0,0,7667080,11900534,2022499
1024 x 64 B,6,73,2021540,0,0,0,7666199,11900534,2022603
1024 x 64 B,7,73,2021473,0,0,0,7669720,11900534,2022512
1024 x 64 B,8,73,2021051,0,0,0,7665940,11900534,2022108
1024 x 64 B,9,73,2020405,0,0,0,7665807,11900534,2021439
1024 x 64 B,10,73,2021381,0,0,0,7668370,11900534,2022412
1024 x 64 B,11,73,2020832,0,0,0,7668669,11900534,2021871
1024 x 64 B,12,73,2020666,0,0,0,7667251,11900534,2021694
1024 x 64 B,13,73,2020410,0,0,0,7666830,11900534,2021441
1024 x 64 B,14,73,2020276,0,0,0,7666183,11900534,2021324
1024 x 64 B,15,73,2020737,0,0,0,7668138,11900534,2021766
1024 x 64 B,16,73,2020544,0,0,0,7667191,11900534,2021574
1024 x 64 B,17,73,2020453,0,0,0,7667324,11900534,2021501
1024 x 64 B,18,73,2020683,0,0,0,7666296,11900534,2021715
1024 x 64 B,19,73,2021091,0,0,0,7669271,11900534,2022148
1024 x 64 B,20,73,2020698,0,0,0,7667133,11900534,2021727
1024 x 64 B,21,73,2019932,0,0,0,7664846,11900534,2020956
1024 x 64 B,22,73,2020465,0,0,0,7664173,11900534,2021498
1024 x 64 B,23,73,2020020,0,0,0,7665986,11900534,2021061
1024 x 64 B,24,73,2020641,0,0,0,7667690,11900534,2021679
1024 x 64 B,25,73,2021582,0,0,0,7670950,11900534,2022625
1024 x 64 B,26,73,2021370,0,0,0,7668439,11900534,2022430
1024 x 64 B,27,73,2022008,0,0,0,7667382,11900535,2023048
1024 x 64 B,28,73,2020737,0,0,0,7668358,11900534,2021781
1024 x 64 B,29,73,2022272,0,0,0,7671678,11900534,2023306
1024 x 64 B,30,73,2021925,0,0,0,7670889,11900534,2022995
1024 x 64 B,31,73,2020657,0,0,0,7668132,11900534,2021707
1 x 128 B,0,12773,1725397,0,0,0,6550906,16158210,1726510
1 x 128 B,1,12773,1754060,0,0,0,6653228,16158211,1755094
1 x 128 B,2,12773,1739246,0,0,0,6597326,16158211,1740292
1 x 128 B,3,12773,1745842,0,0,0,6621808,16158211,1747091
1 x 128 B,4,12773,1751607,0,0,0,6648573,16158210,1752774
1 x 128 B,5,12773,1741449,0,0,0,6596651,16158211,1742988
1 x 128 B,6,12773,1733431,0,0,0,6559137,16158211,1734926
1 x 128 B,7,12773,1759708,0,0,0,6654799,16158211,1761281
1 x 128 B,8,12773,1752729,0,0,0,6653540,16158210,1754421
1 x 128 B,9,12773,1749786,0,0,0,6630496,16158211,1750925
1 x 128 B,10,12773,1734490,0,0,0,6559300,16158211,1735497
1 x 128 B,11,12773,1730734,0,0,0,6561468,16158211,1731732
1 x 128 B,12,12773,1742478,0,0,0,6615819,16158210,1743473
1 x 128 B,13,12773,1755829,0,0,0,6660767,16158211,1756814
1 x 128 B,14,12773,1733226,0,0,0,6570328,16158211,1734299
1 x 128 B,15,12773,1749855,0,0,0,6637134,16158211,1750848
1 x 128 B,16,12773,1722863,0,0,0,6538771,16158210,1723879
1 x 128 B,17,12773,1732406,0,0,0,6571599,16158211,1733388
1 x 128 B,18,12773,1734632,0,0,0,6575646,16158211,1735625
1 x 128 B,19,12773,1736504,0,0,0,6593369,16158210,1737474
1 x 128 B,20,12773,1730872,0,0,0,6564605,16158211,1731832
1 x 128 B,21,12773,1742859,0,0,0,6609281,16158211,1743849
1 x 128 B,22,12773,1751176,0,0,0,6641108,16158211,1752146
1 x 128 B,23,12773,1753029,0,0,0,6655983,16158210,1754005
1 x 128 B,24,12773,1745977,0,0,0,6622059,16158211,1746953
1 x 128 B,25,12773,1748771,0,0,0,6618801,16158211,1749746
1 x 128 B,26,12773,1738439,0,0,0,6595128,16158211,1739405
1 x 128 B,27,12773,1722774,0,0,0,6540772,16158210,1723740
1 x 128 B,28,12773,1733514,0,0,0,6574962,16158211,1734485
1 x 128 B,29,12773,1747625,0,0,0,6628178,16158211,1748617
1 x 128 B,30,12773,1731925,0,0,0,6569644,16158211,1732901
1 x 128 B,31,12773,1730827,0,0,0,6569539,16158210,1731790
3 x 128 B,0,5378,1911477,0,0,0,7249644,13085040,1912564
3 x 128 B,1,5378,1911088,0,0,0,7250321,13085040,1912064
3 x 128 B,2,5378,1930751,0,0,0,7322882,13085040,1931721
3 x 128 B,3,5378,1912491,0,0,0,7255379,13085040,1913467
3 x 128 B,4,5378,1905628,0,0,0,7227507,13085040,1906596
3 x 128 B,5,5378,1909374,0,0,0,7245736,13085040,1910344
3 x 128 B,6,5378,1897940,0,0,0,7201294,13085040,1898903
3 x 128 B,7,5378,1906478,0,0,0,7233803,13085040,1907454
3 x 128 B,8,5378,1929261,0,0,0,7317203,13085040,1930227
3 x 128 B,9,5378,1926912,0,0,0,7311029,13085040,1927888
3 x 128 B,10,5378,1910408,0,0,0,7255127,13085039,1911354
3 x 128 B,11,5378,1923541,0,0,0,7299381,13085040,1924500
3 x 128 B,12,5378,1915076,0,0,0,7264454,13085040,1916047
3 x 128 B,13,5378,1912015,0,0,0,7253041,13085040,1913043
3 x 128 B,14,5378,1926315,0,0,0,7305609,13085040,1927677
3 x 128 B,15,5378,1903085,0,0,0,7217868,13085040,1904278
3 x 128 B,16,5378,1923659,0,0,0,7290384,13085040,1925856
3 x 128 B,17,5378,1926866,0,0,0,7307832,13085040,1928597
3 x 128 B,18,5378,1916732,0,0,0,7264309,13085040,1918987
3 x 128 B,19,5378,1935100,0,0,0,7299541,13085040,1933289
3 x 128 B,20,5378,1930023,0,0,0,7274383,13085040,1923124
3 x 128 B,21,5378,1917380,0,0,0,7269304,13085040,1918512
3 x 128 B,22,5378,1909874,0,0,0,7245186,13085040,1910846
3 x 128 B,23,5378,1925702,0,0,0,7313947,13085039,1926648
3 x 128 B,24,5378,1915470,0,0,0,7267462,13085040,1916433
3 x 128 B,25,5378,1906196,0,0,0,7231230,13085040,1907171
3 x 128 B,26,5378,1890408,0,0,0,7171581,13085040,1891392
3 x 128 B,27,5378,1915509,0,0,0,7266291,13085040,1916491
3 x 128 B,28,5378,1927669,0,0,0,7310469,13085040,1928669
3 x 128 B,29,5378,1919821,0,0,0,7283101,13085040,1920804
3 x 128 B,30,5378,1913080,0,0,0,7256694,13085040,1914058
3 x 128 B,31,5378,1926537,0,0,0,7310439,13085040,1927515
4 x 128 B,0,5486,1903779,0,0,0,7223270,12557820,1904842
4 x 128 B,1,5486,1916394,0,0,0,7271465,12557820,1917353
4 x 128 B,2,5486,1911693,0,0,0,7252990,12557820,1912658
4 x 128 B,3,5486,1913973,0,0,0,7268252,12557819,1914937
4 x 128 B,4,5486,1918358,0,0,0,7277116,12557820,1919332
4 x 128 B,5,5486,1914794,0,0,0,7265154,12557820,1915773
4 x 128 B,6,5486,1910943,0,0,0,7250731,12557820,1911914
4 x 128 B,7,5486,1910057,0,0,0,7247673,12557820,1911035
4 x 128 B,8,5486,1911352,0,0,0,7252375,12557820,1912314
4 x 128 B,9,5486,1911826,0,0,0,7249691,12557820,1912838
4 x 128 B,10,5486,1913025,0,0,0,7259055,12557820,1914003
4 x 128 B,11,5486,1909356,0,0,0,7243863,12557820,1910316
4 x 128 B,12,5486,1915573,0,0,0,7267032,12557820,1916554
4 x 128 B,13,5486,1914035,0,0,0,7262381,12557820,1915004
4 x 128 B,14,5486,1916290,0,0,0,7270645,12557820,1917258
4 x 128 B,15,5486,1907562,0,0,0,7244254,12557819,1908508
4 x 128 B,16,5486,1914999,0,0,0,7266651,12557820,1915977
4 x 128 B,17,5486,1912882,0,0,0,7257646,12557820,1913847
4 x 128 B,18,5486,1920498,0,0,0,7287903,12557820,1921464
4 x 128 B,19,5486,1918184,0,0,0,7276710,12557820,1919151
4 x 128 B,20,5486,1908837,0,0,0,7243565,12557820,1909811
4 x 128 B,21,5486,1911944,0,0,0,7252389,12557820,1912973
4 x 128 B,22,5486,1917104,0,0,0,7273592,12557820,1918365
4 x 128 B,23,5486,1910897,0,0,0,7247829,12557820,1912052
4 x 128 B,24,5486,1910838,0,0,0,7246209,12557820,1912031
4 x 128 B,25,5486,1910424,0,0,0,7242408,12557820,1912139
4 x 128 B,26,5486,1917640,0,0,0,7269225,12557820,1918931
4 x 128 B,27,5486,1919656,0,0,0,7277094,12557819,1921462
4 x 128 B,28,5486,1919726,0,0,0,7281610,12557820,1920815
4 x 128 B,29,5486,1916786,0,0,0,7268779,12557820,1917779
4 x 128 B,30,5486,1928023,0,0,0,7265131,12557820,1922522
4 x 128 B,31,5486,1913683,0,0,0,7257590,12557820,1914690
6 x 128 B,0,3216,1923771,0,0,0,7297200,14732862,1924853
6 x 128 B,1,3216,1926054,0,0,0,7308599,14732862,1927024
6 x 128 B,2,3216,1928750,0,0,0,7316683,14732862,1929738
6 x 128 B,3,3216,1919130,0,0,0,7280612,14732862,1920444
6 x 128 B,4,3216,1929822,0,0,0,7306806,14732862,1930884
6 x 128 B,5,3216,1933498,0,0,0,7328027,14732862,1934876
6 x 128 B,6,3216,1930470,0,0,0,7318120,14732862,1932111
6 x 128 B,7,3216,1937567,0,0,0,7340361,14732862,1938709
6 x 128 B,8,3216,1932678,0,0,0,7308809,14732862,1935068
6 x 128 B,9,3216,1941107,0,0,0,7344036,14732861,1942180
6 x 128 B,10,3216,1948903,0,0,0,7310589,14732862,1942177
6 x 128 B,11,3216,1928680,0,0,0,7304662,14732862,1929711
6 x 128 B,12,3216,1920338,0,0,0,7285086,14732862,1921449
6 x 128 B,13,3216,1926202,0,0,0,7302556,14732862,1927226
6 x 128 B,14,3216,1926610,0,0,0,7308768,14732862,1927602
6 x 128 B,15,3216,1925599,0,0,0,7303581,14732862,1926582
6 x 128 B,16,3216,1927485,0,0,0,7312865,14732862,1928445
6 x 128 B,17,3216,1924824,0,0,0,7300386,14732862,1925822
6 x 128 B,18,3216,1928975,0,0,0,7318484,14732862,1929960
6 x 128 B,19,3216,1926956,0,0,0,7308142,14732862,1927960
6 x 128 B,20,3216,1927260,0,0,0,7311540,14732862,1928225
6 x 128 B,21,3216,1929206,0,0,0,7316263,14732862,1930212
6 x 128 B,22,3216,1924277,0,0,0,7300660,14732862,1925246
6 x 128 B,23,3216,1926133,0,0,0,7315477,14732861,1927099
6 x 128 B,24,3216,1927175,0,0,0,7312726,14732862,1928134
6 x 128 B,25,3216,1927102,0,0,0,7311851,14732862,1928070
6 x 128 B,26,3216,1926766,0,0,0,7311824,14732862,1927740
6 x 128 B,27,3216,1939060,0,0,0,7310888,14732862,1940257
6 x 128 B,28,3216,1929578,0,0,0,7317776,14732862,1930566
6 x 128 B,29,3216,1926877,0,0,0,7309716,14732862,1927877
6 x 128 B,30,3216,1927082,0,0,0,7310484,14732862,1928108
6 x 128 B,31,3216,1925406,0,0,0,7305283,14732862,1926848
8 x 128 B,0,4316,1910580,0,0,0,7244700,12141274,1912604
8 x 128 B,1,4316,1910421,0,0,0,7244167,12141274,1912610
8 x 128 B,2,4316,1916514,0,0,0,7254422,12141274,1918568
8 x 128 B,3,4316,1910647,0,0,0,7241377,12141274,1912365
8 x 128 B,4,4316,1929510,0,0,0,7244030,12141274,1920571
8 x 128 B,5,4316,1908271,0,0,0,7237624,12141274,1909325
8 x 128 B,6,4316,1906565,0,0,0,7236338,12141273,1907594
8 x 128 B,7,4316,1909467,0,0,0,7241250,12141274,1910499
8 x 128 B,8,4316,1908229,0,0,0,7239938,12141274,1909209
8 x 128 B,9,4316,1911472,0,0,0,7241369,12141274,1912525
8 x 128 B,10,4316,1906437,0,0,0,7233460,12141274,1907448
8 x 128 B,11,4316,1907115,0,0,0,7236113,12141274,1908094
8 x 128 B,12,4316,1908303,0,0,0,7240932,12141274,1909277
8 x 128 B,13,4316,1907370,0,0,0,7236494,12141274,1908333
8 x 128 B,14,4316,1909618,0,0,0,7246339,12141274,1910574
8 x 128 B,15,4316,1907578,0,0,0,7237753,12141274,1908540
8 x 128 B,16,4316,1907204,0,0,0,7237303,12141274,1908169
8 x 128 B,17,4316,1904582,0,0,0,7232611,12141273,1905543
8 x 128 B,18,4316,1908046,0,0,0,7240861,12141274,1909038
8 x 128 B,19,4316,1908318,0,0,0,7241219,12141274,1909307
8 x 128 B,20,4316,1907954,0,0,0,7240487,12141274,1908936
8 x 128 B,21,4316,1907065,0,0,0,7234567,12141274,1908023
8 x 128 B,22,4316,1906556,0,0,0,7235082,12141274,1907530
8 x 128 B,23,4316,1908633,0,0,0,7241011,12141274,1909591
8 x 128 B,24,4316,1907367,0,0,0,7238496,12141274,1908356
8 x 128 B,25,4316,1906727,0,0,0,7233266,12141274,1907684
8 x 128 B,26,4316,1909011,0,0,0,7241142,12141274,1910019
8 x 128 B,27,4316,1908186,0,0,0,7240616,12141274,1909166
8 x 128 B,28,4316,1906424,0,0,0,7240481,12141273,1907399
8 x 128 B,29,4316,1906627,0,0,0,7234126,12141274,1907592
8 x 128 B,30,4316,1909099,0,0,0,7244242,12141274,1910057
8 x 128 B,31,4316,1908687,0,0,0,7242355,12141274,1909660
12 x 128 B,0,2540,1946872,0,0,0,7386520,11994246,1947935
12 x 128 B,1,2540,1943288,0,0,0,7374520,11994246,1944268
12 x 128 B,2,2540,1955518,0,0,0,7420134,11994246,1956490
12 x 128 B,3,2540,1948915,0,0,0,7395457,11994246,1949890
12 x 128 B,4,2540,1950160,0,0,0,7399442,11994246,1951116
12 x 128 B,5,2540,1950008,0,0,0,7398151,11994246,1950982
12 x 128 B,6,2540,1952072,0,0,0,7405695,11994246,1953118
12 x 128 B,7,2540,1946615,0,0,0,7380724,11994246,1947922
12 x 128 B,8,2540,1951331,0,0,0,7401880,11994246,1952600
12 x 128 B,9,2540,1949943,0,0,0,7392401,11994246,1951944
12 x 128 B,10,2540,1944991,0,0,0,7375056,11994246,1946272
12 x 128 B,11,2540,1958377,0,0,0,7420263,11994246,1960745
12 x 128 B,12,2540,1951084,0,0,0,7399394,11994246,1952216
12 x 128 B,13,2540,1968372,0,0,0,7417668,11994246,1961973
12 x 128 B,14,2540,1942589,0,0,0,7374784,11994245,1943603
12 x 128 B,15,2540,1955537,0,0,0,7417342,11994246,1956648
12 x 128 B,16,2540,1955404,0,0,0,7416848,11994246,1956473
12 x 128 B,17,2540,1957301,0,0,0,7421803,11994246,1958304
12 x 128 B,18,2540,1959005,0,0,0,7432881,11994246,1959999
12 x 128 B,19,2540,1953769,0,0,0,7409945,11994246,1954780
12 x 128 B,20,2540,1961121,0,0,0,7440150,11994246,1962117
12 x 128 B,21,2540,1948609,0,0,0,7392586,11994246,1949589
12 x 128 B,22,2540,1946898,0,0,0,7388444,11994246,1947872
12 x 128 B,23,2540,1952472,0,0,0,7407133,11994246,1953439
12 x 128 B,24,2540,1952132,0,0,0,7408405,11994246,1953121
12 x 128 B,25,2540,1945078,0,0,0,7379330,11994246,1946059
12 x 128 B,26,2540,1952506,0,0,0,7408001,11994246,1953474
12 x 128 B,27,2540,1946544,0,0,0,7386271,11994246,1947518
12 x 128 B,28,2540,1951615,0,0,0,7407145,11994246,1952589
12 x 128 B,29,2540,1949080,0,0,0,7393871,11994246,1950056
12 x 128 B,30,2540,1957441,0,0,0,7379036,11994246,1948918
12 x 128 B,31,2540,1951029,0,0,0,7400167,11994246,1952035
16 x 128 B,0,2265,1952624,0,0,0,7407757,11878026,1953673
16 x 128 B,1,2265,1955450,0,0,0,7419084,11878026,1956437
16 x 128 B,2,2265,1953416,0,0,0,7412227,11878026,1954424
16 x 128 B,3,2265,1953011,0,0,0,7411582,11878026,1954005
16 x 128 B,4,2265,1951506,0,0,0,7410251,11878025,1952480
16 x 128 B,5,2265,1952343,0,0,0,7408773,11878026,1953327
16 x 128 B,6,2265,1952441,0,0,0,7408840,11878026,1953416
16 x 128 B,7,2265,1951959,0,0,0,7407846,11878026,1952936
16 x 128 B,8,2265,1958877,0,0,0,7414001,11878026,1959931
16 x 128 B,9,2265,1954361,0,0,0,7415900,11878026,1955355
16 x 128 B,10,2265,1953561,0,0,0,7412256,11878026,1954528
16 x 128 B,11,2265,1953228,0,0,0,7412474,11878026,1954232
16 x 128 B,12,2265,1954550,0,0,0,7415199,11878026,1955548
16 x 128 B,13,2265,1952791,0,0,0,7408266,11878026,1953771
16 x 128 B,14,2265,1953171,0,0,0,7410136,11878026,1954211
16 x 128 B,15,2265,1954374,0,0,0,7409497,11878026,1955794
16 x 128 B,16,2265,1954009,0,0,0,7411101,11878026,1955356
16 x 128 B,17,2265,1953421,0,0,0,7407634,11878026,1955018
16 x 128 B,18,2265,1956629,0,0,0,7415126,11878026,1958103
16 x 128 B,19,2265,1955655,0,0,0,7409060,11878026,1957979
16 x 128 B,20,2265,1960385,0,0,0,7410663,11878026,1959307
16 x 128 B,21,2265,1963071,0,0,0,7408031,11878026,1957498
16 x 128 B,22,2265,1953760,0,0,0,7412019,11878026,1954743
16 x 128 B,23,2265,1952992,0,0,0,7409194,11878026,1953971
16 x 128 B,24,2265,1955371,0,0,0,7420264,11878026,1956331
16 x 128 B,25,2265,1956300,0,0,0,7420697,11878026,1957322
16 x 128 B,26,2265,1955805,0,0,0,7420486,11878026,1956792
16 x 128 B,27,2265,1955312,0,0,0,7414972,11878026,1956316
16 x 128 B,28,2265,1952390,0,0,0,7414367,11878025,1953358
16 x 128 B,29,2265,1955540,0,0,0,7415389,11878026,1956537
16 x 128 B,30,2265,1959982,0,0,0,7426064,11878026,1961026
16 x 128 B,31,2265,1955930,0,0,0,7421213,11878026,1956906
24 x 128 B,0,1535,1968989,0,0,0,7466585,11781491,1970105
24 x 128 B,1,1535,1970621,0,0,0,7477264,11781491,1971613
24 x 128 B,2,1535,1968049,0,0,0,7466237,11781491,1969025
24 x 128 B,3,1535,1967290,0,0,0,7465754,11781491,1968285
24 x 128 B,4,1535,1967564,0,0,0,7464432,11781491,1968615
24 x 128 B,5,1535,1969072,0,0,0,7472415,11781491,1970068
24 x 128 B,6,1535,1969666,0,0,0,7472093,11781491,1970634
24 x 128 B,7,1535,1969520,0,0,0,7474462,11781491,1970500
24 x 128 B,8,1535,1969463,0,0,0,7472888,11781491,1970426
24 x 128 B,9,1535,1970678,0,0,0,7476785,11781491,1971654
24 x 128 B,10,1535,1969235,0,0,0,7470056,11781491,1970204
24 x 128 B,11,1535,1966946,0,0,0,7464873,11781491,1967918
24 x 128 B,12,1535,1967946,0,0,0,7466856,11781491,1968912
24 x 128 B,13,1535,1967613,0,0,0,7467081,11781491,1968595
24 x 128 B,14,1535,1971260,0,0,0,7479290,11781491,1972215
24 x 128 B,15,1535,1971013,0,0,0,7480188,11781491,1971989
24 x 128 B,16,1535,1968241,0,0,0,7467682,11781491,1969198
24 x 128 B,17,1535,1971901,0,0,0,7481512,11781491,1972879
24 x 128 B,18,1535,1972407,0,0,0,7481113,11781491,1973376
24 x 128 B,19,1535,1968961,0,0,0,7472697,11781491,1969955
24 x 128 B,20,1535,1969341,0,0,0,7472671,11781491,1970305
24 x 128 B,21,1535,1969632,0,0,0,7473092,11781491,1970623
24 x 128 B,22,1535,1969284,0,0,0,7470815,11781491,1970533
24 x 128 B,23,1535,1970487,0,0,0,7474750,11781491,1971613
24 x 128 B,24,1535,1970436,0,0,0,7471718,11781491,1971699
24 x 128 B,25,1535,1970958,0,0,0,7473064,11781491,1972624
24 x 128 B,26,1535,1971768,0,0,0,7472531,11781491,1973293
24 x 128 B,27,1535,1973887,0,0,0,7477189,11781491,1976321
24 x 128 B,28,1535,1969978,0,0,0,7472735,11781491,1971052
24 x 128 B,29,1535,1982042,0,0,0,7473016,11781491,1975717
24 x 128 B,30,1535,1969075,0,0,0,7473484,11781490,1970138
24 x 128 B,31,1535,1969877,0,0,0,7473279,11781491,1970918
64 x 128 B,0,587,1982847,0,0,0,7522512,11640576,1983931
64 x 128 B,1,587,1982825,0,0,0,7522474,11640576,1983845
64 x 128 B,2,587,1983875,0,0,0,7523616,11640576,1984903
64 x 128 B,3,587,1984891,0,0,0,7524929,11640576,1985949
64 x 128 B,4,587,1983945,0,0,0,7526617,11640576,1984942
64 x 128 B,5,587,1984737,0,0,0,7526360,11640576,1985766
64 x 128 B,6,587,1983838,0,0,0,7524693,11640576,1984839
64 x 128 B,7,587,1980213,0,0,0,7508277,11640576,1981276
64 x 128 B,8,587,1979127,0,0,0,7507795,11640576,1980116
64 x 128 B,9,587,1979036,0,0,0,7509101,11640576,1980032
64 x 128 B,10,587,1979464,0,0,0,7508478,11640576,1980455
64 x 128 B,11,587,1979707,0,0,0,7509721,11640576,1980704
64 x 128 B,12,587,1979117,0,0,0,7508892,11640576,1980118
64 x 128 B,13,587,1980867,0,0,0,7516258,11640576,1981856
64 x 128 B,14,587,1980650,0,0,0,7512878,11640576,1981641
64 x 128 B,15,587,1980495,0,0,0,7513884,11640576,1981481
64 x 128 B,16,587,1979292,0,0,0,7509397,11640576,1980289
64 x 128 B,17,587,1979165,0,0,0,7509510,11640576,1980166
64 x 128 B,18,587,1980036,0,0,0,7509855,11640576,1981043
64 x 128 B,19,587,1979644,0,0,0,7510540,11640576,1980634
64 x 128 B,20,587,1979633,0,0,0,7509341,11640576,1980641
64 x 128 B,21,587,1979383,0,0,0,7509923,11640576,1980377
64 x 128 B,22,587,1979567,0,0,0,7508912,11640576,1980566
64 x 128 B,23,587,1979524,0,0,0,7509493,11640576,1980532
64 x 128 B,24,587,1979850,0,0,0,7510225,11640576,1980861
64 x 128 B,25,587,1979873,0,0,0,7512414,11640576,1980864
64 x 128 B,26,587,1979759,0,0,0,7509103,11640576,1980760
64 x 128 B,27,587,1979706,0,0,0,7510460,11640576,1980687
64 x 128 B,28,587,1981149,0,0,0,7511192,11640576,1982200
64 x 128 B,29,587,1988740,0,0,0,7512804,11640576,1984513
64 x 128 B,30,587,1980920,0,0,0,7512368,11640576,1982158
64 x 128 B,31,587,1980540,0,0,0,7511697,11640576,1981963
128 x 128 B,0,297,2001266,0,0,0,7587941,11665932,2003033
128 x 128 B,1,297,2000411,0,0,0,7583815,11665932,2002483
128 x 128 B,2,297,2003782,0,0,0,7591227,11665932,2005257
128 x 128 B,3,297,2011834,0,0,0,7589766,11665932,2006319
128 x 128 B,4,297,2003664,0,0,0,7598578,11665932,2004709
128 x 128 B,5,297,2003527,0,0,0,7599517,11665932,2004564
128 x 128 B,6,297,2003092,0,0,0,7599554,11665932,2004124
128 x 128 B,7,297,2003753,0,0,0,7602837,11665932,2004785
128 x 128 B,8,297,2003184,0,0,0,7597490,11665932,2004220
128 x 128 B,9,297,2002560,0,0,0,7596531,11665932,2003587
128 x 128 B,10,297,2004319,0,0,0,7604160,11665932,2005402
128 x 128 B,11,297,2003758,0,0,0,7600077,11665932,2004788
128 x 128 B,12,297,2006127,0,0,0,7604472,11665932,2007211
128 x 128 B,13,297,2003510,0,0,0,7600721,11665932,2004536
128 x 128 B,14,297,2004987,0,0,0,7605983,11665932,2006017
128 x 128 B,15,297,2379787,0,0,0,7602120,11665932,2380913
128 x 128 B,16,297,2006396,0,0,0,7609424,11665932,2007468
128 x 128 B,17,297,2005571,0,0,0,7608029,11665932,2006620
128 x 128 B,18,297,2007185,0,0,0,7614809,11665932,2008204
128 x 128 B,19,297,2005629,0,0,0,7610033,11665932,2006675
128 x 128 B,20,297,2005359,0,0,0,7606765,11665932,2006377
128 x 128 B,21,297,2010726,0,0,0,7621223,11665933,2011753
128 x 128 B,22,297,2006190,0,0,0,7611490,11665932,2007209
128 x 128 B,23,297,2005348,0,0,0,7608528,11665932,2006372
128 x 128 B,24,297,2007149,0,0,0,7613511,11665932,2008165
128 x 128 B,25,297,2006657,0,0,0,7612701,11665932,2007698
128 x 128 B,26,297,2006842,0,0,0,7614781,11665932,2007875
128 x 128 B,27,297,2004567,0,0,0,7604966,11665932,2005587
128 x 128 B,28,297,2005101,0,0,0,7605072,11665932,2006138
128 x 128 B,29,297,2005669,0,0,0,7609235,11665932,2006683
128 x 128 B,30,297,2005489,0,0,0,7608928,11665932,2006558
128 x 128 B,31,297,2004826,0,0,0,7605633,11665932,2005845
129 x 128 B,0,290,1997676,0,0,0,7579506,11794666,1998823
129 x 128 B,1,290,1998438,0,0,0,7581501,11794666,1999491
129 x 128 B,2,290,1999368,0,0,0,7585589,11794666,2000474
129 x 128 B,3,290,1999508,0,0,0,7583616,11794666,2000685
129 x 128 B,4,290,2001167,0,0,0,7586306,11794666,2002636
129 x 128 B,5,290,2003024,0,0,0,7594496,11794666,2004265
129 x 128 B,6,290,2000074,0,0,0,7584995,11794666,2001603
129 x 128 B,7,290,2001837,0,0,0,7591176,11794666,2003080
129 x 128 B,8,290,2002500,0,0,0,7581773,11794666,2005094
129 x 128 B,9,290,2001344,0,0,0,7588750,11794666,2002535
129 x 128 B,10,290,1999095,0,0,0,7582437,11794666,2000503
129 x 128 B,11,290,1997009,0,0,0,7574248,11794666,1998057
129 x 128 B,12,290,1998998,0,0,0,7579790,11794666,2000066
129 x 128 B,13,290,2001846,0,0,0,7592531,11794666,2002897
129 x 128 B,14,290,2000147,0,0,0,7586734,11794666,2001185
129 x 128 B,15,290,2000879,0,0,0,7586268,11794666,2001959
129 x 128 B,16,290,2000091,0,0,0,7587340,11794666,2001124
129 x 128 B,17,290,2002092,0,0,0,7593342,11794666,2003134
129 x 128 B,18,290,2003393,0,0,0,7596105,11794666,2004450
129 x 128 B,19,290,2000317,0,0,0,7588499,11794666,2001353
129 x 128 B,20,290,2002129,0,0,0,7595815,11794666,2003151
129 x 128 B,21,290,2002636,0,0,0,7597227,11794666,2003655
129 x 128 B,22,290,2001487,0,0,0,7593179,11794666,2002500
129 x 128 B,23,290,2001058,0,0,0,7591081,11794666,2002081
129 x 128 B,24,290,2001460,0,0,0,7591342,11794666,2002502
129 x 128 B,25,290,2001135,0,0,0,7591392,11794666,2002159
129 x 128 B,26,290,2000983,0,0,0,7591450,11794666,2002017
129 x 128 B,27,290,2000608,0,0,0,7590577,11794666,2001626
129 x 128 B,28,290,2000997,0,0,0,7593047,11794666,2002033
129 x 128 B,29,290,2002244,0,0,0,7597726,11794666,2003267
129 x 128 B,30,290,1998783,0,0,0,7584251,11794666,1999793
129 x 128 B,31,290,2000171,0,0,0,7587736,11794666,2001208
1024 x 128 B,0,37,2027677,0,0,0,7692259,11590912,2028927
1024 x 128 B,1,37,2027804,0,0,0,7694188,11590912,2028857
1024 x 128 B,2,37,2027240,0,0,0,7691761,11590912,2028317
1024 x 128 B,3,37,2026981,0,0,0,7691092,11590912,2028038
1024 x 128 B,4,37,2027264,0,0,0,7691520,11590912,2028334
1024 x 128 B,5,37,2028002,0,0,0,7693634,11590912,2029059
1024 x 128 B,6,37,2028144,0,0,0,7693633,11590912,2029211
1024 x 128 B,7,37,2027559,0,0,0,7693964,11590912,2028617
1024 x 128 B,8,37,2027321,0,0,0,7692435,11590912,2028393
1024 x 128 B,9,37,2028415,0,0,0,7695752,11590912,2029510
1024 x 128 B,10,37,2033021,0,0,0,7711873,11590912,2034178
1024 x 128 B,11,37,2042398,0,0,0,7747418,11590912,2043540
1024 x 128 B,12,37,2057571,0,0,0,7805069,11590912,2059398
1024 x 128 B,13,37,2033891,0,0,0,7709305,11590912,2035405
1024 x 128 B,14,37,2034779,0,0,0,7712414,11590912,2036472
1024 x 128 B,15,37,2032309,0,0,0,7699133,11590912,2034290
1024 x 128 B,16,37,2033685,0,0,0,7694174,11590913,2034844
1024 x 128 B,17,37,2042218,0,0,0,7699696,11590912,2034605
1024 x 128 B,18,37,2046883,0,0,0,7708841,11590912,2048410
1024 x 128 B,19,37,2038723,0,0,0,7704473,11590912,2040016
1024 x 128 B,20,37,2032249,0,0,0,7705090,11590912,2033420
1024 x 128 B,21,37,2030055,0,0,0,7701984,11590912,2031137
1024 x 128 B,22,37,2032085,0,0,0,7703644,11590912,2033171
1024 x 128 B,23,37,2031494,0,0,0,7705353,11590912,2032578
1024 x 128 B,24,37,2030798,0,0,0,7703365,11590912,2031876
1024 x 128 B,25,37,2032825,0,0,0,7706523,11590912,2033887
1024 x 128 B,26,37,2030981,0,0,0,7704887,11590912,2032254
1024 x 128 B,27,37,2051519,0,0,0,7721493,11590912,2053149
1024 x 128 B,28,37,2031477,0,0,0,7703356,11590912,2032618
1024 x 128 B,29,37,2044225,0,0,0,7703747,11590912,2038110
1024 x 128 B,30,37,2030408,0,0,0,7700446,11590912,2031496
1024 x 128 B,31,37,2029864,0,0,0,7701971,11590912,2030916
1 x 256 B,0,7365,1844043,0,0,0,6995947,16387491,1845155
1 x 256 B,1,7365,1843436,0,0,0,6988150,16387491,1844479
1 x 256 B,2,7365,1844889,0,0,0,6991681,16387491,1845851
1 x 256 B,3,7365,1841128,0,0,0,6984464,16387491,1842115
1 x 256 B,4,7365,1840723,0,0,0,6989713,16387490,1841672
1 x 256 B,5,7365,1842496,0,0,0,6989067,16387491,1843477
1 x 256 B,6,7365,1844184,0,0,0,6997529,16387491,1845154
1 x 256 B,7,7365,1843935,0,0,0,6995806,16387491,1844908
1 x 256 B,8,7365,1845018,0,0,0,7000915,16387491,1845999
1 x 256 B,9,7365,1843466,0,0,0,6994215,16387491,1844449
1 x 256 B,10,7365,1838540,0,0,0,6981676,16387490,1839504
1 x 256 B,11,7365,1842845,0,0,0,6990964,16387491,1843814
1 x 256 B,12,7365,1843097,0,0,0,6991717,16387491,1844078
1 x 256 B,13,7365,1841773,0,0,0,6987305,16387491,1842727
1 x 256 B,14,7365,1843452,0,0,0,6992985,16387491,1844426
1 x 256 B,15,7365,1843620,0,0,0,6994423,16387491,1844580
1 x 256 B,16,7365,1844185,0,0,0,7003506,16387490,1845148
1 x 256 B,17,7365,1843719,0,0,0,6994545,16387491,1844696
1 x 256 B,18,7365,1846843,0,0,0,7005640,16387491,1848726
1 x 256 B,19,7365,1840438,0,0,0,6976457,16387491,1841542
1 x 256 B,20,7365,1842493,0,0,0,6987027,16387491,1843906
1 x 256 B,21,7365,1840725,0,0,0,6979361,16387491,1842129
1 x 256 B,22,7365,1844048,0,0,0,6983802,16387491,1845382
1 x 256 B,23,7365,1845306,0,0,0,6996021,16387490,1847647
1 x 256 B,24,7365,1844691,0,0,0,6994458,16387491,1845715
1 x 256 B,25,7365,1845188,0,0,0,6998362,16387491,1846190
1 x 256 B,26,7365,1840035,0,0,0,6977732,16387491,1841037
1 x 256 B,27,7365,1841918,0,0,0,6984513,16387491,1842889
1 x 256 B,28,7365,1843888,0,0,0,6995901,16387491,1844859
1 x 256 B,29,7365,1836716,0,0,0,6972607,16387490,1837720
1 x 256 B,30,7365,1844864,0,0,0,6997348,16387491,1845865
1 x 256 B,31,7365,1841939,0,0,0,6981856,16387491,1842956
3 x 256 B,0,2848,1929561,0,0,0,7316359,12135694,1930707
3 x 256 B,1,2848,1934518,0,0,0,7340638,12135694,1935510
3 x 256 B,2,2848,1938057,0,0,0,7350926,12135694,1939025
3 x 256 B,3,2848,1936681,0,0,0,7348228,12135694,1937661
3 x 256 B,4,2848,1935895,0,0,0,7343174,12135694,1936861
3 x 256 B,5,2848,1927905,0,0,0,7316382,12135694,1928883
3 x 256 B,6,2848,1917842,0,0,0,7275873,12135694,1918812
3 x 256 B,7,2848,1908804,0,0,0,7244284,12135694,1909775
3 x 256 B,8,2848,1936994,0,0,0,7348584,12135694,1937953
3 x 256 B,9,2848,1920831,0,0,0,7294452,12135693,1921783
3 x 256 B,10,2848,1936784,0,0,0,7348275,12135694,1937754
3 x 256 B,11,2848,1934477,0,0,0,7339314,12135694,1935434
3 x 256 B,12,2848,1921691,0,0,0,7291215,12135694,1922666
3 x 256 B,13,2848,1896738,0,0,0,7196025,12135694,1897741
3 x 256 B,14,2848,1922431,0,0,0,7293938,12135694,1923385
3 x 256 B,15,2848,1929333,0,0,0,7321339,12135694,1930293
3 x 256 B,16,2848,1915388,0,0,0,7267722,12135694,1916335
3 x 256 B,17,2848,1894927,0,0,0,7190643,12135694,1895890
3 x 256 B,18,2848,1917729,0,0,0,7277150,12135694,1918702
3 x 256 B,19,2848,1927554,0,0,0,7312930,12135694,1928527
3 x 256 B,20,2848,1894615,0,0,0,7186978,12135694,1895578
3 x 256 B,21,2848,1939496,0,0,0,7358462,12135694,1940450
3 x 256 B,22,2848,1919490,0,0,0,7288862,12135693,1920448
3 x 256 B,23,2848,1907897,0,0,0,7239162,12135694,1908856
3 x 256 B,24,2848,1860868,0,0,0,7060444,12135694,1861841
3 x 256 B,25,2848,1917006,0,0,0,7273958,12135694,1917956
3 x 256 B,26,2848,1933747,0,0,0,7335669,12135694,1934851
3 x 256 B,27,2848,1938305,0,0,0,7353306,12135694,1939343
3 x 256 B,28,2848,1912588,0,0,0,7253188,12135694,1913652
3 x 256 B,29,2848,1913716,0,0,0,7257559,12135694,1914951
3 x 256 B,30,2848,1939550,0,0,0,7352311,12135694,1941142
3 x 256 B,31,2848,1931213,0,0,0,7294134,12135694,1932702
4 x 256 B,0,2936,1934519,0,0,0,7338323,12114302,1935628
4 x 256 B,1,2936,1938728,0,0,0,7353265,12114302,1939722
4 x 256 B,2,2936,1948196,0,0,0,7387367,12114302,1949262
4 x 256 B,3,2936,1944943,0,0,0,7378379,12114302,1945914
4 x 256 B,4,2936,1932691,0,0,0,7338535,12114301,1933646
4 x 256 B,5,2936,1944663,0,0,0,7375311,12114302,1945642
4 x 256 B,6,2936,1945389,0,0,0,7380488,12114302,1946464
4 x 256 B,7,2936,1944967,0,0,0,7376687,12114302,1945934
4 x 256 B,8,2936,1943558,0,0,0,7372771,12114302,1944533
4 x 256 B,9,2936,1944959,0,0,0,7371073,12114302,1945960
4 x 256 B,10,2936,1942293,0,0,0,7369226,12114302,1943254
4 x 256 B,11,2936,1949464,0,0,0,7391413,12114302,1950471
4 x 256 B,12,2936,1942867,0,0,0,7370833,12114302,1943837
4 x 256 B,13,2936,1948145,0,0,0,7387021,12114302,1949114
4 x 256 B,14,2936,1942105,0,0,0,7368804,12114302,1943054
4 x 256 B,15,2936,1943665,0,0,0,7374072,12114302,1944633
4 x 256 B,16,2936,1946577,0,0,0,7386960,12114302,1947531
4 x 256 B,17,2936,1952049,0,0,0,7402223,12114302,1953013
4 x 256 B,18,2936,1946372,0,0,0,7384607,12114302,1947335
4 x 256 B,19,2936,1942760,0,0,0,7370598,12114302,1943713
4 x 256 B,20,2936,1933462,0,0,0,7334872,12114302,1934424
4 x 256 B,21,2936,1951234,0,0,0,7401120,12114302,1952195
4 x 256 B,22,2936,1934433,0,0,0,7340199,12114302,1935390
4 x 256 B,23,2936,1942707,0,0,0,7376722,12114301,1943675
4 x 256 B,24,2936,1941198,0,0,0,7362121,12114302,1942189
4 x 256 B,25,2936,1942187,0,0,0,7366143,12114302,1943172
4 x 256 B,26,2936,1954917,0,0,0,7360367,12114302,1946857
4 x 256 B,27,2936,1942391,0,0,0,7367727,12114302,1943394
4 x 256 B,28,2936,1932965,0,0,0,7333876,12114302,1933924
4 x 256 B,29,2936,1943068,0,0,0,7369969,12114302,1944030
4 x 256 B,30,2936,1942385,0,0,0,7369839,12114302,1943338
4 x 256 B,31,2936,1939871,0,0,0,7359917,12114302,1940830
6 x 256 B,0,1716,1966066,0,0,0,7456304,14308374,1967177
6 x 256 B,1,1716,1955250,0,0,0,7418657,14308374,1956235
6 x 256 B,2,1716,1959212,0,0,0,7432620,14308374,1960180
6 x 256 B,3,1716,1962679,0,0,0,7446212,14308374,1963926
6 x 256 B,4,1716,1963106,0,0,0,7444992,14308374,1964431
6 x 256 B,5,1716,1964315,0,0,0,7446889,14308374,1965918
6 x 256 B,6,1716,1969360,0,0,0,7470061,14308374,1970649
6 x 256 B,7,1716,1953924,0,0,0,7400781,14308374,1956154
6 x 256 B,8,1716,1979629,0,0,0,7483076,14308374,1978245
6 x 256 B,9,1716,1974593,0,0,0,7487722,14308374,1975597
6 x 256 B,10,1716,1961379,0,0,0,7441634,14308374,1962350
6 x 256 B,11,1716,1955359,0,0,0,7419832,14308374,1956339
6 x 256 B,12,1716,1962321,0,0,0,7445782,14308374,1963291
6 x 256 B,13,1716,1965944,0,0,0,7460101,14308374,1966926
6 x 256 B,14,1716,1970990,0,0,0,7479053,14308374,1971964
6 x 256 B,15,1716,1964793,0,0,0,7460124,14308373,1965747
6 x 256 B,16,1716,1973322,0,0,0,7487784,14308374,1974302
6 x 256 B,17,1716,1965425,0,0,0,7453617,14308374,1966400
6 x 256 B,18,1716,1970987,0,0,0,7475090,14308374,1971981
6 x 256 B,19,1716,1954602,0,0,0,7414860,14308374,1955558
6 x 256 B,20,1716,1967971,0,0,0,7463235,14308374,1968980
6 x 256 B,21,1716,1963095,0,0,0,7447250,14308374,1964069
6 x 256 B,22,1716,1964129,0,0,0,7452443,14308374,1965084
6 x 256 B,23,1716,1964743,0,0,0,7454195,14308374,1965718
6 x 256 B,24,1716,1968499,0,0,0,7470314,14308374,1969476
6 x 256 B,25,1716,1973466,0,0,0,7449710,14308374,1967900
6 x 256 B,26,1716,1967336,0,0,0,7464248,14308374,1968326
6 x 256 B,27,1716,1954453,0,0,0,7415473,14308374,1955422
6 x 256 B,28,1716,1961620,0,0,0,7444107,14308374,1962597
6 x 256 B,29,1716,1955533,0,0,0,7419632,14308374,1956509
6 x 256 B,30,1716,1958623,0,0,0,7431988,14308374,1959595
6 x 256 B,31,1716,1958952,0,0,0,7431827,14308374,1959919
8 x 256 B,0,2288,1947467,0,0,0,7388754,11760686,1948512
8 x 256 B,1,2288,1950256,0,0,0,7395863,11760686,1951304
8 x 256 B,2,2288,1948479,0,0,0,7393828,11760686,1949455
8 x 256 B,3,2288,1947742,0,0,0,7391223,11760686,1948713
8 x 256 B,4,2288,1948195,0,0,0,7390125,11760686,1949176
8 x 256 B,5,2288,1947135,0,0,0,7387923,11760686,1948100
8 x 256 B,6,2288,1948268,0,0,0,7390597,11760686,1949238
8 x 256 B,7,2288,1946872,0,0,0,7384910,11760686,1947855
8 x 256 B,8,2288,1947567,0,0,0,7395073,11760685,1948559
8 x 256 B,9,2288,1949125,0,0,0,7394467,11760686,1950183
8 x 256 B,10,2288,1948915,0,0,0,7393283,11760686,1949968
8 x 256 B,11,2288,1949589,0,0,0,7394143,11760686,1950680
8 x 256 B,12,2288,1949597,0,0,0,7392604,11760686,1951074
8 x 256 B,13,2288,1950514,0,0,0,7392901,11760686,1951987
8 x 256 B,14,2288,1949252,0,0,0,7390565,11760686,1950581
8 x 256 B,15,2288,1964247,0,0,0,7403582,11760686,1963553
8 x 256 B,16,2288,1955951,0,0,0,7397581,11760686,1955132
8 x 256 B,17,2288,1949226,0,0,0,7392026,11760686,1950351
8 x 256 B,18,2288,1949840,0,0,0,7393370,11760686,1950903
8 x 256 B,19,2288,1947501,0,0,0,7386775,11760686,1948502
8 x 256 B,20,2288,1948155,0,0,0,7390997,11760686,1949142
8 x 256 B,21,2288,1947287,0,0,0,7384676,11760686,1948278
8 x 256 B,22,2288,1948247,0,0,0,7391927,11760686,1949236
8 x 256 B,23,2288,1946749,0,0,0,7385057,11760686,1947734
8 x 256 B,24,2288,1949040,0,0,0,7392967,11760686,1950021
8 x 256 B,25,2288,1948782,0,0,0,7385537,11760686,1949821
8 x 256 B,26,2288,1948611,0,0,0,7393407,11760686,1949601
8 x 256 B,27,2288,1947912,0,0,0,7390774,11760686,1948882
8 x 256 B,28,2288,1948091,0,0,0,7390270,11760686,1949075
8 x 256 B,29,2288,1943987,0,0,0,7382116,11760685,1944949
8 x 256 B,30,2288,1947686,0,0,0,7390339,11760686,1948654
8 x 256 B,31,2288,1949306,0,0,0,7394124,11760686,1950303
12 x 256 B,0,1319,1967485,0,0,0,7458503,11732871,1968524
12 x 256 B,1,1319,1960464,0,0,0,7439448,11732871,1961447
12 x 256 B,2,1319,1962837,0,0,0,7447943,11732871,1963821
12 x 256 B,3,1319,1962046,0,0,0,7445680,11732871,1963034
12 x 256 B,4,1319,1960771,0,0,0,7439007,11732871,1961754
12 x 256 B,5,1319,1958016,0,0,0,7430586,11732871,1959006
12 x 256 B,6,1319,1966935,0,0,0,7462257,11732871,1967921
12 x 256 B,7,1319,1971633,0,0,0,7482133,11732871,1972609
12 x 256 B,8,1319,1974997,0,0,0,7494193,11732871,1975977
12 x 256 B,9,1319,1962317,0,0,0,7446973,11732871,1963305
12 x 256 B,10,1319,1961946,0,0,0,7444775,11732871,1962925
12 x 256 B,11,1319,1958356,0,0,0,7430450,11732871,1959331
12 x 256 B,12,1319,1966013,0,0,0,7458564,11732871,1966999
12 x 256 B,13,1319,1972744,0,0,0,7485781,11732871,1973728
12 x 256 B,14,1319,1961711,0,0,0,7440882,11732871,1962691
12 x 256 B,15,1319,1963942,0,0,0,7450963,11732871,1964921
12 x 256 B,16,1319,1961762,0,0,0,7441702,11732871,1962753
12 x 256 B,17,1319,1957173,0,0,0,7425371,11732871,1958153
12 x 256 B,18,1319,1966953,0,0,0,7462516,11732871,1967937
12 x 256 B,19,1319,1974112,0,0,0,7487634,11732871,1975263
12 x 256 B,20,1319,1962939,0,0,0,7446335,11732871,1964175
12 x 256 B,21,1319,1961435,0,0,0,7437416,11732871,1963094
12 x 256 B,22,1319,1969259,0,0,0,7466523,11732871,1970593
12 x 256 B,23,1319,1968331,0,0,0,7456447,11732871,1970592
12 x 256 B,24,1319,1965108,0,0,0,7453838,11732871,1966247
12 x 256 B,25,1319,1978896,0,0,0,7453916,11732871,1970850
12 x 256 B,26,1319,1958537,0,0,0,7431853,11732871,1959589
12 x 256 B,27,1319,1961925,0,0,0,7449386,11732870,1962920
12 x 256 B,28,1319,1962226,0,0,0,7443196,11732871,1963219
12 x 256 B,29,1319,1975199,0,0,0,7489617,11732871,1976221
12 x 256 B,30,1319,1972939,0,0,0,7485565,11732871,1973929
12 x 256 B,31,1319,1967218,0,0,0,7464477,11732871,1968208
16 x 256 B,0,1178,1975865,0,0,0,7493797,11670812,1977010
16 x 256 B,1,1178,1970511,0,0,0,7478592,11670812,1971508
16 x 256 B,2,1178,1973709,0,0,0,7488102,11670812,1974705
16 x 256 B,3,1178,1974076,0,0,0,7490422,11670812,1975081
16 x 256 B,4,1178,1972631,0,0,0,7484395,11670812,1973659
16 x 256 B,5,1178,1974227,0,0,0,7492677,11670812,1975220
16 x 256 B,6,1178,1973606,0,0,0,7488706,11670812,1974599
16 x 256 B,7,1178,1972970,0,0,0,7485570,11670812,1973966
16 x 256 B,8,1178,1973902,0,0,0,7490406,11670812,1974900
16 x 256 B,9,1178,1972800,0,0,0,7486074,11670812,1973796
16 x 256 B,10,1178,1974705,0,0,0,7493361,11670812,1975687
16 x 256 B,11,1178,1974904,0,0,0,7493493,11670812,1976299
16 x 256 B,12,1178,1997015,0,0,0,7488804,11670812,1998436
16 x 256 B,13,1178,1972838,0,0,0,7484408,11670812,1973854
16 x 256 B,14,1178,1974315,0,0,0,7491380,11670812,1975319
16 x 256 B,15,1178,1974644,0,0,0,7490494,11670812,1975648
16 x 256 B,16,1178,1977870,0,0,0,7503063,11670812,1978848
16 x 256 B,17,1178,1975617,0,0,0,7494487,11670812,1976623
16 x 256 B,18,1178,1975185,0,0,0,7492126,11670812,1976358
16 x 256 B,19,1178,1975973,0,0,0,7494008,11670812,1977169
16 x 256 B,20,1178,1977507,0,0,0,7498444,11670812,1979240
16 x 256 B,21,1178,1979468,0,0,0,7501222,11670812,1981554
16 x 256 B,22,1178,1977536,0,0,0,7498027,11670812,1978923
16 x 256 B,23,1178,1980190,0,0,0,7506423,11670812,1982163
16 x 256 B,24,1178,1977209,0,0,0,7498479,11670812,1978217
16 x 256 B,25,1178,1979343,0,0,0,7509118,11670812,1980975
16 x 256 B,26,1178,1980239,0,0,0,7510596,11670812,1981874
16 x 256 B,27,1178,1978323,0,0,0,7502616,11670812,1979382
16 x 256 B,28,1178,1978282,0,0,0,7503249,11670812,1979283
16 x 256 B,29,1178,1980751,0,0,0,7506435,11670812,1981809
16 x 256 B,30,1178,1979445,0,0,0,7509303,11670812,1980427
16 x 256 B,31,1178,1976447,0,0,0,7493981,11670812,1977483
24 x 256 B,0,790,1982114,0,0,0,7514779,11592826,1983878
24 x 256 B,1,790,1979861,0,0,0,7510414,11592826,1980959
24 x 256 B,2,790,1980233,0,0,0,7512928,11592826,1981211
24 x 256 B,3,790,1980189,0,0,0,7513639,11592826,1981163
24 x 256 B,4,790,1980815,0,0,0,7512141,11592826,1981795
24 x 256 B,5,790,1980271,0,0,0,7514151,11592826,1981248
24 x 256 B,6,790,1980490,0,0,0,7514271,11592826,1981482
24 x 256 B,7,790,1980266,0,0,0,7513727,11592826,1981241
24 x 256 B,8,790,1981055,0,0,0,7514303,11592826,1982043
24 x 256 B,9,790,1981648,0,0,0,7513592,11592826,1983382
24 x 256 B,10,790,1982778,0,0,0,7515015,11592826,1985108
24 x 256 B,11,790,1981439,0,0,0,7515344,11592826,1982544
24 x 256 B,12,790,1981347,0,0,0,7515725,11592826,1982345
24 x 256 B,13,790,2002145,0,0,0,7516284,11592826,2003479
24 x 256 B,14,790,1979476,0,0,0,7514938,11592826,1982245
24 x 256 B,15,790,1979734,0,0,0,7513822,11592825,1980763
24 x 256 B,16,790,1984267,0,0,0,7512494,11592826,1985260
24 x 256 B,17,790,1980295,0,0,0,7512073,11592826,1981301
24 x 256 B,18,790,1980383,0,0,0,7510534,11592826,1981378
24 x 256 B,19,790,1981875,0,0,0,7513814,11592826,1983178
24 x 256 B,20,790,1980178,0,0,0,7510999,11592826,1981170
24 x 256 B,21,790,1982164,0,0,0,7516020,11592826,1983204
24 x 256 B,22,790,1981705,0,0,0,7514791,11592826,1982705
24 x 256 B,23,790,1979594,0,0,0,7511151,11592826,1980574
24 x 256 B,24,790,1980994,0,0,0,7513890,11592826,1982008
24 x 256 B,25,790,1980156,0,0,0,7510889,11592826,1981175
24 x 256 B,26,790,1979949,0,0,0,7511972,11592826,1980953
24 x 256 B,27,790,1980712,0,0,0,7513732,11592826,1981690
24 x 256 B,28,790,1979747,0,0,0,7511491,11592826,1980718
24 x 256 B,29,790,1979405,0,0,0,7510255,11592826,1980396
24 x 256 B,30,790,1980798,0,0,0,7514644,11592826,1981770
24 x 256 B,31,790,1982343,0,0,0,7515044,11592826,1983381
64 x 256 B,0,301,1995517,0,0,0,7568695,11591575,1997218
64 x 256 B,1,301,1996031,0,0,0,7571140,11591575,1997205
64 x 256 B,2,301,1996997,0,0,0,7566970,11591575,1999332
64 x 256 B,3,301,1995435,0,0,0,7567289,11591575,1997261
64 x 256 B,4,301,1996151,0,0,0,7566543,11591575,1998821
64 x 256 B,5,301,2014515,0,0,0,7568993,11591575,2010041
64 x 256 B,6,301,1998425,0,0,0,7575608,11591575,1999650
64 x 256 B,7,301,1997925,0,0,0,7576336,11591575,1999210
64 x 256 B,8,301,1996231,0,0,0,7573017,11591575,1997331
64 x 256 B,9,301,1994463,0,0,0,7565059,11591575,1995513
64 x 256 B,10,301,1994282,0,0,0,7565598,11591575,1995320
64 x 256 B,11,301,1994241,0,0,0,7567375,11591575,1995291
64 x 256 B,12,301,1994179,0,0,0,7563774,11591575,1995208
64 x 256 B,13,301,1993578,0,0,0,7562892,11591575,1994609
64 x 256 B,14,301,1994719,0,0,0,7562740,11591575,1995802
64 x 256 B,15,301,1995680,0,0,0,7571571,11591575,1996737
64 x 256 B,16,301,1993376,0,0,0,7562754,11591575,1994399
64 x 256 B,17,301,2376085,0,0,0,7567575,11591576,2377150
64 x 256 B,18,301,1994350,0,0,0,7568383,11591575,1995384
64 x 256 B,19,301,1996695,0,0,0,7574750,11591575,1997737
64 x 256 B,20,301,1998351,0,0,0,7583539,11591575,1999383
64 x 256 B,21,301,1997880,0,0,0,7579047,11591575,1998903
64 x 256 B,22,301,1995372,0,0,0,7572290,11591575,1996388
64 x 256 B,23,301,1994664,0,0,0,7567285,11591575,1995707
64 x 256 B,24,301,1993248,0,0,0,7564283,11591575,1994280
64 x 256 B,25,301,1995102,0,0,0,7568812,11591575,1996132
64 x 256 B,26,301,1995353,0,0,0,7570678,11591575,1996377
64 x 256 B,27,301,1995755,0,0,0,7569923,11591575,1996777
64 x 256 B,28,301,1995101,0,0,0,7571452,11591575,1996127
64 x 256 B,29,301,1994914,0,0,0,7569187,11591575,1995950
64 x 256 B,30,301,1994761,0,0,0,7569061,11591575,1995790
64 x 256 B,31,301,1994457,0,0,0,7567377,11591575,1995507
128 x 256 B,0,149,2004374,0,0,0,7604059,11420471,2005520
128 x 256 B,1,149,2005037,0,0,0,7606832,11420471,2006086
128 x 256 B,2,149,2004521,0,0,0,7604450,11420471,2005580
128 x 256 B,3,149,2005072,0,0,0,7606799,11420471,2006141
128 x 256 B,4,149,2005110,0,0,0,7605541,11420471,2006168
128 x 256 B,5,149,2005143,0,0,0,7606784,11420471,2006198
128 x 256 B,6,149,2005237,0,0,0,7606997,11420471,2006364
128 x 256 B,7,149,2011054,0,0,0,7623577,11420471,2012511
128 x 256 B,8,149,2010009,0,0,0,7624476,11420471,2011520
128 x 256 B,9,149,2010121,0,0,0,7621318,11420471,2011815
128 x 256 B,10,149,2007310,0,0,0,7611228,11420471,2008630
128 x 256 B,11,149,2013226,0,0,0,7611720,11420471,2016063
128 x 256 B,12,149,2011369,0,0,0,7607025,11420471,2010254
128 x 256 B,13,149,2018176,0,0,0,7609799,11420471,2011082
128 x 256 B,14,149,2005363,0,0,0,7608649,11420471,2006428
128 x 256 B,15,149,2005051,0,0,0,7607416,11420471,2006104
128 x 256 B,16,149,2004626,0,0,0,7606534,11420471,2005691
128 x 256 B,17,149,2004717,0,0,0,7606897,11420471,2005783
128 x 256 B,18,149,2004675,0,0,0,7606255,11420471,2005715
128 x 256 B,19,149,2004101,0,0,0,7603817,11420471,2005170
128 x 256 B,20,149,2011076,0,0,0,7609518,11420471,2012197
128 x 256 B,21,149,2006253,0,0,0,7612154,11420471,2007316
128 x 256 B,22,149,2007886,0,0,0,7613460,11420471,2008986
128 x 256 B,23,149,2006608,0,0,0,7612954,11420471,2007657
128 x 256 B,24,149,2007990,0,0,0,7612811,11420471,2009096
128 x 256 B,25,149,2005825,0,0,0,7610951,11420471,2006889
128 x 256 B,26,149,2005778,0,0,0,7608502,11420471,2006828
128 x 256 B,27,149,2005510,0,0,0,7610525,11420471,2006582
128 x 256 B,28,149,2007835,0,0,0,7612684,11420471,2008920
128 x 256 B,29,149,2004741,0,0,0,7608085,11420471,2005821
128 x 256 B,30,149,2006536,0,0,0,7612176,11420471,2007592
128 x 256 B,31,149,2004784,0,0,0,7608007,11420471,2005835
129 x 256 B,0,146,2003912,0,0,0,7603096,11532614,2005090
129 x 256 B,1,146,2003482,0,0,0,7600109,11532614,2004540
129 x 256 B,2,146,2003016,0,0,0,7601311,11532614,2004085
129 x 256 B,3,146,2005077,0,0,0,7606591,11532614,2006151
129 x 256 B,4,146,2004638,0,0,0,7607601,11532614,2005710
129 x 256 B,5,146,2004693,0,0,0,7605997,11532614,2005746
129 x 256 B,6,146,2003148,0,0,0,7601982,11532614,2004212
129 x 256 B,7,146,2003677,0,0,0,7601035,11532614,2004738
129 x 256 B,8,146,2003249,0,0,0,7599633,11532614,2004328
129 x 256 B,9,146,2003729,0,0,0,7600345,11532614,2004788
129 x 256 B,10,146,2002758,0,0,0,7598637,11532614,2003818
129 x 256 B,11,146,2005241,0,0,0,7606470,11532614,2006297
129 x 256 B,12,146,2004524,0,0,0,7601720,11532614,2005720
129 x 256 B,13,146,2004187,0,0,0,7603692,11532614,2005243
129 x 256 B,14,146,2004913,0,0,0,7603117,11532614,2006312
129 x 256 B,15,146,2004335,0,0,0,7601735,11532614,2005522
129 x 256 B,16,146,2005146,0,0,0,7603879,11532614,2006689
129 x 256 B,17,146,2004172,0,0,0,7601528,11532614,2005433
129 x 256 B,18,146,2010035,0,0,0,7600396,11532614,2012676
129 x 256 B,19,146,2018344,0,0,0,7607788,11532614,2013879
129 x 256 B,20,146,2018554,0,0,0,7601945,11532614,2008879
129 x 256 B,21,146,2004537,0,0,0,7602122,11532614,2005623
129 x 256 B,22,146,2005942,0,0,0,7606367,11532614,2007021
129 x 256 B,23,146,2003238,0,0,0,7599832,11532614,2004303
129 x 256 B,24,146,2006256,0,0,0,7608625,11532614,2007335
129 x 256 B,25,146,2005610,0,0,0,7606665,11532614,2006678
129 x 256 B,26,146,2004876,0,0,0,7606682,11532614,2005924
129 x 256 B,27,146,2003949,0,0,0,7601558,11532614,2005005
129 x 256 B,28,146,2005371,0,0,0,7609072,11532614,2006429
129 x 256 B,29,146,2004286,0,0,0,7604953,11532614,2005352
129 x 256 B,30,146,2005046,0,0,0,7606532,11532614,2006100
129 x 256 B,31,146,2005088,0,0,0,7605566,11532614,2006129
1024 x 256 B,0,19,2050967,0,0,0,7780141,11632052,2052153
1024 x 256 B,1,19,2049838,0,0,0,7778440,11632052,2050890
1024 x 256 B,2,19,2049344,0,0,0,7775777,11632052,2050391
1024 x 256 B,3,19,2049297,0,0,0,7776937,11632052,2050339
1024 x 256 B,4,19,2049842,0,0,0,7777515,11632052,2050886
1024 x 256 B,5,19,2049938,0,0,0,7778701,11632052,2050984
1024 x 256 B,6,19,2050995,0,0,0,7779249,11632052,2052053
1024 x 256 B,7,19,2049722,0,0,0,7778151,11632052,2050864
1024 x 256 B,8,19,2050018,0,0,0,7777798,11632052,2051065
1024 x 256 B,9,19,2049348,0,0,0,7777168,11632052,2050386
1024 x 256 B,10,19,2049755,0,0,0,7777261,11632052,2050805
1024 x 256 B,11,19,2049280,0,0,0,7776390,11632052,2050338
1024 x 256 B,12,19,2049807,0,0,0,7776969,11632052,2050877
1024 x 256 B,13,19,2049218,0,0,0,7775239,11632052,2050265
1024 x 256 B,14,19,2049308,0,0,0,7776635,11632052,2050357
1024 x 256 B,15,19,2051535,0,0,0,7777427,11632053,2052585
1024 x 256 B,16,19,2050029,0,0,0,7777990,11632052,2051078
1024 x 256 B,17,19,2052568,0,0,0,7782235,11632052,2053707
1024 x 256 B,18,19,2065600,0,0,0,7799190,11632052,2061762
1024 x 256 B,19,19,2070508,0,0,0,7850833,11632052,2071665
1024 x 256 B,20,19,2089820,0,0,0,7923906,11632052,2091309
1024 x 256 B,21,19,2074924,0,0,0,7861481,11632052,2076205
1024 x 256 B,22,19,2056770,0,0,0,7797529,11632052,2058382
1024 x 256 B,23,19,2054079,0,0,0,7781085,11632052,2055405
1024 x 256 B,24,19,2057474,0,0,0,7780487,11632052,2059815
1024 x 256 B,25,19,2052658,0,0,0,7778734,11632052,2054146
1024 x 256 B,26,19,2049649,0,0,0,7775823,11632052,2050792
1024 x 256 B,27,19,2050856,0,0,0,7778296,11632052,2051939
1024 x 256 B,28,19,2050554,0,0,0,7778639,11632052,2051637
1024 x 256 B,29,19,2051016,0,0,0,7778319,11632052,2052092
1024 x 256 B,30,19,2050420,0,0,0,7778960,11632052,2051508
1024 x 256 B,31,19,2051481,0,0,0,7781221,11632052,2052542
1 x 512 B,0,3974,1902381,0,0,0,7223600,16424907,1903467
1 x 512 B,1,3974,1905524,0,0,0,7229970,16424908,1906396
1 x 512 B,2,3974,1903698,0,0,0,7221179,16424908,1904603
1 x 512 B,3,3974,1906297,0,0,0,7232015,16424908,1907167
1 x 512 B,4,3974,1903890,0,0,0,7223952,16424908,1904744
1 x 512 B,5,3974,1903494,0,0,0,7223338,16424908,1904353
1 x 512 B,6,3974,1904158,0,0,0,7226937,16424908,1905009
1 x 512 B,7,3974,1904421,0,0,0,7227541,16424908,1905276
1 x 512 B,8,3974,1905447,0,0,0,7230587,16424908,1906303
1 x 512 B,9,3974,1903104,0,0,0,7221022,16424908,1904067
1 x 512 B,10,3974,1906156,0,0,0,7232435,16424908,1907128
1 x 512 B,11,3974,1901483,0,0,0,7220085,16424907,1902446
1 x 512 B,12,3974,1906225,0,0,0,7233683,16424908,1907173
1 x 512 B,13,3974,1902820,0,0,0,7219603,16424908,1903769
1 x 512 B,14,3974,1902825,0,0,0,7221401,16424908,1903777
1 x 512 B,15,3974,1906117,0,0,0,7233129,16424908,1907079
1 x 512 B,16,3974,1903798,0,0,0,7224444,16424908,1904764
1 x 512 B,17,3974,1905078,0,0,0,7227596,16424908,1906055
1 x 512 B,18,3974,1902895,0,0,0,7221241,16424908,1903841
1 x 512 B,19,3974,1905444,0,0,0,7230155,16424908,1906397
1 x 512 B,20,3974,1905420,0,0,0,7230478,16424908,1906382
1 x 512 B,21,3974,1901281,0,0,0,7219775,16424907,1902243
1 x 512 B,22,3974,1903572,0,0,0,7224300,16424908,1904532
1 x 512 B,23,3974,1906413,0,0,0,7234138,16424908,1907362
1 x 512 B,24,3974,1905283,0,0,0,7228831,16424908,1906236
1 x 512 B,25,3974,1904435,0,0,0,7224540,16424908,1905401
1 x 512 B,26,3974,1906554,0,0,0,7232269,16424908,1907594
1 x 512 B,27,3974,1907426,0,0,0,7235151,16424908,1908395
1 x 512 B,28,3974,1907582,0,0,0,7231716,16424908,1909056
1 x 512 B,29,3974,1907076,0,0,0,7232559,16424908,1908183
1 x 512 B,30,3974,1903779,0,0,0,7216476,16424908,1905536
1 x 512 B,31,3974,1908566,0,0,0,7232934,16424908,1910081
3 x 512 B,0,1492,1976038,0,0,0,7455376,11866242,1974329
3 x 512 B,1,1492,1961431,0,0,0,7391446,11866242,1953992
3 x 512 B,2,1492,1944257,0,0,0,7382467,11866241,1945247
3 x 512 B,3,1492,1955373,0,0,0,7416323,11866242,1956372
3 x 512 B,4,1492,1966865,0,0,0,7463326,11866242,1967831
3 x 512 B,5,1492,1933468,0,0,0,7335786,11866242,1934501
3 x 512 B,6,1492,1962929,0,0,0,7446155,11866242,1963907
3 x 512 B,7,1492,1966071,0,0,0,7458034,11866242,1967089
3 x 512 B,8,1492,1955996,0,0,0,7420543,11866242,1956976
3 x 512 B,9,1492,1970853,0,0,0,7475309,11866242,1971839
3 x 512 B,10,1492,1976776,0,0,0,7500186,11866242,1977762
3 x 512 B,11,1492,1957514,0,0,0,7428435,11866242,1958461
3 x 512 B,12,1492,1956589,0,0,0,7421790,11866242,1957550
3 x 512 B,13,1492,1959670,0,0,0,7436568,11866242,1960626
3 x 512 B,14,1492,1965591,0,0,0,7459052,11866242,1966538
3 x 512 B,15,1492,1977331,0,0,0,7504483,11866242,1978289
3 x 512 B,16,1492,1966970,0,0,0,7463904,11866242,1967930
3 x 512 B,17,1492,1954030,0,0,0,7414407,11866242,1954999
3 x 512 B,18,1492,1961650,0,0,0,7443159,11866242,1962635
3 x 512 B,19,1492,1956813,0,0,0,7424596,11866242,1957769
3 x 512 B,20,1492,1949145,0,0,0,7396405,11866242,1950114
3 x 512 B,21,1492,1956219,0,0,0,7420700,11866242,1957179
3 x 512 B,22,1492,1977503,0,0,0,7504871,11866242,1978470
3 x 512 B,23,1492,1969155,0,0,0,7468738,11866242,1970180
3 x 512 B,24,1492,1966165,0,0,0,7461067,11866242,1967143
3 x 512 B,25,1492,1961141,0,0,0,7441228,11866242,1962115
3 x 512 B,26,1492,1967188,0,0,0,7466034,11866242,1968161
3 x 512 B,27,1492,1970427,0,0,0,7477753,11866242,1971406
3 x 512 B,28,1492,1943349,0,0,0,7373941,11866242,1944329
3 x 512 B,29,1492,1969427,0,0,0,7478316,11866241,1970378
3 x 512 B,30,1492,1970908,0,0,0,7479935,11866242,1971887
3 x 512 B,31,1492,1961072,0,0,0,7441583,11866242,1962048
4 x 512 B,0,1508,1966852,0,0,0,7461871,11789910,1967898
4 x 512 B,1,1508,1967630,0,0,0,7464198,11789910,1968590
4 x 512 B,2,1508,1966614,0,0,0,7461730,11789910,1967806
4 x 512 B,3,1508,1964830,0,0,0,7454536,11789910,1966279
4 x 512 B,4,1508,1967875,0,0,0,7463127,11789910,1969099
4 x 512 B,5,1508,1965554,0,0,0,7452363,11789910,1967212
4 x 512 B,6,1508,1966124,0,0,0,7457089,11789910,1967379
4 x 512 B,7,1508,1968545,0,0,0,7460711,11789910,1970918
4 x 512 B,8,1508,1974975,0,0,0,7459646,11789910,1973620
4 x 512 B,9,1508,1979674,0,0,0,7465423,11789910,1973757
4 x 512 B,10,1508,1963310,0,0,0,7444722,11789910,1964361
4 x 512 B,11,1508,1960581,0,0,0,7439493,11789910,1961678
4 x 512 B,12,1508,1963004,0,0,0,7447560,11789910,1963995
4 x 512 B,13,1508,1964190,0,0,0,7454574,11789910,1965181
4 x 512 B,14,1508,1967205,0,0,0,7463490,11789910,1968216
4 x 512 B,15,1508,1960827,0,0,0,7440284,11789910,1961822
4 x 512 B,16,1508,1965561,0,0,0,7452698,11789910,1966567
4 x 512 B,17,1508,1966294,0,0,0,7460785,11789910,1967304
4 x 512 B,18,1508,1967744,0,0,0,7464646,11789910,1968738
4 x 512 B,19,1508,1965639,0,0,0,7458736,11789910,1966632
4 x 512 B,20,1508,1970711,0,0,0,7459923,11789910,1971675
4 x 512 B,21,1508,1959731,0,0,0,7436197,11789910,1960725
4 x 512 B,22,1508,1964066,0,0,0,7453909,11789910,1965043
4 x 512 B,23,1508,1959270,0,0,0,7434735,11789910,1960233
4 x 512 B,24,1508,1961718,0,0,0,7443836,11789910,1962670
4 x 512 B,25,1508,1967771,0,0,0,7466988,11789910,1968756
4 x 512 B,26,1508,1961339,0,0,0,7442331,11789910,1962311
4 x 512 B,27,1508,1960190,0,0,0,7438622,11789910,1961165
4 x 512 B,28,1508,1953811,0,0,0,7417244,11789909,1954758
4 x 512 B,29,1508,1960575,0,0,0,7439875,11789910,1961532
4 x 512 B,30,1508,1961745,0,0,0,7444315,11789910,1962708
4 x 512 B,31,1508,1957956,0,0,0,7430750,11789910,1958902
6 x 512 B,0,885,1981273,0,0,0,7518231,14024076,1982348
6 x 512 B,1,885,1981074,0,0,0,7518626,14024076,1982052
6 x 512 B,2,885,2007542,0,0,0,7514588,14024076,2008728
6 x 512 B,3,885,1981124,0,0,0,7515891,14024076,1982272
6 x 512 B,4,885,1980403,0,0,0,7512347,14024076,1981383
6 x 512 B,5,885,1979620,0,0,0,7512345,14024076,1980657
6 x 512 B,6,885,1980988,0,0,0,7512880,14024076,1982042
6 x 512 B,7,885,1986044,0,0,0,7523289,14024076,1987315
6 x 512 B,8,885,1999151,0,0,0,7520301,14024076,2000562
6 x 512 B,9,885,1992010,0,0,0,7517374,14024076,1993267
6 x 512 B,10,885,1989510,0,0,0,7520751,14024076,1991532
6 x 512 B,11,885,1984973,0,0,0,7510239,14024076,1986365
6 x 512 B,12,885,1988469,0,0,0,7511776,14024076,1990622
6 x 512 B,13,885,2002527,0,0,0,7508784,14024076,2003921
6 x 512 B,14,885,1988826,0,0,0,7519462,14024076,1990610
6 x 512 B,15,885,1980793,0,0,0,7502150,14024076,1982006
6 x 512 B,16,885,1978817,0,0,0,7499517,14024076,1979829
6 x 512 B,17,885,1982266,0,0,0,7519062,14024076,1983255
6 x 512 B,18,885,1985987,0,0,0,7534689,14024076,1986969
6 x 512 B,19,885,1983144,0,0,0,7524113,14024076,1984106
6 x 512 B,20,885,1978591,0,0,0,7506020,14024076,1979562
6 x 512 B,21,885,1979788,0,0,0,7512799,14024076,1980758
6 x 512 B,22,885,1979525,0,0,0,7506513,14024076,1980531
6 x 512 B,23,885,1982291,0,0,0,7521561,14024076,1983273
6 x 512 B,24,885,1980727,0,0,0,7513962,14024076,1981786
6 x 512 B,25,885,1982355,0,0,0,7520962,14024076,1983343
6 x 512 B,26,885,1979434,0,0,0,7508887,14024076,1980440
6 x 512 B,27,885,1978054,0,0,0,7505038,14024076,1979055
6 x 512 B,28,885,1982917,0,0,0,7520417,14024076,1983926
6 x 512 B,29,885,1980011,0,0,0,7512786,14024076,1981013
6 x 512 B,30,885,1983364,0,0,0,7526687,14024076,1984353
6 x 512 B,31,885,1981274,0,0,0,7517532,14024076,1982248
8 x 512 B,0,1187,1975979,0,0,0,7497483,11647210,1977049
8 x 512 B,1,1187,1975984,0,0,0,7498429,11647210,1976969
8 x 512 B,2,1187,1979804,0,0,0,7512330,11647210,1980764
8 x 512 B,3,1187,1979348,0,0,0,7511136,11647210,1980330
8 x 512 B,4,1187,1981736,0,0,0,7519843,11647210,1982712
8 x 512 B,5,1187,1977919,0,0,0,7506966,11647210,1978900
8 x 512 B,6,1187,1982543,0,0,0,7520502,11647210,1983524
8 x 512 B,7,1187,1981450,0,0,0,7518719,11647210,1982428
8 x 512 B,8,1187,1978237,0,0,0,7507092,11647210,1979222
8 x 512 B,9,1187,1979162,0,0,0,7510731,11647210,1980143
8 x 512 B,10,1187,1978904,0,0,0,7508567,11647210,1979885
8 x 512 B,11,1187,1978804,0,0,0,7508756,11647210,1979780
8 x 512 B,12,1187,1978798,0,0,0,7509789,11647210,1979766
8 x 512 B,13,1187,1979205,0,0,0,7510534,11647210,1980180
8 x 512 B,14,1187,1979397,0,0,0,7511725,11647210,1980366
8 x 512 B,15,1187,1983302,0,0,0,7515524,11647210,1984381
8 x 512 B,16,1187,1999178,0,0,0,7514342,11647210,1986387
8 x 512 B,17,1187,1977342,0,0,0,7501610,11647210,1978324
8 x 512 B,18,1187,1979945,0,0,0,7509549,11647210,1981079
8 x 512 B,19,1187,1980483,0,0,0,7509769,11647210,1981833
8 x 512 B,20,1187,1980919,0,0,0,7511295,11647210,1982915
8 x 512 B,21,1187,1981148,0,0,0,7512662,11647210,1982268
8 x 512 B,22,1187,1984103,0,0,0,7513084,11647210,1986946
8 x 512 B,23,1187,1987636,0,0,0,7511535,11647210,1986525
8 x 512 B,24,1187,1980308,0,0,0,7512013,11647210,1981349
8 x 512 B,25,1187,1977047,0,0,0,7497810,11647210,1978074
8 x 512 B,26,1187,1974395,0,0,0,7488650,11647210,1975411
8 x 512 B,27,1187,1975015,0,0,0,7499281,11647209,1976000
8 x 512 B,28,1187,1970595,0,0,0,7475431,11647210,1971582
8 x 512 B,29,1187,1971410,0,0,0,7478933,11647210,1972420
8 x 512 B,30,1187,1978862,0,0,0,7488640,11647210,1979860
8 x 512 B,31,1187,1971828,0,0,0,7480208,11647210,1972798
12 x 512 B,0,676,1986779,0,0,0,7531621,11667450,1988030
12 x 512 B,1,676,1984730,0,0,0,7531739,11667450,1985752
12 x 512 B,2,676,1985369,0,0,0,7531406,11667450,1986369
12 x 512 B,3,676,1985280,0,0,0,7534160,11667450,1986287
12 x 512 B,4,676,1989149,0,0,0,7548198,11667450,1990150
12 x 512 B,5,676,1979612,0,0,0,7512530,11667450,1980626
12 x 512 B,6,676,1984210,0,0,0,7527606,11667450,1985208
12 x 512 B,7,676,1972533,0,0,0,7486065,11667450,1973527
12 x 512 B,8,676,1982160,0,0,0,7519580,11667450,1983157
12 x 512 B,9,676,1998418,0,0,0,7566923,11667450,1999466
12 x 512 B,10,676,1988508,0,0,0,7543753,11667450,1989497
12 x 512 B,11,676,1989680,0,0,0,7550915,11667450,1990663
12 x 512 B,12,676,1983002,0,0,0,7524982,11667450,1984004
12 x 512 B,13,676,1975773,0,0,0,7496092,11667450,1976789
12 x 512 B,14,676,1988576,0,0,0,7545013,11667450,1989558
12 x 512 B,15,676,1989001,0,0,0,7546497,11667450,1990001
12 x 512 B,16,676,1992021,0,0,0,7559958,11667450,1993016
12 x 512 B,17,676,1981462,0,0,0,7518896,11667450,1982477
12 x 512 B,18,676,1984740,0,0,0,7530748,11667450,1985730
12 x 512 B,19,676,1990400,0,0,0,7553691,11667450,1991406
12 x 512 B,20,676,1985736,0,0,0,7532201,11667450,1986758
12 x 512 B,21,676,1983197,0,0,0,7525824,11667450,1984197
12 x 512 B,22,676,1982330,0,0,0,7522072,11667450,1983331
12 x 512 B,23,676,1982366,0,0,0,7520693,11667450,1983360
12 x 512 B,24,676,1983171,0,0,0,7523364,11667450,1984278
12 x 512 B,25,676,1978588,0,0,0,7504323,11667450,1979735
12 x 512 B,26,676,1983620,0,0,0,7524498,11667450,1984973
12 x 512 B,27,676,1992681,0,0,0,7549976,11667450,1994606
12 x 512 B,28,676,1989736,0,0,0,7543801,11667450,1990968
12 x 512 B,29,676,1990117,0,0,0,7537813,11667450,1992504
12 x 512 B,30,676,1989572,0,0,0,7514780,11667450,1988017
12 x 512 B,31,676,1996356,0,0,0,7527271,11667450,1989060
16 x 512 B,0,602,1989392,0,0,0,7546974,11589468,1990544
16 x 512 B,1,602,1990583,0,0,0,7545209,11589468,1991667
16 x 512 B,2,602,1991759,0,0,0,7553456,11589468,1992761
16 x 512 B,3,602,1989223,0,0,0,7547558,11589468,1990244
16 x 512 B,4,602,1990569,0,0,0,7549936,11589468,1991595
16 x 512 B,5,602,1988614,0,0,0,7544271,11589468,1989683
16 x 512 B,6,602,1989097,0,0,0,7547500,11589468,1990124
16 x 512 B,7,602,1990353,0,0,0,7544597,11589468,1991379
16 x 512 B,8,602,1989796,0,0,0,7551527,11589468,1990794
16 x 512 B,9,602,1988922,0,0,0,7544990,11589468,1989897
16 x 512 B,10,602,1989447,0,0,0,7550689,11589468,1990461
16 x 512 B,11,602,1988561,0,0,0,7545890,11589468,1989557
16 x 512 B,12,602,1989505,0,0,0,7550689,11589468,1990517
16 x 512 B,13,602,1989532,0,0,0,7547908,11589468,1990516
16 x 512 B,14,602,2000229,0,0,0,7558189,11589468,1996525
16 x 512 B,15,602,1992877,0,0,0,7558405,11589468,1993923
16 x 512 B,16,602,1991056,0,0,0,7556443,11589468,1992057
16 x 512 B,17,602,1992531,0,0,0,7557649,11589468,1993538
16 x 512 B,18,602,1989318,0,0,0,7548044,11589468,1990315
16 x 512 B,19,602,1990235,0,0,0,7550654,11589468,1991220
16 x 512 B,20,602,1990710,0,0,0,7554850,11589468,1991718
16 x 512 B,21,602,1989227,0,0,0,7547269,11589468,1990205
16 x 512 B,22,602,1988849,0,0,0,7548175,11589468,1989860
16 x 512 B,23,602,1989397,0,0,0,7549083,11589468,1990411
16 x 512 B,24,602,1987906,0,0,0,7543959,11589468,1988902
16 x 512 B,25,602,1987885,0,0,0,7541704,11589468,1988891
16 x 512 B,26,602,1987671,0,0,0,7543458,11589468,1988674
16 x 512 B,27,602,1988739,0,0,0,7546903,11589468,1989749
16 x 512 B,28,602,1987542,0,0,0,7543147,11589468,1988553
16 x 512 B,29,602,1988397,0,0,0,7544649,11589468,1989415
16 x 512 B,30,602,1988714,0,0,0,7544478,11589468,1989715
16 x 512 B,31,602,1987624,0,0,0,7543028,11589468,1988755
24 x 512 B,0,403,1993050,0,0,0,7559874,11562436,1994375
24 x 512 B,1,403,1994843,0,0,0,7560156,11562436,1996368
24 x 512 B,2,403,1994488,0,0,0,7561799,11562436,1996768
24 x 512 B,3,403,1994916,0,0,0,7559717,11562436,1998079
24 x 512 B,4,403,1995376,0,0,0,7558916,11562436,1996886
24 x 512 B,5,403,1994780,0,0,0,7557383,11562436,1995898
24 x 512 B,6,403,2005076,0,0,0,7564044,11562436,1998194
24 x 512 B,7,403,1991869,0,0,0,7557868,11562436,1992880
24 x 512 B,8,403,1992188,0,0,0,7558856,11562436,1993194
24 x 512 B,9,403,1992801,0,0,0,7558539,11562436,1993817
24 x 512 B,10,403,1993837,0,0,0,7565477,11562436,1994859
24 x 512 B,11,403,1991887,0,0,0,7553214,11562436,1992956
24 x 512 B,12,403,1993668,0,0,0,7564293,11562436,1994676
24 x 512 B,13,403,1991943,0,0,0,7558655,11562436,1992947
24 x 512 B,14,403,2374501,0,0,0,7558557,11562436,2375569
24 x 512 B,15,403,1992831,0,0,0,7562717,11562436,1993862
24 x 512 B,16,403,1991850,0,0,0,7557824,11562436,1992854
24 x 512 B,17,403,1994108,0,0,0,7562465,11562436,1995160
24 x 512 B,18,403,1992116,0,0,0,7560476,11562436,1993148
24 x 512 B,19,403,1992753,0,0,0,7561853,11562436,1993767
24 x 512 B,20,403,1990098,0,0,0,7550845,11562436,1991096
24 x 512 B,21,403,1990213,0,0,0,7552341,11562436,1991236
24 x 512 B,22,403,1992535,0,0,0,7559615,11562436,1993570
24 x 512 B,23,403,1996342,0,0,0,7576363,11562436,1997364
24 x 512 B,24,403,1995462,0,0,0,7569327,11562436,1996467
24 x 512 B,25,403,1994251,0,0,0,7568734,11562436,1995300
24 x 512 B,26,403,1995009,0,0,0,7570045,11562436,1996041
24 x 512 B,27,403,1994585,0,0,0,7569804,11562436,1995636
24 x 512 B,28,403,1995193,0,0,0,7570015,11562436,1996184
24 x 512 B,29,403,1993951,0,0,0,7567291,11562436,1994970
24 x 512 B,30,403,1995145,0,0,0,7571108,11562436,1996165
24 x 512 B,31,403,1996586,0,0,0,7577438,11562436,1997604
64 x 512 B,0,151,2003992,0,0,0,7605028,11459001,2005124
64 x 512 B,1,151,2004355,0,0,0,7605840,11459001,2005397
64 x 512 B,2,151,2004883,0,0,0,7607496,11459001,2005937
64 x 512 B,3,151,2005173,0,0,0,7606743,11459001,2006230
64 x 512 B,4,151,2004305,0,0,0,7605410,11459001,2005394
64 x 512 B,5,151,2004754,0,0,0,7606318,11459001,2005882
64 x 512 B,6,151,2007986,0,0,0,7617422,11459001,2009969
64 x 512 B,7,151,2008269,0,0,0,7615944,11459001,2009843
64 x 512 B,8,151,2005972,0,0,0,7608465,11459001,2007486
64 x 512 B,9,151,2006865,0,0,0,7609784,11459001,2008390
64 x 512 B,10,151,2011977,0,0,0,7609903,11459001,2014658
64 x 512 B,11,151,2012003,0,0,0,7605259,11459001,2009999
64 x 512 B,12,151,2008174,0,0,0,7608696,11459001,2009264
64 x 512 B,13,151,2005846,0,0,0,7607643,11459001,2006907
64 x 512 B,14,151,2004328,0,0,0,7605261,11459001,2005512
64 x 512 B,15,151,2004506,0,0,0,7604886,11459001,2005559
64 x 512 B,16,151,2004002,0,0,0,7604171,11459001,2005051
64 x 512 B,17,151,2004626,0,0,0,7605567,11459001,2005743
64 x 512 B,18,151,2005858,0,0,0,7606472,11459001,2006930
64 x 512 B,19,151,2005670,0,0,0,7607492,11459001,2006745
64 x 512 B,20,151,2005772,0,0,0,7605890,11459001,2006837
64 x 512 B,21,151,2005326,0,0,0,7608020,11459001,2006394
64 x 512 B,22,151,2004864,0,0,0,7607229,11459001,2005911
64 x 512 B,23,151,2381455,0,0,0,7606506,11459002,2382539
64 x 512 B,24,151,2003477,0,0,0,7602381,11459001,2004532
64 x 512 B,25,151,2004749,0,0,0,7605141,11459001,2005791
64 x 512 B,26,151,2004432,0,0,0,7605707,11459001,2005471
64 x 512 B,27,151,2005606,0,0,0,7606889,11459001,2006658
64 x 512 B,28,151,2004630,0,0,0,7606654,11459001,2005671
64 x 512 B,29,151,2004581,0,0,0,7604748,11459001,2005614
64 x 512 B,30,151,2004424,0,0,0,7604176,11459001,2005484
64 x 512 B,31,151,2005758,0,0,0,7606571,11459001,2006818
128 x 512 B,0,76,2018862,0,0,0,7659466,11506538,2020061
128 x 512 B,1,76,2017781,0,0,0,7656332,11506538,2018859
128 x 512 B,2,76,2018222,0,0,0,7655875,11506538,2019271
128 x 512 B,3,76,2018267,0,0,0,7658083,11506538,2019328
128 x 512 B,4,76,2018904,0,0,0,7657172,11506538,2019960
128 x 512 B,5,76,2017404,0,0,0,7655628,11506538,2018473
128 x 512 B,6,76,2018100,0,0,0,7656374,11506538,2019150
128 x 512 B,7,76,2017655,0,0,0,7655909,11506538,2018720
128 x 512 B,8,76,2018375,0,0,0,7658701,11506538,2019442
128 x 512 B,9,76,2017992,0,0,0,7657590,11506538,2019041
128 x 512 B,10,76,2018535,0,0,0,7656775,11506538,2019628
128 x 512 B,11,76,2018341,0,0,0,7657662,11506538,2019458
128 x 512 B,12,76,2020852,0,0,0,7666425,11506538,2022365
128 x 512 B,13,76,2020751,0,0,0,7662909,11506538,2021899
128 x 512 B,14,76,2023419,0,0,0,7668815,11506538,2025248
128 x 512 B,15,76,2019417,0,0,0,7656759,11506538,2021000
128 x 512 B,16,76,2020055,0,0,0,7657436,11506538,2022160
128 x 512 B,17,76,2032944,0,0,0,7659465,11506538,2031275
128 x 512 B,18,76,2019010,0,0,0,7656770,11506538,2020072
128 x 512 B,19,76,2018514,0,0,0,7656753,11506538,2019603
128 x 512 B,20,76,2017066,0,0,0,7654876,11506538,2018109
128 x 512 B,21,76,2017623,0,0,0,7655471,11506538,2018673
128 x 512 B,22,76,2017668,0,0,0,7656013,11506538,2018718
128 x 512 B,23,76,2017842,0,0,0,7655899,11506544,2019185
128 x 512 B,24,76,2018689,0,0,0,7657380,11506544,2020164
128 x 512 B,25,76,2018362,0,0,0,7656028,11506538,2019704
128 x 512 B,26,76,2018255,0,0,0,7655721,11506538,2020102
128 x 512 B,27,76,2019780,0,0,0,7655968,11506538,2021544
128 x 512 B,28,76,2021829,0,0,0,7646643,11506539,2023494
128 x 512 B,29,76,2015526,0,0,0,7644068,11506538,2016610
128 x 512 B,30,76,2016145,0,0,0,7649171,11506538,2017205
128 x 512 B,31,76,2015373,0,0,0,7645522,11506538,2016435
129 x 512 B,0,74,2005869,0,0,0,7585506,11518318,2005267
129 x 512 B,1,74,1999542,0,0,0,7581475,11518318,2000676
129 x 512 B,2,74,1999655,0,0,0,7584233,11518318,2000724
129 x 512 B,3,74,1998619,0,0,0,7579016,11518318,1999704
129 x 512 B,4,74,1999001,0,0,0,7583545,11518318,2000047
129 x 512 B,5,74,1998752,0,0,0,7584112,11518318,1999814
129 x 512 B,6,74,2381355,0,0,0,7580670,11518318,2382428
129 x 512 B,7,74,1997807,0,0,0,7580786,11518318,1998858
129 x 512 B,8,74,1998863,0,0,0,7583664,11518318,1999905
129 x 512 B,9,74,2018509,0,0,0,7578256,11518318,2005356
129 x 512 B,10,74,1999328,0,0,0,7584180,11518318,2000411
129 x 512 B,11,74,1999064,0,0,0,7583539,11518318,2000119
129 x 512 B,12,74,1997046,0,0,0,7576537,11518318,1998102
129 x 512 B,13,74,1998958,0,0,0,7584842,11518318,2000015
129 x 512 B,14,74,1998320,0,0,0,7581651,11518318,1999365
129 x 512 B,15,74,1996952,0,0,0,7578365,11518318,1998009
129 x 512 B,16,74,1998138,0,0,0,7580158,11518318,1999188
129 x 512 B,17,74,1997551,0,0,0,7577498,11518318,1998628
129 x 512 B,18,74,1999353,0,0,0,7583342,11518318,2000463
129 x 512 B,19,74,2000026,0,0,0,7585191,11518318,2001311
129 x 512 B,20,74,1999138,0,0,0,7581483,11518318,2000245
129 x 512 B,21,74,1999421,0,0,0,7580478,11518318,2001236
129 x 512 B,22,74,2001142,0,0,0,7581354,11518318,2002482
129 x 512 B,23,74,2014678,0,0,0,7582968,11518318,2016777
129 x 512 B,24,74,2000395,0,0,0,7582184,11518318,2002100
129 x 512 B,25,74,2012991,0,0,0,7581988,11518318,2005795
129 x 512 B,26,74,1999803,0,0,0,7579380,11518318,2000914
129 x 512 B,27,74,1997273,0,0,0,7578443,11518318,1998349
129 x 512 B,28,74,1999071,0,0,0,7578774,11518318,2000165
129 x 512 B,29,74,1998819,0,0,0,7584656,11518318,1999887
129 x 512 B,30,74,2000838,0,0,0,7586565,11518318,2001920
129 x 512 B,31,74,1998548,0,0,0,7582316,11518318,1999618
1024 x 512 B,0,10,2126646,0,0,0,8065663,12102466,2127883
1024 x 512 B,1,10,2126382,0,0,0,8065103,12102466,2127452
1024 x 512 B,2,10,2125385,0,0,0,8064458,12102466,2126451
1024 x 512 B,3,10,2128328,0,0,0,8068841,12102467,2129437
1024 x 512 B,4,10,2126191,0,0,0,8067476,12102466,2127245
1024 x 512 B,5,10,2125859,0,0,0,8067492,12102466,2126922
1024 x 512 B,6,10,2126694,0,0,0,8069623,12102466,2127743
1024 x 512 B,7,10,2126709,0,0,0,8068953,12102466,2127766
1024 x 512 B,8,10,2127407,0,0,0,8070643,12102466,2128473
1024 x 512 B,9,10,2126381,0,0,0,8068999,12102466,2127465
1024 x 512 B,10,10,2127635,0,0,0,8068758,12102466,2128768
1024 x 512 B,11,10,2128119,0,0,0,8068510,12102467,2129183
1024 x 512 B,12,10,2126185,0,0,0,8068622,12102466,2127234
1024 x 512 B,13,10,2126443,0,0,0,8069210,12102466,2127497
1024 x 512 B,14,10,2126884,0,0,0,8069504,12102466,2127942
1024 x 512 B,15,10,2125895,0,0,0,8067572,12102466,2126954
1024 x 512 B,16,10,2126915,0,0,0,8068829,12102466,2127963
1024 x 512 B,17,10,2126282,0,0,0,8069390,12102466,2127322
1024 x 512 B,18,10,2126729,0,0,0,8069662,12102466,2127791
1024 x 512 B,19,10,2128267,0,0,0,8069381,12102467,2129303
1024 x 512 B,20,10,2126538,0,0,0,8069862,12102466,2127635
1024 x 512 B,21,10,2126264,0,0,0,8068011,12102466,2127329
1024 x 512 B,22,10,2127089,0,0,0,8069679,12102466,2128170
1024 x 512 B,23,10,2128559,0,0,0,8074842,12102466,2129687
1024 x 512 B,24,10,2151124,0,0,0,8158186,12102466,2152417
1024 x 512 B,25,10,2168407,0,0,0,8226730,12102466,2169723
1024 x 512 B,26,10,2153060,0,0,0,8148302,12102467,2154708
1024 x 512 B,27,10,2132695,0,0,0,8088164,12102466,2134104
1024 x 512 B,28,10,2144995,0,0,0,8076600,12102466,2142930
1024 x 512 B,29,10,2132450,0,0,0,8068415,12102466,2131727
1024 x 512 B,30,10,2137540,0,0,0,8068103,12102466,2130890
1024 x 512 B,31,10,2126863,0,0,0,8068148,12102466,2128001
1 x 1024 B,0,2066,1958454,0,0,0,7428322,16423000,1959544
1 x 1024 B,1,2066,1958493,0,0,0,7428021,16423000,1959367
1 x 1024 B,2,2066,1959173,0,0,0,7428066,16423000,1960069
1 x 1024 B,3,2066,1957689,0,0,0,7428031,16423000,1958549
1 x 1024 B,4,2066,1968197,0,0,0,7428441,16423000,1962784
1 x 1024 B,5,2066,1957630,0,0,0,7428067,16423000,1958514
1 x 1024 B,6,2066,1957922,0,0,0,7428059,16423000,1958804
1 x 1024 B,7,2066,1957603,0,0,0,7428378,16423000,1958472
1 x 1024 B,8,2066,1957661,0,0,0,7428011,16423000,1958516
1 x 1024 B,9,2066,1957631,0,0,0,7428049,16423000,1958497
1 x 1024 B,10,2066,1957793,0,0,0,7427935,16423000,1958655
1 x 1024 B,11,2066,1957395,0,0,0,7427977,16423000,1958244
1 x 1024 B,12,2066,1957234,0,0,0,7428025,16423000,1958100
1 x 1024 B,13,2066,1957419,0,0,0,7428125,16423000,1958271
1 x 1024 B,14,2066,1957319,0,0,0,7427922,16423000,1958178
1 x 1024 B,15,2066,1957438,0,0,0,7428042,16423000,1958294
1 x 1024 B,16,2066,1957577,0,0,0,7427947,16423000,1958449
1 x 1024 B,17,2066,1957582,0,0,0,7427980,16423000,1958438
1 x 1024 B,18,2066,1957821,0,0,0,7427994,16423000,1958697
1 x 1024 B,19,2066,1957753,0,0,0,7428091,16423000,1958613
1 x 1024 B,20,2066,1955655,0,0,0,7427574,16422999,1956508
1 x 1024 B,21,2066,1957370,0,0,0,7428270,16423000,1958239
1 x 1024 B,22,2066,1957410,0,0,0,7428050,16423000,1958269
1 x 1024 B,23,2066,1957305,0,0,0,7427918,16423000,1958166
1 x 1024 B,24,2066,1957621,0,0,0,7427964,16423000,1958485
1 x 1024 B,25,2066,1957823,0,0,0,7427984,16423000,1958687
1 x 1024 B,26,2066,1962024,0,0,0,7428120,16423000,1962919
1 x 1024 B,27,2066,1957392,0,0,0,7427987,16423000,1958262
1 x 1024 B,28,2066,1957475,0,0,0,7428001,16423000,1958334
1 x 1024 B,29,2066,1957288,0,0,0,7427968,16423000,1958138
1 x 1024 B,30,2066,1957869,0,0,0,7428113,16423000,1958794
1 x 1024 B,31,2066,1957848,0,0,0,7428009,16423000,1958906
3 x 1024 B,0,784,1976266,0,0,0,7494544,12021438,1977691
3 x 1024 B,1,784,1977083,0,0,0,7495764,12021438,1978268
3 x 1024 B,2,784,1976828,0,0,0,7495326,12021438,1977993
3 x 1024 B,3,784,1978656,0,0,0,7494915,12021438,1980452
3 x 1024 B,4,784,1985515,0,0,0,7495653,12021438,1980881
3 x 1024 B,5,784,1993284,0,0,0,7520486,12021438,1987441
3 x 1024 B,6,784,1981730,0,0,0,7519594,12021438,1982776
3 x 1024 B,7,784,1975708,0,0,0,7490321,12021438,1976612
3 x 1024 B,8,784,1975703,0,0,0,7495473,12021438,1976638
3 x 1024 B,9,784,1975865,0,0,0,7493967,12021438,1976762
3 x 1024 B,10,784,1976250,0,0,0,7495269,12021438,1977150
3 x 1024 B,11,784,1975979,0,0,0,7495239,12021438,1976835
3 x 1024 B,12,784,1977031,0,0,0,7496632,12021438,1977927
3 x 1024 B,13,784,1975951,0,0,0,7495970,12021438,1976827
3 x 1024 B,14,784,1975211,0,0,0,7495079,12021438,1976080
3 x 1024 B,15,784,1975454,0,0,0,7493549,12021438,1976322
3 x 1024 B,16,784,1975347,0,0,0,7495223,12021438,1976216
3 x 1024 B,17,784,1976510,0,0,0,7498890,12021438,1977387
3 x 1024 B,18,784,1976744,0,0,0,7496501,12021438,1977631
3 x 1024 B,19,784,1975843,0,0,0,7495321,12021438,1976710
3 x 1024 B,20,784,1976572,0,0,0,7498104,12021438,1977450
3 x 1024 B,21,784,1975559,0,0,0,7495501,12021438,1976431
3 x 1024 B,22,784,1974890,0,0,0,7494740,12021438,1975826
3 x 1024 B,23,784,1975941,0,0,0,7495013,12021438,1976803
3 x 1024 B,24,784,1975236,0,0,0,7493908,12021438,1976089
3 x 1024 B,25,784,1975717,0,0,0,7496456,12021438,1976588
3 x 1024 B,26,784,1973048,0,0,0,7493531,12021437,1973900
3 x 1024 B,27,784,1973494,0,0,0,7494810,12021438,1976190
3 x 1024 B,28,784,1976479,0,0,0,7497033,12021438,1977350
3 x 1024 B,29,784,1975700,0,0,0,7495824,12021438,1976556
3 x 1024 B,30,784,1975441,0,0,0,7496600,12021438,1976307
3 x 1024 B,31,784,1975836,0,0,0,7497263,12021438,1976705
4 x 1024 B,0,769,1982576,0,0,0,7522569,11687628,1983511
4 x 1024 B,1,769,1982173,0,0,0,7521968,11687628,1983047
4 x 1024 B,2,769,1982506,0,0,0,7522158,11687628,1983389
4 x 1024 B,3,769,1983120,0,0,0,7522532,11687628,1983992
4 x 1024 B,4,769,1982950,0,0,0,7522804,11687628,1983819
4 x 1024 B,5,769,1982414,0,0,0,7522037,11687628,1983352
4 x 1024 B,6,769,1983036,0,0,0,7522143,11687628,1984509
4 x 1024 B,7,769,1983329,0,0,0,7521986,11687628,1984365
4 x 1024 B,8,769,1984320,0,0,0,7521999,11687628,1986029
4 x 1024 B,9,769,1984201,0,0,0,7522951,11687628,1985542
4 x 1024 B,10,769,1985414,0,0,0,7523743,11687628,1987981
4 x 1024 B,11,769,1985167,0,0,0,7523317,11687628,1986434
4 x 1024 B,12,769,1984866,0,0,0,7522856,11687628,1985894
4 x 1024 B,13,769,1993619,0,0,0,7523608,11687628,1987320
4 x 1024 B,14,769,1982995,0,0,0,7523263,11687628,1984053
4 x 1024 B,15,769,1983483,0,0,0,7522464,11687628,1984451
4 x 1024 B,16,769,1982698,0,0,0,7522673,11687628,1983665
4 x 1024 B,17,769,1982973,0,0,0,7522942,11687628,1983977
4 x 1024 B,18,769,1983222,0,0,0,7522801,11687628,1984251
4 x 1024 B,19,769,1984959,0,0,0,7522890,11687628,1985961
4 x 1024 B,20,769,1982837,0,0,0,7522725,11687628,1983821
4 x 1024 B,21,769,1982714,0,0,0,7522711,11687628,1983681
4 x 1024 B,22,769,2357561,0,0,0,7523247,11687628,2358595
4 x 1024 B,23,769,1983367,0,0,0,7522231,11687628,1984355
4 x 1024 B,24,769,1982625,0,0,0,7523002,11687628,1983596
4 x 1024 B,25,769,1983076,0,0,0,7523587,11687628,1984048
4 x 1024 B,26,769,1982682,0,0,0,7522740,11687628,1983654
4 x 1024 B,27,769,1983767,0,0,0,7523006,11687628,1984738
4 x 1024 B,28,769,1982587,0,0,0,7522477,11687628,1983578
4 x 1024 B,29,769,1982803,0,0,0,7522564,11687628,1983783
4 x 1024 B,30,769,1982752,0,0,0,7522778,11687628,1983737
4 x 1024 B,31,769,1983519,0,0,0,7522234,11687628,1984489
6 x 1024 B,0,453,2004053,0,0,0,7603679,13979040,2005143
6 x 1024 B,1,453,2004836,0,0,0,7607404,13979040,2005807
6 x 1024 B,2,453,2019924,0,0,0,7628588,13979040,2015569
6 x 1024 B,3,453,2009796,0,0,0,7624199,13979040,2010821
6 x 1024 B,4,453,2018037,0,0,0,7654982,13979040,2019077
6 x 1024 B,5,453,2007810,0,0,0,7613386,13979040,2008837
6 x 1024 B,6,453,2001500,0,0,0,7591936,13979040,2002483
6 x 1024 B,7,453,2004092,0,0,0,7602950,13979040,2005086
6 x 1024 B,8,453,2010856,0,0,0,7630460,13979040,2011842
6 x 1024 B,9,453,2011114,0,0,0,7630473,13979040,2012106
6 x 1024 B,10,453,2011664,0,0,0,7631137,13979040,2012646
6 x 1024 B,11,453,2010977,0,0,0,7629976,13979040,2011966
6 x 1024 B,12,453,2011123,0,0,0,7631500,13979040,2012169
6 x 1024 B,13,453,2014215,0,0,0,7632463,13979041,2016111
6 x 1024 B,14,453,2022237,0,0,0,7634559,13979040,2017924
6 x 1024 B,15,453,2012957,0,0,0,7631646,13979040,2014474
6 x 1024 B,16,453,2013213,0,0,0,7633645,13979040,2014442
6 x 1024 B,17,453,2012803,0,0,0,7626864,13979040,2015183
6 x 1024 B,18,453,2016133,0,0,0,7623235,13979040,2015053
6 x 1024 B,19,453,2019033,0,0,0,7621861,13979040,2013956
6 x 1024 B,20,453,2010376,0,0,0,7625457,13979040,2011390
6 x 1024 B,21,453,2036087,0,0,0,7724715,13979040,2037103
6 x 1024 B,22,453,2032100,0,0,0,7708671,13979040,2033112
6 x 1024 B,23,453,2029268,0,0,0,7700061,13979040,2030263
6 x 1024 B,24,453,2024704,0,0,0,7681863,13979040,2025727
6 x 1024 B,25,453,2032142,0,0,0,7710179,13979040,2033204
6 x 1024 B,26,453,2037540,0,0,0,7726707,13979040,2038549
6 x 1024 B,27,453,2035597,0,0,0,7719840,13979040,2036611
6 x 1024 B,28,453,2034549,0,0,0,7718736,13979040,2035554
6 x 1024 B,29,453,2025830,0,0,0,7682016,13979040,2026860
6 x 1024 B,30,453,2027914,0,0,0,7692013,13979040,2028906
6 x 1024 B,31,453,2029901,0,0,0,7701454,13979040,2030900
8 x 1024 B,0,605,1996587,0,0,0,7544092,11587326,1997698
8 x 1024 B,1,605,1988910,0,0,0,7545105,11587326,1989898
8 x 1024 B,2,605,1987839,0,0,0,7542667,11587326,1988826
8 x 1024 B,3,605,1988427,0,0,0,7543981,11587326,1989404
8 x 1024 B,4,605,1988642,0,0,0,7544650,11587326,1989635
8 x 1024 B,5,605,1992966,0,0,0,7546005,11587326,1993994
8 x 1024 B,6,605,1987833,0,0,0,7541554,11587326,1988814
8 x 1024 B,7,605,1987660,0,0,0,7542264,11587326,1988651
8 x 1024 B,8,605,1989072,0,0,0,7544784,11587326,1990047
8 x 1024 B,9,605,1988510,0,0,0,7544050,11587326,1989484
8 x 1024 B,10,605,1988198,0,0,0,7543335,11587326,1989169
8 x 1024 B,11,605,1988249,0,0,0,7544261,11587326,1989231
8 x 1024 B,12,605,1988798,0,0,0,7543094,11587326,1989773
8 x 1024 B,13,605,1988834,0,0,0,7545424,11587326,1989806
8 x 1024 B,14,605,1988620,0,0,0,7544739,11587326,1989601
8 x 1024 B,15,605,1988205,0,0,0,7544376,11587326,1989207
8 x 1024 B,16,605,1988475,0,0,0,7543419,11587326,1989457
8 x 1024 B,17,605,1987930,0,0,0,7541731,11587326,1988909
8 x 1024 B,18,605,1988167,0,0,0,7543338,11587326,1989150
8 x 1024 B,19,605,1988865,0,0,0,7546162,11587326,1989850
8 x 1024 B,20,605,1988640,0,0,0,7542000,11587326,1990017
8 x 1024 B,21,605,1988714,0,0,0,7542541,11587326,1989740
8 x 1024 B,22,605,1990197,0,0,0,7545126,11587326,1992288
8 x 1024 B,23,605,1993332,0,0,0,7542743,11587327,1994912
8 x 1024 B,24,605,1989811,0,0,0,7543139,11587326,1992293
8 x 1024 B,25,605,1990520,0,0,0,7544746,11587326,1992419
8 x 1024 B,26,605,1989618,0,0,0,7544851,11587326,1990693
8 x 1024 B,27,605,1988597,0,0,0,7545828,11587326,1989602
8 x 1024 B,28,605,1988605,0,0,0,7541218,11587326,1989633
8 x 1024 B,29,605,1988268,0,0,0,7544604,11587326,1989261
8 x 1024 B,30,605,1989279,0,0,0,7543084,11587326,1990326
8 x 1024 B,31,605,1988338,0,0,0,7544007,11587326,1989354
12 x 1024 B,0,342,1999781,0,0,0,7588084,11622552,2000876
12 x 1024 B,1,342,2002122,0,0,0,7591361,11622552,2003196
12 x 1024 B,2,342,2001115,0,0,0,7588976,11622552,2002145
12 x 1024 B,3,342,2000387,0,0,0,7589143,11622552,2001383
12 x 1024 B,4,342,2000195,0,0,0,7589253,11622552,2001196
12 x 1024 B,5,342,2005584,0,0,0,7595177,11622552,2006578
12 x 1024 B,6,342,2000338,0,0,0,7590835,11622552,2001341
12 x 1024 B,7,342,2000097,0,0,0,7589044,11622552,2001099
12 x 1024 B,8,342,2001397,0,0,0,7594306,11622552,2002395
12 x 1024 B,9,342,2000974,0,0,0,7592505,11622552,2001974
12 x 1024 B,10,342,1997392,0,0,0,7577539,11622552,1998401
12 x 1024 B,11,342,2001059,0,0,0,7591410,11622552,2002062
12 x 1024 B,12,342,1999489,0,0,0,7587448,11622552,2000511
12 x 1024 B,13,342,1999701,0,0,0,7587858,11622552,2000700
12 x 1024 B,14,342,2001583,0,0,0,7595567,11622552,2002588
12 x 1024 B,15,342,2001598,0,0,0,7594739,11622552,2002616
12 x 1024 B,16,342,1999027,0,0,0,7586736,11622552,2000060
12 x 1024 B,17,342,1998345,0,0,0,7581817,11622552,1999325
12 x 1024 B,18,342,2000398,0,0,0,7590125,11622552,2001388
12 x 1024 B,19,342,2000215,0,0,0,7588796,11622552,2001208
12 x 1024 B,20,342,1998689,0,0,0,7585501,11622552,1999711
12 x 1024 B,21,342,1999907,0,0,0,7587463,11622552,2000893
12 x 1024 B,22,342,2001545,0,0,0,7596594,11622552,2002561
12 x 1024 B,23,342,2000833,0,0,0,7589581,11622552,2001826
12 x 1024 B,24,342,2000063,0,0,0,7590716,11622552,2001073
12 x 1024 B,25,342,2001632,0,0,0,7594420,11622552,2002622
12 x 1024 B,26,342,1997982,0,0,0,7580901,11622552,1998987
12 x 1024 B,27,342,2010780,0,0,0,7626792,11622552,2012218
12 x 1024 B,28,342,1999904,0,0,0,7584339,11622552,2001125
12 x 1024 B,29,342,2001420,0,0,0,7587259,11622552,2003191
12 x 1024 B,30,342,2001689,0,0,0,7591128,11622552,2003135
12 x 1024 B,31,342,2007558,0,0,0,7588685,11622552,2009129
16 x 1024 B,0,304,2010449,0,0,0,7571425,11532606,2003137
16 x 1024 B,1,304,1994511,0,0,0,7565434,11532606,1995614
16 x 1024 B,2,304,1993773,0,0,0,7559182,11532606,1994826
16 x 1024 B,3,304,1992355,0,0,0,7557401,11532606,1993406
16 x 1024 B,4,304,1992914,0,0,0,7560337,11532606,1993914
16 x 1024 B,5,304,1992450,0,0,0,7557427,11532606,1993524
16 x 1024 B,6,304,1994160,0,0,0,7555542,11532606,1995335
16 x 1024 B,7,304,1996738,0,0,0,7558233,11532606,1997819
16 x 1024 B,8,304,1997806,0,0,0,7557722,11532606,1998918
16 x 1024 B,9,304,2001603,0,0,0,7557927,11532606,2002663
16 x 1024 B,10,304,1997932,0,0,0,7559478,11532606,1999425
16 x 1024 B,11,304,1996872,0,0,0,7561762,11532606,1998436
16 x 1024 B,12,304,1992582,0,0,0,7557752,11532606,1993586
16 x 1024 B,13,304,1996919,0,0,0,7573499,11532606,1997969
16 x 1024 B,14,304,1997616,0,0,0,7577767,11532606,1998654
16 x 1024 B,15,304,1998019,0,0,0,7579631,11532606,1999035
16 x 1024 B,16,304,1997530,0,0,0,7578228,11532606,1998663
16 x 1024 B,17,304,1997461,0,0,0,7579334,11532606,1998501
16 x 1024 B,18,304,1997335,0,0,0,7578325,11532606,1998353
16 x 1024 B,19,304,1997051,0,0,0,7578045,11532606,1998093
16 x 1024 B,20,304,1997481,0,0,0,7578827,11532606,1998505
16 x 1024 B,21,304,1997494,0,0,0,7579536,11532606,1998513
16 x 1024 B,22,304,1997204,0,0,0,7578250,11532606,1998222
16 x 1024 B,23,304,1997343,0,0,0,7577268,11532606,1998357
16 x 1024 B,24,304,1997769,0,0,0,7578758,11532606,1998779
16 x 1024 B,25,304,1996938,0,0,0,7576999,11532606,1997968
16 x 1024 B,26,304,1998056,0,0,0,7580852,11532606,1999090
16 x 1024 B,27,304,1997600,0,0,0,7580101,11532606,1998650
16 x 1024 B,28,304,1997262,0,0,0,7578332,11532606,1998264
16 x 1024 B,29,304,1997248,0,0,0,7578900,11532606,1998248
16 x 1024 B,30,304,1997639,0,0,0,7579636,11532606,1998654
16 x 1024 B,31,304,1997122,0,0,0,7577993,11532606,1998146
24 x 1024 B,0,203,1999459,0,0,0,7587996,11514120,2000619
24 x 1024 B,1,203,2001324,0,0,0,7590662,11514120,2002935
24 x 1024 B,2,203,2001650,0,0,0,7593142,11514120,2002892
24 x 1024 B,3,203,2003546,0,0,0,7593527,11514120,2005436
24 x 1024 B,4,203,2001929,0,0,0,7591612,11514120,2003625
24 x 1024 B,5,203,2001917,0,0,0,7589873,11514120,2004384
24 x 1024 B,6,203,2001515,0,0,0,7584961,11514120,2003185
24 x 1024 B,7,203,2012887,0,0,0,7589512,11514120,2010215
24 x 1024 B,8,203,2000356,0,0,0,7586280,11514120,2001440
24 x 1024 B,9,203,2000264,0,0,0,7587738,11514120,2001341
24 x 1024 B,10,203,2000121,0,0,0,7589502,11514120,2001227
24 x 1024 B,11,203,2000153,0,0,0,7585993,11514120,2001218
24 x 1024 B,12,203,2000654,0,0,0,7588854,11514120,2001730
24 x 1024 B,13,203,1999722,0,0,0,7585533,11514120,2000765
24 x 1024 B,14,203,2000640,0,0,0,7587992,11514120,2001699
24 x 1024 B,15,203,2000238,0,0,0,7586080,11514120,2001299
24 x 1024 B,16,203,1998876,0,0,0,7585477,11514120,1999933
24 x 1024 B,17,203,1998951,0,0,0,7582600,11514120,2000010
24 x 1024 B,18,203,1999508,0,0,0,7587447,11514120,2000589
24 x 1024 B,19,203,1999267,0,0,0,7585324,11514120,2000309
24 x 1024 B,20,203,1998999,0,0,0,7586240,11514120,2000089
24 x 1024 B,21,203,2000354,0,0,0,7588871,11514120,2001399
24 x 1024 B,22,203,1999247,0,0,0,7585818,11514120,2000313
24 x 1024 B,23,203,1999371,0,0,0,7584006,11514120,2000421
24 x 1024 B,24,203,2000528,0,0,0,7590937,11514120,2001608
24 x 1024 B,25,203,1998305,0,0,0,7582428,11514120,1999342
24 x 1024 B,26,203,1998240,0,0,0,7581679,11514120,1999306
24 x 1024 B,27,203,1997178,0,0,0,7577506,11514120,1998225
24 x 1024 B,28,203,1997493,0,0,0,7579545,11514120,1998546
24 x 1024 B,29,203,1998782,0,0,0,7583560,11514120,1999826
24 x 1024 B,30,203,1997660,0,0,0,7577519,11514120,1998710
24 x 1024 B,31,203,1996967,0,0,0,7575483,11514120,1998027
64 x 1024 B,0,76,2009385,0,0,0,7624542,11448474,2010622
64 x 1024 B,1,76,2009685,0,0,0,7625785,11448474,2010778
64 x 1024 B,2,76,2009484,0,0,0,7624285,11448474,2010555
64 x 1024 B,3,76,2009407,0,0,0,7624749,11448474,2010504
64 x 1024 B,4,76,2010241,0,0,0,7627398,11448474,2011310
64 x 1024 B,5,76,2010978,0,0,0,7630216,11448474,2012032
64 x 1024 B,6,76,2011033,0,0,0,7628477,11448474,2012103
64 x 1024 B,7,76,2010234,0,0,0,7627289,11448474,2011387
64 x 1024 B,8,76,2012116,0,0,0,7632653,11448474,2013559
64 x 1024 B,9,76,2012137,0,0,0,7627552,11448474,2013275
64 x 1024 B,10,76,2014888,0,0,0,7637911,11448474,2016586
64 x 1024 B,11,76,2011881,0,0,0,7629960,11448474,2013873
64 x 1024 B,12,76,2017172,0,0,0,7625830,11448474,2019348
64 x 1024 B,13,76,2012978,0,0,0,7630055,11448474,2014490
64 x 1024 B,14,76,2019144,0,0,0,7623418,11448474,2017311
64 x 1024 B,15,76,2010334,0,0,0,7626044,11448474,2011401
64 x 1024 B,16,76,2009314,0,0,0,7622811,11448474,2010418
64 x 1024 B,17,76,2009805,0,0,0,7627084,11448474,2010864
64 x 1024 B,18,76,2010745,0,0,0,7628028,11448474,2011838
64 x 1024 B,19,76,2008977,0,0,0,7622365,11448474,2010070
64 x 1024 B,20,76,2009902,0,0,0,7623622,11448474,2011004
64 x 1024 B,21,76,2011301,0,0,0,7626940,11448474,2012396
64 x 1024 B,22,76,2009395,0,0,0,7622880,11448474,2010451
64 x 1024 B,23,76,2008347,0,0,0,7621382,11448474,2009410
64 x 1024 B,24,76,2387484,0,0,0,7623869,11448475,2388596
64 x 1024 B,25,76,2009846,0,0,0,7625681,11448474,2010918
64 x 1024 B,26,76,2011209,0,0,0,7631767,11448474,2012256
64 x 1024 B,27,76,2011077,0,0,0,7629765,11448474,2012147
64 x 1024 B,28,76,2017699,0,0,0,7627304,11448474,2015590
64 x 1024 B,29,76,2012955,0,0,0,7632040,11448474,2014088
64 x 1024 B,30,76,2011289,0,0,0,7630194,11448474,2012358
64 x 1024 B,31,76,2010266,0,0,0,7627252,11448474,2011334
128 x 1024 B,0,38,2009450,0,0,0,7624153,11434452,2010656
128 x 1024 B,1,38,2009708,0,0,0,7625107,11434452,2010779
128 x 1024 B,2,38,2010064,0,0,0,7626545,11434452,2011135
128 x 1024 B,3,38,2009967,0,0,0,7625631,11434452,2011033
128 x 1024 B,4,38,2011266,0,0,0,7626456,11434452,2012338
128 x 1024 B,5,38,2009350,0,0,0,7623428,11434452,2010421
128 x 1024 B,6,38,2009936,0,0,0,7626246,11434452,2010997
128 x 1024 B,7,38,2009877,0,0,0,7626948,11434452,2010939
128 x 1024 B,8,38,2008703,0,0,0,7621482,11434452,2009764
128 x 1024 B,9,38,2008754,0,0,0,7622183,11434452,2009825
128 x 1024 B,10,38,2009304,0,0,0,7623447,11434452,2010379
128 x 1024 B,11,38,2011498,0,0,0,7631068,11434452,2012568
128 x 1024 B,12,38,2010653,0,0,0,7627923,11434452,2011735
128 x 1024 B,13,38,2010348,0,0,0,7627532,11434452,2011492
128 x 1024 B,14,38,2009824,0,0,0,7624811,11434452,2010901
128 x 1024 B,15,38,2011262,0,0,0,7629494,11434452,2012472
128 x 1024 B,16,38,2014748,0,0,0,7635437,11434452,2016436
128 x 1024 B,17,38,2012342,0,0,0,7625836,11434452,2014047
128 x 1024 B,18,38,2011812,0,0,0,7628113,11434452,2013185
128 x 1024 B,19,38,2012811,0,0,0,7626856,11434452,2015392
128 x 1024 B,20,38,2019534,0,0,0,7629065,11434452,2017967
128 x 1024 B,21,38,2023931,0,0,0,7623835,11434452,2016795
128 x 1024 B,22,38,2011268,0,0,0,7626896,11434452,2012360
128 x 1024 B,23,38,2010910,0,0,0,7626094,11434452,2011984
128 x 1024 B,24,38,2008929,0,0,0,7621939,11434452,2009985
128 x 1024 B,25,38,2010709,0,0,0,7626871,11434452,2011775
128 x 1024 B,26,38,2008134,0,0,0,7619790,11434452,2009220
128 x 1024 B,27,38,2011685,0,0,0,7622315,11434452,2012820
128 x 1024 B,28,38,2019930,0,0,0,7622887,11434453,2015204
128 x 1024 B,29,38,2010117,0,0,0,7622640,11434452,2011215
128 x 1024 B,30,38,2009142,0,0,0,7622378,11434452,2010195
128 x 1024 B,31,38,2010613,0,0,0,7622613,11434452,2011713
129 x 1024 B,0,38,2047731,0,0,0,7765938,11740846,2048984
129 x 1024 B,1,38,2046899,0,0,0,7765038,11740846,2047968
129 x 1024 B,2,38,2047079,0,0,0,7761140,11740846,2048183
129 x 1024 B,3,38,2045575,0,0,0,7760560,11740846,2046639
129 x 1024 B,4,38,2046470,0,0,0,7764529,11740846,2047536
129 x 1024 B,5,38,2046718,0,0,0,7765031,11740846,2047783
129 x 1024 B,6,38,2046409,0,0,0,7763176,11740846,2047507
129 x 1024 B,7,38,2045203,0,0,0,7759158,11740846,2046259
129 x 1024 B,8,38,2046194,0,0,0,7764585,11740846,2047249
129 x 1024 B,9,38,2046964,0,0,0,7766129,11740846,2048027
129 x 1024 B,10,38,2045392,0,0,0,7758364,11740846,2046450
129 x 1024 B,11,38,2046214,0,0,0,7762686,11740846,2047268
129 x 1024 B,12,38,2045405,0,0,0,7761557,11740846,2046558
129 x 1024 B,13,38,2046109,0,0,0,7758991,11740846,2047216
129 x 1024 B,14,38,2048122,0,0,0,7764459,11740846,2049233
129 x 1024 B,15,38,2048590,0,0,0,7762727,11740847,2049753
129 x 1024 B,16,38,2046227,0,0,0,7757741,11740846,2047407
129 x 1024 B,17,38,2050302,0,0,0,7761472,11740846,2051442
129 x 1024 B,18,38,2047892,0,0,0,7764652,11740846,2049026
129 x 1024 B,19,38,2045234,0,0,0,7759513,11740846,2046340
129 x 1024 B,20,38,2046765,0,0,0,7759623,11740846,2048062
129 x 1024 B,21,38,2047421,0,0,0,7763794,11740846,2048921
129 x 1024 B,22,38,2048313,0,0,0,7762295,11740846,2049830
129 x 1024 B,23,38,2048122,0,0,0,7765327,11740846,2049748
129 x 1024 B,24,38,2046694,0,0,0,7761040,11740846,2048162
129 x 1024 B,25,38,2048260,0,0,0,7762803,11740846,2051094
129 x 1024 B,26,38,2048938,0,0,0,7762589,11740846,2050183
129 x 1024 B,27,38,2059532,0,0,0,7764039,11740846,2053174
129 x 1024 B,28,38,2048030,0,0,0,7765108,11740846,2049160
129 x 1024 B,29,38,2045593,0,0,0,7759581,11740846,2046640
129 x 1024 B,30,38,2046268,0,0,0,7760909,11740846,2047328
129 x 1024 B,31,38,2045711,0,0,0,7758939,11740846,2046774
1024 x 1024 B,0,5,2110578,0,0,0,8001974,12031416,2111981
1024 x 1024 B,1,5,2112117,0,0,0,8005238,12031416,2113282
1024 x 1024 B,2,5,2109885,0,0,0,8004204,12031416,2110940
1024 x 1024 B,3,5,2110030,0,0,0,8006007,12031416,2111099
1024 x 1024 B,4,5,2108894,0,0,0,8002150,12031416,2109962
1024 x 1024 B,5,5,2109428,0,0,0,8002021,12031416,2110491
1024 x 1024 B,6,5,2111883,0,0,0,8005469,12031417,2112944
1024 x 1024 B,7,5,2109678,0,0,0,8004960,12031416,2110745
1024 x 1024 B,8,5,2109842,0,0,0,8004711,12031416,2110938
1024 x 1024 B,9,5,2109746,0,0,0,8002856,12031416,2110844
1024 x 1024 B,10,5,2109556,0,0,0,8003573,12031416,2110616
1024 x 1024 B,11,5,2109246,0,0,0,8003532,12031416,2110307
1024 x 1024 B,12,5,2108894,0,0,0,8001256,12031416,2109954
1024 x 1024 B,13,5,2110334,0,0,0,8005452,12031416,2111392
1024 x 1024 B,14,5,2108991,0,0,0,8001544,12031416,2110071
1024 x 1024 B,15,5,2110246,0,0,0,8000244,12031417,2111306
1024 x 1024 B,16,5,2109523,0,0,0,8002701,12031416,2110584
1024 x 1024 B,17,5,2108747,0,0,0,8001557,12031416,2109811
1024 x 1024 B,18,5,2109335,0,0,0,8003524,12031416,2110388
1024 x 1024 B,19,5,2109049,0,0,0,8001580,12031416,2110117
1024 x 1024 B,20,5,2109081,0,0,0,8001513,12031416,2110155
1024 x 1024 B,21,5,2108725,0,0,0,7999998,12031416,2109797
1024 x 1024 B,22,5,2124805,0,0,0,8004110,12031416,2116375
1024 x 1024 B,23,5,2113743,0,0,0,8008935,12031417,2115004
1024 x 1024 B,24,5,2109626,0,0,0,8003190,12031416,2110694
1024 x 1024 B,25,5,2114770,0,0,0,8022163,12031416,2115918
1024 x 1024 B,26,5,2136259,0,0,0,8103590,12031416,2137630
1024 x 1024 B,27,5,2154607,0,0,0,8171589,12031416,2156640
1024 x 1024 B,28,5,2122694,0,0,0,8047829,12031416,2124272
1024 x 1024 B,29,5,2123108,0,0,0,8046993,12031416,2125414
1024 x 1024 B,30,5,2116449,0,0,0,8015528,12031416,2118009
1024 x 1024 B,31,5,2122009,0,0,0,8005572,12031417,2120196
1 x 2048 B,0,1289,1965981,0,0,0,7457190,9965625,1967071
1 x 2048 B,1,1289,1956763,0,0,0,7420626,9965625,1957677
1 x 2048 B,2,1289,1949250,0,0,0,7402487,9965624,1950107
1 x 2048 B,3,1289,1950951,0,0,0,7397930,9965625,1951852
1 x 2048 B,4,1289,1955222,0,0,0,7405360,9965625,1956163
1 x 2048 B,5,1289,1952399,0,0,0,7405202,9965625,1953302
1 x 2048 B,6,1289,1951652,0,0,0,7405146,9965625,1952540
1 x 2048 B,7,1289,1952786,0,0,0,7403779,9965625,1953664
1 x 2048 B,8,1289,1950371,0,0,0,7399522,9965625,1951252
1 x 2048 B,9,1289,1951362,0,0,0,7403666,9965625,1952224
1 x 2048 B,10,1289,1951069,0,0,0,7403609,9965625,1951943
1 x 2048 B,11,1289,1951659,0,0,0,7401471,9965625,1952529
1 x 2048 B,12,1289,1950711,0,0,0,7402309,9965625,1951572
1 x 2048 B,13,1289,1951590,0,0,0,7404642,9965625,1952459
1 x 2048 B,14,1289,1950774,0,0,0,7402088,9965625,1951655
1 x 2048 B,15,1289,1950434,0,0,0,7399526,9965625,1951314
1 x 2048 B,16,1289,1950159,0,0,0,7399450,9965625,1951027
1 x 2048 B,17,1289,1950543,0,0,0,7400740,9965625,1951412
1 x 2048 B,18,1289,1950516,0,0,0,7402389,9965625,1951382
1 x 2048 B,19,1289,1951138,0,0,0,7401056,9965625,1952011
1 x 2048 B,20,1289,1951659,0,0,0,7404472,9965625,1952530
1 x 2048 B,21,1289,1952969,0,0,0,7404060,9965625,1953855
1 x 2048 B,22,1289,1950967,0,0,0,7400681,9965625,1951926
1 x 2048 B,23,1289,1951310,0,0,0,7401602,9965625,1952466
1 x 2048 B,24,1289,1949039,0,0,0,7400755,9965624,1950291
1 x 2048 B,25,1289,1951503,0,0,0,7403967,9965625,1952776
1 x 2048 B,26,1289,1952940,0,0,0,7400801,9965625,1954713
1 x 2048 B,27,1289,1952767,0,0,0,7404233,9965625,1954049
1 x 2048 B,28,1289,1953104,0,0,0,7401661,9965625,1955293
1 x 2048 B,29,1289,1955493,0,0,0,7403404,9965625,1957042
1 x 2048 B,30,1289,1971827,0,0,0,7400509,9965625,1960908
1 x 2048 B,31,1289,1952128,0,0,0,7402923,9965625,1953196
3 x 2048 B,0,440,1996894,0,0,0,7575099,10094406,1998133
3 x 2048 B,1,440,1998339,0,0,0,7576364,10094406,1999359
3 x 2048 B,2,440,1998288,0,0,0,7575662,10094406,1999312
3 x 2048 B,3,440,1998063,0,0,0,7577590,10094406,1999060
3 x 2048 B,4,440,1997637,0,0,0,7578904,10094406,1999439
3 x 2048 B,5,440,2386121,0,0,0,7577248,10094407,2387406
3 x 2048 B,6,440,1996370,0,0,0,7575267,10094406,1997384
3 x 2048 B,7,440,2000135,0,0,0,7578530,10094406,2002674
3 x 2048 B,8,440,1996937,0,0,0,7575605,10094406,1998007
3 x 2048 B,9,440,2009665,0,0,0,7576164,10094406,2003780
3 x 2048 B,10,440,1998426,0,0,0,7575971,10094406,1999482
3 x 2048 B,11,440,1996830,0,0,0,7575546,10094406,1997821
3 x 2048 B,12,440,1997636,0,0,0,7577697,10094406,1998655
3 x 2048 B,13,440,1997486,0,0,0,7577786,10094406,1998488
3 x 2048 B,14,440,1996301,0,0,0,7575461,10094406,1997286
3 x 2048 B,15,440,1996578,0,0,0,7575522,10094406,1997551
3 x 2048 B,16,440,1996728,0,0,0,7577368,10094406,1997701
3 x 2048 B,17,440,1997999,0,0,0,7575719,10094406,1999036
3 x 2048 B,18,440,1996548,0,0,0,7575717,10094406,1997523
3 x 2048 B,19,440,1996410,0,0,0,7575412,10094406,1997388
3 x 2048 B,20,440,1997160,0,0,0,7577024,10094406,1998136
3 x 2048 B,21,440,1996906,0,0,0,7577402,10094406,1997888
3 x 2048 B,22,440,1996287,0,0,0,7575430,10094406,1997260
3 x 2048 B,23,440,1996903,0,0,0,7575584,10094406,1997945
3 x 2048 B,24,440,2007903,0,0,0,7577287,10094407,2006187
3 x 2048 B,25,440,1997871,0,0,0,7578297,10094406,1999025
3 x 2048 B,26,440,2002592,0,0,0,7577584,10094406,2003594
3 x 2048 B,27,440,1997332,0,0,0,7577566,10094406,1998309
3 x 2048 B,28,440,1996789,0,0,0,7577203,10094406,1997768
3 x 2048 B,29,440,1996948,0,0,0,7577306,10094406,1997921
3 x 2048 B,30,440,1996809,0,0,0,7577344,10094406,1997776
3 x 2048 B,31,440,1996902,0,0,0,7577231,10094406,1997874
4 x 2048 B,0,330,1996684,0,0,0,7575261,10080546,1997727
4 x 2048 B,1,330,1996553,0,0,0,7575314,10080546,1997532
4 x 2048 B,2,330,1996653,0,0,0,7575095,10080546,1997625
4 x 2048 B,3,330,1995852,0,0,0,7575115,10080546,1996841
4 x 2048 B,4,330,1996729,0,0,0,7575355,10080546,1997718
4 x 2048 B,5,330,1996183,0,0,0,7575010,10080546,1997157
4 x 2048 B,6,330,1997205,0,0,0,7575710,10080546,1998247
4 x 2048 B,7,330,1996735,0,0,0,7575309,10080546,1998365
4 x 2048 B,8,330,1997487,0,0,0,7575352,10080546,1998834
4 x 2048 B,9,330,1998754,0,0,0,7575695,10080546,2000681
4 x 2048 B,10,330,1997786,0,0,0,7575470,10080546,1998981
4 x 2048 B,11,330,2012661,0,0,0,7576382,10080546,2010859
4 x 2048 B,12,330,1998469,0,0,0,7576027,10080546,2000119
4 x 2048 B,13,330,2008745,0,0,0,7575542,10080546,2001939
4 x 2048 B,14,330,1997148,0,0,0,7575485,10080546,1998200
4 x 2048 B,15,330,1996211,0,0,0,7575689,10080546,1997340
4 x 2048 B,16,330,1996596,0,0,0,7575478,10080546,1997577
4 x 2048 B,17,330,1996414,0,0,0,7575202,10080546,1997453
4 x 2048 B,18,330,1999083,0,0,0,7575854,10080546,2000143
4 x 2048 B,19,330,1997518,0,0,0,7575327,10080546,1998548
4 x 2048 B,20,330,1998071,0,0,0,7578495,10080546,1999057
4 x 2048 B,21,330,1997211,0,0,0,7578181,10080546,1998212
4 x 2048 B,22,330,2373100,0,0,0,7578332,10080546,2374138
4 x 2048 B,23,330,1996846,0,0,0,7578056,10080546,1997878
4 x 2048 B,24,330,1997042,0,0,0,7578314,10080546,1998031
4 x 2048 B,25,330,1997024,0,0,0,7578078,10080546,1998016
4 x 2048 B,26,330,1997593,0,0,0,7578464,10080546,1998557
4 x 2048 B,27,330,1997396,0,0,0,7577955,10080546,1998402
4 x 2048 B,28,330,1997200,0,0,0,7578248,10080546,1998177
4 x 2048 B,29,330,1996862,0,0,0,7577860,10080546,1997864
4 x 2048 B,30,330,1997178,0,0,0,7578522,10080546,1998153
4 x 2048 B,31,330,1997092,0,0,0,7578338,10080546,1998079
6 x 2048 B,0,220,1990917,0,0,0,7555429,10066686,1992009
6 x 2048 B,1,220,1993059,0,0,0,7562268,10066686,1994058
6 x 2048 B,2,220,1992827,0,0,0,7562302,10066686,1993812
6 x 2048 B,3,220,1993165,0,0,0,7562548,10066686,1994170
6 x 2048 B,4,220,1993069,0,0,0,7562905,10066686,1994097
6 x 2048 B,5,220,1990958,0,0,0,7554442,10066686,1991950
6 x 2048 B,6,220,1997081,0,0,0,7562502,10066686,1998074
6 x 2048 B,7,220,1993837,0,0,0,7562390,10066686,1994828
6 x 2048 B,8,220,1992640,0,0,0,7560190,10066686,1993660
6 x 2048 B,9,220,1994301,0,0,0,7562927,10066686,1995348
6 x 2048 B,10,220,1994162,0,0,0,7567507,10066686,1995149
6 x 2048 B,11,220,1994132,0,0,0,7562048,10066686,1995159
6 x 2048 B,12,220,1994249,0,0,0,7566096,10066686,1995324
6 x 2048 B,13,220,1994402,0,0,0,7567525,10066686,1995643
6 x 2048 B,14,220,1995168,0,0,0,7568286,10066686,1996518
6 x 2048 B,15,220,1995231,0,0,0,7565549,10066686,1996467
6 x 2048 B,16,220,1994949,0,0,0,7563842,10066686,1996604
6 x 2048 B,17,220,1995158,0,0,0,7562215,10066686,1996487
6 x 2048 B,18,220,1996443,0,0,0,7565442,10066686,1998845
6 x 2048 B,19,220,1996063,0,0,0,7562074,10066686,1997381
6 x 2048 B,20,220,2004465,0,0,0,7559182,10066686,1998038
6 x 2048 B,21,220,1993641,0,0,0,7561883,10066686,1994656
6 x 2048 B,22,220,1992016,0,0,0,7559249,10066686,1993008
6 x 2048 B,23,220,1991096,0,0,0,7554050,10066686,1992412
6 x 2048 B,24,220,1990296,0,0,0,7553803,10066686,1991298
6 x 2048 B,25,220,1991311,0,0,0,7554509,10066686,1992338
6 x 2048 B,26,220,1993933,0,0,0,7565389,10066686,1995056
6 x 2048 B,27,220,1993237,0,0,0,7561225,10066686,1994237
6 x 2048 B,28,220,1997343,0,0,0,7559163,10066686,1998413
6 x 2048 B,29,220,1993373,0,0,0,7559119,10066686,1994375
6 x 2048 B,30,220,1992242,0,0,0,7561092,10066686,1993249
6 x 2048 B,31,220,2362011,0,0,0,7557129,10066686,2363030
8 x 2048 B,0,166,2011571,0,0,0,7631754,10120722,2012668
8 x 2048 B,1,166,2011650,0,0,0,7634415,10120722,2012672
8 x 2048 B,2,166,2012373,0,0,0,7634275,10120722,2013381
8 x 2048 B,3,166,2010924,0,0,0,7631840,10120722,2011947
8 x 2048 B,4,166,2007829,0,0,0,7617310,10120722,2008830
8 x 2048 B,5,166,2011022,0,0,0,7630121,10120722,2012057
8 x 2048 B,6,166,2008583,0,0,0,7620103,10120722,2009624
8 x 2048 B,7,166,2010767,0,0,0,7629995,10120722,2011812
8 x 2048 B,8,166,2007791,0,0,0,7618600,10120722,2008816
8 x 2048 B,9,166,2006958,0,0,0,7616153,10120722,2007985
8 x 2048 B,10,166,2003089,0,0,0,7600398,10120722,2004101
8 x 2048 B,11,166,2010224,0,0,0,7628311,10120722,2011238
8 x 2048 B,12,166,2013703,0,0,0,7632525,10120723,2014709
8 x 2048 B,13,166,2007456,0,0,0,7616823,10120722,2008467
8 x 2048 B,14,166,2008224,0,0,0,7619279,10120722,2009249
8 x 2048 B,15,166,2009650,0,0,0,7621509,10120722,2010725
8 x 2048 B,16,166,2013137,0,0,0,7634512,10120722,2014209
8 x 2048 B,17,166,2019509,0,0,0,7629968,10120722,2014119
8 x 2048 B,18,166,2007974,0,0,0,7618115,10120722,2008998
8 x 2048 B,19,166,2012174,0,0,0,7631118,10120722,2013268
8 x 2048 B,20,166,2012189,0,0,0,7632502,10120722,2013400
8 x 2048 B,21,166,2010466,0,0,0,7623414,10120722,2011547
8 x 2048 B,22,166,2013653,0,0,0,7634791,10120722,2015188
8 x 2048 B,23,166,2013323,0,0,0,7634295,10120722,2014792
8 x 2048 B,24,166,2010662,0,0,0,7621719,10120722,2011833
8 x 2048 B,25,166,2012838,0,0,0,7626501,10120722,2014571
8 x 2048 B,26,166,2017948,0,0,0,7628453,10120722,2016429
8 x 2048 B,27,166,2022072,0,0,0,7631334,10120722,2016589
8 x 2048 B,28,166,2011642,0,0,0,7630952,10120722,2012672
8 x 2048 B,29,166,2007760,0,0,0,7619359,10120722,2008779
8 x 2048 B,30,166,2008646,0,0,0,7621505,10120722,2009648
8 x 2048 B,31,166,2011229,0,0,0,7632377,10120722,2012231
12 x 2048 B,0,111,2013068,0,0,0,7639035,10144212,2014173
12 x 2048 B,1,111,2014568,0,0,0,7640376,10144212,2015654
12 x 2048 B,2,111,2010768,0,0,0,7628703,10144212,2011804
12 x 2048 B,3,111,2011560,0,0,0,7626425,10144212,2012649
12 x 2048 B,4,111,2010295,0,0,0,7628609,10144212,2011321
12 x 2048 B,5,111,2011705,0,0,0,7633477,10144212,2012742
12 x 2048 B,6,111,2388459,0,0,0,7639598,10144212,2389556
12 x 2048 B,7,111,2012683,0,0,0,7637828,10144212,2013719
12 x 2048 B,8,111,2013412,0,0,0,7639528,10144212,2014449
12 x 2048 B,9,111,2013192,0,0,0,7638022,10144212,2014211
12 x 2048 B,10,111,2013301,0,0,0,7638212,10144212,2014339
12 x 2048 B,11,111,2012600,0,0,0,7636865,10144212,2013643
12 x 2048 B,12,111,2013079,0,0,0,7638236,10144212,2014119
12 x 2048 B,13,111,2013175,0,0,0,7638582,10144212,2014220
12 x 2048 B,14,111,2013250,0,0,0,7638699,10144212,2014284
12 x 2048 B,15,111,2013288,0,0,0,7638288,10144212,2014394
12 x 2048 B,16,111,2013179,0,0,0,7637447,10144212,2014226
12 x 2048 B,17,111,2012921,0,0,0,7638101,10144212,2013955
12 x 2048 B,18,111,2013210,0,0,0,7638447,10144212,2014247
12 x 2048 B,19,111,2014717,0,0,0,7639068,10144213,2015749
12 x 2048 B,20,111,2013079,0,0,0,7638596,10144212,2014109
12 x 2048 B,21,111,2014689,0,0,0,7643594,10144212,2015720
12 x 2048 B,22,111,2014102,0,0,0,7640545,10144212,2015129
12 x 2048 B,23,111,2013191,0,0,0,7639690,10144212,2014224
12 x 2048 B,24,111,2014139,0,0,0,7642363,10144212,2015169
12 x 2048 B,25,111,2012996,0,0,0,7637466,10144212,2014033
12 x 2048 B,26,111,2013621,0,0,0,7639332,10144212,2014655
12 x 2048 B,27,111,2013980,0,0,0,7640038,10144212,2015249
12 x 2048 B,28,111,2013557,0,0,0,7639196,10144212,2014630
12 x 2048 B,29,111,2016911,0,0,0,7644203,10144212,2018879
12 x 2048 B,30,111,2013925,0,0,0,7636712,10144212,2015389
12 x 2048 B,31,111,2015115,0,0,0,7640497,10144212,2016678
16 x 2048 B,0,82,2015992,0,0,0,7592788,9988458,2009154
16 x 2048 B,1,82,1995001,0,0,0,7565916,9988458,1996132
16 x 2048 B,2,82,1999026,0,0,0,7583841,9988458,2000082
16 x 2048 B,3,82,1995549,0,0,0,7566289,9988458,1996617
16 x 2048 B,4,82,1999242,0,0,0,7584039,9988458,2000259
16 x 2048 B,5,82,1995614,0,0,0,7566941,9988458,1996683
16 x 2048 B,6,82,1999876,0,0,0,7588332,9988458,2000907
16 x 2048 B,7,82,2000562,0,0,0,7589706,9988458,2001609
16 x 2048 B,8,82,1994148,0,0,0,7566761,9988458,1995202
16 x 2048 B,9,82,1998195,0,0,0,7581067,9988458,1999229
16 x 2048 B,10,82,1992804,0,0,0,7561774,9988458,1993836
16 x 2048 B,11,82,1996590,0,0,0,7575307,9988458,1997635
16 x 2048 B,12,82,1994427,0,0,0,7565369,9988458,1995485
16 x 2048 B,13,82,1998272,0,0,0,7580776,9988458,1999321
16 x 2048 B,14,82,1994180,0,0,0,7568395,9988458,1995211
16 x 2048 B,15,82,1994756,0,0,0,7566517,9988458,1995803
16 x 2048 B,16,82,2000120,0,0,0,7589473,9988458,2001177
16 x 2048 B,17,82,1993947,0,0,0,7565240,9988458,1994975
16 x 2048 B,18,82,1998319,0,0,0,7583784,9988458,1999373
16 x 2048 B,19,82,1997788,0,0,0,7579304,9988458,1998824
16 x 2048 B,20,82,1992231,0,0,0,7561071,9988458,1993278
16 x 2048 B,21,82,1993260,0,0,0,7560836,9988458,1994292
16 x 2048 B,22,82,1998511,0,0,0,7584099,9988458,1999545
16 x 2048 B,23,82,1998219,0,0,0,7581237,9988458,1999249
16 x 2048 B,24,82,2003693,0,0,0,7603837,9988458,2004754
16 x 2048 B,25,82,2004810,0,0,0,7605720,9988458,2005853
16 x 2048 B,26,82,1992294,0,0,0,7560877,9988458,1993337
16 x 2048 B,27,82,1994179,0,0,0,7565429,9988458,1995214
16 x 2048 B,28,82,1999029,0,0,0,7584729,9988458,2000069
16 x 2048 B,29,82,1997315,0,0,0,7576820,9988458,1998389
16 x 2048 B,30,82,1994744,0,0,0,7566020,9988458,1995902
16 x 2048 B,31,82,1998426,0,0,0,7576486,9988458,1999507
24 x 2048 B,0,55,2014662,0,0,0,7639454,10045896,2015828
24 x 2048 B,1,55,2014445,0,0,0,7641024,10045896,2015967
24 x 2048 B,2,55,2015692,0,0,0,7645788,10045896,2016855
24 x 2048 B,3,55,2017253,0,0,0,7648196,10045896,2018992
24 x 2048 B,4,55,2015691,0,0,0,7642915,10045896,2017042
24 x 2048 B,5,55,2013563,0,0,0,7635189,10045896,2015844
24 x 2048 B,6,55,2028184,0,0,0,7644295,10045896,2026135
24 x 2048 B,7,55,2036469,0,0,0,7669313,10045896,2028737
24 x 2048 B,8,55,2012807,0,0,0,7634139,10045896,2013883
24 x 2048 B,9,55,2015994,0,0,0,7647399,10045896,2017091
24 x 2048 B,10,55,2017739,0,0,0,7654738,10045896,2018794
24 x 2048 B,11,55,2016040,0,0,0,7647576,10045896,2017120
24 x 2048 B,12,55,2017642,0,0,0,7648521,10045896,2018701
24 x 2048 B,13,55,2024968,0,0,0,7639351,10045896,2017798
24 x 2048 B,14,55,2018782,0,0,0,7654432,10045896,2019898
24 x 2048 B,15,55,2013302,0,0,0,7638831,10045896,2014353
24 x 2048 B,16,55,2014070,0,0,0,7641301,10045896,2015122
24 x 2048 B,17,55,2012632,0,0,0,7637010,10045896,2013660
24 x 2048 B,18,55,2015216,0,0,0,7645790,10045896,2016269
24 x 2048 B,19,55,2014006,0,0,0,7642449,10045896,2015103
24 x 2048 B,20,55,2013620,0,0,0,7640720,10045896,2014661
24 x 2048 B,21,55,2013030,0,0,0,7638902,10045896,2014067
24 x 2048 B,22,55,2013950,0,0,0,7641405,10045896,2015020
24 x 2048 B,23,55,2014854,0,0,0,7644953,10045896,2015891
24 x 2048 B,24,55,2012462,0,0,0,7634744,10045896,2013568
24 x 2048 B,25,55,2013821,0,0,0,7641537,10045896,2014863
24 x 2048 B,26,55,2012772,0,0,0,7635120,10045896,2013824
24 x 2048 B,27,55,2013578,0,0,0,7642028,10045896,2014600
24 x 2048 B,28,55,2013777,0,0,0,7639845,10045896,2014829
24 x 2048 B,29,55,2011802,0,0,0,7635539,10045896,2012862
24 x 2048 B,30,55,2014340,0,0,0,7642355,10045896,2015374
24 x 2048 B,31,55,2011080,0,0,0,7632350,10045896,2012142
64 x 2048 B,0,21,2046088,0,0,0,7764524,10224132,2047290
64 x 2048 B,1,21,2048301,0,0,0,7771020,10224132,2049345
64 x 2048 B,2,21,2047857,0,0,0,7771402,10224132,2048897
64 x 2048 B,3,21,2048053,0,0,0,7772107,10224132,2049101
64 x 2048 B,4,21,2051762,0,0,0,7768267,10224132,2052838
64 x 2048 B,5,21,2047974,0,0,0,7772100,10224132,2049001
64 x 2048 B,6,21,2046209,0,0,0,7763876,10224132,2047259
64 x 2048 B,7,21,2048161,0,0,0,7771546,10224132,2049376
64 x 2048 B,8,21,2050895,0,0,0,7778549,10224132,2052519
64 x 2048 B,9,21,2053100,0,0,0,7783667,10224132,2054296
64 x 2048 B,10,21,2053862,0,0,0,7785513,10224132,2055452
64 x 2048 B,11,21,2069084,0,0,0,7772670,10224132,2056207
64 x 2048 B,12,21,2048700,0,0,0,7761657,10224132,2051291
64 x 2048 B,13,21,2040868,0,0,0,7739708,10224132,2042062
64 x 2048 B,14,21,2049020,0,0,0,7771992,10224132,2050093
64 x 2048 B,15,21,2049877,0,0,0,7772155,10224132,2051045
64 x 2048 B,16,21,2050542,0,0,0,7773371,10224133,2051582
64 x 2048 B,17,21,2047340,0,0,0,7767593,10224132,2048473
64 x 2048 B,18,21,2047831,0,0,0,7763414,10224132,2048880
64 x 2048 B,19,21,2039641,0,0,0,7737093,10224132,2040717
64 x 2048 B,20,21,2046318,0,0,0,7764435,10224132,2047363
64 x 2048 B,21,21,2043660,0,0,0,7750656,10224132,2044726
64 x 2048 B,22,21,2046152,0,0,0,7762144,10224132,2047187
64 x 2048 B,23,21,2045537,0,0,0,7762100,10224132,2046575
64 x 2048 B,24,21,2043819,0,0,0,7755574,10224132,2044862
64 x 2048 B,25,21,2042214,0,0,0,7749615,10224132,2043243
64 x 2048 B,26,21,2044966,0,0,0,7759514,10224132,2046003
64 x 2048 B,27,21,2043711,0,0,0,7755104,10224132,2044743
64 x 2048 B,28,21,2044573,0,0,0,7758352,10224132,2045602
64 x 2048 B,29,21,2046492,0,0,0,7763946,10224132,2047521
64 x 2048 B,30,21,2044137,0,0,0,7755075,10224132,2045182
64 x 2048 B,31,21,2046389,0,0,0,7765786,10224132,2047429
128 x 2048 B,0,11,2141655,0,0,0,8127349,10709592,2142790
128 x 2048 B,1,11,2140010,0,0,0,8120182,10709592,2141056
128 x 2048 B,2,11,2138070,0,0,0,8114320,10709592,2139110
128 x 2048 B,3,11,2140767,0,0,0,8122988,10709592,2141803
128 x 2048 B,4,11,2140976,0,0,0,8123883,10709592,2142237
128 x 2048 B,5,11,2144643,0,0,0,8127928,10709593,2145720
128 x 2048 B,6,11,2145548,0,0,0,8135410,10709592,2146626
128 x 2048 B,7,11,2143719,0,0,0,8135818,10709592,2144773
128 x 2048 B,8,11,2138918,0,0,0,8112510,10709592,2140012
128 x 2048 B,9,11,2137054,0,0,0,8110358,10709592,2138101
128 x 2048 B,10,11,2144855,0,0,0,8118183,10709592,2145993
128 x 2048 B,11,11,2148174,0,0,0,8137461,10709592,2149284
128 x 2048 B,12,11,2147058,0,0,0,8139282,10709593,2148109
128 x 2048 B,13,11,2145534,0,0,0,8140001,10709592,2147234
128 x 2048 B,14,11,2147233,0,0,0,8145141,10709592,2148382
128 x 2048 B,15,11,2154802,0,0,0,8166900,10709592,2156845
128 x 2048 B,16,11,2149619,0,0,0,8155268,10709592,2151495
128 x 2048 B,17,11,2158762,0,0,0,8146847,10709592,2162007
128 x 2048 B,18,11,2155467,0,0,0,8159697,10709593,2156717
128 x 2048 B,19,11,2152390,0,0,0,8159869,10709592,2153552
128 x 2048 B,20,11,2150615,0,0,0,8162090,10709592,2151666
128 x 2048 B,21,11,2151571,0,0,0,8159655,10709592,2152710
128 x 2048 B,22,11,2150794,0,0,0,8161303,10709592,2151915
128 x 2048 B,23,11,2151481,0,0,0,8160344,10709592,2152557
128 x 2048 B,24,11,2151042,0,0,0,8161233,10709592,2152105
128 x 2048 B,25,11,2154356,0,0,0,8162022,10709593,2155425
128 x 2048 B,26,11,2151681,0,0,0,8161698,10709592,2152758
128 x 2048 B,27,11,2151026,0,0,0,8162674,10709592,2152074
128 x 2048 B,28,11,2151324,0,0,0,8160871,10709592,2152406
128 x 2048 B,29,11,2151251,0,0,0,8162183,10709592,2152338
128 x 2048 B,30,11,2151140,0,0,0,8162101,10709592,2152198
128 x 2048 B,31,11,2153553,0,0,0,8164082,10709593,2154597
129 x 2048 B,0,11,2167195,0,0,0,8224531,10793247,2168330
129 x 2048 B,1,11,2167757,0,0,0,8226081,10793247,2168798
129 x 2048 B,2,11,2167405,0,0,0,8225300,10793247,2168469
129 x 2048 B,3,11,2170421,0,0,0,8225455,10793248,2171543
129 x 2048 B,4,11,2167488,0,0,0,8225298,10793247,2168520
129 x 2048 B,5,11,2167348,0,0,0,8223199,10793247,2168434
129 x 2048 B,6,11,2167522,0,0,0,8225325,10793247,2168563
129 x 2048 B,7,11,2168076,0,0,0,8225866,10793247,2169118
129 x 2048 B,8,11,2167338,0,0,0,8225584,10793247,2168375
129 x 2048 B,9,11,2169093,0,0,0,8225168,10793248,2170122
129 x 2048 B,10,11,2167675,0,0,0,8225632,10793247,2168724
129 x 2048 B,11,11,2167077,0,0,0,8224241,10793247,2168126
129 x 2048 B,12,11,2167513,0,0,0,8225378,10793247,2168552
129 x 2048 B,13,11,2167718,0,0,0,8224314,10793247,2168783
129 x 2048 B,14,11,2169120,0,0,0,8223494,10793248,2170164
129 x 2048 B,15,11,2167286,0,0,0,8224917,10793247,2168328
129 x 2048 B,16,11,2167594,0,0,0,8224203,10793247,2168909
129 x 2048 B,17,11,2168178,0,0,0,8224567,10793247,2169651
129 x 2048 B,18,11,2167588,0,0,0,8222018,10793247,2168891
129 x 2048 B,19,11,2168805,0,0,0,8223386,10793247,2170481
129 x 2048 B,20,11,2170567,0,0,0,8223471,10793248,2172038
129 x 2048 B,21,11,2186060,0,0,0,8225428,10793247,2183222
129 x 2048 B,22,11,2175790,0,0,0,8193532,10793247,2166383
129 x 2048 B,23,11,2160136,0,0,0,8192010,10793247,2161203
129 x 2048 B,24,11,2152819,0,0,0,8170417,10793247,2153880
129 x 2048 B,25,11,2162007,0,0,0,8203332,10793247,2163071
129 x 2048 B,26,11,2163603,0,0,0,8203254,10793248,2164634
129 x 2048 B,27,11,2156765,0,0,0,8182542,10793247,2157807
129 x 2048 B,28,11,2154743,0,0,0,8176544,10793247,2155789
129 x 2048 B,29,11,2156696,0,0,0,8184235,10793247,2157730
129 x 2048 B,30,11,2161836,0,0,0,8201065,10793247,2162909
129 x 2048 B,31,11,2157396,0,0,0,8183107,10793247,2158457
1024 x 2048 B,0,2,3103844,0,0,0,11771925,15575659,3105625
1024 x 2048 B,1,2,3103570,0,0,0,11773269,15575659,3104957
1024 x 2048 B,2,2,3103727,0,0,0,11772225,15575659,3105060
1024 x 2048 B,3,2,3109865,0,0,0,11772225,15575660,3111356
1024 x 2048 B,4,2,3103409,0,0,0,11771584,15575659,3104806
1024 x 2048 B,5,2,3103441,0,0,0,11773999,15575659,3104808
1024 x 2048 B,6,2,3103861,0,0,0,11771268,15575659,3105257
1024 x 2048 B,7,2,3103965,0,0,0,11773330,15575659,3105313
1024 x 2048 B,8,2,3103376,0,0,0,11772200,15575659,3104730
1024 x 2048 B,9,2,3103282,0,0,0,11772539,15575659,3104653
1024 x 2048 B,10,2,3103527,0,0,0,11772112,15575659,3104868
1024 x 2048 B,11,2,3103451,0,0,0,11773034,15575659,3104910
1024 x 2048 B,12,2,3106011,0,0,0,11772367,15575660,3107454
1024 x 2048 B,13,2,3108588,0,0,0,11781082,15575659,3110307
1024 x 2048 B,14,2,3114443,0,0,0,11810912,15575659,3116545
1024 x 2048 B,15,2,3115524,0,0,0,11807406,15575659,3118035
1024 x 2048 B,16,2,3119280,0,0,0,11818191,15575659,3122013
1024 x 2048 B,17,2,3116825,0,0,0,11775546,15575659,3114732
1024 x 2048 B,18,2,3104994,0,0,0,11772681,15575659,3106540
1024 x 2048 B,19,2,3107083,0,0,0,11771716,15575659,3108762
1024 x 2048 B,20,2,3104979,0,0,0,11772677,15575659,3106603
1024 x 2048 B,21,2,3122058,0,0,0,11792755,15575660,3119557
1024 x 2048 B,22,2,3109789,0,0,0,11795409,15575659,3111315
1024 x 2048 B,23,2,3110318,0,0,0,11793416,15575659,3111920
1024 x 2048 B,24,2,3109968,0,0,0,11798807,15575659,3111326
1024 x 2048 B,25,2,3108885,0,0,0,11793990,15575659,3110257
1024 x 2048 B,26,2,3108567,0,0,0,11792045,15575659,3110015
1024 x 2048 B,27,2,3111343,0,0,0,11803140,15575659,3112886
1024 x 2048 B,28,2,3109034,0,0,0,11794496,15575659,3110406
1024 x 2048 B,29,2,3110600,0,0,0,11793054,15575660,3112022
1024 x 2048 B,30,2,3108145,0,0,0,11790537,15575659,3109555
1024 x 2048 B,31,2,3108836,0,0,0,11793199,15575659,3110193
1 x 2047 B,0,1025,1972963,0,0,0,7485645,15816116,1974092
1 x 2047 B,1,1025,1972947,0,0,0,7484120,15816116,1973832
1 x 2047 B,2,1025,1970998,0,0,0,7479570,15816116,1971859
1 x 2047 B,3,1025,1972462,0,0,0,7478139,15816116,1973383
1 x 2047 B,4,1025,1970679,0,0,0,7477863,15816116,1971548
1 x 2047 B,5,1025,1965978,0,0,0,7458510,15816116,1966862
1 x 2047 B,6,1025,1971972,0,0,0,7482559,15816116,1972821
1 x 2047 B,7,1025,1971094,0,0,0,7480956,15816116,1971942
1 x 2047 B,8,1025,1965634,0,0,0,7458352,15816116,1966495
1 x 2047 B,9,1025,1968960,0,0,0,7469879,15816116,1969834
1 x 2047 B,10,1025,1973451,0,0,0,7484400,15816116,1974853
1 x 2047 B,11,1025,1970825,0,0,0,7474709,15816116,1971916
1 x 2047 B,12,1025,1974417,0,0,0,7485784,15816116,1976534
1 x 2047 B,13,1025,1991926,0,0,0,7470946,15816116,1981876
1 x 2047 B,14,1025,1990983,0,0,0,7477375,15816116,1997180
1 x 2047 B,15,1025,1966854,0,0,0,7465315,15816115,1968563
1 x 2047 B,16,1025,1970005,0,0,0,7472198,15816116,1971048
1 x 2047 B,17,1025,1979921,0,0,0,7458784,15816116,1972450
1 x 2047 B,18,1025,1972994,0,0,0,7484549,15816116,1974051
1 x 2047 B,19,1025,1972860,0,0,0,7484136,15816116,1973858
1 x 2047 B,20,1025,1968738,0,0,0,7469760,15816116,1969720
1 x 2047 B,21,1025,1972283,0,0,0,7479517,15816116,1973300
1 x 2047 B,22,1025,1968140,0,0,0,7468884,15816116,1969111
1 x 2047 B,23,1025,1973896,0,0,0,7484822,15816116,1974906
1 x 2047 B,24,1025,1972472,0,0,0,7484383,15816116,1973444
1 x 2047 B,25,1025,1972555,0,0,0,7483358,15816116,1973528
1 x 2047 B,26,1025,1969741,0,0,0,7475464,15816116,1970713
1 x 2047 B,27,1025,1971361,0,0,0,7479020,15816116,1972327
1 x 2047 B,28,1025,1971890,0,0,0,7483751,15816116,1972854
1 x 2047 B,29,1025,1972699,0,0,0,7484081,15816116,1973675
1 x 2047 B,30,1025,1972368,0,0,0,7484333,15816116,1973326
1 x 2047 B,31,1025,1970057,0,0,0,7472820,15816116,1971029
3 x 2047 B,0,346,1993640,0,0,0,7563734,15929514,1994697
3 x 2047 B,1,346,1993886,0,0,0,7566528,15929514,1994885
3 x 2047 B,2,346,1995837,0,0,0,7571586,15929514,1996823
3 x 2047 B,3,346,1988999,0,0,0,7548852,15929514,1989984
3 x 2047 B,4,346,1992412,0,0,0,7558662,15929514,1993402
3 x 2047 B,5,346,1990760,0,0,0,7553326,15929514,1991744
3 x 2047 B,6,346,1991087,0,0,0,7553363,15929514,1992069
3 x 2047 B,7,346,1992297,0,0,0,7560748,15929514,1993274
3 x 2047 B,8,346,1995730,0,0,0,7571393,15929514,1996703
3 x 2047 B,9,346,1993693,0,0,0,7561636,15929514,1994740
3 x 2047 B,10,346,1994354,0,0,0,7566475,15929514,1995338
3 x 2047 B,11,346,1992747,0,0,0,7562559,15929514,1993725
3 x 2047 B,12,346,1993191,0,0,0,7563563,15929514,1994170
3 x 2047 B,13,346,1995805,0,0,0,7571292,15929514,1996801
3 x 2047 B,14,346,1993051,0,0,0,7561671,15929514,1994018
3 x 2047 B,15,346,1988010,0,0,0,7544639,15929514,1989011
3 x 2047 B,16,346,1993716,0,0,0,7564784,15929514,1994705
3 x 2047 B,17,346,1992673,0,0,0,7559916,15929514,1993850
3 x 2047 B,18,346,1994078,0,0,0,7562355,15929514,1995689
3 x 2047 B,19,346,1990649,0,0,0,7550044,15929514,1991927
3 x 2047 B,20,346,1994801,0,0,0,7560340,15929514,1996466
3 x 2047 B,21,346,1991577,0,0,0,7550991,15929514,1992845
3 x 2047 B,22,346,1996215,0,0,0,7561261,15929514,1998679
3 x 2047 B,23,346,1996184,0,0,0,7563311,15929514,1997275
3 x 2047 B,24,346,1993051,0,0,0,7561691,15929514,1994028
3 x 2047 B,25,346,1992402,0,0,0,7555787,15929514,1993424
3 x 2047 B,26,346,1991125,0,0,0,7554174,15929514,1992207
3 x 2047 B,27,346,1994769,0,0,0,7566992,15929514,1996110
3 x 2047 B,28,346,1987016,0,0,0,7535798,15929514,1988041
3 x 2047 B,29,346,1991735,0,0,0,7552895,15929514,1992740
3 x 2047 B,30,346,1994165,0,0,0,7563247,15929514,1995141
3 x 2047 B,31,346,1990122,0,0,0,7545600,15929514,1991137
4 x 2047 B,0,260,1997890,0,0,0,7580048,15949286,1998978
4 x 2047 B,1,260,1998080,0,0,0,7580182,15949286,1999073
4 x 2047 B,2,260,1998318,0,0,0,7580857,15949286,1999314
4 x 2047 B,3,260,1997774,0,0,0,7580846,15949286,1998753
4 x 2047 B,4,260,1997720,0,0,0,7580917,15949286,1998696
4 x 2047 B,5,260,1998589,0,0,0,7581269,15949286,1999587
4 x 2047 B,6,260,1997859,0,0,0,7579521,15949286,1998837
4 x 2047 B,7,260,1997984,0,0,0,7580415,15949286,1998965
4 x 2047 B,8,260,1997817,0,0,0,7580750,15949286,1998801
4 x 2047 B,9,260,1998224,0,0,0,7580558,15949286,1999204
4 x 2047 B,10,260,1998366,0,0,0,7581192,15949286,1999344
4 x 2047 B,11,260,1998058,0,0,0,7580327,15949286,1999036
4 x 2047 B,12,260,2011678,0,0,0,7579400,15949286,2003705
4 x 2047 B,13,260,1998694,0,0,0,7580488,15949286,1999724
4 x 2047 B,14,260,1998143,0,0,0,7580446,15949286,1999107
4 x 2047 B,15,260,1997932,0,0,0,7579792,15949286,1998896
4 x 2047 B,16,260,1997629,0,0,0,7580602,15949286,1998603
4 x 2047 B,17,260,1998465,0,0,0,7580966,15949286,1999437
4 x 2047 B,18,260,1998030,0,0,0,7580720,15949286,1999013
4 x 2047 B,19,260,1997784,0,0,0,7579953,15949286,1998754
4 x 2047 B,20,260,1998078,0,0,0,7581054,15949286,1999049
4 x 2047 B,21,260,1998288,0,0,0,7580800,15949286,1999255
4 x 2047 B,22,260,1997896,0,0,0,7580379,15949286,1998882
4 x 2047 B,23,260,1998331,0,0,0,7580918,15949286,1999297
4 x 2047 B,24,260,1998018,0,0,0,7580424,15949286,1999312
4 x 2047 B,25,260,1999291,0,0,0,7580493,15949286,2000378
4 x 2047 B,26,260,1998852,0,0,0,7581628,15949286,2000332
4 x 2047 B,27,260,1992729,0,0,0,7555731,15949286,1994029
4 x 2047 B,28,260,1992593,0,0,0,7555783,15949286,1993812
4 x 2047 B,29,260,1994942,0,0,0,7556252,15949286,1997085
4 x 2047 B,30,260,1992161,0,0,0,7555866,15949286,1993285
4 x 2047 B,31,260,2012106,0,0,0,7575385,15949286,2003552
6 x 2047 B,0,175,2000774,0,0,0,7590475,16091616,2002264
6 x 2047 B,1,175,2001231,0,0,0,7590824,16091616,2002964
6 x 2047 B,2,175,2010788,0,0,0,7591159,16091616,2011822
6 x 2047 B,3,175,2004272,0,0,0,7590244,16091616,2005311
6 x 2047 B,4,175,2006219,0,0,0,7590579,16091616,2007350
6 x 2047 B,5,175,2008376,0,0,0,7590975,16091616,2010140
6 x 2047 B,6,175,2006706,0,0,0,7590447,16091616,2008034
6 x 2047 B,7,175,2008481,0,0,0,7590488,16091616,2009533
6 x 2047 B,8,175,2028119,0,0,0,7609957,16091616,2029101
6 x 2047 B,9,175,2008383,0,0,0,7610458,16091616,2009629
6 x 2047 B,10,175,2011771,0,0,0,7610855,16091616,2013594
6 x 2047 B,11,175,2013288,0,0,0,7614540,16091616,2011948
6 x 2047 B,12,175,2014404,0,0,0,7596944,16091616,2008787
6 x 2047 B,13,175,2001367,0,0,0,7591506,16091616,2002374
6 x 2047 B,14,175,2001456,0,0,0,7589933,16091616,2002503
6 x 2047 B,15,175,2002685,0,0,0,7595767,16091616,2003694
6 x 2047 B,16,175,2001857,0,0,0,7590941,16091616,2002890
6 x 2047 B,17,175,2000882,0,0,0,7591698,16091616,2001880
6 x 2047 B,18,175,2001603,0,0,0,7590037,16091616,2002635
6 x 2047 B,19,175,2001134,0,0,0,7591177,16091616,2002184
6 x 2047 B,20,175,2002548,0,0,0,7589520,16091616,2003611
6 x 2047 B,21,175,2001019,0,0,0,7592336,16091616,2002013
6 x 2047 B,22,175,2001674,0,0,0,7589830,16091616,2002720
6 x 2047 B,23,175,2001267,0,0,0,7591494,16091616,2002263
6 x 2047 B,24,175,2000701,0,0,0,7590371,16091616,2001734
6 x 2047 B,25,175,2000730,0,0,0,7591288,16091616,2001739
6 x 2047 B,26,175,2001470,0,0,0,7593485,16091616,2002469
6 x 2047 B,27,175,2001147,0,0,0,7590765,16091616,2002148
6 x 2047 B,28,175,2001913,0,0,0,7594639,16091616,2002943
6 x 2047 B,29,175,2000342,0,0,0,7589921,16091616,2001354
6 x 2047 B,30,175,2001142,0,0,0,7591633,16091616,2002227
6 x 2047 B,31,175,2001299,0,0,0,7591957,16091616,2002757
8 x 2047 B,0,131,1998447,0,0,0,7580043,16055464,2000862
8 x 2047 B,1,131,1999179,0,0,0,7579994,16055464,2000817
8 x 2047 B,2,131,2000621,0,0,0,7583133,16055464,2002536
8 x 2047 B,3,131,2002653,0,0,0,7585391,16055464,2004409
8 x 2047 B,4,131,2006819,0,0,0,7580608,16055464,2004989
8 x 2047 B,5,131,2011741,0,0,0,7584779,16055464,2005843
8 x 2047 B,6,131,1998582,0,0,0,7580021,16055464,1999638
8 x 2047 B,7,131,2005034,0,0,0,7587825,16055464,2006119
8 x 2047 B,8,131,1998512,0,0,0,7581369,16055464,1999527
8 x 2047 B,9,131,1998131,0,0,0,7582328,16055464,1999127
8 x 2047 B,10,131,1999897,0,0,0,7584754,16055464,2000892
8 x 2047 B,11,131,1997156,0,0,0,7578392,16055464,1998167
8 x 2047 B,12,131,1998216,0,0,0,7579714,16055464,1999238
8 x 2047 B,13,131,1997756,0,0,0,7578054,16055464,1998780
8 x 2047 B,14,131,1999972,0,0,0,7579748,16055464,2001033
8 x 2047 B,15,131,1997906,0,0,0,7580595,16055464,1998928
8 x 2047 B,16,131,1998751,0,0,0,7582891,16055464,1999776
8 x 2047 B,17,131,2379809,0,0,0,7587665,16055465,2380874
8 x 2047 B,18,131,1997754,0,0,0,7578642,16055464,1998750
8 x 2047 B,19,131,1998081,0,0,0,7580756,16055464,1999081
8 x 2047 B,20,131,1997428,0,0,0,7578491,16055464,1998428
8 x 2047 B,21,131,1998576,0,0,0,7580772,16055464,1999589
8 x 2047 B,22,131,1999296,0,0,0,7585354,16055464,2000295
8 x 2047 B,23,131,1999026,0,0,0,7583734,16055464,2000028
8 x 2047 B,24,131,1999060,0,0,0,7585070,16055464,2000073
8 x 2047 B,25,131,1999590,0,0,0,7585221,16055464,2000587
8 x 2047 B,26,131,1997066,0,0,0,7576353,16055464,1998070
8 x 2047 B,27,131,1998223,0,0,0,7581048,16055464,1999237
8 x 2047 B,28,131,1998204,0,0,0,7582062,16055464,1999199
8 x 2047 B,29,131,1997479,0,0,0,7576487,16055464,1998479
8 x 2047 B,30,131,1999224,0,0,0,7583379,16055464,2000252
8 x 2047 B,31,131,1997740,0,0,0,7579628,16055464,1998762
12 x 2047 B,0,88,2012226,0,0,0,7632563,16172478,2013337
12 x 2047 B,1,88,2011724,0,0,0,7632801,16172478,2012770
12 x 2047 B,2,88,2011502,0,0,0,7631642,16172478,2012601
12 x 2047 B,3,88,2011540,0,0,0,7632008,16172478,2012597
12 x 2047 B,4,88,2013339,0,0,0,7633138,16172478,2014483
12 x 2047 B,5,88,2012693,0,0,0,7632459,16172478,2014163
12 x 2047 B,6,88,2012554,0,0,0,7632974,16172478,2013802
12 x 2047 B,7,88,2012981,0,0,0,7633129,16172478,2014717
12 x 2047 B,8,88,2013514,0,0,0,7633618,16172478,2014871
12 x 2047 B,9,88,2013842,0,0,0,7631908,16172478,2016360
12 x 2047 B,10,88,2014666,0,0,0,7633138,16172478,2016070
12 x 2047 B,11,88,2028223,0,0,0,7632944,16172478,2019820
12 x 2047 B,12,88,2013680,0,0,0,7634107,16172478,2014761
12 x 2047 B,13,88,2012412,0,0,0,7633043,16172478,2013456
12 x 2047 B,14,88,2013200,0,0,0,7633978,16172478,2014275
12 x 2047 B,15,88,2012009,0,0,0,7633098,16172478,2013037
12 x 2047 B,16,88,2013231,0,0,0,7633304,16172478,2014291
12 x 2047 B,17,88,2012211,0,0,0,7632406,16172478,2013239
12 x 2047 B,18,88,2014728,0,0,0,7633214,16172478,2015788
12 x 2047 B,19,88,2012140,0,0,0,7633592,16172478,2013173
12 x 2047 B,20,88,2012137,0,0,0,7632806,16172478,2013163
12 x 2047 B,21,88,2012254,0,0,0,7633238,16172478,2013292
12 x 2047 B,22,88,2011871,0,0,0,7632848,16172478,2012930
12 x 2047 B,23,88,2012090,0,0,0,7633410,16172478,2013122
12 x 2047 B,24,88,2012196,0,0,0,7633273,16172478,2013226
12 x 2047 B,25,88,2012228,0,0,0,7633329,16172478,2013267
12 x 2047 B,26,88,2011745,0,0,0,7633392,16172478,2012790
12 x 2047 B,27,88,2011851,0,0,0,7632738,16172478,2012890
12 x 2047 B,28,88,2011857,0,0,0,7632403,16172478,2012902
12 x 2047 B,29,88,2012260,0,0,0,7633004,16172478,2013308
12 x 2047 B,30,88,2011873,0,0,0,7633585,16172478,2012900
12 x 2047 B,31,88,2011914,0,0,0,7633050,16172478,2012947
16 x 2047 B,0,66,2016050,0,0,0,7648670,16169706,2017184
16 x 2047 B,1,66,2016090,0,0,0,7649529,16169706,2017193
16 x 2047 B,2,66,2016361,0,0,0,7650587,16169706,2017399
16 x 2047 B,3,66,2016291,0,0,0,7647693,16169706,2017324
16 x 2047 B,4,66,2017120,0,0,0,7652677,16169706,2018163
16 x 2047 B,5,66,2017487,0,0,0,7653838,16169706,2018540
16 x 2047 B,6,66,2016808,0,0,0,7652372,16169706,2017845
16 x 2047 B,7,66,2035074,0,0,0,7652432,16169707,2028219
16 x 2047 B,8,66,2017138,0,0,0,7652665,16169706,2018208
16 x 2047 B,9,66,2016877,0,0,0,7651775,16169706,2017924
16 x 2047 B,10,66,2017819,0,0,0,7654397,16169706,2018860
16 x 2047 B,11,66,2016981,0,0,0,7651373,16169706,2018107
16 x 2047 B,12,66,2018273,0,0,0,7652163,16169706,2019686
16 x 2047 B,13,66,2017363,0,0,0,7652853,16169706,2018690
16 x 2047 B,14,66,2018692,0,0,0,7652748,16169706,2020822
16 x 2047 B,15,66,2018605,0,0,0,7653114,16169706,2020002
16 x 2047 B,16,66,2021107,0,0,0,7653721,16169706,2023172
16 x 2047 B,17,66,2024518,0,0,0,7653649,16169706,2023653
16 x 2047 B,18,66,2026367,0,0,0,7646015,16169706,2020697
16 x 2047 B,19,66,2016519,0,0,0,7648796,16169706,2017584
16 x 2047 B,20,66,2017570,0,0,0,7652631,16169706,2018691
16 x 2047 B,21,66,2017469,0,0,0,7653424,16169706,2018515
16 x 2047 B,22,66,2016936,0,0,0,7647608,16169706,2017997
16 x 2047 B,23,66,2043160,0,0,0,7652658,16169706,2044256
16 x 2047 B,24,66,2020546,0,0,0,7637819,16169706,2021610
16 x 2047 B,25,66,2035876,0,0,0,7632605,16169706,2036918
16 x 2047 B,26,66,2018856,0,0,0,7631888,16169706,2019882
16 x 2047 B,27,66,2019804,0,0,0,7636732,16169706,2020831
16 x 2047 B,28,66,2024048,0,0,0,7647611,16169706,2025080
16 x 2047 B,29,66,2019176,0,0,0,7632438,16169706,2020220
16 x 2047 B,30,66,2018284,0,0,0,7632701,16169706,2019316
16 x 2047 B,31,66,2020402,0,0,0,7632412,16169706,2021472
24 x 2047 B,0,44,2019489,0,0,0,7629728,16166934,2020622
24 x 2047 B,1,44,2019011,0,0,0,7630482,16166934,2020094
24 x 2047 B,2,44,2015612,0,0,0,7632108,16166934,2016652
24 x 2047 B,3,44,2011757,0,0,0,7632314,16166934,2012795
24 x 2047 B,4,44,2012703,0,0,0,7632430,16166934,2013764
24 x 2047 B,5,44,2011618,0,0,0,7631046,16166934,2012675
24 x 2047 B,6,44,2011936,0,0,0,7629438,16166934,2012989
24 x 2047 B,7,44,2011069,0,0,0,7629978,16166934,2012121
24 x 2047 B,8,44,2010859,0,0,0,7628781,16166934,2011900
24 x 2047 B,9,44,2010539,0,0,0,7628463,16166934,2011581
24 x 2047 B,10,44,2011493,0,0,0,7628977,16166934,2012551
24 x 2047 B,11,44,2010625,0,0,0,7629247,16166934,2011680
24 x 2047 B,12,44,2011120,0,0,0,7630135,16166934,2012154
24 x 2047 B,13,44,2010550,0,0,0,7628579,16166934,2011600
24 x 2047 B,14,44,2011406,0,0,0,7629159,16166934,2012454
24 x 2047 B,15,44,2010805,0,0,0,7629543,16166934,2011850
24 x 2047 B,16,44,2011296,0,0,0,7630508,16166934,2012344
24 x 2047 B,17,44,2010787,0,0,0,7629928,16166934,2011924
24 x 2047 B,18,44,2012356,0,0,0,7631589,16166934,2013845
24 x 2047 B,19,44,2011418,0,0,0,7629387,16166934,2012623
24 x 2047 B,20,44,2011677,0,0,0,7629307,16166934,2013742
24 x 2047 B,21,44,2012617,0,0,0,7630635,16166934,2014061
24 x 2047 B,22,44,2012621,0,0,0,7630541,16166934,2018481
24 x 2047 B,23,44,2021912,0,0,0,7630579,16166934,2020543
24 x 2047 B,24,44,2022168,0,0,0,7630004,16166934,2016813
24 x 2047 B,25,44,2014136,0,0,0,7635666,16166934,2015255
24 x 2047 B,26,44,2011187,0,0,0,7629932,16166934,2012232
24 x 2047 B,27,44,2010976,0,0,0,7629075,16166934,2012050
24 x 2047 B,28,44,2010803,0,0,0,7629325,16166934,2011881
24 x 2047 B,29,44,2012129,0,0,0,7629595,16166934,2013202
24 x 2047 B,30,44,2013019,0,0,0,7632804,16166934,2014102
24 x 2047 B,31,44,2012254,0,0,0,7632355,16166934,2013316
64 x 2047 B,0,17,2074126,0,0,0,7867992,16653260,2075276
64 x 2047 B,1,17,2075418,0,0,0,7872486,16653260,2076457
64 x 2047 B,2,17,2074896,0,0,0,7872669,16653260,2075952
64 x 2047 B,3,17,2074905,0,0,0,7873113,16653260,2075941
64 x 2047 B,4,17,2076186,0,0,0,7872135,16653260,2077306
64 x 2047 B,5,17,2083154,0,0,0,7872687,16653260,2078866
64 x 2047 B,6,17,2074858,0,0,0,7872995,16653260,2075902
64 x 2047 B,7,17,2076931,0,0,0,7873008,16653261,2077968
64 x 2047 B,8,17,2075234,0,0,0,7871880,16653260,2076296
64 x 2047 B,9,17,2075019,0,0,0,7872708,16653260,2076055
64 x 2047 B,10,17,2074463,0,0,0,7871276,16653260,2075544
64 x 2047 B,11,17,2073136,0,0,0,7862899,16653260,2074256
64 x 2047 B,12,17,2074439,0,0,0,7863679,16653260,2075539
64 x 2047 B,13,17,2072982,0,0,0,7863269,16653260,2074195
64 x 2047 B,14,17,2074499,0,0,0,7865232,16653260,2075630
64 x 2047 B,15,17,2073480,0,0,0,7864992,16653260,2074587
64 x 2047 B,16,17,2073885,0,0,0,7862818,16653260,2074958
64 x 2047 B,17,17,2072808,0,0,0,7863009,16653260,2073883
64 x 2047 B,18,17,2073535,0,0,0,7862871,16653260,2074603
64 x 2047 B,19,17,2072209,0,0,0,7862508,16653260,2073259
64 x 2047 B,20,17,2073720,0,0,0,7862437,16653260,2074804
64 x 2047 B,21,17,2074420,0,0,0,7863189,16653261,2075471
64 x 2047 B,22,17,2072306,0,0,0,7862589,16653260,2073366
64 x 2047 B,23,17,2072962,0,0,0,7863562,16653260,2074034
64 x 2047 B,24,17,2072980,0,0,0,7864111,16653260,2074141
64 x 2047 B,25,17,2074640,0,0,0,7867715,16653260,2076101
64 x 2047 B,26,17,2073737,0,0,0,7865357,16653260,2074984
64 x 2047 B,27,17,2073343,0,0,0,7862584,16653260,2075357
64 x 2047 B,28,17,2073236,0,0,0,7862694,16653260,2074658
64 x 2047 B,29,17,2084983,0,0,0,7863458,16653260,2084144
64 x 2047 B,30,17,2079902,0,0,0,7863598,16653260,2079112
64 x 2047 B,31,17,2085833,0,0,0,7871936,16653260,2080328
128 x 2047 B,0,9,2189366,0,0,0,8308573,17631708,2190550
128 x 2047 B,1,9,2190147,0,0,0,8307258,17631708,2191214
128 x 2047 B,2,9,2189325,0,0,0,8308287,17631708,2190367
128 x 2047 B,3,9,2192136,0,0,0,8308211,17631709,2193217
128 x 2047 B,4,9,2190100,0,0,0,8307732,17631708,2191170
128 x 2047 B,5,9,2188854,0,0,0,8305953,17631708,2189899
128 x 2047 B,6,9,2189904,0,0,0,8306813,17631708,2190978
128 x 2047 B,7,9,2189732,0,0,0,8308212,17631708,2190796
128 x 2047 B,8,9,2191123,0,0,0,8306838,17631709,2192178
128 x 2047 B,9,9,2189087,0,0,0,8307243,17631708,2190125
128 x 2047 B,10,9,2190023,0,0,0,8307875,17631708,2191060
128 x 2047 B,11,9,2188966,0,0,0,8306004,17631708,2190029
128 x 2047 B,12,9,2189524,0,0,0,8306646,17631708,2190568
128 x 2047 B,13,9,2190537,0,0,0,8306388,17631709,2191590
128 x 2047 B,14,9,2188927,0,0,0,8306814,17631708,2189968
128 x 2047 B,15,9,2189105,0,0,0,8307474,17631708,2190157
128 x 2047 B,16,9,2189131,0,0,0,8307964,17631708,2190173
128 x 2047 B,17,9,2189098,0,0,0,8307249,17631708,2190130
128 x 2047 B,18,9,2189646,0,0,0,8309369,17631708,2190685
128 x 2047 B,19,9,2192553,0,0,0,8311102,17631709,2193589
128 x 2047 B,20,9,2189211,0,0,0,8308852,17631708,2190249
128 x 2047 B,21,9,2189096,0,0,0,8307226,17631708,2190134
128 x 2047 B,22,9,2189369,0,0,0,8309001,17631708,2190418
128 x 2047 B,23,9,2189697,0,0,0,8309129,17631708,2190744
128 x 2047 B,24,9,2191528,0,0,0,8310302,17631709,2192576
128 x 2047 B,25,9,2189477,0,0,0,8307982,17631708,2190506
128 x 2047 B,26,9,2189873,0,0,0,8309386,17631708,2190898
128 x 2047 B,27,9,2189323,0,0,0,8307996,17631708,2190381
128 x 2047 B,28,9,2190024,0,0,0,8309332,17631708,2191288
128 x 2047 B,29,9,2193359,0,0,0,8313288,17631709,2194592
128 x 2047 B,30,9,2191932,0,0,0,8314533,17631708,2193558
128 x 2047 B,31,9,2191579,0,0,0,8310980,17631708,2192849
129 x 2047 B,0,9,2220169,0,0,0,8379748,17769445,2219432
129 x 2047 B,1,9,2218560,0,0,0,8378590,17769444,2213502
129 x 2047 B,2,9,2209250,0,0,0,8377748,17769444,2210375
129 x 2047 B,3,9,2208453,0,0,0,8378276,17769444,2209516
129 x 2047 B,4,9,2210542,0,0,0,8377281,17769445,2211604
129 x 2047 B,5,9,2207914,0,0,0,8377993,17769444,2208954
129 x 2047 B,6,9,2213646,0,0,0,8399103,17769444,2214691
129 x 2047 B,7,9,2214173,0,0,0,8399426,17769444,2215301
129 x 2047 B,8,9,2214427,0,0,0,8400360,17769444,2215475
129 x 2047 B,9,9,2220048,0,0,0,8390847,17769445,2221246
129 x 2047 B,10,9,2210897,0,0,0,8387670,17769444,2212001
129 x 2047 B,11,9,2214978,0,0,0,8403041,17769444,2216027
129 x 2047 B,12,9,2211832,0,0,0,8393008,17769444,2212897
129 x 2047 B,13,9,2210378,0,0,0,8388729,17769444,2211422
129 x 2047 B,14,9,2216025,0,0,0,8401860,17769445,2217076
129 x 2047 B,15,9,2214889,0,0,0,8403040,17769444,2215947
129 x 2047 B,16,9,2214426,0,0,0,8404437,17769444,2215465
129 x 2047 B,17,9,2210052,0,0,0,8385552,17769444,2211097
129 x 2047 B,18,9,2213168,0,0,0,8390561,17769445,2214229
129 x 2047 B,19,9,2212700,0,0,0,8395682,17769444,2213767
129 x 2047 B,20,9,2211610,0,0,0,8393294,17769444,2212663
129 x 2047 B,21,9,2212122,0,0,0,8391019,17769444,2213251
129 x 2047 B,22,9,2217506,0,0,0,8410491,17769444,2218561
129 x 2047 B,23,9,2214978,0,0,0,8398090,17769445,2216016
129 x 2047 B,24,9,2213197,0,0,0,8398530,17769444,2214262
129 x 2047 B,25,9,2211904,0,0,0,8393013,17769444,2212931
129 x 2047 B,26,9,2214314,0,0,0,8400999,17769444,2215374
129 x 2047 B,27,9,2212275,0,0,0,8387643,17769445,2213323
129 x 2047 B,28,9,2209515,0,0,0,8385532,17769444,2210554
129 x 2047 B,29,9,2213010,0,0,0,8395197,17769444,2214074
129 x 2047 B,30,9,2210619,0,0,0,8388201,17769444,2211664
129 x 2047 B,31,9,2210792,0,0,0,8389453,17769444,2211905
1024 x 2047 B,0,2,3906554,0,0,0,14803189,31343212,3911286
1024 x 2047 B,1,2,3929973,0,0,0,14784326,31343212,3917045
1024 x 2047 B,2,2,3899577,0,0,0,14780777,31343212,3901220
1024 x 2047 B,3,2,3912061,0,0,0,14783539,31343212,3913751
1024 x 2047 B,4,2,3913360,0,0,0,14782788,31343212,3914882
1024 x 2047 B,5,2,3901907,0,0,0,14785521,31343211,3903426
1024 x 2047 B,6,2,3897225,0,0,0,14782349,31343212,3898637
1024 x 2047 B,7,2,3897329,0,0,0,14782661,31343212,3898793
1024 x 2047 B,8,2,3907283,0,0,0,14782277,31343212,3908803
1024 x 2047 B,9,2,3899234,0,0,0,14786452,31343212,3900707
1024 x 2047 B,10,2,3903456,0,0,0,14789492,31343212,3905281
1024 x 2047 B,11,2,3919174,0,0,0,14809234,31343212,3911912
1024 x 2047 B,12,2,3903422,0,0,0,14805621,31343212,3904781
1024 x 2047 B,13,2,3903063,0,0,0,14802022,31343212,3904396
1024 x 2047 B,14,2,3902742,0,0,0,14802836,31343212,3904053
1024 x 2047 B,15,2,3903250,0,0,0,14810950,31343211,3904577
1024 x 2047 B,16,2,3899773,0,0,0,14799841,31343211,3901304
1024 x 2047 B,17,2,3901822,0,0,0,14798385,31343212,3903146
1024 x 2047 B,18,2,3904304,0,0,0,14807916,31343212,3905835
1024 x 2047 B,19,2,3904453,0,0,0,14801483,31343212,3907356
1024 x 2047 B,20,2,3902261,0,0,0,14787910,31343212,3904185
1024 x 2047 B,21,2,3914265,0,0,0,14786069,31343212,3912569
1024 x 2047 B,22,2,3912652,0,0,0,14783257,31343212,3906001
1024 x 2047 B,23,2,3898786,0,0,0,14778630,31343212,3900380
1024 x 2047 B,24,2,3898677,0,0,0,14778942,31343212,3900190
1024 x 2047 B,25,2,3902220,0,0,0,14780516,31343213,3903833
1024 x 2047 B,26,2,3895360,0,0,0,14781004,31343211,3896744
1024 x 2047 B,27,2,3897590,0,0,0,14785635,31343212,3899041
1024 x 2047 B,28,2,3898223,0,0,0,14782175,31343212,3899620
1024 x 2047 B,29,2,3897280,0,0,0,14783269,31343212,3898665
1024 x 2047 B,30,2,3897858,0,0,0,14783367,31343212,3899219
1024 x 2047 B,31,2,3896453,0,0,0,14781488,31343212,3897827
1 x 2049 B,0,1188,1963869,0,0,0,7453300,10636530,1964967
1 x 2049 B,1,1188,1965664,0,0,0,7457762,10636530,1966607
1 x 2049 B,2,1188,1964882,0,0,0,7454403,10636530,1965843
1 x 2049 B,3,1188,1965693,0,0,0,7452691,10636530,1966750
1 x 2049 B,4,1188,1964568,0,0,0,7455252,10636530,1965562
1 x 2049 B,5,1188,1966045,0,0,0,7458919,10636530,1967075
1 x 2049 B,6,1188,1965824,0,0,0,7460137,10636530,1966796
1 x 2049 B,7,1188,1965690,0,0,0,7457887,10636530,1966650
1 x 2049 B,8,1188,1965042,0,0,0,7457562,10636530,1966014
1 x 2049 B,9,1188,1965762,0,0,0,7458002,10636530,1966724
1 x 2049 B,10,1188,1967957,0,0,0,7465599,10636530,1968915
1 x 2049 B,11,1188,1966327,0,0,0,7459009,10636530,1967290
1 x 2049 B,12,1188,1965462,0,0,0,7458006,10636530,1966423
1 x 2049 B,13,1188,1966485,0,0,0,7458389,10636530,1967883
1 x 2049 B,14,1188,1961216,0,0,0,7445819,10636529,1962310
1 x 2049 B,15,1188,1980488,0,0,0,7508256,10636530,1982330
1 x 2049 B,16,1188,1981259,0,0,0,7511165,10636530,1982772
1 x 2049 B,17,1188,1980476,0,0,0,7509390,10636530,1982816
1 x 2049 B,18,1188,1993688,0,0,0,7507319,10636530,1995818
1 x 2049 B,19,1188,1990798,0,0,0,7508468,10636530,1988487
1 x 2049 B,20,1188,1990499,0,0,0,7507649,10636530,1984326
1 x 2049 B,21,1188,1974423,0,0,0,7486900,10636530,1975460
1 x 2049 B,22,1188,1967960,0,0,0,7466049,10636530,1969122
1 x 2049 B,23,1188,1966185,0,0,0,7457729,10636530,1967201
1 x 2049 B,24,1188,1970794,0,0,0,7452044,10636530,1968633
1 x 2049 B,25,1188,1965855,0,0,0,7450383,10636530,1966862
1 x 2049 B,26,1188,1965478,0,0,0,7456652,10636530,1966448
1 x 2049 B,27,1188,1967194,0,0,0,7464563,10636530,1968176
1 x 2049 B,28,1188,2342981,0,0,0,7458658,10636531,2344031
1 x 2049 B,29,1188,1963823,0,0,0,7450494,10636530,1964802
1 x 2049 B,30,1188,1962161,0,0,0,7451428,10636529,1963112
1 x 2049 B,31,1188,1965501,0,0,0,7458658,10636530,1966469
3 x 2049 B,0,401,1997368,0,0,0,7579887,10669773,1998448
3 x 2049 B,1,401,1996584,0,0,0,7573298,10669773,1997566
3 x 2049 B,2,401,1998025,0,0,0,7579713,10669773,1999009
3 x 2049 B,3,401,1997641,0,0,0,7579942,10669773,1998623
3 x 2049 B,4,401,1997529,0,0,0,7580305,10669773,1998508
3 x 2049 B,5,401,1997699,0,0,0,7579988,10669773,1998675
3 x 2049 B,6,401,1997328,0,0,0,7579786,10669773,1998296
3 x 2049 B,7,401,1998219,0,0,0,7579775,10669773,1999187
3 x 2049 B,8,401,1997524,0,0,0,7580129,10669773,1998493
3 x 2049 B,9,401,1996162,0,0,0,7573659,10669773,1997142
3 x 2049 B,10,401,1999007,0,0,0,7580107,10669773,2000017
3 x 2049 B,11,401,1996834,0,0,0,7574369,10669773,1997822
3 x 2049 B,12,401,1997438,0,0,0,7580259,10669773,1998417
3 x 2049 B,13,401,1998056,0,0,0,7579958,10669773,1999053
3 x 2049 B,14,401,1997590,0,0,0,7579958,10669773,1998582
3 x 2049 B,15,401,1997597,0,0,0,7579907,10669773,1998587
3 x 2049 B,16,401,1998699,0,0,0,7580283,10669773,1999687
3 x 2049 B,17,401,1997347,0,0,0,7579950,10669773,1998343
3 x 2049 B,18,401,1997571,0,0,0,7579766,10669773,1998543
3 x 2049 B,19,401,1997631,0,0,0,7579775,10669773,1998610
3 x 2049 B,20,401,1998332,0,0,0,7580029,10669773,1999504
3 x 2049 B,21,401,1999399,0,0,0,7580370,10669773,2000604
3 x 2049 B,22,401,1998635,0,0,0,7580181,10669773,2000242
3 x 2049 B,23,401,2010064,0,0,0,7577783,10669773,2004954
3 x 2049 B,24,401,1999999,0,0,0,7581072,10669773,2001391
3 x 2049 B,25,401,1999375,0,0,0,7574515,10669773,2001210
3 x 2049 B,26,401,2007321,0,0,0,7580903,10669774,2006059
3 x 2049 B,27,401,1998201,0,0,0,7580329,10669773,1999175
3 x 2049 B,28,401,1996537,0,0,0,7576385,10669773,1997508
3 x 2049 B,29,401,1994083,0,0,0,7572998,10669772,1995044
3 x 2049 B,30,401,1994098,0,0,0,7573195,10669772,1997307
3 x 2049 B,31,401,1996776,0,0,0,7576869,10669773,1997843
4 x 2049 B,0,303,2003755,0,0,0,7598110,10736868,2004918
4 x 2049 B,1,303,2001474,0,0,0,7594543,10736868,2002463
4 x 2049 B,2,303,2003059,0,0,0,7595486,10736868,2004094
4 x 2049 B,3,303,2002500,0,0,0,7597673,10736868,2003487
4 x 2049 B,4,303,2001713,0,0,0,7595281,10736868,2002689
4 x 2049 B,5,303,2001756,0,0,0,7595641,10736868,2002736
4 x 2049 B,6,303,2002441,0,0,0,7597977,10736868,2003431
4 x 2049 B,7,303,2001225,0,0,0,7594943,10736868,2002214
4 x 2049 B,8,303,2002575,0,0,0,7598351,10736868,2003582
4 x 2049 B,9,303,2002786,0,0,0,7598426,10736868,2003768
4 x 2049 B,10,303,2008799,0,0,0,7597785,10736868,2009796
4 x 2049 B,11,303,2002263,0,0,0,7598296,10736868,2003239
4 x 2049 B,12,303,2002497,0,0,0,7598203,10736868,2003501
4 x 2049 B,13,303,2002506,0,0,0,7598409,10736868,2003497
4 x 2049 B,14,303,2002244,0,0,0,7597705,10736868,2003241
4 x 2049 B,15,303,2002856,0,0,0,7598408,10736868,2003835
4 x 2049 B,16,303,2002391,0,0,0,7598001,10736868,2003376
4 x 2049 B,17,303,2002309,0,0,0,7597912,10736868,2003274
4 x 2049 B,18,303,2002625,0,0,0,7598520,10736868,2003604
4 x 2049 B,19,303,2002089,0,0,0,7597882,10736868,2003070
4 x 2049 B,20,303,2002223,0,0,0,7597970,10736868,2003197
4 x 2049 B,21,303,2003011,0,0,0,7598356,10736868,2003987
4 x 2049 B,22,303,2002118,0,0,0,7598045,10736868,2003096
4 x 2049 B,23,303,2002530,0,0,0,7596877,10736868,2003509
4 x 2049 B,24,303,2002089,0,0,0,7598058,10736868,2003064
4 x 2049 B,25,303,2002333,0,0,0,7597561,10736868,2003310
4 x 2049 B,26,303,2002722,0,0,0,7598364,10736868,2003831
4 x 2049 B,27,303,2002544,0,0,0,7597788,10736868,2003935
4 x 2049 B,28,303,2003634,0,0,0,7599077,10736868,2004743
4 x 2049 B,29,303,2003623,0,0,0,7598441,10736868,2005006
4 x 2049 B,30,303,2003913,0,0,0,7598571,10736868,2005219
4 x 2049 B,31,303,2004257,0,0,0,7598128,10736868,2005430
6 x 2049 B,0,201,2007928,0,0,0,7615681,10671054,2009099
6 x 2049 B,1,201,2008004,0,0,0,7617511,10671054,2009036
6 x 2049 B,2,201,2008599,0,0,0,7620088,10671054,2009623
6 x 2049 B,3,201,2007038,0,0,0,7616334,10671054,2008048
6 x 2049 B,4,201,2007959,0,0,0,7619412,10671054,2008975
6 x 2049 B,5,201,2006896,0,0,0,7616203,10671054,2007927
6 x 2049 B,6,201,2007347,0,0,0,7616198,10671054,2008436
6 x 2049 B,7,201,2008402,0,0,0,7619043,10671054,2009400
6 x 2049 B,8,201,2008994,0,0,0,7619035,10671054,2010002
6 x 2049 B,9,201,2009508,0,0,0,7620455,10671054,2010554
6 x 2049 B,10,201,2008423,0,0,0,7620276,10671054,2009420
6 x 2049 B,11,201,2009671,0,0,0,7620882,10671054,2010723
6 x 2049 B,12,201,2008156,0,0,0,7619791,10671054,2009153
6 x 2049 B,13,201,2009531,0,0,0,7620341,10671054,2010592
6 x 2049 B,14,201,2008364,0,0,0,7620902,10671054,2009363
6 x 2049 B,15,201,2007932,0,0,0,7618206,10671054,2008925
6 x 2049 B,16,201,2007790,0,0,0,7618177,10671054,2008775
6 x 2049 B,17,201,2007888,0,0,0,7618393,10671054,2008889
6 x 2049 B,18,201,2007853,0,0,0,7617641,10671054,2008839
6 x 2049 B,19,201,2007706,0,0,0,7618071,10671054,2008701
6 x 2049 B,20,201,2008085,0,0,0,7619697,10671054,2009089
6 x 2049 B,21,201,2008190,0,0,0,7619832,10671054,2009180
6 x 2049 B,22,201,2007619,0,0,0,7618558,10671054,2008626
6 x 2049 B,23,201,2008095,0,0,0,7618978,10671054,2009094
6 x 2049 B,24,201,2008622,0,0,0,7620449,10671054,2009636
6 x 2049 B,25,201,2008299,0,0,0,7620222,10671054,2009280
6 x 2049 B,26,201,2008007,0,0,0,7619320,10671054,2009015
6 x 2049 B,27,201,2008290,0,0,0,7620068,10671054,2009287
6 x 2049 B,28,201,2007801,0,0,0,7620279,10671054,2008795
6 x 2049 B,29,201,2008309,0,0,0,7620324,10671054,2009303
6 x 2049 B,30,201,2008165,0,0,0,7620727,10671054,2009170
6 x 2049 B,31,201,2008427,0,0,0,7620966,10671054,2009421
8 x 2049 B,0,151,2003525,0,0,0,7601014,10682408,2004630
8 x 2049 B,1,151,2004247,0,0,0,7602961,10682408,2005682
8 x 2049 B,2,151,2003561,0,0,0,7597526,10682408,2004602
8 x 2049 B,3,151,2004004,0,0,0,7600649,10682408,2005843
8 x 2049 B,4,151,2002629,0,0,0,7594211,10682408,2004012
8 x 2049 B,5,151,2006485,0,0,0,7606019,10682408,2008200
8 x 2049 B,6,151,2004075,0,0,0,7592074,10682408,2005744
8 x 2049 B,7,151,2015819,0,0,0,7599585,10682408,2008896
8 x 2049 B,8,151,2003507,0,0,0,7596407,10682408,2004596
8 x 2049 B,9,151,2002502,0,0,0,7593165,10682408,2003561
8 x 2049 B,10,151,2000537,0,0,0,7590747,10682408,2001569
8 x 2049 B,11,151,2003706,0,0,0,7599331,10682408,2004746
8 x 2049 B,12,151,2004450,0,0,0,7604793,10682408,2005483
8 x 2049 B,13,151,2005135,0,0,0,7608404,10682408,2006165
8 x 2049 B,14,151,2000653,0,0,0,7592018,10682408,2001703
8 x 2049 B,15,151,2004249,0,0,0,7602331,10682408,2005273
8 x 2049 B,16,151,2002741,0,0,0,7599897,10682408,2003759
8 x 2049 B,17,151,2005762,0,0,0,7608681,10682408,2006779
8 x 2049 B,18,151,2002832,0,0,0,7600033,10682408,2003852
8 x 2049 B,19,151,2000373,0,0,0,7590216,10682408,2001379
8 x 2049 B,20,151,2004209,0,0,0,7605598,10682408,2005227
8 x 2049 B,21,151,2003933,0,0,0,7603401,10682408,2004935
8 x 2049 B,22,151,2000335,0,0,0,7591205,10682408,2001359
8 x 2049 B,23,151,2001718,0,0,0,7594543,10682408,2002741
8 x 2049 B,24,151,2005203,0,0,0,7608002,10682408,2006246
8 x 2049 B,25,151,2001832,0,0,0,7595410,10682408,2002834
8 x 2049 B,26,151,2002983,0,0,0,7599928,10682408,2004005
8 x 2049 B,27,151,2001047,0,0,0,7593753,10682408,2002063
8 x 2049 B,28,151,2005307,0,0,0,7608450,10682414,2006324
8 x 2049 B,29,151,2005099,0,0,0,7607978,10682414,2006242
8 x 2049 B,30,151,2006126,0,0,0,7608759,10682408,2007510
8 x 2049 B,31,151,2003876,0,0,0,7600899,10682408,2005124
12 x 2049 B,0,101,2004255,0,0,0,7597459,10711416,2005719
12 x 2049 B,1,101,2006423,0,0,0,7606500,10711416,2008650
12 x 2049 B,2,101,2009408,0,0,0,7610959,10711416,2010754
12 x 2049 B,3,101,2020173,0,0,0,7606965,10711416,2012446
12 x 2049 B,4,101,2005557,0,0,0,7606125,10711416,2006635
12 x 2049 B,5,101,1998581,0,0,0,7583528,10711416,1999619
12 x 2049 B,6,101,2005276,0,0,0,7608333,10711416,2006372
12 x 2049 B,7,101,2003574,0,0,0,7600208,10711416,2004688
12 x 2049 B,8,101,2006158,0,0,0,7608432,10711416,2007793
12 x 2049 B,9,101,2006928,0,0,0,7604245,10711416,2008074
12 x 2049 B,10,101,2006308,0,0,0,7601737,10711416,2008394
12 x 2049 B,11,101,2005082,0,0,0,7601658,10711416,2007191
12 x 2049 B,12,101,2376564,0,0,0,7602450,10711417,2377752
12 x 2049 B,13,101,2005727,0,0,0,7606857,10711416,2007138
12 x 2049 B,14,101,2009588,0,0,0,7613814,10711416,2011605
12 x 2049 B,15,101,2021774,0,0,0,7612533,10711416,2014603
12 x 2049 B,16,101,2004768,0,0,0,7599628,10711416,2005888
12 x 2049 B,17,101,2006168,0,0,0,7606636,10711416,2007224
12 x 2049 B,18,101,2014989,0,0,0,7612486,10711416,2010791
12 x 2049 B,19,101,2001386,0,0,0,7591719,10711416,2002471
12 x 2049 B,20,101,2391311,0,0,0,7614877,10711416,2392414
12 x 2049 B,21,101,2004625,0,0,0,7606089,10711416,2005676
12 x 2049 B,22,101,2005158,0,0,0,7609408,10711416,2006195
12 x 2049 B,23,101,2007108,0,0,0,7616645,10711416,2008151
12 x 2049 B,24,101,2008079,0,0,0,7616202,10711416,2009163
12 x 2049 B,25,101,2005774,0,0,0,7611330,10711416,2006814
12 x 2049 B,26,101,2004777,0,0,0,7608852,10711416,2005828
12 x 2049 B,27,101,2004168,0,0,0,7604192,10711416,2005194
12 x 2049 B,28,101,2005830,0,0,0,7613500,10711416,2006864
12 x 2049 B,29,101,2005286,0,0,0,7608564,10711416,2006328
12 x 2049 B,30,101,2004742,0,0,0,7608811,10711416,2005769
12 x 2049 B,31,101,2003968,0,0,0,7600785,10711416,2005124
16 x 2049 B,0,76,2006930,0,0,0,7615096,10743574,2008073
16 x 2049 B,1,76,2006128,0,0,0,7614139,10743574,2007151
16 x 2049 B,2,76,2010172,0,0,0,7627686,10743574,2011196
16 x 2049 B,3,76,2015095,0,0,0,7641457,10743575,2016111
16 x 2049 B,4,76,2012415,0,0,0,7636117,10743574,2013440
16 x 2049 B,5,76,2007523,0,0,0,7619592,10743574,2008561
16 x 2049 B,6,76,2012553,0,0,0,7615933,10743574,2013634
16 x 2049 B,7,76,2008276,0,0,0,7615438,10743574,2009361
16 x 2049 B,8,76,2011330,0,0,0,7631077,10743574,2012372
16 x 2049 B,9,76,2010999,0,0,0,7628808,10743574,2012060
16 x 2049 B,10,76,2009693,0,0,0,7624179,10743574,2010734
16 x 2049 B,11,76,2008854,0,0,0,7622362,10743574,2009894
16 x 2049 B,12,76,2008508,0,0,0,7621385,10743574,2009554
16 x 2049 B,13,76,2011505,0,0,0,7632140,10743574,2012560
16 x 2049 B,14,76,2009483,0,0,0,7624346,10743574,2010561
16 x 2049 B,15,76,2011877,0,0,0,7628877,10743574,2013130
16 x 2049 B,16,76,2013638,0,0,0,7626984,10743574,2015296
16 x 2049 B,17,76,2024273,0,0,0,7625406,10743574,2017959
16 x 2049 B,18,76,2009041,0,0,0,7620788,10743574,2010362
16 x 2049 B,19,76,2012283,0,0,0,7621052,10743574,2014682
16 x 2049 B,20,76,2016832,0,0,0,7621598,10743574,2015719
16 x 2049 B,21,76,2022295,0,0,0,7624855,10743574,2015211
16 x 2049 B,22,76,2013261,0,0,0,7635945,10743574,2014311
16 x 2049 B,23,76,2005885,0,0,0,7610238,10743574,2007021
16 x 2049 B,24,76,2007881,0,0,0,7613651,10743574,2008928
16 x 2049 B,25,76,2008117,0,0,0,7614344,10743574,2009186
16 x 2049 B,26,76,2007120,0,0,0,7614362,10743574,2008163
16 x 2049 B,27,76,2006891,0,0,0,7612687,10743574,2007935
16 x 2049 B,28,76,2006427,0,0,0,7611285,10743574,2007452
16 x 2049 B,29,76,2006089,0,0,0,7611684,10743574,2007119
16 x 2049 B,30,76,2007263,0,0,0,7616239,10743574,2008289
16 x 2049 B,31,76,2007205,0,0,0,7617285,10743574,2008234
24 x 2049 B,0,51,2023642,0,0,0,7678178,10811040,2024748
24 x 2049 B,1,51,2025299,0,0,0,7682578,10811040,2026336
24 x 2049 B,2,51,2022445,0,0,0,7674947,10811040,2023484
24 x 2049 B,3,51,2026051,0,0,0,7687804,10811040,2027083
24 x 2049 B,4,51,2026143,0,0,0,7688817,10811040,2027168
24 x 2049 B,5,51,2025503,0,0,0,7685051,10811040,2026536
24 x 2049 B,6,51,2024078,0,0,0,7681073,10811040,2025112
24 x 2049 B,7,51,2026944,0,0,0,7683910,10811040,2028047
24 x 2049 B,8,51,2025845,0,0,0,7687168,10811040,2026889
24 x 2049 B,9,51,2026184,0,0,0,7686992,10811040,2027234
24 x 2049 B,10,51,2025002,0,0,0,7684560,10811040,2026030
24 x 2049 B,11,51,2023940,0,0,0,7679206,10811040,2024978
24 x 2049 B,12,51,2024743,0,0,0,7683998,10811040,2025781
24 x 2049 B,13,51,2028943,0,0,0,7685175,10811040,2029993
24 x 2049 B,14,51,2023922,0,0,0,7679613,10811040,2024982
24 x 2049 B,15,51,2026402,0,0,0,7688003,10811040,2027438
24 x 2049 B,16,51,2027209,0,0,0,7692420,10811040,2028241
24 x 2049 B,17,51,2024036,0,0,0,7678038,10811040,2025071
24 x 2049 B,18,51,2023591,0,0,0,7679521,10811040,2024620
24 x 2049 B,19,51,2027856,0,0,0,7687015,10811041,2028888
24 x 2049 B,20,51,2028461,0,0,0,7695678,10811040,2029477
24 x 2049 B,21,51,2026673,0,0,0,7688092,10811040,2028129
24 x 2049 B,22,51,2027011,0,0,0,7688344,10811040,2028114
24 x 2049 B,23,51,2029396,0,0,0,7692712,10811040,2031051
24 x 2049 B,24,51,2027054,0,0,0,7685576,10811040,2028856
24 x 2049 B,25,51,2028331,0,0,0,7686603,10811040,2030848
24 x 2049 B,26,51,2029886,0,0,0,7688432,10811040,2031511
24 x 2049 B,27,51,2040150,0,0,0,7684049,10811040,2032300
24 x 2049 B,28,51,2028176,0,0,0,7691202,10811040,2029256
24 x 2049 B,29,51,2026723,0,0,0,7691122,10811040,2027786
24 x 2049 B,30,51,2025438,0,0,0,7684781,10811040,2026536
24 x 2049 B,31,51,2026154,0,0,0,7689358,10811040,2027208
64 x 2049 B,0,19,2012142,0,0,0,7633788,10736392,2013263
64 x 2049 B,1,19,2012612,0,0,0,7632396,10736392,2013684
64 x 2049 B,2,19,2015865,0,0,0,7632753,10736392,2016961
64 x 2049 B,3,19,2014164,0,0,0,7638914,10736392,2015222
64 x 2049 B,4,19,2013039,0,0,0,7639331,10736392,2014075
64 x 2049 B,5,19,2012912,0,0,0,7638126,10736392,2013933
64 x 2049 B,6,19,2013067,0,0,0,7639449,10736392,2014118
64 x 2049 B,7,19,2012214,0,0,0,7635956,10736392,2013242
64 x 2049 B,8,19,2013176,0,0,0,7639950,10736392,2014216
64 x 2049 B,9,19,2013396,0,0,0,7639245,10736392,2014441
64 x 2049 B,10,19,2012928,0,0,0,7638650,10736392,2013960
64 x 2049 B,11,19,2013160,0,0,0,7638699,10736392,2014207
64 x 2049 B,12,19,2011359,0,0,0,7633246,10736392,2012405
64 x 2049 B,13,19,2011743,0,0,0,7634224,10736392,2012771
64 x 2049 B,14,19,2022535,0,0,0,7642702,10736392,2018421
64 x 2049 B,15,19,2013525,0,0,0,7638999,10736392,2014613
64 x 2049 B,16,19,2012498,0,0,0,7637347,10736392,2013529
64 x 2049 B,17,19,2013563,0,0,0,7638343,10736392,2014620
64 x 2049 B,18,19,2014291,0,0,0,7636886,10736392,2015366
64 x 2049 B,19,19,2013165,0,0,0,7639820,10736392,2014199
64 x 2049 B,20,19,2011798,0,0,0,7635479,10736392,2012832
64 x 2049 B,21,19,2012497,0,0,0,7636861,10736392,2013533
64 x 2049 B,22,19,2011527,0,0,0,7635020,10736392,2012581
64 x 2049 B,23,19,2012811,0,0,0,7636967,10736392,2013848
64 x 2049 B,24,19,2012875,0,0,0,7639957,10736392,2013915
64 x 2049 B,25,19,2012954,0,0,0,7638055,10736392,2013979
64 x 2049 B,26,19,2012514,0,0,0,7636758,10736392,2013616
64 x 2049 B,27,19,2013004,0,0,0,7637037,10736392,2014223
64 x 2049 B,28,19,2017023,0,0,0,7647477,10736392,2018798
64 x 2049 B,29,19,2018143,0,0,0,7648248,10736393,2019326
64 x 2049 B,30,19,2017789,0,0,0,7650970,10736392,2019609
64 x 2049 B,31,19,2014664,0,0,0,7640070,10736392,2015882
128 x 2049 B,0,10,2126043,0,0,0,8038459,11300186,2124633
128 x 2049 B,1,10,2129871,0,0,0,8039680,11300186,2124083
128 x 2049 B,2,10,2118257,0,0,0,8036755,11300186,2119329
128 x 2049 B,3,10,2119369,0,0,0,8037591,11300186,2120450
128 x 2049 B,4,10,2119896,0,0,0,8040309,11300187,2120940
128 x 2049 B,5,10,2118502,0,0,0,8039006,11300186,2119543
128 x 2049 B,6,10,2117959,0,0,0,8038296,11300186,2119100
128 x 2049 B,7,10,2118979,0,0,0,8038499,11300186,2120044
128 x 2049 B,8,10,2119424,0,0,0,8039132,11300186,2120491
128 x 2049 B,9,10,2118703,0,0,0,8038735,11300186,2119750
128 x 2049 B,10,10,2119161,0,0,0,8039112,11300186,2120239
128 x 2049 B,11,10,2118818,0,0,0,8039673,11300186,2119875
128 x 2049 B,12,10,2119753,0,0,0,8039267,11300187,2120814
128 x 2049 B,13,10,2118201,0,0,0,8038584,11300186,2119235
128 x 2049 B,14,10,2118451,0,0,0,8038530,11300186,2119490
128 x 2049 B,15,10,2118389,0,0,0,8038771,11300186,2119421
128 x 2049 B,16,10,2118287,0,0,0,8038416,11300186,2119329
128 x 2049 B,17,10,2118697,0,0,0,8040250,11300186,2119747
128 x 2049 B,18,10,2117997,0,0,0,8039060,11300186,2119046
128 x 2049 B,19,10,2118121,0,0,0,8038779,11300186,2119150
128 x 2049 B,20,10,2118725,0,0,0,8035462,11300187,2119780
128 x 2049 B,21,10,2118299,0,0,0,8039386,11300186,2119347
128 x 2049 B,22,10,2118297,0,0,0,8037392,11300186,2119393
128 x 2049 B,23,10,2118131,0,0,0,8038978,11300186,2119176
128 x 2049 B,24,10,2118020,0,0,0,8038063,11300186,2119056
128 x 2049 B,25,10,2117793,0,0,0,8038220,11300186,2118827
128 x 2049 B,26,10,2117678,0,0,0,8036809,11300186,2118704
128 x 2049 B,27,10,2117845,0,0,0,8036593,11300186,2118871
128 x 2049 B,28,10,2118219,0,0,0,8038591,11300186,2119246
128 x 2049 B,29,10,2120317,0,0,0,8040865,11300187,2121352
128 x 2049 B,30,10,2118427,0,0,0,8039023,11300186,2119475
128 x 2049 B,31,10,2117904,0,0,0,8038360,11300186,2118953
129 x 2049 B,0,10,2136202,0,0,0,8103985,11388456,2137390
129 x 2049 B,1,10,2140765,0,0,0,8108739,11388457,2142622
129 x 2049 B,2,10,2136484,0,0,0,8101265,11388456,2138033
129 x 2049 B,3,10,2136414,0,0,0,8100713,11388456,2140854
129 x 2049 B,4,10,2138252,0,0,0,8103066,11388456,2139398
129 x 2049 B,5,10,2138159,0,0,0,8101925,11388456,2139286
129 x 2049 B,6,10,2146978,0,0,0,8104753,11388456,2140802
129 x 2049 B,7,10,2136766,0,0,0,8104959,11388456,2137871
129 x 2049 B,8,10,2139011,0,0,0,8101563,11388457,2140106
129 x 2049 B,9,10,2146330,0,0,0,8106150,11388456,2139697
129 x 2049 B,10,10,2136428,0,0,0,8107086,11388456,2137455
129 x 2049 B,11,10,2135825,0,0,0,8106357,11388456,2136876
129 x 2049 B,12,10,2136009,0,0,0,8106544,11388456,2137068
129 x 2049 B,13,10,2136923,0,0,0,8104166,11388456,2138002
129 x 2049 B,14,10,2135251,0,0,0,8102570,11388456,2136287
129 x 2049 B,15,10,2137583,0,0,0,8105917,11388457,2138632
129 x 2049 B,16,10,2135452,0,0,0,8104947,11388456,2136484
129 x 2049 B,17,10,2135955,0,0,0,8105066,11388456,2137003
129 x 2049 B,18,10,2135799,0,0,0,8105378,11388456,2136838
129 x 2049 B,19,10,2136221,0,0,0,8106314,11388456,2137249
129 x 2049 B,20,10,2135469,0,0,0,8104828,11388456,2136513
129 x 2049 B,21,10,2136622,0,0,0,8105458,11388456,2137660
129 x 2049 B,22,10,2135578,0,0,0,8105287,11388456,2136608
129 x 2049 B,23,10,2137535,0,0,0,8106358,11388457,2138586
129 x 2049 B,24,10,2136113,0,0,0,8106625,11388456,2137158
129 x 2049 B,25,10,2135740,0,0,0,8105889,11388456,2136806
129 x 2049 B,26,10,2136706,0,0,0,8107520,11388456,2137750
129 x 2049 B,27,10,2134907,0,0,0,8102576,11388456,2135953
129 x 2049 B,28,10,2134859,0,0,0,8102279,11388456,2135920
129 x 2049 B,29,10,2135406,0,0,0,8104007,11388456,2136460
129 x 2049 B,30,10,2138188,0,0,0,8106397,11388457,2139265
129 x 2049 B,31,10,2135865,0,0,0,8105177,11388456,2136883
1024 x 2049 B,0,2,3398578,0,0,0,12889344,18078316,3400248
1024 x 2049 B,1,2,3399306,0,0,0,12896263,18078315,3400703
1024 x 2049 B,2,2,3435413,0,0,0,12922844,18078316,3420558
1024 x 2049 B,3,2,3409546,0,0,0,12927748,18078315,3412319
1024 x 2049 B,4,2,3419061,0,0,0,12952016,18078315,3421644
1024 x 2049 B,5,2,3424177,0,0,0,12895422,18078316,3414299
1024 x 2049 B,6,2,3398989,0,0,0,12892285,18078315,3400559
1024 x 2049 B,7,2,3400530,0,0,0,12887674,18078316,3402125
1024 x 2049 B,8,2,3396109,0,0,0,12885682,18078315,3397587
1024 x 2049 B,9,2,3397590,0,0,0,12892947,18078315,3398984
1024 x 2049 B,10,2,3399259,0,0,0,12890719,18078316,3400702
1024 x 2049 B,11,2,3396945,0,0,0,12890803,18078315,3398309
1024 x 2049 B,12,2,3398452,0,0,0,12889423,18078316,3399904
1024 x 2049 B,13,2,3396660,0,0,0,12887838,18078315,3398030
1024 x 2049 B,14,2,3397197,0,0,0,12891840,18078315,3398598
1024 x 2049 B,15,2,3397534,0,0,0,12886314,18078316,3398962
1024 x 2049 B,16,2,3396677,0,0,0,12890407,18078315,3398110
1024 x 2049 B,17,2,3398533,0,0,0,12890734,18078316,3399991
1024 x 2049 B,18,2,3397444,0,0,0,12890378,18078315,3398831
1024 x 2049 B,19,2,3396220,0,0,0,12888176,18078315,3397629
1024 x 2049 B,20,2,3400604,0,0,0,12896837,18078316,3402182
1024 x 2049 B,21,2,3398342,0,0,0,12895531,18078315,3399737
1024 x 2049 B,22,2,3410702,0,0,0,12905145,18078316,3412213
1024 x 2049 B,23,2,3397247,0,0,0,12892007,18078315,3398735
1024 x 2049 B,24,2,3396751,0,0,0,12888754,18078315,3398168
1024 x 2049 B,25,2,3402057,0,0,0,12898864,18078316,3403813
1024 x 2049 B,26,2,3412381,0,0,0,12941138,18078315,3415263
1024 x 2049 B,27,2,3415595,0,0,0,12936616,18078316,3418480
1024 x 2049 B,28,2,3432731,0,0,0,12930231,18078315,3426921
1024 x 2049 B,29,2,3416367,0,0,0,12897284,18078316,3409122
1024 x 2049 B,30,2,3398244,0,0,0,12891294,18078315,3399777
1024 x 2049 B,31,2,3398651,0,0,0,12890252,18078315,3400210
