round,position,contender,size_bytes,iterations,wall_ns,p_cycles,p_instructions,p_time_ns,e_cycles,e_instructions,e_time_ns,use_case,duo_ns,copy0_ns,copy0_p_cycles,copy0_p_instructions,copy0_p_time_ns,copy0_e_cycles,copy0_e_instructions,copy0_e_time_ns,copy1_ns,copy1_p_cycles,copy1_p_instructions,copy1_p_time_ns,copy1_e_cycles,copy1_e_instructions,copy1_e_time_ns,scenario
0,0,sha256,64,15965,1044835,4899122,9931380,1045522,0,0,0,ContinuousMessages,1154483,1154483,0,0,0,4214766,9932935,1156091,1133690,2504617,5070866,534860,2073653,4861964,591201,solo and shared
0,1,blake3-servil-mt,64,2048,180521,692976,803011,182023,0,0,0,ContinuousMessages,522534,522534,0,0,0,895842,1168584,418579,520458,974766,1264035,437921,0,0,0,solo and shared
0,2,sha256,1024,2048,989137,4722825,6544510,990004,0,0,0,ContinuousMessages,981263,970223,0,0,0,3677198,6545260,971504,981263,4704889,6545116,981858,0,0,0,solo and shared
0,3,blake3-servil-mt,1024,3424,401325,1662645,1617360,388878,0,0,0,ContinuousMessages,1202455,1202455,0,0,0,2033209,2030718,1200729,858609,1955009,2074039,811746,0,0,0,solo and shared
0,4,sha256,16384,139,984756,4740052,5903369,986147,0,0,0,ContinuousMessages,1073044,1073044,4511438,5616002,929143,188343,288047,59995,974809,4741801,5904088,975412,0,0,0,solo and shared
0,5,blake3-servil-mt,16384,265,435623,1373273,316850,432029,0,0,0,ContinuousMessages,1010331,876249,2374540,361275,872932,0,0,0,1010331,2289507,359088,1008651,0,0,0,solo and shared
0,6,sha256,65536,34,982456,4725498,5727226,983923,0,0,0,ContinuousMessages,1000590,1000590,4737361,5728010,1002019,0,0,0,999860,4738728,5727970,1001328,0,0,0,solo and shared
0,7,blake3-servil-mt,65536,71,286077,954880,92777,269407,0,0,0,ContinuousMessages,574196,574196,1325565,108319,548339,0,0,0,561713,1354627,107805,538560,0,0,0,solo and shared
0,8,sha256,1048576,2,940909,4582610,5379420,942528,0,0,0,ContinuousMessages,1021952,968385,4546700,5380207,969873,0,0,0,1021952,4650182,5380264,1023444,0,0,0,solo and shared
0,9,blake3-servil-mt,1048576,15,904617,3398716,262032,893684,0,0,0,ContinuousMessages,1125343,1087110,4062326,273140,1069926,0,0,0,1125343,4274024,275180,1077393,0,0,0,solo and shared
0,15,sha256,64,15575,982117,4789538,9751099,983559,0,0,0,LentMessages,984691,984691,4788890,9751099,985972,0,0,0,983753,4787557,9751099,985033,0,0,0,solo and shared
0,16,blake3-servil-st,64,21262,963741,4709997,15352313,965177,0,0,0,LentMessages,973368,973368,4738317,15352313,974647,0,0,0,971561,4729635,15352313,972849,0,0,0,solo and shared
0,17,blake3-servil-mt,64,21937,1036327,4827349,15905475,994953,0,0,0,LentMessages,988557,988004,4816990,15905474,989256,0,0,0,988557,4823789,15905474,989840,0,0,0,solo and shared
0,18,sha256,1024,2075,979268,4784682,6639074,980606,0,0,0,LentMessages,979850,979850,4783184,6639074,981065,0,0,0,975360,4761951,6639074,976623,0,0,0,solo and shared
0,19,blake3-servil-st,1024,1342,996194,4861417,10776067,997548,0,0,0,LentMessages,990888,990584,4844007,10776067,991870,0,0,0,990888,4844323,10776067,992178,0,0,0,solo and shared
0,20,blake3-servil-mt,1024,1254,924009,4529959,10073276,925347,0,0,0,LentMessages,937077,927496,4539065,10073276,928772,0,0,0,937077,4523833,10073276,938396,0,0,0,solo and shared
0,21,sha256,16384,143,997952,4875648,6073787,999341,0,0,0,LentMessages,1004110,1004110,4874234,6073787,1005394,0,0,0,997917,4870587,6073787,998666,0,0,0,solo and shared
0,22,blake3-servil-st,16384,328,1022021,4951039,13804373,1023398,0,0,0,LentMessages,1043857,1012212,4944844,13804373,1013472,0,0,0,1043857,4953436,13804373,1045203,0,0,0,solo and shared
0,23,blake3-servil-mt,16384,324,1000753,4885146,13637013,1002145,0,0,0,LentMessages,999903,999793,4885007,13637013,1001130,0,0,0,999903,4883420,13637013,1001284,0,0,0,solo and shared
0,24,sha256,65536,35,994017,4852600,5895779,995428,0,0,0,LentMessages,996404,996404,4865076,5895779,997705,0,0,0,994307,4855837,5895779,995705,0,0,0,solo and shared
0,25,blake3-servil-st,65536,78,1001922,4891881,12894003,1003304,0,0,0,LentMessages,1037313,1037313,4902358,12894004,1038642,0,0,0,1007464,4893734,12894004,1008798,0,0,0,solo and shared
0,26,blake3-servil-mt,65536,78,998641,4881460,12894237,1000034,0,0,0,LentMessages,1058768,1058768,4916031,12894238,1015133,0,0,0,1004956,4899108,12894237,1006290,0,0,0,solo and shared
0,27,sha256,1048576,2,964498,4711363,5376065,966052,0,0,0,LentMessages,1211647,1206941,4879183,5376964,1205767,0,0,0,1211647,4888814,5376964,1209944,0,0,0,solo and shared
0,28,blake3-servil-st,1048576,4,888636,4298827,10519121,890175,0,0,0,LentMessages,886822,883828,4291244,10519123,885298,0,0,0,886822,4311883,10519123,888377,0,0,0,solo and shared
0,29,blake3-servil-mt,1048576,13,1183159,5520750,6380822,1184872,0,0,0,LentMessages,1151248,1078780,4988273,4184226,1080637,0,0,0,1151248,1076746,718433,237398,3205969,1794373,907361,solo and shared
1,0,blake3-servil-mt,1024,3424,470866,0,0,0,1486470,1563993,456996,ContinuousMessages,430608,383564,1602067,1614605,375135,0,0,0,430608,1768201,1578558,416327,0,0,0,solo and shared
1,1,sha256,1024,2048,1030331,678632,936813,145843,3148976,5607622,879135,ContinuousMessages,1002671,1002671,4721990,6544510,1003330,0,0,0,1000015,4708673,6544510,1001565,0,0,0,solo and shared
1,2,blake3-servil-mt,16384,265,436788,1391100,316330,435390,0,0,0,ContinuousMessages,829033,829033,3150275,330182,825209,0,0,0,825441,3167874,331409,814868,0,0,0,solo and shared
1,3,sha256,16384,139,971553,4739152,5903368,972934,0,0,0,ContinuousMessages,983605,983605,4741644,5903368,984982,0,0,0,982390,4739203,5903368,983771,0,0,0,solo and shared
1,4,blake3-servil-mt,65536,71,280157,962840,87067,260679,0,0,0,ContinuousMessages,528086,500588,1121749,95410,393147,0,0,0,528086,843438,65152,224780,386175,32866,137305,solo and shared
1,5,sha256,65536,34,998924,4718564,5727226,999645,0,0,0,ContinuousMessages,1008285,1008285,4730261,5727226,1009836,0,0,0,970246,0,0,0,3667143,5727226,971722,solo and shared
1,6,blake3-servil-mt,1048576,15,920116,3406265,256381,887761,0,0,0,ContinuousMessages,1111928,970480,3738797,259953,956020,0,0,0,1111928,0,0,0,3755606,261270,1108400,solo and shared
1,7,sha256,1048576,2,929640,4491438,5379420,931117,0,0,0,ContinuousMessages,1054605,954113,4524197,5379420,955617,0,0,0,1054605,2579566,2905170,533285,1781932,2474175,476643,solo and shared
1,12,blake3-servil-st,64,21262,965250,4716876,15352313,966732,0,0,0,LentMessages,987634,979943,4688128,15352313,981382,0,0,0,987634,4729821,15352313,989024,0,0,0,solo and shared
1,13,blake3-servil-mt,64,21937,984064,4803541,15905474,984813,0,0,0,LentMessages,991636,991636,4826033,15905474,993113,0,0,0,990679,4816888,15905474,992080,0,0,0,solo and shared
1,14,sha256,64,15575,980060,4785752,9751099,981464,0,0,0,LentMessages,1002580,1002580,4795104,9751099,1003896,0,0,0,1001559,4792007,9751099,1003118,0,0,0,solo and shared
1,15,blake3-servil-st,1024,1342,993886,4855101,10776067,994986,0,0,0,LentMessages,1001678,1001678,4868790,10776067,1003147,0,0,0,997890,4853619,10776067,999566,0,0,0,solo and shared
1,16,blake3-servil-mt,1024,1254,940814,4535015,10073277,942500,0,0,0,LentMessages,948597,948597,4539472,10073277,949987,0,0,0,946837,4529161,10073277,948323,0,0,0,solo and shared
1,17,sha256,1024,2075,983653,4790722,6639074,985266,0,0,0,LentMessages,991529,991529,4787168,6639074,992151,0,0,0,987486,4764099,6639074,988861,0,0,0,solo and shared
1,18,blake3-servil-st,16384,328,1015860,4946941,13804373,1016556,0,0,0,LentMessages,1080317,1047018,4956682,13804373,1047721,0,0,0,1080317,4955246,13804374,1071379,0,0,0,solo and shared
1,19,blake3-servil-mt,16384,324,1029507,4890628,13637013,1030911,0,0,0,LentMessages,998799,997803,4881402,13637013,998738,0,0,0,998799,4880132,13637013,1000202,0,0,0,solo and shared
1,20,sha256,16384,143,998970,4873679,6073787,1000324,0,0,0,LentMessages,996706,994750,4870521,6073787,995353,0,0,0,996706,4873926,6073787,998026,0,0,0,solo and shared
1,21,blake3-servil-st,65536,78,1058876,4924126,12894004,1015610,0,0,0,LentMessages,1009777,1009777,4906188,12894003,1010375,0,0,0,1004090,4909205,12894003,1005427,0,0,0,solo and shared
1,22,blake3-servil-mt,65536,78,1001596,4887335,12894237,1003037,0,0,0,LentMessages,1002847,998878,4880668,12894237,999469,0,0,0,1002847,4891822,12894237,1004231,0,0,0,solo and shared
1,23,sha256,65536,35,993079,4851429,5895779,994524,0,0,0,LentMessages,994896,991541,4852618,5895779,992195,0,0,0,994896,4859943,5895779,996251,0,0,0,solo and shared
1,24,blake3-servil-st,1048576,4,952357,4647742,10519121,953891,0,0,0,LentMessages,1009469,1009469,4791591,10519121,1010435,0,0,0,999818,4781457,10519121,1001360,0,0,0,solo and shared
1,25,blake3-servil-mt,1048576,13,1221590,5709473,6406486,1223200,0,0,0,LentMessages,1198456,1131800,5213896,4646115,1133344,0,0,0,1198456,1679996,1449185,372854,2916989,1734224,826305,solo and shared
1,26,sha256,1048576,2,985816,4619747,5376065,986849,0,0,0,LentMessages,1004425,986727,4625556,5376065,987589,0,0,0,1004425,0,0,0,3602316,5376065,1006128,solo and shared
1,18,blake3-servil-mt,64,2048,163905,693996,795587,164739,0,0,0,ContinuousMessages,298363,294679,727617,836376,247800,0,0,0,298363,0,0,0,633273,754163,231494,solo and shared
1,19,sha256,64,15965,1044032,4893010,9931380,1045474,0,0,0,ContinuousMessages,1174828,1044653,4898879,9931380,1045267,0,0,0,1174828,0,0,0,4205753,9931381,1176296,solo and shared
2,0,sha256,16384,139,988685,4739869,5903368,990091,0,0,0,ContinuousMessages,974808,968123,4738330,5903368,968708,0,0,0,974808,0,0,0,3687496,5903368,976242,solo and shared
2,1,blake3-servil-mt,16384,265,344371,1417760,322407,338489,0,0,0,ContinuousMessages,527548,484120,2181052,326473,477562,0,0,0,527548,0,0,0,1835296,319853,524995,solo and shared
2,2,sha256,65536,34,985009,4713712,5727226,986459,0,0,0,ContinuousMessages,984145,984145,4719164,5727226,984823,0,0,0,968052,0,0,0,3666019,5727226,969524,solo and shared
2,3,blake3-servil-mt,65536,71,521302,1001990,88373,234850,0,0,0,ContinuousMessages,361934,263403,1134113,86952,251659,0,0,0,361934,0,0,0,1175319,87468,352037,solo and shared
2,4,sha256,1048576,2,928839,4529691,5379420,930410,0,0,0,ContinuousMessages,977910,935382,4512644,5379420,936192,0,0,0,977910,0,0,0,3697566,5379420,979500,solo and shared
2,5,blake3-servil-mt,1048576,15,747193,3327204,256461,720942,0,0,0,ContinuousMessages,1059355,831965,3601669,262242,793955,0,0,0,1059355,0,0,0,3695334,257673,1054489,solo and shared
2,9,blake3-servil-mt,64,21937,987954,4810275,15905474,989403,0,0,0,LentMessages,1575638,988746,4817645,15905474,990096,0,0,0,1575638,0,0,0,5973190,15905474,1576996,solo and shared
2,10,sha256,64,15575,981700,4795811,9751099,983074,0,0,0,LentMessages,988451,980382,4788281,9751099,981695,0,0,0,988451,3347127,6818960,686724,1094358,2932064,294015,solo and shared
2,11,blake3-servil-st,64,21262,966391,4720672,15352313,967710,0,0,0,LentMessages,965206,965206,4718321,15352313,966451,0,0,0,963659,4706874,15352313,964250,0,0,0,solo and shared
2,12,blake3-servil-mt,1024,1254,928415,4538475,10073277,929756,0,0,0,LentMessages,928743,928743,4534866,10073277,929968,0,0,0,923883,4521122,10073277,924442,0,0,0,solo and shared
2,13,sha256,1024,2075,995414,4784228,6639074,996913,0,0,0,LentMessages,978716,978716,4782800,6639074,979936,0,0,0,972331,4759150,6639074,972888,0,0,0,solo and shared
2,14,blake3-servil-st,1024,1342,994624,4859271,10776067,995953,0,0,0,LentMessages,1007465,1007465,4845480,10776067,1008689,0,0,0,988659,4837597,10776067,989245,0,0,0,solo and shared
2,15,blake3-servil-mt,16384,324,999439,4883011,13637013,1000912,0,0,0,LentMessages,1007693,999238,4886332,13637013,1000536,0,0,0,1007693,4887951,13637013,1008297,0,0,0,solo and shared
2,16,sha256,16384,143,1044966,4877776,6073788,1003802,0,0,0,LentMessages,995477,995477,4870944,6073787,996091,0,0,0,994955,4870542,6073787,995586,0,0,0,solo and shared
2,17,blake3-servil-st,16384,328,1014336,4939278,13804374,1015753,0,0,0,LentMessages,1041174,1041174,4953801,13804373,1042450,0,0,0,1009714,4939932,13804373,1010295,0,0,0,solo and shared
2,18,blake3-servil-mt,65536,78,1001021,4887659,12894237,1002448,0,0,0,LentMessages,1001971,1001971,4898914,12894237,1003296,0,0,0,996692,4880270,12894237,997341,0,0,0,solo and shared
2,19,sha256,65536,35,993671,4851434,5895779,995085,0,0,0,LentMessages,993647,993647,4855068,5895779,994938,0,0,0,991345,4851357,5895779,991911,0,0,0,solo and shared
2,20,blake3-servil-st,65536,78,1000716,4886241,12894003,1002167,0,0,0,LentMessages,1017873,1005087,4907482,12894003,1006366,0,0,0,1017873,4885551,12894003,1018495,0,0,0,solo and shared
2,21,blake3-servil-mt,1048576,13,1207955,5652365,6019629,1209588,0,0,0,LentMessages,1214769,1128377,5226648,4751334,1130081,0,0,0,1214769,2189999,1787607,481213,2595597,1578703,730791,solo and shared
2,22,sha256,1048576,2,998252,4639591,5376066,995362,0,0,0,LentMessages,1004818,985236,4619464,5376065,986223,0,0,0,1004818,0,0,0,3605934,5376065,1006740,solo and shared
2,23,blake3-servil-st,1048576,4,949420,4308950,10519121,950409,0,0,0,LentMessages,2013196,918101,4306529,10519121,919062,0,0,0,2013196,0,0,0,7585335,10519122,2015260,solo and shared
2,16,sha256,64,15965,1007091,4917368,9931380,1007709,0,0,0,ContinuousMessages,1161893,1002992,4903223,9931380,1004360,0,0,0,1161893,340835,672309,73560,3927969,9258997,1043202,solo and shared
2,17,blake3-servil-mt,64,2048,168088,561245,746145,169613,0,0,0,ContinuousMessages,139123,126743,583213,705989,128457,0,0,0,139123,588672,706615,140737,0,0,0,solo and shared
2,18,sha256,1024,2048,968677,4722169,6544510,970177,0,0,0,ContinuousMessages,986982,986982,4722051,6544510,988395,0,0,0,983608,4708051,6544510,985058,0,0,0,solo and shared
2,19,blake3-servil-mt,1024,3424,373250,1711059,1562498,367123,0,0,0,ContinuousMessages,491590,491590,2136147,1577408,480186,0,0,0,483978,2160028,1582014,475419,0,0,0,solo and shared
3,0,blake3-servil-mt,65536,71,379524,0,0,0,1019076,86654,296411,ContinuousMessages,586957,586957,2096315,87393,463962,0,0,0,465178,2076398,86644,458014,0,0,0,solo and shared
3,1,sha256,65536,34,992662,4744236,5727226,995365,0,0,0,ContinuousMessages,1522951,1521915,7278925,5727227,1523805,0,0,0,1522951,7284349,5727227,1524653,0,0,0,solo and shared
3,2,blake3-servil-mt,1048576,15,991917,3871981,255269,829940,0,0,0,ContinuousMessages,1719925,1719925,6812025,255638,1488593,0,0,0,1719918,6923436,256314,1502389,0,0,0,solo and shared
3,3,sha256,1048576,2,925424,4530909,5379419,927491,0,0,0,ContinuousMessages,1461545,1455271,6962399,5379420,1457313,0,0,0,1461545,6991584,5379420,1463535,0,0,0,solo and shared
3,6,blake3-servil-mt,64,21937,994520,4815943,15905474,992184,0,0,0,LentMessages,1591835,1575575,7536104,15905475,1577287,0,0,0,1591835,7527975,15905475,1581059,0,0,0,solo and shared
3,7,blake3-servil-st,64,21262,982684,4713958,15352313,983269,0,0,0,LentMessages,1533236,1533236,7314173,15352313,1534894,0,0,0,1533236,7314075,15352313,1534880,0,0,0,solo and shared
3,8,sha256,64,15575,980362,4777872,9751099,980965,0,0,0,LentMessages,1418257,1405033,6714338,9751100,1406669,0,0,0,1418257,6710414,9751101,1412761,0,0,0,solo and shared
3,9,blake3-servil-mt,1024,1254,944266,4527504,10073277,944900,0,0,0,LentMessages,946987,946987,4538725,10073277,947631,0,0,0,943567,4520834,10073277,944235,0,0,0,solo and shared
3,10,blake3-servil-st,1024,1342,995426,4857861,10776067,996013,0,0,0,LentMessages,1012857,1012824,4848658,10776067,1014064,0,0,0,1012857,4844046,10776067,1014291,0,0,0,solo and shared
3,11,sha256,1024,2075,979996,4780569,6639074,980634,0,0,0,LentMessages,999507,999507,4783559,6639074,1000743,0,0,0,994664,4766505,6639074,995389,0,0,0,solo and shared
3,12,blake3-servil-mt,16384,324,1033242,4894408,13637013,1033890,0,0,0,LentMessages,1036443,1036443,4887054,13637013,1037764,0,0,0,1029923,4912127,13637013,1031366,0,0,0,solo and shared
3,13,blake3-servil-st,16384,328,1010431,4939648,13804373,1011064,0,0,0,LentMessages,1033174,1031586,4942212,13804373,1032920,0,0,0,1033174,4951732,13804373,1033838,0,0,0,solo and shared
3,14,sha256,16384,143,997869,4870567,6073787,998469,0,0,0,LentMessages,1020021,1017452,4873590,6073787,1018713,0,0,0,1020021,4880697,6073787,1021490,0,0,0,solo and shared
3,15,blake3-servil-mt,65536,78,1026695,4900757,12894237,1027313,0,0,0,LentMessages,1033241,1026932,4914166,12894237,1028266,0,0,0,1033241,4906981,12894237,1033968,0,0,0,solo and shared
3,16,blake3-servil-st,65536,78,997070,4872947,12894003,997700,0,0,0,LentMessages,1025852,1024542,4900712,12894003,1025865,0,0,0,1025852,4904937,12894003,1027326,0,0,0,solo and shared
3,17,sha256,65536,35,999640,4852252,5895779,1000275,0,0,0,LentMessages,1015324,1013996,4853731,5895779,1015312,0,0,0,1015324,4860346,5895779,1016793,0,0,0,solo and shared
3,18,blake3-servil-mt,1048576,13,1316800,6072761,6563643,1317840,0,0,0,LentMessages,1459733,1454285,2325081,2253392,501786,3282453,1712146,944457,1459733,2769286,2163289,612891,2949231,1618881,833384,solo and shared
3,19,blake3-servil-st,1048576,4,922952,4324564,10519121,924641,0,0,0,LentMessages,929578,929578,4357610,10519121,930508,0,0,0,921795,4320886,10519121,922643,0,0,0,solo and shared
3,20,sha256,1048576,2,978582,4586151,5376065,979349,0,0,0,LentMessages,970804,970804,4601766,5376065,971680,0,0,0,966551,4589533,5376065,967322,0,0,0,solo and shared
3,14,blake3-servil-mt,64,2048,217821,817115,793957,189975,0,0,0,ContinuousMessages,191743,191743,663041,707818,161872,0,0,0,179505,758745,729444,169236,0,0,0,solo and shared
3,15,sha256,64,15965,1005941,4894948,9931380,1006525,0,0,0,ContinuousMessages,1017698,1017698,4905293,9931380,1018973,0,0,0,1015089,4898024,9931380,1015664,0,0,0,solo and shared
3,16,blake3-servil-mt,1024,3424,326836,1497416,1563075,327720,0,0,0,ContinuousMessages,436436,436436,1912145,1589930,428945,0,0,0,414385,1642436,1608920,402732,0,0,0,solo and shared
3,17,sha256,1024,2048,972157,0,0,0,3675534,6544510,973606,ContinuousMessages,969137,969137,4723214,6544510,970417,0,0,0,965538,4707704,6544510,966871,0,0,0,solo and shared
3,18,blake3-servil-mt,16384,265,363058,0,0,0,1246931,316195,360287,ContinuousMessages,677417,677417,2777046,323965,675735,0,0,0,669270,2931792,326476,665341,0,0,0,solo and shared
3,19,sha256,16384,139,972649,4745079,5903368,974239,0,0,0,ContinuousMessages,966418,966418,4737714,5903367,967666,0,0,0,966337,4737189,5903367,967658,0,0,0,solo and shared
4,0,sha256,1048576,2,922738,4523491,5379419,924204,0,0,0,ContinuousMessages,956050,918312,4502074,5379419,919777,0,0,0,956050,4525153,5379420,957546,0,0,0,solo and shared
4,1,blake3-servil-mt,1048576,15,920808,3593659,255836,896348,0,0,0,ContinuousMessages,1090316,1081592,4442533,266360,1070829,0,0,0,1090316,4135675,262484,1074150,0,0,0,solo and shared
4,3,sha256,64,15575,983373,4797459,9751099,984271,0,0,0,LentMessages,980168,979097,4784396,9751099,980385,0,0,0,980168,4788526,9751099,981428,0,0,0,solo and shared
4,4,blake3-servil-mt,64,21937,990676,4816382,15905475,986128,0,0,0,LentMessages,987906,985422,4816476,15905474,986728,0,0,0,987906,4817184,15905474,989195,0,0,0,solo and shared
4,5,blake3-servil-st,64,21262,957693,4673935,15352313,959021,0,0,0,LentMessages,968550,968550,4730571,15352313,969769,0,0,0,964607,4711277,15352313,965882,0,0,0,solo and shared
4,6,sha256,1024,2075,964437,4784115,6639074,965762,0,0,0,LentMessages,985590,979600,4782470,6639074,980823,0,0,0,985590,4763644,6639074,986870,0,0,0,solo and shared
4,7,blake3-servil-mt,1024,1254,915113,4539876,10073277,916430,0,0,0,LentMessages,928569,928569,4535259,10073277,929782,0,0,0,926132,4521077,10073277,927392,0,0,0,solo and shared
4,8,blake3-servil-st,1024,1342,990287,4857546,10776067,991665,0,0,0,LentMessages,1010920,1010920,4844643,10776067,1012146,0,0,0,990607,4838063,10776067,991899,0,0,0,solo and shared
4,9,sha256,16384,143,980652,4875220,6073787,982009,0,0,0,LentMessages,997491,997491,4873898,6073787,998762,0,0,0,996981,4874743,6073787,998292,0,0,0,solo and shared
4,10,blake3-servil-mt,16384,324,1016782,4888015,13637013,1017429,0,0,0,LentMessages,1027419,1000096,4884358,13637013,1001408,0,0,0,1027419,4889350,13637013,1028740,0,0,0,solo and shared
4,11,blake3-servil-st,16384,328,1008469,4937930,13804373,1009049,0,0,0,LentMessages,1011766,1010219,4942035,13804373,1010834,0,0,0,1011766,4940259,13804373,1013064,0,0,0,solo and shared
4,12,sha256,65536,35,994508,4860349,5895779,995904,0,0,0,LentMessages,997709,992955,4861716,5895779,993617,0,0,0,997709,4872216,5895779,999052,0,0,0,solo and shared
4,13,blake3-servil-mt,65536,78,1021938,4893641,12894237,1023365,0,0,0,LentMessages,1005855,1005855,4916626,12894237,1007166,0,0,0,1003902,4902791,12894237,1005606,0,0,0,solo and shared
4,14,blake3-servil-st,65536,78,1003264,4891698,12894003,1004711,0,0,0,LentMessages,1053777,1003980,4897942,12894003,1005390,0,0,0,1053777,4906500,12894004,1012473,0,0,0,solo and shared
4,15,sha256,1048576,2,1036651,4997593,5376065,1038190,0,0,0,LentMessages,1060346,1060191,5028730,5376066,1061877,0,0,0,1060346,5031296,5376066,1062418,0,0,0,solo and shared
4,16,blake3-servil-mt,1048576,13,1198153,5603817,6301759,1201178,0,0,0,LentMessages,1837601,1066486,4935135,4106268,1069123,0,0,0,1837601,0,0,0,6453543,2446862,1840364,solo and shared
4,17,blake3-servil-st,1048576,4,942075,4415039,10519121,943511,0,0,0,LentMessages,2245217,942769,4404536,10519121,945263,0,0,0,2245217,0,0,0,8017730,10519122,2248334,solo and shared
4,12,sha256,64,15965,1043371,4926230,9931380,1044700,0,0,0,ContinuousMessages,1113388,1018626,4916213,9931380,1020401,0,0,0,1113388,0,0,0,4213713,9931380,1115023,solo and shared
4,13,blake3-servil-mt,64,2048,170923,657352,706772,172722,0,0,0,ContinuousMessages,205206,172281,659249,707660,173873,0,0,0,205206,0,0,0,634915,710591,202550,solo and shared
4,14,sha256,1024,2048,975127,4719833,6544510,975889,0,0,0,ContinuousMessages,971998,966709,4723090,6544510,968060,0,0,0,971998,0,0,0,3678654,6544510,973432,solo and shared
4,15,blake3-servil-mt,1024,3424,385375,1584971,1575263,361361,0,0,0,ContinuousMessages,525420,466389,1808104,1579152,446046,0,0,0,525420,0,0,0,1716522,1564365,513812,solo and shared
4,16,sha256,16384,139,991302,4744376,5903368,992855,0,0,0,ContinuousMessages,976866,973727,4742060,5903368,974360,0,0,0,976866,0,0,0,3687958,5903368,978449,solo and shared
4,17,blake3-servil-mt,16384,265,437732,1324405,316063,435697,0,0,0,ContinuousMessages,947293,867886,3096010,332212,846253,0,0,0,947293,0,0,0,2644136,340571,924602,solo and shared
4,18,sha256,65536,34,1035846,4739052,5727227,986460,0,0,0,ContinuousMessages,1050651,989517,4730640,5727226,991097,0,0,0,1050651,4057644,4916554,849425,537712,810597,149067,solo and shared
4,19,blake3-servil-mt,65536,71,308997,1150581,86690,300591,0,0,0,ContinuousMessages,358755,358755,1346466,90021,342354,0,0,0,338909,1269585,89248,327290,0,0,0,solo and shared
5,0,blake3-servil-st,64,21262,975785,4716339,15352313,977006,0,0,0,LentMessages,971229,967092,4711737,15352313,968461,0,0,0,971229,4728849,15352313,972520,0,0,0,solo and shared
5,1,sha256,64,15575,967123,4783160,9751099,967660,0,0,0,LentMessages,993155,981260,4794439,9751099,982575,0,0,0,993155,4798824,9751099,994455,0,0,0,solo and shared
5,2,blake3-servil-mt,64,21937,985370,4811710,15905474,986700,0,0,0,LentMessages,1066457,1066457,5210857,15905474,1067779,0,0,0,985719,4814540,15905474,987005,0,0,0,solo and shared
5,3,blake3-servil-st,1024,1342,978140,4862629,10776067,979550,0,0,0,LentMessages,998938,998938,4854735,10776067,1000331,0,0,0,989050,4833547,10776067,990361,0,0,0,solo and shared
5,4,sha256,1024,2075,962034,4784106,6639074,963330,0,0,0,LentMessages,978323,978323,4782268,6639074,979571,0,0,0,974972,4764652,6639074,976266,0,0,0,solo and shared
5,5,blake3-servil-mt,1024,1254,907686,4529860,10073276,909018,0,0,0,LentMessages,929227,929227,4536711,10073277,930498,0,0,0,926750,4524417,10073277,928046,0,0,0,solo and shared
5,6,blake3-servil-st,16384,328,1027254,4947272,13804373,1028673,0,0,0,LentMessages,1038917,1038917,4949233,13804374,1039562,0,0,0,1034894,4950185,13804374,1035551,0,0,0,solo and shared
5,7,sha256,16384,143,998383,4873661,6073787,999784,0,0,0,LentMessages,998088,997806,4873721,6073787,999104,0,0,0,998088,4874038,6073787,999463,0,0,0,solo and shared
5,8,blake3-servil-mt,16384,324,981476,4881397,13637013,982905,0,0,0,LentMessages,1048696,1048696,4904480,13637014,1010996,0,0,0,999051,4876784,13637013,1000368,0,0,0,solo and shared
5,9,blake3-servil-st,65536,78,981355,4882363,12894003,982501,0,0,0,LentMessages,1003274,1000862,4887069,12894003,1001779,0,0,0,1003274,4898823,12894003,1004652,0,0,0,solo and shared
5,10,sha256,65536,35,986548,4844511,5895779,987205,0,0,0,LentMessages,993750,990605,4847871,5895779,991491,0,0,0,993750,4853184,5895779,995120,0,0,0,solo and shared
5,11,blake3-servil-mt,65536,78,996968,4881267,12894237,997616,0,0,0,LentMessages,1002030,997889,4882731,12894237,998790,0,0,0,1002030,4891319,12894237,1003447,0,0,0,solo and shared
5,12,blake3-servil-st,1048576,4,936354,4652227,10519121,937296,0,0,0,LentMessages,994217,949589,4644099,10519121,950765,0,0,0,994217,4852575,10519121,995799,0,0,0,solo and shared
5,13,sha256,1048576,2,923430,4592154,5376065,924876,0,0,0,LentMessages,940255,940255,4590730,5376065,941851,0,0,0,938867,4584373,5376065,940366,0,0,0,solo and shared
5,14,blake3-servil-mt,1048576,13,1218241,5668975,6383860,1219184,0,0,0,LentMessages,1262187,1094602,5065129,4459201,1095836,0,0,0,1262187,907747,798919,202671,3557211,2109928,1015618,solo and shared
5,10,blake3-servil-mt,64,2048,116334,427499,705160,117205,0,0,0,ContinuousMessages,184720,126419,509226,707441,127333,0,0,0,184720,0,0,0,562975,705383,186362,solo and shared
5,11,sha256,64,15965,1044796,4901296,9931380,1045383,0,0,0,ContinuousMessages,1169182,1048088,4917931,9931380,1048987,0,0,0,1169182,0,0,0,4203630,9931380,1170401,solo and shared
5,12,blake3-servil-mt,1024,3424,389980,1591481,1569813,391667,0,0,0,ContinuousMessages,525999,404326,1601877,1562768,390291,0,0,0,525999,0,0,0,1450332,1563852,442663,solo and shared
5,13,sha256,1024,2048,987013,4722155,6544510,988507,0,0,0,ContinuousMessages,991138,991138,4727321,6544510,992496,0,0,0,974460,0,0,0,3678438,6544510,975819,solo and shared
5,14,blake3-servil-mt,16384,265,448684,1332986,316156,444631,0,0,0,ContinuousMessages,930039,847248,3220747,332470,841604,0,0,0,930039,0,0,0,2704842,341113,927220,solo and shared
5,15,sha256,16384,139,1021608,4748030,5903369,974790,0,0,0,ContinuousMessages,1027271,970543,4739737,5903368,971891,0,0,0,1027271,135592,158926,32226,3588955,5744367,951572,solo and shared
5,16,blake3-servil-mt,65536,71,327120,954803,87348,277419,0,0,0,ContinuousMessages,342131,342131,1272162,90345,333710,0,0,0,341291,1241372,89053,325369,0,0,0,solo and shared
5,17,sha256,65536,34,969863,0,0,0,3662263,5727226,971576,ContinuousMessages,967740,967010,4724734,5727226,968335,0,0,0,967740,4725705,5727226,969197,0,0,0,solo and shared
5,18,blake3-servil-mt,1048576,15,1166539,0,0,0,3299977,255324,1093411,ContinuousMessages,1021520,1020381,4026227,265255,989820,0,0,0,1021520,4043707,266496,1002240,0,0,0,solo and shared
5,19,sha256,1048576,2,925004,4506585,5379420,926780,0,0,0,ContinuousMessages,922406,922406,4506593,5379420,923842,0,0,0,920620,4497885,5379420,922050,0,0,0,solo and shared
6,0,sha256,1024,2075,980270,4783754,6639074,981509,0,0,0,LentMessages,977822,977822,4782931,6639074,979081,0,0,0,972453,4762435,6639074,973029,0,0,0,solo and shared
6,1,blake3-servil-st,1024,1342,992266,4850437,10776068,992871,0,0,0,LentMessages,992331,992331,4844980,10776067,993570,0,0,0,990755,4836499,10776067,992030,0,0,0,solo and shared
6,2,blake3-servil-mt,1024,1254,927533,4530927,10073277,929148,0,0,0,LentMessages,926331,926331,4530470,10073277,927619,0,0,0,924786,4520649,10073277,926067,0,0,0,solo and shared
6,3,sha256,16384,143,998162,4875011,6073787,999480,0,0,0,LentMessages,997052,996833,4875682,6073787,998083,0,0,0,997052,4875843,6073787,998438,0,0,0,solo and shared
6,4,blake3-servil-st,16384,328,1021602,4962398,13804373,1023089,0,0,0,LentMessages,1050353,1030777,4967398,13804373,1032161,0,0,0,1050353,5019979,13804373,1051807,0,0,0,solo and shared
6,5,blake3-servil-mt,16384,324,1021543,4889078,13637013,1023039,0,0,0,LentMessages,1024827,1024827,4881591,13637013,1026175,0,0,0,1024518,4883781,13637013,1025847,0,0,0,solo and shared
6,6,sha256,65536,35,1010100,4867804,5895779,1011585,0,0,0,LentMessages,1019560,1013121,4885375,5895779,1014632,0,0,0,1019560,4919698,5895779,1020299,0,0,0,solo and shared
6,7,blake3-servil-st,65536,78,1049789,4992044,12894003,1051649,0,0,0,LentMessages,1072259,1072259,4975214,12894003,1073417,0,0,0,1068727,5049652,12894003,1070364,0,0,0,solo and shared
6,8,blake3-servil-mt,65536,78,1048660,5092838,12894238,1050957,0,0,0,LentMessages,1124806,1124806,4930062,12894238,1018674,0,0,0,1014274,4931197,12894237,1016846,0,0,0,solo and shared
6,9,sha256,1048576,2,1083109,5278654,5376065,1084835,0,0,0,LentMessages,1135845,1053122,5098368,5376065,1053955,0,0,0,1135845,5492048,5376065,1137980,0,0,0,solo and shared
6,10,blake3-servil-st,1048576,4,909844,4351596,10519121,911582,0,0,0,LentMessages,932473,932473,4318433,10519121,933387,0,0,0,926741,4339559,10519121,927876,0,0,0,solo and shared
6,11,blake3-servil-mt,1048576,13,1123159,5209341,4935607,1124135,0,0,0,LentMessages,1232288,1161456,5414714,5166796,1163204,0,0,0,1232288,4206706,4112423,917567,1057170,512153,303907,solo and shared
6,8,sha256,64,15965,1177163,0,0,0,4217057,9931381,1178863,ContinuousMessages,1044923,1043881,4898646,9931380,1044601,0,0,0,1044923,4904854,9931380,1045611,0,0,0,solo and shared
6,9,blake3-servil-mt,64,2048,145771,0,0,0,516707,705131,147171,ContinuousMessages,200444,200444,515743,732107,142627,0,0,0,197435,568613,708990,161082,0,0,0,solo and shared
6,10,sha256,1024,2048,1023878,0,0,0,3675509,6544510,1025285,ContinuousMessages,1005088,1005088,4718613,6544510,1005719,0,0,0,1002363,4703874,6544510,1003007,0,0,0,solo and shared
6,11,blake3-servil-mt,1024,3424,403019,0,0,0,1368292,1562799,389190,ContinuousMessages,459928,459928,1954900,1578012,450611,0,0,0,432147,1898807,1570707,418235,0,0,0,solo and shared
6,12,sha256,16384,139,976899,0,0,0,3686102,5903368,978549,ContinuousMessages,1005185,1005185,4742032,5903368,1006580,0,0,0,1001798,4739411,5903368,1002450,0,0,0,solo and shared
6,13,blake3-servil-mt,16384,265,359227,0,0,0,1225425,315762,355610,ContinuousMessages,473690,473690,2150240,319827,471439,0,0,0,459723,2087995,319650,454928,0,0,0,solo and shared
6,14,sha256,65536,34,1042162,1805631,2189350,380166,2278798,3537801,609946,ContinuousMessages,974335,974335,4732851,5727226,975720,0,0,0,973553,4736043,5727226,975045,0,0,0,solo and shared
6,15,blake3-servil-mt,65536,71,375557,1257934,87029,277648,0,0,0,ContinuousMessages,327247,324413,1324577,87018,306816,0,0,0,327247,1385202,86856,316027,0,0,0,solo and shared
6,16,sha256,1048576,2,939327,4572887,5379420,940791,0,0,0,ContinuousMessages,980400,934847,4536303,5379420,936288,0,0,0,980400,4761279,5379420,981931,0,0,0,solo and shared
6,17,blake3-servil-mt,1048576,15,778768,3466276,255832,750294,0,0,0,ContinuousMessages,851488,851488,3624609,255355,792367,0,0,0,841440,3705930,255213,811377,0,0,0,solo and shared
6,27,sha256,64,15575,988776,4803418,9751099,990444,0,0,0,LentMessages,982279,982279,4788808,9751099,983517,0,0,0,981979,4786953,9751099,983256,0,0,0,solo and shared
6,28,blake3-servil-st,64,21262,986317,4826137,15352313,989826,0,0,0,LentMessages,971518,967260,4725747,15352313,968507,0,0,0,971518,4718872,15352313,972831,0,0,0,solo and shared
6,29,blake3-servil-mt,64,21937,985573,4810944,15905474,988008,0,0,0,LentMessages,985499,985499,4817257,15905474,986743,0,0,0,985196,4814539,15905474,986480,0,0,0,solo and shared
7,0,blake3-servil-st,16384,328,1036246,4951999,13804373,1037590,0,0,0,LentMessages,1026971,1026971,4946294,13804373,1028369,0,0,0,1011817,4945809,13804373,1013138,0,0,0,solo and shared
7,1,blake3-servil-mt,16384,324,999292,4885078,13637013,1000707,0,0,0,LentMessages,1000839,998640,4877778,13637013,999263,0,0,0,1000839,4884140,13637013,1002196,0,0,0,solo and shared
7,2,sha256,16384,143,997045,4873464,6073787,998442,0,0,0,LentMessages,1010583,1010583,4880357,6073788,1006320,0,0,0,999203,4875234,6073787,1000559,0,0,0,solo and shared
7,3,blake3-servil-st,65536,78,1014512,4895082,12894003,1015954,0,0,0,LentMessages,1029260,1029260,4897643,12894003,1029882,0,0,0,1018359,4899414,12894003,1019015,0,0,0,solo and shared
7,4,blake3-servil-mt,65536,78,995900,4877485,12894237,996574,0,0,0,LentMessages,997553,997544,4881081,12894237,998139,0,0,0,997553,4882455,12894237,998145,0,0,0,solo and shared
7,5,sha256,65536,35,992353,4850899,5895779,993775,0,0,0,LentMessages,993972,991797,4851314,5895779,992423,0,0,0,993972,4856131,5895779,995326,0,0,0,solo and shared
7,6,blake3-servil-st,1048576,4,1003222,4586994,10519122,965397,0,0,0,LentMessages,963806,931497,4532131,10519121,932397,0,0,0,963806,4585738,10519121,965399,0,0,0,solo and shared
7,7,blake3-servil-mt,1048576,13,1080693,5025780,4776006,1082355,0,0,0,LentMessages,1132355,1132355,3468561,2878402,762749,1227166,651237,353004,1120483,4673108,3830941,1010214,364808,192102,104186,solo and shared
7,8,sha256,1048576,2,982678,4608655,5376065,983767,0,0,0,LentMessages,1018787,1018787,96532,118110,22012,3548978,5257880,990775,985553,4621348,5376065,986397,0,0,0,solo and shared
7,6,blake3-servil-mt,64,2048,95935,437217,706378,96653,0,0,0,ContinuousMessages,192602,189661,513530,711970,133931,0,0,0,192602,533964,708268,140341,0,0,0,solo and shared
7,7,sha256,64,15965,1044667,4901916,9931380,1045318,0,0,0,ContinuousMessages,1046653,1046653,4910576,9931380,1047268,0,0,0,1044117,4901217,9931380,1044719,0,0,0,solo and shared
7,8,blake3-servil-mt,1024,3424,381131,1603878,1562946,357714,0,0,0,ContinuousMessages,397214,397214,1564857,1649372,387187,0,0,0,384182,1503531,1675564,359680,0,0,0,solo and shared
7,9,sha256,1024,2048,990112,4721610,6544510,991539,0,0,0,ContinuousMessages,984618,984618,4719116,6544510,985242,0,0,0,982763,4707514,6544510,984100,0,0,0,solo and shared
7,10,blake3-servil-mt,16384,265,317365,1372588,316017,315527,0,0,0,ContinuousMessages,550846,542138,2461042,322155,541360,0,0,0,550846,2459032,326701,548742,0,0,0,solo and shared
7,11,sha256,16384,139,971710,4738442,5903368,973056,0,0,0,ContinuousMessages,1018818,1018818,4745553,5903369,975395,0,0,0,970065,4738535,5903368,971395,0,0,0,solo and shared
7,12,blake3-servil-mt,65536,71,285647,1092809,88394,252778,0,0,0,ContinuousMessages,301914,301914,1059191,87364,253631,0,0,0,298086,1072277,86885,251705,0,0,0,solo and shared
7,13,sha256,65536,34,967574,4718028,5727226,969054,0,0,0,ContinuousMessages,968442,968442,4722258,5727226,969779,0,0,0,968287,4724208,5727226,969722,0,0,0,solo and shared
7,14,blake3-servil-mt,1048576,15,779878,3549207,255659,755945,0,0,0,ContinuousMessages,830300,829941,3604043,255818,802482,0,0,0,830300,3669197,255566,808241,0,0,0,solo and shared
7,15,sha256,1048576,2,920510,4487375,5379420,921313,0,0,0,ContinuousMessages,970901,922585,4499091,5379420,924063,0,0,0,970901,4506045,5379421,929654,0,0,0,solo and shared
7,24,blake3-servil-st,64,21262,960644,4703885,15352313,961265,0,0,0,LentMessages,968133,964984,4712776,15352313,966223,0,0,0,968133,4729950,15352313,969409,0,0,0,solo and shared
7,25,blake3-servil-mt,64,21937,1007228,4810612,15905474,1008522,0,0,0,LentMessages,986648,986648,4816985,15905474,987900,0,0,0,985876,4817583,15905474,987179,0,0,0,solo and shared
7,26,sha256,64,15575,980664,4793788,9751099,981946,0,0,0,LentMessages,1088086,1088086,5319917,9751100,1089734,0,0,0,979961,4791411,9751099,981239,0,0,0,solo and shared
7,27,blake3-servil-st,1024,1342,992377,4846493,10776067,993698,0,0,0,LentMessages,1044046,1044046,5103997,10776067,1045225,0,0,0,988576,4834055,10776067,989870,0,0,0,solo and shared
7,28,blake3-servil-mt,1024,1254,929245,4538758,10073277,930542,0,0,0,LentMessages,982543,982543,4561802,10073278,940754,0,0,0,925488,4522132,10073277,926918,0,0,0,solo and shared
7,29,sha256,1024,2075,977183,4785398,6639074,977856,0,0,0,LentMessages,986687,986687,4786115,6639074,987968,0,0,0,982591,4766724,6639074,984001,0,0,0,solo and shared
8,0,blake3-servil-mt,65536,78,1023152,4909487,12894237,1024570,0,0,0,LentMessages,1029604,1026653,4932948,12894237,1028415,0,0,0,1029604,4922686,12894237,1031100,0,0,0,solo and shared
8,1,sha256,65536,35,997736,4872495,5895779,999327,0,0,0,LentMessages,996374,996374,4860724,5895779,997812,0,0,0,993832,4854575,5895779,995286,0,0,0,solo and shared
8,2,blake3-servil-st,65536,78,1032352,5046308,12894003,1034075,0,0,0,LentMessages,1010769,1010769,4917388,12894003,1012706,0,0,0,1010119,4916682,12894003,1011575,0,0,0,solo and shared
8,3,blake3-servil-mt,1048576,13,1312206,5913637,4973848,1314314,0,0,0,LentMessages,1355602,1255590,5682665,4865847,1252599,0,0,0,1355602,2413361,1470898,554131,2721854,1509463,768743,solo and shared
8,4,sha256,1048576,2,988125,4629806,5376065,989851,0,0,0,LentMessages,987175,987175,4630057,5376065,988110,0,0,0,985269,4621902,5376065,986122,0,0,0,solo and shared
8,5,blake3-servil-st,1048576,4,943263,4345185,10519121,944127,0,0,0,LentMessages,923342,921504,4316171,10519121,923022,0,0,0,923342,4290376,10519121,924091,0,0,0,solo and shared
8,4,sha256,64,15965,1024092,4924254,9931380,1024806,0,0,0,ContinuousMessages,1026157,1023878,4902471,9931380,1025196,0,0,0,1026157,4913643,9931380,1027501,0,0,0,solo and shared
8,5,blake3-servil-mt,64,2048,175683,776633,728359,171830,0,0,0,ContinuousMessages,291954,290410,741303,752980,207394,0,0,0,291954,561492,734557,166260,0,0,0,solo and shared
8,6,sha256,1024,2048,986377,4720915,6544510,987079,0,0,0,ContinuousMessages,984373,984098,4719165,6544510,984659,0,0,0,984373,4714033,6544510,984960,0,0,0,solo and shared
8,7,blake3-servil-mt,1024,3424,394349,1710877,1596409,380343,0,0,0,ContinuousMessages,404659,376618,1651879,1562543,361469,0,0,0,404659,1730272,1567769,396717,0,0,0,solo and shared
8,8,sha256,16384,139,970111,4738244,5903368,970853,0,0,0,ContinuousMessages,972696,971564,4740361,5903368,972878,0,0,0,972696,4746031,5903368,974033,0,0,0,solo and shared
8,9,blake3-servil-mt,16384,265,319269,1441615,320490,314794,0,0,0,ContinuousMessages,543978,543080,2355706,320297,541079,0,0,0,543978,2469643,320702,542132,0,0,0,solo and shared
8,10,sha256,65536,34,1027140,4768122,5727227,984944,0,0,0,ContinuousMessages,969000,968796,4728429,5727226,970140,0,0,0,969000,4726025,5727226,970398,0,0,0,solo and shared
8,11,blake3-servil-mt,65536,71,271100,1170926,87267,260013,0,0,0,ContinuousMessages,349403,349403,1415313,87221,329056,0,0,0,329284,1360118,86888,311176,0,0,0,solo and shared
8,12,sha256,1048576,2,941170,4588452,5379420,942033,0,0,0,ContinuousMessages,967835,925855,4526553,5379420,926592,0,0,0,967835,4575940,5379420,969321,0,0,0,solo and shared
8,13,blake3-servil-mt,1048576,15,792641,3508703,256188,760693,0,0,0,ContinuousMessages,846124,846124,3547644,256557,779251,0,0,0,841818,3597955,255612,790580,0,0,0,solo and shared
8,21,blake3-servil-mt,64,21937,986679,4812188,15905474,987500,0,0,0,LentMessages,986567,985312,4815079,15905474,986567,0,0,0,986567,4817614,15905474,987844,0,0,0,solo and shared
8,22,sha256,64,15575,1006615,4799789,9751099,1008082,0,0,0,LentMessages,978415,976948,4778072,9751099,978216,0,0,0,978415,4786678,9751099,979729,0,0,0,solo and shared
8,23,blake3-servil-st,64,21262,961709,4696438,15352313,963010,0,0,0,LentMessages,964722,964722,4713072,15352313,966007,0,0,0,959919,4695677,15352313,960517,0,0,0,solo and shared
8,24,blake3-servil-mt,1024,1254,927751,4532257,10073277,929126,0,0,0,LentMessages,927683,927683,4531666,10073277,928958,0,0,0,926366,4521282,10073277,927700,0,0,0,solo and shared
8,25,sha256,1024,2075,978421,4788314,6639074,979035,0,0,0,LentMessages,988701,988701,4783188,6639074,989966,0,0,0,974843,4763237,6639074,976112,0,0,0,solo and shared
8,26,blake3-servil-st,1024,1342,992264,4848358,10776067,993586,0,0,0,LentMessages,993195,993195,4848396,10776067,994449,0,0,0,990464,4839939,10776067,991752,0,0,0,solo and shared
8,27,blake3-servil-mt,16384,324,1008956,4894821,13637013,1010340,0,0,0,LentMessages,1043385,1043385,4891829,13637014,1005479,0,0,0,1005396,4882094,13637013,1006725,0,0,0,solo and shared
8,28,sha256,16384,143,998548,4873776,6073787,999964,0,0,0,LentMessages,997375,997375,4874918,6073787,998624,0,0,0,995587,4870261,6073787,996193,0,0,0,solo and shared
8,29,blake3-servil-st,16384,328,1011500,4944450,13804373,1012867,0,0,0,LentMessages,1044032,1044032,4951100,13804373,1045336,0,0,0,1013260,4950322,13804373,1014570,0,0,0,solo and shared
9,0,blake3-servil-mt,1048576,13,1111065,5197543,4753692,1111989,0,0,0,LentMessages,1254430,1166107,5423175,5209819,1167859,0,0,0,1254430,3193519,3226653,697422,1948149,1198532,555123,solo and shared
9,1,blake3-servil-st,1048576,4,923958,4328975,10519121,925017,0,0,0,LentMessages,1485773,923819,4332216,10519121,924704,0,0,0,1485773,2523501,6135441,570813,3255274,4383605,909316,solo and shared
9,2,sha256,1048576,2,978526,4594246,5376065,979363,0,0,0,LentMessages,960595,960595,4590471,5376065,961414,0,0,0,958866,4580353,5376065,959645,0,0,0,solo and shared
9,2,blake3-servil-mt,64,2048,251549,1136607,773873,248505,0,0,0,ContinuousMessages,314987,314312,607747,716286,188205,0,0,0,314987,708696,739464,197604,0,0,0,solo and shared
9,3,sha256,64,15965,1020207,4900162,9931381,1021632,0,0,0,ContinuousMessages,1006185,1006185,4907375,9931380,1006798,0,0,0,1003074,4891267,9931380,1003656,0,0,0,solo and shared
9,4,blake3-servil-mt,1024,3424,370306,1728936,1562122,368472,0,0,0,ContinuousMessages,386241,386241,1662686,1567762,370189,0,0,0,379242,1545537,1564531,344726,0,0,0,solo and shared
9,5,sha256,1024,2048,968367,4721069,6544510,969102,0,0,0,ContinuousMessages,966197,966197,4722817,6544510,967444,0,0,0,960576,4702240,6544510,961154,0,0,0,solo and shared
9,6,blake3-servil-mt,16384,265,323425,1459652,316469,319441,0,0,0,ContinuousMessages,608569,607670,2733429,321443,605970,0,0,0,608569,2765567,321020,607778,0,0,0,solo and shared
9,7,sha256,16384,139,972514,4738409,5903368,973405,0,0,0,ContinuousMessages,1355204,1309918,6399515,5903368,1311502,0,0,0,1355204,6384559,5903369,1313313,0,0,0,solo and shared
9,8,blake3-servil-mt,65536,71,279669,1080883,87238,258055,0,0,0,ContinuousMessages,288791,288791,1065299,88066,265957,0,0,0,284706,1051751,88602,247714,0,0,0,solo and shared
9,9,sha256,65536,34,987405,4720008,5727226,988391,0,0,0,ContinuousMessages,991365,991365,4733212,5727226,992745,0,0,0,988013,4725324,5727226,988646,0,0,0,solo and shared
9,10,blake3-servil-mt,1048576,15,803962,3546638,255691,769698,0,0,0,ContinuousMessages,838238,832627,3554418,256185,787259,0,0,0,838238,3667002,255961,800571,0,0,0,solo and shared
9,11,sha256,1048576,2,921942,4491689,5379420,924487,0,0,0,ContinuousMessages,939934,939934,4499141,5379420,941405,0,0,0,938401,4486395,5379420,939868,0,0,0,solo and shared
9,18,blake3-servil-mt,64,21937,984713,4810007,15905474,985286,0,0,0,LentMessages,1006250,1006250,4815803,15905474,1007528,0,0,0,1006143,4815127,15905474,1007445,0,0,0,solo and shared
9,19,blake3-servil-st,64,21262,978298,4751873,15352315,979002,0,0,0,LentMessages,984095,969836,4705067,15352313,971135,0,0,0,984095,4721007,15352314,979575,0,0,0,solo and shared
9,20,sha256,64,15575,1124582,5503174,9751099,1125705,0,0,0,LentMessages,985489,985489,4787308,9751099,986791,0,0,0,978536,4783251,9751099,979181,0,0,0,solo and shared
9,21,blake3-servil-mt,1024,1254,974189,4768370,10073277,975537,0,0,0,LentMessages,926961,926961,4531935,10073277,928285,0,0,0,925080,4524709,10073277,925730,0,0,0,solo and shared
9,22,blake3-servil-st,1024,1342,1046454,5119398,10776067,1048252,0,0,0,LentMessages,994462,994462,4858137,10776067,995728,0,0,0,992596,4845791,10776067,994009,0,0,0,solo and shared
9,23,sha256,1024,2075,1040086,5069176,6639074,1041440,0,0,0,LentMessages,1014233,1014233,4848354,6639074,1014940,0,0,0,999599,4770008,6639074,1001028,0,0,0,solo and shared
9,24,blake3-servil-mt,16384,324,1072489,5002257,13637013,1074623,0,0,0,LentMessages,1070069,1070069,4977501,13637013,1071526,0,0,0,1050322,4991941,13637013,1052088,0,0,0,solo and shared
9,25,blake3-servil-st,16384,328,1028089,4946226,13804373,1029561,0,0,0,LentMessages,1039840,1039840,4980253,13804373,1041292,0,0,0,1038830,4972264,13804373,1040510,0,0,0,solo and shared
9,26,sha256,16384,143,1005982,4878234,6073788,1007426,0,0,0,LentMessages,1021590,1021590,4912617,6073787,1023458,0,0,0,1020265,4904913,6073787,1022407,0,0,0,solo and shared
9,27,blake3-servil-mt,65536,78,1056870,4928142,12894244,1058486,0,0,0,LentMessages,1013852,1013852,4930127,12894237,1015187,0,0,0,1011882,4934893,12894237,1013378,0,0,0,solo and shared
9,28,blake3-servil-st,65536,78,1002174,4885405,12894003,1003609,0,0,0,LentMessages,1018889,1018889,4897790,12894003,1017296,0,0,0,1011340,4893494,12894003,1012732,0,0,0,solo and shared
9,29,sha256,65536,35,993021,4852011,5895779,994366,0,0,0,LentMessages,995722,995722,4854216,5895779,997047,0,0,0,995221,4852438,5895779,996630,0,0,0,solo and shared
10,0,sha256,64,15965,1001521,4897298,9931380,1002806,0,0,0,ContinuousMessages,1006709,1004465,4899398,9931380,1005750,0,0,0,1006709,4907336,9931380,1008021,0,0,0,solo and shared
10,1,blake3-servil-mt,64,2048,141262,583734,705890,142837,0,0,0,ContinuousMessages,279161,270685,592531,710072,166980,0,0,0,279161,593853,716857,147376,0,0,0,solo and shared
10,2,sha256,1024,2048,978771,4719831,6544510,979386,0,0,0,ContinuousMessages,986232,986232,4722581,6544510,987466,0,0,0,984194,4707803,6544510,985524,0,0,0,solo and shared
10,3,blake3-servil-mt,1024,3424,357113,1674564,1562676,357937,0,0,0,ContinuousMessages,406998,406998,1790672,1565562,393239,0,0,0,394408,1729858,1562512,376223,0,0,0,solo and shared
10,4,sha256,16384,139,972821,4740924,5903368,974317,0,0,0,ContinuousMessages,982749,982749,4738637,5903368,984092,0,0,0,982289,4738530,5903368,983627,0,0,0,solo and shared
10,5,blake3-servil-mt,16384,265,345485,1455612,316157,343735,0,0,0,ContinuousMessages,578921,555753,2525187,319295,554026,0,0,0,578921,2438588,319392,544639,0,0,0,solo and shared
10,6,sha256,65536,34,970599,4719685,5727226,972510,0,0,0,ContinuousMessages,1014538,968643,4718697,5727226,969959,0,0,0,1014538,4727264,5727227,974856,0,0,0,solo and shared
10,7,blake3-servil-mt,65536,71,268823,1184401,87497,261011,0,0,0,ContinuousMessages,323347,323347,1298239,87013,303456,0,0,0,305035,1241470,87464,289432,0,0,0,solo and shared
10,8,sha256,1048576,2,952742,4646869,5379420,958104,0,0,0,ContinuousMessages,958619,938714,4550961,5379420,940121,0,0,0,958619,4653678,5379420,960096,0,0,0,solo and shared
10,9,blake3-servil-mt,1048576,15,769248,3297573,256038,744937,0,0,0,ContinuousMessages,1125372,1125372,0,0,0,3513305,256815,1013571,879148,3845499,257005,838076,0,0,0,solo and shared
10,15,sha256,64,15575,977803,4778694,9751099,979154,0,0,0,LentMessages,1027666,1027666,816463,1630519,170620,3032691,8120505,805340,980620,4790505,9751099,981953,0,0,0,solo and shared
10,16,blake3-servil-mt,64,21937,985549,4811714,15905474,986671,0,0,0,LentMessages,986046,985577,4819780,15905474,986473,0,0,0,986046,4817562,15905474,987317,0,0,0,solo and shared
10,17,blake3-servil-st,64,21262,962050,4703124,15352313,962644,0,0,0,LentMessages,1029184,1029184,5035137,15352313,1030121,0,0,0,968540,4734170,15352313,969809,0,0,0,solo and shared
10,18,sha256,1024,2075,976844,4782008,6639074,977423,0,0,0,LentMessages,977371,977371,4781945,6639074,978207,0,0,0,974575,4763209,6639074,975873,0,0,0,solo and shared
10,19,blake3-servil-mt,1024,1254,926688,4537713,10073277,927288,0,0,0,LentMessages,950357,925979,4532869,10073277,926838,0,0,0,950357,4522135,10073277,952266,0,0,0,solo and shared
10,20,blake3-servil-st,1024,1342,992230,4852441,10776067,993602,0,0,0,LentMessages,992856,992856,4852754,10776067,994186,0,0,0,989530,4838448,10776067,990792,0,0,0,solo and shared
10,21,sha256,16384,143,996490,4876078,6073787,997195,0,0,0,LentMessages,996894,995925,4875437,6073787,996852,0,0,0,996894,4874326,6073787,998197,0,0,0,solo and shared
10,22,blake3-servil-mt,16384,324,1031980,4897024,13637014,1028285,0,0,0,LentMessages,1000406,996326,4878549,13637013,996928,0,0,0,1000406,4886988,13637013,1001799,0,0,0,solo and shared
10,23,blake3-servil-st,16384,328,1029894,4950090,13804373,1031299,0,0,0,LentMessages,1012100,1011144,4942754,13804373,1012446,0,0,0,1012100,4942899,13804373,1013499,0,0,0,solo and shared
10,24,sha256,65536,35,980719,4853506,5895779,982111,0,0,0,LentMessages,994744,994744,4861240,5895779,996084,0,0,0,993988,4853818,5895779,995417,0,0,0,solo and shared
10,25,blake3-servil-mt,65536,78,985700,4885537,12894237,987092,0,0,0,LentMessages,1016067,1016067,4905698,12894237,1017436,0,0,0,1002168,4893103,12894237,1003581,0,0,0,solo and shared
10,26,blake3-servil-st,65536,78,984071,4892659,12894003,985512,0,0,0,LentMessages,1002667,1002374,4893505,12894003,1003667,0,0,0,1002667,4895089,12894003,1004042,0,0,0,solo and shared
10,27,sha256,1048576,2,978236,4862397,5376065,979798,0,0,0,LentMessages,1012471,1010115,4933488,5376065,1011550,0,0,0,1012471,4941741,5376065,1014056,0,0,0,solo and shared
10,28,blake3-servil-mt,1048576,13,1111219,5171423,5107373,1112866,0,0,0,LentMessages,1148784,1148784,4494046,4189123,968809,618077,315661,178063,1106314,4466566,3487539,972460,345801,188015,105540,solo and shared
10,29,blake3-servil-st,1048576,4,924043,4328962,10519121,925627,0,0,0,LentMessages,2121480,2121480,0,0,0,7616299,10519122,2123404,924543,4335019,10519121,925421,0,0,0,solo and shared
11,0,blake3-servil-mt,1024,3424,362899,1542000,1566612,348821,0,0,0,ContinuousMessages,394982,394982,0,0,0,1394105,1561598,396820,372794,1635122,1572500,360503,0,0,0,solo and shared
11,1,sha256,1024,2048,989464,4721807,6544510,990891,0,0,0,ContinuousMessages,1026731,1026731,1179979,1627725,249999,2766190,4916710,734297,977889,4709624,6544510,979305,0,0,0,solo and shared
11,2,blake3-servil-mt,16384,265,312379,1422698,315628,310196,0,0,0,ContinuousMessages,566644,558127,2532764,322729,556407,0,0,0,566644,2528854,321665,565760,0,0,0,solo and shared
11,3,sha256,16384,139,970664,4736535,5903368,971544,0,0,0,ContinuousMessages,990510,990510,4739458,5903368,991827,0,0,0,989775,4738496,5903368,991163,0,0,0,solo and shared
11,4,blake3-servil-mt,65536,71,279179,1064209,87079,253420,0,0,0,ContinuousMessages,294652,290896,1079500,88138,260062,0,0,0,294652,1055191,87366,259909,0,0,0,solo and shared
11,5,sha256,65536,34,969057,4715766,5727226,970309,0,0,0,ContinuousMessages,984610,984610,4728839,5727226,985971,0,0,0,983572,4723357,5727226,985004,0,0,0,solo and shared
11,6,blake3-servil-mt,1048576,15,772736,3487538,255946,753366,0,0,0,ContinuousMessages,821368,815824,3606651,256132,807054,0,0,0,821368,3689202,256155,815209,0,0,0,solo and shared
11,7,sha256,1048576,2,933936,4506480,5379422,929876,0,0,0,ContinuousMessages,924913,924913,4511540,5379420,926468,0,0,0,923619,4504137,5379420,925121,0,0,0,solo and shared
11,12,blake3-servil-st,64,21262,964050,4706261,15352313,965384,0,0,0,LentMessages,966821,966821,4715040,15352313,968090,0,0,0,966711,4714430,15352313,968009,0,0,0,solo and shared
11,13,sha256,64,15575,981901,4799439,9751099,982785,0,0,0,LentMessages,984278,981969,4791378,9751099,983318,0,0,0,984278,4802981,9751099,985834,0,0,0,solo and shared
11,14,blake3-servil-mt,64,21937,984856,4813502,15905474,986246,0,0,0,LentMessages,1005260,1005260,4830013,15905474,1006891,0,0,0,1003999,4828046,15905474,1005347,0,0,0,solo and shared
11,15,blake3-servil-st,1024,1342,996109,4858400,10776067,997754,0,0,0,LentMessages,993718,993718,4856141,10776067,995064,0,0,0,990170,4845817,10776067,990945,0,0,0,solo and shared
11,16,sha256,1024,2075,979977,4784549,6639074,981389,0,0,0,LentMessages,996944,996944,4794123,6639074,998316,0,0,0,992938,4778794,6639074,995195,0,0,0,solo and shared
11,17,blake3-servil-mt,1024,1254,941743,4540873,10073277,943313,0,0,0,LentMessages,930334,930334,4548444,10073277,931768,0,0,0,926288,4530807,10073277,927258,0,0,0,solo and shared
11,18,blake3-servil-st,16384,328,1009741,4981610,13804373,1011092,0,0,0,LentMessages,1013429,1013429,4952521,13804373,1014753,0,0,0,1013389,4948793,13804373,1014931,0,0,0,solo and shared
11,19,sha256,16384,143,998382,4874324,6073787,999745,0,0,0,LentMessages,999153,998168,4873981,6073787,999501,0,0,0,999153,4875963,6073787,1000568,0,0,0,solo and shared
11,20,blake3-servil-mt,16384,324,981113,4880623,13637013,982538,0,0,0,LentMessages,1029235,1026933,4886618,13637013,1028273,0,0,0,1029235,4883536,13637013,1030677,0,0,0,solo and shared
11,21,blake3-servil-st,65536,78,1005036,4904628,12894003,1006484,0,0,0,LentMessages,1008121,1003331,4904657,12894003,1003984,0,0,0,1008121,4922691,12894003,1009611,0,0,0,solo and shared
11,22,sha256,65536,35,988308,4851920,5895779,989774,0,0,0,LentMessages,996596,996596,4864471,5895779,997997,0,0,0,993336,4854055,5895779,994768,0,0,0,solo and shared
11,23,blake3-servil-mt,65536,78,983150,4891924,12894237,984575,0,0,0,LentMessages,1014797,1014797,4905067,12894237,1016150,0,0,0,1002156,4897636,12894237,1003539,0,0,0,solo and shared
11,24,blake3-servil-st,1048576,4,971563,4790340,10519121,973090,0,0,0,LentMessages,999600,999600,4875371,10519121,1001130,0,0,0,995218,4859503,10519121,996763,0,0,0,solo and shared
11,25,sha256,1048576,2,958087,4721096,5376065,958935,0,0,0,LentMessages,966583,966583,4718295,5376065,968116,0,0,0,964772,4711225,5376065,966315,0,0,0,solo and shared
11,26,blake3-servil-mt,1048576,13,1133161,5118258,5421217,1134835,0,0,0,LentMessages,1196896,1196896,1162678,1133013,252770,3294771,1833463,931682,1113892,5187734,4583840,1115570,0,0,0,solo and shared
11,18,blake3-servil-mt,64,2048,148885,0,0,0,508986,706547,150682,ContinuousMessages,175028,175028,0,0,0,522080,706516,161185,170569,582891,706983,142244,0,0,0,solo and shared
11,19,sha256,64,15965,1171584,0,0,0,4206845,9931380,1173224,ContinuousMessages,1170635,1170635,0,0,0,4207898,9931380,1171883,1043009,4895791,9931380,1043742,0,0,0,solo and shared
12,0,sha256,16384,139,1024067,0,0,0,3676430,5903368,1025526,ContinuousMessages,1024716,1024716,0,0,0,3678665,5903368,1026227,991439,4740249,5903368,992931,0,0,0,solo and shared
12,1,blake3-servil-mt,16384,265,373336,0,0,0,1246893,317613,370728,ContinuousMessages,577419,577419,0,0,0,2019720,321711,573267,528254,2415384,320839,526414,0,0,0,solo and shared
12,2,sha256,65536,34,966269,4716840,5727226,967789,0,0,0,ContinuousMessages,968977,968977,0,0,0,3667214,5727226,970461,967235,4718948,5727226,968639,0,0,0,solo and shared
12,3,blake3-servil-mt,65536,71,275256,1041390,87544,239059,0,0,0,ContinuousMessages,402306,402306,0,0,0,1165872,87787,345642,298088,1211735,86936,277183,0,0,0,solo and shared
12,4,sha256,1048576,2,937539,4526820,5379420,938350,0,0,0,ContinuousMessages,946790,920418,0,0,0,3485076,5379420,921932,946790,4531692,5379420,948338,0,0,0,solo and shared
12,5,blake3-servil-mt,1048576,15,759798,3269553,255619,743294,0,0,0,ContinuousMessages,1093155,1093155,0,0,0,3561868,257198,1018611,876206,3764087,257152,823504,0,0,0,solo and shared
12,9,sha256,64,15575,978537,4790195,9751099,979899,0,0,0,LentMessages,978811,964465,0,0,0,3645985,9751099,965885,978811,4784232,9751099,980235,0,0,0,solo and shared
12,10,blake3-servil-st,64,21262,970139,4738839,15352313,971673,0,0,0,LentMessages,1556132,1556132,0,0,0,5841658,15352314,1551957,971128,4739761,15352313,972505,0,0,0,solo and shared
12,11,blake3-servil-mt,64,21937,989853,4834469,15905474,991438,0,0,0,LentMessages,1440979,1440979,1770481,5832879,364961,3784411,10072520,1001478,996062,4825357,15905474,993179,0,0,0,solo and shared
12,12,sha256,1024,2075,1018214,4792327,6639075,978202,0,0,0,LentMessages,980044,980044,4782423,6639074,981307,0,0,0,974563,4763937,6639074,975855,0,0,0,solo and shared
12,13,blake3-servil-st,1024,1342,980039,4850362,10776067,981359,0,0,0,LentMessages,994568,994568,4855686,10776067,995825,0,0,0,990869,4843283,10776067,992214,0,0,0,solo and shared
12,14,blake3-servil-mt,1024,1254,913667,4534686,10073277,915013,0,0,0,LentMessages,929477,929477,4537505,10073277,930735,0,0,0,926546,4524717,10073277,927816,0,0,0,solo and shared
12,15,sha256,16384,143,984083,4874873,6073787,985472,0,0,0,LentMessages,998165,998165,4873816,6073787,999470,0,0,0,997677,4876049,6073787,999010,0,0,0,solo and shared
12,16,blake3-servil-st,16384,328,1023960,4950699,13804373,1025365,0,0,0,LentMessages,1022920,1011745,4940785,13804373,1013108,0,0,0,1022920,4957907,13804373,1024285,0,0,0,solo and shared
12,17,blake3-servil-mt,16384,324,999322,4886829,13637013,1000689,0,0,0,LentMessages,1002175,1002175,4883393,13637013,1003522,0,0,0,1000982,4883072,13637013,1002380,0,0,0,solo and shared
12,18,sha256,65536,35,993830,4854350,5895779,995334,0,0,0,LentMessages,995425,994165,4858900,5895779,995452,0,0,0,995425,4859780,5895779,996814,0,0,0,solo and shared
12,19,blake3-servil-st,65536,78,1010703,4924542,12894003,1012178,0,0,0,LentMessages,1010731,1010731,4906360,12894003,1011403,0,0,0,1005919,4901285,12894003,1007404,0,0,0,solo and shared
12,20,blake3-servil-mt,65536,78,1046331,5018530,12894238,1047826,0,0,0,LentMessages,1008463,1008092,4905965,12894237,1009596,0,0,0,1008463,4905953,12894237,1010147,0,0,0,solo and shared
12,21,sha256,1048576,2,1094918,5346194,5376065,1096651,0,0,0,LentMessages,1085682,1055407,5154653,5376065,1057222,0,0,0,1085682,5303073,5376065,1087493,0,0,0,solo and shared
12,22,blake3-servil-st,1048576,4,900208,4390383,10519121,902037,0,0,0,LentMessages,996074,996074,4393091,10519122,909537,0,0,0,932037,4510723,10519121,933997,0,0,0,solo and shared
12,23,blake3-servil-mt,1048576,13,1177026,5499005,5346604,1179564,0,0,0,LentMessages,1189812,1189812,2507629,2148445,544875,2263819,1354504,643426,1183407,4736585,3996067,1026577,491861,168214,144762,solo and shared
12,16,sha256,64,15965,1044116,4898623,9931380,1044909,0,0,0,ContinuousMessages,1170927,1170927,0,0,0,4205991,9931380,1172243,1044180,4902362,9931380,1044826,0,0,0,solo and shared
12,17,blake3-servil-mt,64,2048,95765,442651,704472,96402,0,0,0,ContinuousMessages,185612,185612,0,0,0,535202,706693,166473,181987,524600,713711,134669,0,0,0,solo and shared
12,18,sha256,1024,2048,1005564,4720210,6544510,1006445,0,0,0,ContinuousMessages,1099629,1099629,2761757,3802196,591768,1543458,2742239,434695,995824,4704806,6544510,996707,0,0,0,solo and shared
12,19,blake3-servil-mt,1024,3424,355897,1495608,1566321,353272,0,0,0,ContinuousMessages,415980,404125,1742025,1569505,381625,0,0,0,415980,1741154,1567848,387364,0,0,0,solo and shared
13,0,blake3-servil-mt,65536,71,249018,1071846,86672,236780,0,0,0,ContinuousMessages,326997,326997,1379909,87460,312853,0,0,0,322446,1324905,87232,311496,0,0,0,solo and shared
13,1,sha256,65536,34,994770,4762316,5727226,996351,0,0,0,ContinuousMessages,1000658,1000658,4785011,5727226,1001293,0,0,0,988719,4727499,5727226,990112,0,0,0,solo and shared
13,2,blake3-servil-mt,1048576,15,891742,3925624,255369,885005,0,0,0,ContinuousMessages,873593,844973,3793767,257053,830882,0,0,0,873593,3890614,256215,858089,0,0,0,solo and shared
13,3,sha256,1048576,2,928872,4504063,5379420,930449,0,0,0,ContinuousMessages,995941,950624,4627432,5379420,951495,0,0,0,995941,4510887,5379421,935872,0,0,0,solo and shared
13,6,blake3-servil-st,64,21262,955583,4678239,15352313,956293,0,0,0,LentMessages,1012165,1012165,4837144,15352313,1013542,0,0,0,982286,4700413,15352313,983582,0,0,0,solo and shared
13,7,blake3-servil-mt,64,21937,982670,4807744,15905474,983246,0,0,0,LentMessages,1010273,1010273,4837855,15905474,1011679,0,0,0,1006546,4816219,15905474,1007830,0,0,0,solo and shared
13,8,sha256,64,15575,1029530,4788594,9751100,987204,0,0,0,LentMessages,1003404,1003404,4801895,9751099,1004789,0,0,0,1003141,4799315,9751099,1004600,0,0,0,solo and shared
13,9,blake3-servil-st,1024,1342,1002095,4852391,10776067,1003428,0,0,0,LentMessages,1005915,1005915,4867981,10776067,1007464,0,0,0,1002405,4847517,10776067,1004317,0,0,0,solo and shared
13,10,blake3-servil-mt,1024,1254,928723,4535216,10073277,930186,0,0,0,LentMessages,945391,945391,4545498,10073277,946949,0,0,0,929177,4525790,10073277,930501,0,0,0,solo and shared
13,11,sha256,1024,2075,981163,4784585,6639074,982526,0,0,0,LentMessages,983355,983355,4789676,6639074,984771,0,0,0,974351,4759458,6639074,974901,0,0,0,solo and shared
13,12,blake3-servil-st,16384,328,1054086,4956189,13804374,1055541,0,0,0,LentMessages,1038349,1023709,4965128,13804373,1024381,0,0,0,1038349,4952271,13804373,1038987,0,0,0,solo and shared
13,13,blake3-servil-mt,16384,324,1006470,4877393,13637013,1007933,0,0,0,LentMessages,1010302,1010302,4902832,13637013,1011715,0,0,0,1006382,4884425,13637013,1007749,0,0,0,solo and shared
13,14,sha256,16384,143,997260,4873556,6073787,998640,0,0,0,LentMessages,1007492,1007492,4880346,6073787,1008909,0,0,0,1006260,4873935,6073787,1007620,0,0,0,solo and shared
13,15,blake3-servil-st,65536,78,1005074,4908239,12894003,1006563,0,0,0,LentMessages,1011220,1011220,4926255,12894003,1012760,0,0,0,1010214,4921220,12894003,1011593,0,0,0,solo and shared
13,16,blake3-servil-mt,65536,78,1000985,4889722,12894237,1002442,0,0,0,LentMessages,1008346,1008346,4913191,12894237,1009787,0,0,0,1004381,4893230,12894237,1005806,0,0,0,solo and shared
13,17,sha256,65536,35,1012939,4851298,5895779,1014383,0,0,0,LentMessages,996316,996316,4856909,5895779,997008,0,0,0,994263,4853352,5895779,995627,0,0,0,solo and shared
13,18,blake3-servil-st,1048576,4,988741,4788559,10519122,990391,0,0,0,LentMessages,1148254,1052645,4978529,10519121,1055047,0,0,0,1148254,5588732,10519121,1150060,0,0,0,solo and shared
13,19,blake3-servil-mt,1048576,13,1178756,5389488,4908313,1181873,0,0,0,LentMessages,1132641,1132641,4739146,3976818,1030852,285614,147245,85739,1062104,4931380,3990501,1064047,0,0,0,solo and shared
13,20,sha256,1048576,2,985226,4615609,5376065,986782,0,0,0,LentMessages,990166,986821,4626716,5376065,987639,0,0,0,990166,4641525,5376065,991144,0,0,0,solo and shared
13,14,blake3-servil-mt,64,2048,119516,553554,704888,120172,0,0,0,ContinuousMessages,189659,187407,475810,706272,115481,0,0,0,189659,534741,714267,142519,0,0,0,solo and shared
13,15,sha256,64,15965,1044526,4896498,9931380,1045120,0,0,0,ContinuousMessages,1049051,1049051,4917580,9931380,1049721,0,0,0,1043556,4891106,9931380,1044149,0,0,0,solo and shared
13,16,blake3-servil-mt,1024,3424,356633,1567366,1563792,340069,0,0,0,ContinuousMessages,393343,393343,1802799,1572492,394953,0,0,0,364757,1573682,1564314,348321,0,0,0,solo and shared
13,17,sha256,1024,2048,984583,4717672,6544510,985189,0,0,0,ContinuousMessages,986251,986251,4723011,6544510,987582,0,0,0,982362,4705175,6544510,983113,0,0,0,solo and shared
13,18,blake3-servil-mt,16384,265,331459,1479081,316276,323948,0,0,0,ContinuousMessages,561843,556292,2499675,320977,554087,0,0,0,561843,2465188,321218,537914,0,0,0,solo and shared
13,19,sha256,16384,139,971373,4740263,5903368,972733,0,0,0,ContinuousMessages,1358361,970055,4740490,5903368,971356,0,0,0,1358361,4744987,5903368,1358958,0,0,0,solo and shared
14,0,sha256,1048576,2,928653,4527659,5379420,930121,0,0,0,ContinuousMessages,932880,923212,4507836,5379420,924646,0,0,0,932880,4532693,5379420,933650,0,0,0,solo and shared
14,1,blake3-servil-mt,1048576,15,799581,3600602,255790,777408,0,0,0,ContinuousMessages,890783,854586,3863925,255849,846528,0,0,0,890783,3943202,256012,865312,0,0,0,solo and shared
14,3,blake3-servil-mt,64,21937,987029,4813905,15905474,988346,0,0,0,LentMessages,988320,988320,4817457,15905474,989590,0,0,0,987837,4815132,15905474,989138,0,0,0,solo and shared
14,4,sha256,64,15575,982655,4793391,9751099,983986,0,0,0,LentMessages,981288,979403,4788195,9751099,980712,0,0,0,981288,4795906,9751099,982558,0,0,0,solo and shared
14,5,blake3-servil-st,64,21262,963834,4708069,15352313,965185,0,0,0,LentMessages,967524,967524,4729822,15352313,968778,0,0,0,964139,4712051,15352313,965427,0,0,0,solo and shared
14,6,blake3-servil-mt,1024,1254,928081,4532823,10073277,929437,0,0,0,LentMessages,928754,928754,4529837,10073277,930040,0,0,0,927146,4521573,10073277,928441,0,0,0,solo and shared
14,7,sha256,1024,2075,979324,4784132,6639074,980656,0,0,0,LentMessages,1005207,980454,4783669,6639074,981729,0,0,0,1005207,4764086,6639074,1006513,0,0,0,solo and shared
14,8,blake3-servil-st,1024,1342,992714,4846639,10776067,994035,0,0,0,LentMessages,991193,991193,4844292,10776067,992479,0,0,0,990050,4840205,10776067,991340,0,0,0,solo and shared
14,9,blake3-servil-mt,16384,324,1006327,4894984,13637013,1007783,0,0,0,LentMessages,1023323,1023323,4883981,13637013,1024656,0,0,0,998124,4886738,13637013,998732,0,0,0,solo and shared
14,10,sha256,16384,143,1011259,4873394,6073787,1012826,0,0,0,LentMessages,994698,994346,4870000,6073787,994956,0,0,0,994698,4869783,6073787,995272,0,0,0,solo and shared
14,11,blake3-servil-st,16384,328,1009751,4936640,13804373,1010386,0,0,0,LentMessages,1013330,1011230,4939173,13804373,1011796,0,0,0,1013330,4943661,13804373,1014663,0,0,0,solo and shared
14,12,blake3-servil-mt,65536,78,1027381,4898385,12894237,1027968,0,0,0,LentMessages,1055693,1008276,4912732,12894237,1009657,0,0,0,1055693,4916811,12894238,1015318,0,0,0,solo and shared
14,13,sha256,65536,35,992947,4850760,5895779,994380,0,0,0,LentMessages,996957,995928,4854227,5895779,997268,0,0,0,996957,4858699,5895779,998383,0,0,0,solo and shared
14,14,blake3-servil-st,65536,78,1018080,4903192,12894004,1013817,0,0,0,LentMessages,1047452,1021036,4896577,12894003,1022368,0,0,0,1047452,4894588,12894004,1048864,0,0,0,solo and shared
14,15,blake3-servil-mt,1048576,13,1151838,5390329,5625955,1152747,0,0,0,LentMessages,1159905,1158669,5399341,4830470,1160813,0,0,0,1159905,4878404,4203498,1054843,319964,148583,94116,solo and shared
14,16,sha256,1048576,2,991663,0,0,0,3554019,5376065,993869,LentMessages,984753,984753,4616639,5376065,985565,0,0,0,984134,4614360,5376065,984977,0,0,0,solo and shared
14,17,blake3-servil-st,1048576,4,1298665,3072150,7635068,673668,2201741,2883978,618379,LentMessages,957093,957093,4387825,10519121,958865,0,0,0,949235,4410977,10519121,950362,0,0,0,solo and shared
14,12,sha256,64,15965,1017749,4893158,9931380,1018364,0,0,0,ContinuousMessages,1028697,1026596,4914240,9931380,1028070,0,0,0,1028697,4921284,9931380,1030131,0,0,0,solo and shared
14,13,blake3-servil-mt,64,2048,145767,582099,726599,134253,0,0,0,ContinuousMessages,351354,349527,754206,737600,208510,0,0,0,351354,615015,718346,177110,0,0,0,solo and shared
14,14,sha256,1024,2048,1010366,4736130,6544510,1012169,0,0,0,ContinuousMessages,1001050,1001050,4722937,6544510,1001795,0,0,0,999323,4711477,6544510,1000280,0,0,0,solo and shared
14,15,blake3-servil-mt,1024,3424,324137,1493641,1573192,320172,0,0,0,ContinuousMessages,453839,453839,1749246,1563777,383663,0,0,0,423495,1819037,1566715,400956,0,0,0,solo and shared
14,16,sha256,16384,139,972130,4744576,5903368,973873,0,0,0,ContinuousMessages,974528,974528,4745512,5903368,975477,0,0,0,973708,4741391,5903368,975178,0,0,0,solo and shared
14,17,blake3-servil-mt,16384,265,389188,1735360,316238,383475,0,0,0,ContinuousMessages,812406,812406,3661381,316852,809616,0,0,0,466751,2094065,320321,463409,0,0,0,solo and shared
14,18,sha256,65536,34,976871,0,0,0,3698523,5727226,978354,ContinuousMessages,980747,975813,4762072,5727226,977892,0,0,0,980747,4785767,5727226,982275,0,0,0,solo and shared
14,19,blake3-servil-mt,65536,71,344617,0,0,0,1087037,86731,326274,ContinuousMessages,341411,341411,1373944,87273,318165,0,0,0,306073,1291694,86815,293905,0,0,0,solo and shared
15,0,blake3-servil-mt,64,21937,1221931,3066039,10125724,631221,2185946,5779675,583199,LentMessages,987883,987883,4818359,15905474,989184,0,0,0,985713,4812887,15905474,986258,0,0,0,solo and shared
15,1,blake3-servil-st,64,21262,975809,4702389,15352313,968065,0,0,0,LentMessages,964062,959123,4689496,15352313,960418,0,0,0,964062,4714033,15352313,965427,0,0,0,solo and shared
15,2,sha256,64,15575,976769,4780635,9751099,977358,0,0,0,LentMessages,981325,981325,4788272,9751099,982634,0,0,0,979634,4784557,9751099,980255,0,0,0,solo and shared
15,3,blake3-servil-mt,1024,1254,926950,4539552,10073277,927520,0,0,0,LentMessages,941298,941298,4533944,10073277,942557,0,0,0,938471,4520719,10073277,939772,0,0,0,solo and shared
15,4,blake3-servil-st,1024,1342,997968,4860829,10776067,998570,0,0,0,LentMessages,999149,999149,4846816,10776067,1000444,0,0,0,998373,4843753,10776067,999703,0,0,0,solo and shared
15,5,sha256,1024,2075,977018,4779659,6639074,977630,0,0,0,LentMessages,992490,992490,4780410,6639074,993116,0,0,0,988994,4763699,6639074,990320,0,0,0,solo and shared
15,6,blake3-servil-mt,16384,324,1011424,4886874,13637013,1012041,0,0,0,LentMessages,1015827,1006058,4892997,13637013,1006657,0,0,0,1015827,4892636,13637013,1016468,0,0,0,solo and shared
15,7,blake3-servil-st,16384,328,1010978,4940136,13804373,1011562,0,0,0,LentMessages,1017258,1017075,4946453,13804373,1018411,0,0,0,1017258,4948235,13804373,1018607,0,0,0,solo and shared
15,8,sha256,16384,143,994722,4870663,6073787,995327,0,0,0,LentMessages,999665,999665,4873735,6073787,1000994,0,0,0,999461,4874031,6073787,1000826,0,0,0,solo and shared
15,9,blake3-servil-mt,65536,78,1021542,4896035,12894237,1022195,0,0,0,LentMessages,1035344,1002378,4900500,12894237,1003765,0,0,0,1035344,4907405,12894238,1036750,0,0,0,solo and shared
15,10,blake3-servil-st,65536,78,995139,4870897,12894003,995759,0,0,0,LentMessages,1004092,1004092,4894900,12894003,1005433,0,0,0,1002613,4894131,12894003,1004917,0,0,0,solo and shared
15,11,sha256,65536,35,991534,4853866,5895779,992135,0,0,0,LentMessages,1013779,1013779,4855225,5895779,1015129,0,0,0,1013346,4853015,5895779,1014833,0,0,0,solo and shared
15,12,blake3-servil-mt,1048576,13,1229090,5667638,5294260,1230134,0,0,0,LentMessages,1331716,1330368,6206434,5426042,1332282,0,0,0,1331716,6149894,5103971,1323325,0,0,0,solo and shared
15,13,blake3-servil-st,1048576,4,928085,4351117,10519121,929816,0,0,0,LentMessages,931582,929998,4358355,10519121,930919,0,0,0,931582,4365817,10519121,932549,0,0,0,solo and shared
15,14,sha256,1048576,2,978584,4593007,5376065,979370,0,0,0,LentMessages,972293,971332,4611132,5376065,972262,0,0,0,972293,4613111,5376065,973147,0,0,0,solo and shared
15,10,blake3-servil-mt,64,2048,221142,595376,705241,142575,0,0,0,ContinuousMessages,327352,327352,543730,709477,156915,0,0,0,326870,634004,726564,166977,0,0,0,solo and shared
15,11,sha256,64,15965,1015142,4899228,9931380,1015799,0,0,0,ContinuousMessages,1022398,1020168,4898367,9931380,1020772,0,0,0,1022398,4914282,9931380,1023784,0,0,0,solo and shared
15,12,blake3-servil-mt,1024,3424,391210,1737115,1580419,373238,0,0,0,ContinuousMessages,408894,386466,1659378,1562739,365592,0,0,0,408894,1803122,1575464,396471,0,0,0,solo and shared
15,13,sha256,1024,2048,967161,4722521,6544510,968563,0,0,0,ContinuousMessages,965857,965857,4722940,6544510,966434,0,0,0,963307,4708530,6544510,964598,0,0,0,solo and shared
15,14,blake3-servil-mt,16384,265,346340,1516181,316432,344379,0,0,0,ContinuousMessages,597328,550251,2476357,325537,548557,0,0,0,597328,0,0,0,2070404,324288,595073,solo and shared
15,15,sha256,16384,139,973266,4740214,5903368,974740,0,0,0,ContinuousMessages,974275,971760,4740463,5903368,973132,0,0,0,974275,0,0,0,3688072,5903368,975779,solo and shared
15,16,blake3-servil-mt,65536,71,291091,1120760,87099,251502,0,0,0,ContinuousMessages,498945,302214,1032696,88210,255799,0,0,0,498945,0,0,0,1075413,87304,330143,solo and shared
15,17,sha256,65536,34,977373,4729283,5727227,971324,0,0,0,ContinuousMessages,1023892,967868,4724482,5727226,969293,0,0,0,1023892,950564,1136747,198341,2948674,4590404,782585,solo and shared
15,18,blake3-servil-mt,1048576,15,792225,3544363,256035,774422,0,0,0,ContinuousMessages,874613,857070,3665540,255300,810685,0,0,0,874613,3707155,254616,831240,0,0,0,solo and shared
15,19,sha256,1048576,2,919002,4488366,5379419,920427,0,0,0,ContinuousMessages,916417,916417,4492517,5379419,917488,0,0,0,915729,4489290,5379419,917209,0,0,0,solo and shared
16,0,sha256,1024,2075,978002,4784355,6639074,978704,0,0,0,LentMessages,977002,977002,4783100,6639074,977892,0,0,0,974981,4764398,6639074,976289,0,0,0,solo and shared
16,1,blake3-servil-mt,1024,1254,927003,4539223,10073277,927672,0,0,0,LentMessages,927544,926961,4538749,10073277,927818,0,0,0,927544,4534428,10073277,928831,0,0,0,solo and shared
16,2,blake3-servil-st,1024,1342,991167,4852212,10776067,991754,0,0,0,LentMessages,992539,992539,4859424,10776067,993403,0,0,0,989284,4833983,10776067,990612,0,0,0,solo and shared
16,3,sha256,16384,143,994982,4871953,6073787,995595,0,0,0,LentMessages,997413,995333,4873862,6073787,996185,0,0,0,997413,4875221,6073787,998737,0,0,0,solo and shared
16,4,blake3-servil-mt,16384,324,1067570,5220737,13637014,1068203,0,0,0,LentMessages,1066193,1066193,5219266,13637013,1067078,0,0,0,1025400,4894547,13637013,1026772,0,0,0,solo and shared
16,5,blake3-servil-st,16384,328,1078016,5275442,13804373,1078627,0,0,0,LentMessages,1080502,1080502,5289441,13804373,1081316,0,0,0,1009040,4937160,13804373,1009628,0,0,0,solo and shared
16,6,sha256,65536,35,992667,4858764,5895779,993295,0,0,0,LentMessages,992510,992510,4859096,5895779,993339,0,0,0,992425,4853300,5895779,993811,0,0,0,solo and shared
16,7,blake3-servil-mt,65536,78,1086291,5104337,12894238,1047972,0,0,0,LentMessages,1008077,1008077,4902953,12894237,1009442,0,0,0,1002145,4894637,12894237,1003631,0,0,0,solo and shared
16,8,blake3-servil-st,65536,78,999655,4885669,12894003,1001095,0,0,0,LentMessages,1001738,1001738,4897670,12894003,1003067,0,0,0,1001383,4895094,12894003,1002812,0,0,0,solo and shared
16,9,sha256,1048576,2,978959,4782162,5376065,980519,0,0,0,LentMessages,1002006,996196,4867753,5376065,997962,0,0,0,1002006,4896404,5376065,1003657,0,0,0,solo and shared
16,10,blake3-servil-mt,1048576,13,1170171,4141198,3993066,912577,882809,522170,255438,LentMessages,1201125,1201125,5595846,5651790,1203066,0,0,0,1198894,5533851,5184580,1200930,0,0,0,solo and shared
16,11,blake3-servil-st,1048576,4,2135000,0,0,0,7657456,10519122,2137495,LentMessages,942490,934302,4374442,10519121,936153,0,0,0,942490,4421852,10519121,943920,0,0,0,solo and shared
16,8,sha256,64,15965,1173604,0,0,0,4211240,9931380,1176000,ContinuousMessages,1008138,1004471,4894249,9931380,1005435,0,0,0,1008138,4910882,9931380,1009645,0,0,0,solo and shared
16,9,blake3-servil-mt,64,2048,156126,0,0,0,529394,706604,157896,ContinuousMessages,339063,339063,594846,709679,171338,0,0,0,315784,641125,714308,194432,0,0,0,solo and shared
16,10,sha256,1024,2048,971712,0,0,0,3678006,6544510,973356,ContinuousMessages,971309,971309,4745210,6544510,972043,0,0,0,969580,4737104,6544510,970416,0,0,0,solo and shared
16,11,blake3-servil-mt,1024,3424,522941,0,0,0,1854393,1561518,526055,ContinuousMessages,453131,453131,2002672,1562592,440142,0,0,0,452470,2038352,1561936,448236,0,0,0,solo and shared
16,12,sha256,16384,139,976431,0,0,0,3687138,5903368,978382,ContinuousMessages,972763,972107,4756608,5903368,973996,0,0,0,972763,4758571,5903368,974013,0,0,0,solo and shared
16,13,blake3-servil-mt,16384,265,398367,0,0,0,1326475,316039,395055,ContinuousMessages,595302,595302,2624650,321740,592885,0,0,0,554136,2528447,320691,552993,0,0,0,solo and shared
16,14,sha256,65536,34,1025947,4738002,5727227,972399,0,0,0,ContinuousMessages,1097131,969494,4733910,5727226,970872,0,0,0,1097131,4753645,5727227,979981,0,0,0,solo and shared
16,15,blake3-servil-mt,65536,71,317828,964405,87800,248896,0,0,0,ContinuousMessages,302427,289311,1142089,87142,267445,0,0,0,302427,1223458,86714,284119,0,0,0,solo and shared
16,16,sha256,1048576,2,969667,4717033,5379420,970530,0,0,0,ContinuousMessages,956676,945390,4618829,5379420,946851,0,0,0,956676,4679866,5379420,958158,0,0,0,solo and shared
16,17,blake3-servil-mt,1048576,15,800480,3545705,257091,776631,0,0,0,ContinuousMessages,903665,903665,3785550,256078,830081,0,0,0,886436,3718190,256999,818201,0,0,0,solo and shared
16,27,sha256,64,15575,984961,4789274,9751099,986307,0,0,0,LentMessages,981786,981786,4783132,9751099,983071,0,0,0,981130,4781484,9751099,982433,0,0,0,solo and shared
16,28,blake3-servil-mt,64,21937,980899,4808738,15905473,982264,0,0,0,LentMessages,1022035,1017735,4868372,15905474,1019231,0,0,0,1022035,4888881,15905474,1023537,0,0,0,solo and shared
16,29,blake3-servil-st,64,21262,962703,4699443,15352313,964082,0,0,0,LentMessages,990699,990699,4735203,15352313,992060,0,0,0,985931,4712807,15352313,987284,0,0,0,solo and shared
17,0,blake3-servil-st,16384,328,1014404,4952517,13804373,1015770,0,0,0,LentMessages,1058144,1054105,4950172,13804373,1055466,0,0,0,1058144,4952308,13804373,1059557,0,0,0,solo and shared
17,1,sha256,16384,143,997179,4873523,6073787,998503,0,0,0,LentMessages,1018759,1017326,4873725,6073787,1018731,0,0,0,1018759,4874344,6073787,1020131,0,0,0,solo and shared
17,2,blake3-servil-mt,16384,324,999593,4884958,13637013,1000969,0,0,0,LentMessages,1020618,1019628,4882118,13637013,1020991,0,0,0,1020618,4885992,13637013,1022021,0,0,0,solo and shared
17,3,blake3-servil-st,65536,78,1021632,4887577,12894003,1023031,0,0,0,LentMessages,1127015,1033753,4896739,12894003,1034433,0,0,0,1127015,4915827,12894004,1122409,0,0,0,solo and shared
17,4,sha256,65536,35,1028900,4870729,5895780,1023787,0,0,0,LentMessages,997587,996879,4846151,5895779,997470,0,0,0,997587,4846071,5895779,998211,0,0,0,solo and shared
17,5,blake3-servil-mt,65536,78,1018837,4889076,12894237,1019539,0,0,0,LentMessages,1033564,1033564,4905609,12894243,1034933,0,0,0,1029580,4886509,12894243,1030202,0,0,0,solo and shared
17,6,blake3-servil-st,1048576,4,931582,4553516,10519127,932424,0,0,0,LentMessages,958773,958773,4681876,10519121,960323,0,0,0,956413,4676526,10519121,957227,0,0,0,solo and shared
17,7,sha256,1048576,2,939179,4592568,5376065,940119,0,0,0,LentMessages,952915,952915,4611944,5376065,954406,0,0,0,946575,4590792,5376065,947451,0,0,0,solo and shared
17,8,blake3-servil-mt,1048576,13,1134472,5153915,5500858,1135431,0,0,0,LentMessages,1154828,1146329,4078234,3391664,910144,790118,421768,229675,1154828,2222742,1617169,490322,2313217,1378068,651811,solo and shared
17,6,blake3-servil-mt,64,2048,138360,643055,705095,139839,0,0,0,ContinuousMessages,133661,133661,512038,713099,118503,0,0,0,130146,606984,710186,130848,0,0,0,solo and shared
17,7,sha256,64,15965,1043241,4896383,9931380,1044083,0,0,0,ContinuousMessages,1047490,1047130,4915081,9931380,1047799,0,0,0,1047490,4915275,9931380,1048103,0,0,0,solo and shared
17,8,blake3-servil-mt,1024,3424,374072,1587334,1562012,363585,0,0,0,ContinuousMessages,384524,384524,1754097,1566647,382681,0,0,0,361701,1615865,1563586,349967,0,0,0,solo and shared
17,9,sha256,1024,2048,987110,4720851,6544510,988433,0,0,0,ContinuousMessages,1004039,1004039,4723218,6544510,1005352,0,0,0,999898,4704120,6544510,1000467,0,0,0,solo and shared
17,10,blake3-servil-mt,16384,265,319102,1444453,316189,315211,0,0,0,ContinuousMessages,552756,552756,2485485,321064,551376,0,0,0,550628,2523364,321033,549946,0,0,0,solo and shared
17,11,sha256,16384,139,974546,4743890,5903368,976110,0,0,0,ContinuousMessages,990709,988279,4735531,5903368,988875,0,0,0,990709,4738554,5903368,992082,0,0,0,solo and shared
17,12,blake3-servil-mt,65536,71,294313,1075135,87648,271021,0,0,0,ContinuousMessages,309489,309489,1100414,87513,267559,0,0,0,305241,1089606,87440,261916,0,0,0,solo and shared
17,13,sha256,65536,34,1035968,4730810,5727227,982032,0,0,0,ContinuousMessages,1021528,1021528,4742124,5727227,981548,0,0,0,969554,4721967,5727226,971002,0,0,0,solo and shared
17,14,blake3-servil-mt,1048576,15,772528,3436832,255517,762925,0,0,0,ContinuousMessages,843658,820269,3564635,256653,791850,0,0,0,843658,3691521,255687,815867,0,0,0,solo and shared
17,15,sha256,1048576,2,915608,4504291,5379420,916469,0,0,0,ContinuousMessages,942912,925202,4514865,5379420,926653,0,0,0,942912,4604302,5379420,944361,0,0,0,solo and shared
17,24,blake3-servil-st,64,21262,949020,4682986,15352313,949662,0,0,0,LentMessages,963414,962209,4703622,15352313,963466,0,0,0,963414,4707789,15352313,964734,0,0,0,solo and shared
17,25,sha256,64,15575,969975,4783868,9751099,970558,0,0,0,LentMessages,980656,980272,4789868,9751099,981560,0,0,0,980656,4794547,9751099,982012,0,0,0,solo and shared
17,26,blake3-servil-mt,64,21937,973748,4806051,15905474,974335,0,0,0,LentMessages,985000,985000,4816352,15905474,986250,0,0,0,984484,4815401,15905474,985809,0,0,0,solo and shared
17,27,blake3-servil-st,1024,1342,973527,4845630,10776067,974104,0,0,0,LentMessages,992395,992395,4850292,10776067,993631,0,0,0,991039,4840461,10776067,992375,0,0,0,solo and shared
17,28,sha256,1024,2075,960193,4779959,6639074,960757,0,0,0,LentMessages,979322,979322,4782350,6639074,980596,0,0,0,975634,4763423,6639074,976912,0,0,0,solo and shared
17,29,blake3-servil-mt,1024,1254,912050,4538035,10073277,912653,0,0,0,LentMessages,928458,928458,4530955,10073277,929691,0,0,0,926767,4522672,10073277,928071,0,0,0,solo and shared
18,0,sha256,65536,35,992103,4857578,5895779,992711,0,0,0,LentMessages,1013328,1013328,4854350,5895779,1014631,0,0,0,995249,4862426,5895779,996625,0,0,0,solo and shared
18,1,blake3-servil-st,65536,78,999227,4886296,12894003,999839,0,0,0,LentMessages,1066708,1066708,4919208,12894004,1025680,0,0,0,1030303,4899051,12894003,1031693,0,0,0,solo and shared
18,2,blake3-servil-mt,65536,78,995215,4874329,12894237,995870,0,0,0,LentMessages,1005537,1005537,4901984,12894237,1006840,0,0,0,1004543,4893984,12894237,1005946,0,0,0,solo and shared
18,3,sha256,1048576,2,983837,4806652,5376065,985384,0,0,0,LentMessages,1067545,1046557,5106749,5376065,1048214,0,0,0,1067545,5207033,5376065,1069320,0,0,0,solo and shared
18,4,blake3-servil-st,1048576,4,889505,4338410,10519121,891282,0,0,0,LentMessages,923633,923633,4353538,10519121,925344,0,0,0,905872,4415839,10519121,907594,0,0,0,solo and shared
18,5,blake3-servil-mt,1048576,13,1109262,5138294,5175979,1111311,0,0,0,LentMessages,1443155,1336388,3652785,3101845,798125,1653387,588077,489369,1443155,0,0,0,5134504,2682106,1446024,solo and shared
18,4,sha256,64,15965,1046091,4904628,9931380,1047943,0,0,0,ContinuousMessages,1115371,1045858,4910115,9931380,1046772,0,0,0,1115371,2583293,5241701,551728,1991413,4689604,557414,solo and shared
18,5,blake3-servil-mt,64,2048,98200,450203,704973,99373,0,0,0,ContinuousMessages,142244,142244,596376,706218,143061,0,0,0,130156,499896,705925,121507,0,0,0,solo and shared
18,6,sha256,1024,2048,1020712,4730144,6544510,1021984,0,0,0,ContinuousMessages,1014463,1014463,4756314,6544510,1016366,0,0,0,1007190,4723913,6544510,1008463,0,0,0,solo and shared
18,7,blake3-servil-mt,1024,3424,430099,1935050,1562600,420998,0,0,0,ContinuousMessages,553537,505613,2111071,1568735,458697,0,0,0,553537,2263668,1578508,490713,9533,5236,9401,solo and shared
18,8,sha256,16384,139,992219,4744040,5903368,993093,0,0,0,ContinuousMessages,979060,979060,4738557,5903368,979656,0,0,0,976443,0,0,0,3693874,5903368,977868,solo and shared
18,9,blake3-servil-mt,16384,265,307810,1411343,315955,304622,0,0,0,ContinuousMessages,578986,502449,2284114,320937,500215,0,0,0,578986,0,0,0,1995935,320460,576052,solo and shared
18,10,sha256,65536,34,986206,4730224,5727226,987702,0,0,0,ContinuousMessages,989765,973656,4740732,5727226,975026,0,0,0,989765,1010339,1206864,210215,2905710,4520287,771448,solo and shared
18,11,blake3-servil-mt,65536,71,291031,1239532,87116,276909,0,0,0,ContinuousMessages,297655,297655,1190827,87079,274916,0,0,0,289064,1185280,86925,274505,0,0,0,solo and shared
18,12,sha256,1048576,2,973617,4636161,5379420,974533,0,0,0,ContinuousMessages,982471,951972,4538262,5379420,953494,0,0,0,982471,4691808,5379420,983957,0,0,0,solo and shared
18,13,blake3-servil-mt,1048576,15,886176,3569442,257805,794366,0,0,0,ContinuousMessages,838893,836440,3649795,255971,804915,0,0,0,838893,3674566,255513,808185,0,0,0,solo and shared
18,21,sha256,64,15575,992514,4795246,9751099,993239,0,0,0,LentMessages,984440,981889,4785490,9751099,983166,0,0,0,984440,4797032,9751099,985739,0,0,0,solo and shared
18,22,blake3-servil-st,64,21262,960657,4687779,15352313,961243,0,0,0,LentMessages,966189,966189,4718299,15352313,966770,0,0,0,961702,4696258,15352313,962286,0,0,0,solo and shared
18,23,blake3-servil-mt,64,21937,984775,4810405,15905474,986117,0,0,0,LentMessages,1016557,986119,4815924,15905474,987392,0,0,0,1016557,4822661,15905474,1017832,0,0,0,solo and shared
18,24,sha256,1024,2075,979297,4783881,6639074,980629,0,0,0,LentMessages,1000128,1000128,4783841,6639075,1001482,0,0,0,989313,4763514,6639074,990650,0,0,0,solo and shared
18,25,blake3-servil-st,1024,1342,995191,4859410,10776067,996528,0,0,0,LentMessages,998960,998960,4858653,10776067,1000254,0,0,0,995284,4841921,10776067,996623,0,0,0,solo and shared
18,26,blake3-servil-mt,1024,1254,929106,4530125,10073277,930460,0,0,0,LentMessages,932312,932312,4535517,10073277,933646,0,0,0,929826,4524929,10073277,931122,0,0,0,solo and shared
18,27,sha256,16384,143,1018508,4875496,6073787,1019893,0,0,0,LentMessages,999477,999477,4874569,6073787,1000122,0,0,0,999313,4873325,6073787,999938,0,0,0,solo and shared
18,28,blake3-servil-st,16384,328,1023103,4943045,13804373,1024468,0,0,0,LentMessages,1029270,1026209,4956139,13804374,1027516,0,0,0,1029270,4945145,13804374,1030648,0,0,0,solo and shared
18,29,blake3-servil-mt,16384,324,1060011,4895660,13637014,1008347,0,0,0,LentMessages,1026765,1003443,4886063,13637013,1004767,0,0,0,1026765,4885800,13637013,1028179,0,0,0,solo and shared
19,0,blake3-servil-st,1048576,4,935021,4560033,10519121,936638,0,0,0,LentMessages,969931,965863,4683814,10519122,967392,0,0,0,969931,4707761,10519121,971568,0,0,0,solo and shared
19,1,blake3-servil-mt,1048576,13,1233688,5738085,6338312,1235323,0,0,0,LentMessages,1195053,1123729,5246729,4901022,1125404,0,0,0,1195053,4957626,4640691,1073142,339916,166973,102523,solo and shared
19,2,sha256,1048576,2,984822,4618848,5376065,985833,0,0,0,LentMessages,986622,985677,4623656,5376065,986519,0,0,0,986622,4628723,5376065,987532,0,0,0,solo and shared
19,2,blake3-servil-mt,64,2048,94423,434140,706597,95070,0,0,0,ContinuousMessages,201437,200288,528266,713257,135696,0,0,0,201437,608800,715772,154248,0,0,0,solo and shared
19,3,sha256,64,15965,1043752,4895420,9931380,1044435,0,0,0,ContinuousMessages,1048360,1048360,4909511,9931380,1049708,0,0,0,1046990,4910633,9931380,1047560,0,0,0,solo and shared
19,4,blake3-servil-mt,1024,3424,374201,1657563,1564156,361573,0,0,0,ContinuousMessages,417457,367801,1592468,1567212,352098,0,0,0,417457,1562212,1563034,347452,0,0,0,solo and shared
19,5,sha256,1024,2048,980853,4722376,6544510,982257,0,0,0,ContinuousMessages,966040,966040,4725007,6544510,966647,0,0,0,964065,4707819,6544510,965355,0,0,0,solo and shared
19,6,blake3-servil-mt,16384,265,343768,1522771,316181,341599,0,0,0,ContinuousMessages,606881,601685,0,0,0,2088401,322487,599507,606881,0,0,0,2066529,322405,597028,solo and shared
19,7,sha256,16384,139,969606,4738576,5903368,970978,0,0,0,ContinuousMessages,974575,971644,4740164,5903368,973021,0,0,0,974575,0,0,0,3688482,5903368,976082,solo and shared
19,8,blake3-servil-mt,65536,71,298649,1139685,87477,257194,0,0,0,ContinuousMessages,480690,479070,0,0,0,1621112,87415,472731,480690,0,0,0,1626281,87735,472278,solo and shared
19,9,sha256,65536,34,967200,4718559,5727226,967977,0,0,0,ContinuousMessages,1007700,1007014,0,0,0,3809618,5727226,1008598,1007700,0,0,0,3813354,5727226,1009272,solo and shared
19,10,blake3-servil-mt,1048576,15,739880,3372911,255568,727685,0,0,0,ContinuousMessages,1386600,1289018,2134868,149735,473788,2551317,107372,729666,1386600,0,0,0,4675128,257106,1331318,solo and shared
19,11,sha256,1048576,2,908014,4487137,5379420,909561,0,0,0,ContinuousMessages,1009984,919721,4513141,5379420,921223,0,0,0,1009984,2944153,3450521,604801,1355877,1928824,364622,solo and shared
19,18,blake3-servil-st,64,21262,943102,4690000,15352313,944424,0,0,0,LentMessages,967582,967582,4725652,15352313,968832,0,0,0,966288,4716733,15352313,967558,0,0,0,solo and shared
19,19,blake3-servil-mt,64,21937,966459,4810851,15905474,967749,0,0,0,LentMessages,986155,986108,4816788,15905474,987373,0,0,0,986155,4816898,15905474,987437,0,0,0,solo and shared
19,20,sha256,64,15575,976539,4793925,9751099,977873,0,0,0,LentMessages,983420,983420,4803257,9751099,984715,0,0,0,980096,4785076,9751099,981390,0,0,0,solo and shared
19,21,blake3-servil-st,1024,1342,979164,4860877,10776067,980512,0,0,0,LentMessages,994115,994115,4854068,10776067,995409,0,0,0,992176,4845237,10776067,993466,0,0,0,solo and shared
19,22,blake3-servil-mt,1024,1254,912287,4540359,10073277,913565,0,0,0,LentMessages,928456,928456,4535138,10073277,929737,0,0,0,926777,4527295,10073277,928071,0,0,0,solo and shared
19,23,sha256,1024,2075,978493,4784575,6639074,979805,0,0,0,LentMessages,977421,977421,4781222,6639074,978020,0,0,0,975262,4763245,6639074,976531,0,0,0,solo and shared
19,24,blake3-servil-st,16384,328,1037011,4974621,13804373,1037725,0,0,0,LentMessages,1042520,1020392,4951213,13804373,1021687,0,0,0,1042520,4954647,13804374,1043182,0,0,0,solo and shared
19,25,blake3-servil-mt,16384,324,1005147,4911549,13637013,1006286,0,0,0,LentMessages,1000623,1000623,4887533,13637013,1001947,0,0,0,999664,4881791,13637013,1001005,0,0,0,solo and shared
19,26,sha256,16384,143,997787,4873406,6073787,999199,0,0,0,LentMessages,998609,998609,4878061,6073787,999922,0,0,0,997748,4874814,6073787,999331,0,0,0,solo and shared
19,27,blake3-servil-st,65536,78,1017713,4901978,12894003,1019304,0,0,0,LentMessages,1024411,1011733,4948602,12894003,1013253,0,0,0,1024411,5006210,12894003,1025800,0,0,0,solo and shared
19,28,blake3-servil-mt,65536,78,1001630,4887354,12894237,1004262,0,0,0,LentMessages,1006787,1006787,4920493,12894237,1008257,0,0,0,1004638,4908170,12894237,1006161,0,0,0,solo and shared
19,29,sha256,65536,35,1234435,6129281,5895779,1238342,0,0,0,LentMessages,995017,995017,4860618,5895779,996414,0,0,0,993599,4855999,5895779,995166,0,0,0,solo and shared
20,0,sha256,64,15965,1032293,5067853,9931380,1033799,0,0,0,ContinuousMessages,1018646,1016233,4899322,9931380,1017608,0,0,0,1018646,4918425,9931380,1020175,0,0,0,solo and shared
20,1,blake3-servil-mt,64,2048,193833,459633,705777,117580,0,0,0,ContinuousMessages,371580,363760,1020826,730166,289515,0,0,0,371580,766487,408932,187515,198524,303712,63818,solo and shared
20,2,sha256,1024,2048,975819,4727262,6544510,977492,0,0,0,ContinuousMessages,976660,968360,4723515,6544510,969692,0,0,0,976660,0,0,0,3680789,6544510,978091,solo and shared
20,3,blake3-servil-mt,1024,3424,364425,1627053,1564476,354697,0,0,0,ContinuousMessages,466723,466723,1731094,1563016,387553,0,0,0,460325,0,0,0,1630746,1561967,462482,solo and shared
20,4,sha256,16384,139,972911,4742244,5903368,974253,0,0,0,ContinuousMessages,976405,974641,4741216,5903368,975912,0,0,0,976405,4741636,5903368,977804,0,0,0,solo and shared
20,5,blake3-servil-mt,16384,265,320946,1420833,316728,318953,0,0,0,ContinuousMessages,561406,561406,2519822,321512,555876,0,0,0,560710,2537972,321367,555265,0,0,0,solo and shared
20,6,sha256,65536,34,963190,4726850,5727226,964039,0,0,0,ContinuousMessages,970427,969334,4733336,5727226,970656,0,0,0,970427,4739316,5727226,971856,0,0,0,solo and shared
20,7,blake3-servil-mt,65536,71,294953,1135156,87737,261813,0,0,0,ContinuousMessages,314473,297645,1166530,87314,277292,0,0,0,314473,1220785,87293,289437,0,0,0,solo and shared
20,8,sha256,1048576,2,997012,4629202,5379421,956321,0,0,0,ContinuousMessages,981827,929835,4512971,5379420,931237,0,0,0,981827,4789806,5379420,983287,0,0,0,solo and shared
20,9,blake3-servil-mt,1048576,15,815964,3577358,256332,788906,0,0,0,ContinuousMessages,847592,829816,3657930,256577,802264,0,0,0,847592,3669016,256153,830656,0,0,0,solo and shared
20,15,blake3-servil-mt,64,21937,972933,4817019,15905474,973768,0,0,0,LentMessages,986362,986362,4817462,15905474,987605,0,0,0,985907,4817391,15905474,987210,0,0,0,solo and shared
20,16,sha256,64,15575,963236,4793522,9751099,963849,0,0,0,LentMessages,980023,979474,4786048,9751099,981877,0,0,0,980023,4786418,9751099,981418,0,0,0,solo and shared
20,17,blake3-servil-st,64,21262,947594,4714429,15352313,948174,0,0,0,LentMessages,970931,970931,4740457,15352313,972206,0,0,0,963134,4705058,15352313,964466,0,0,0,solo and shared
20,18,blake3-servil-mt,1024,1254,915552,4529832,10073277,916115,0,0,0,LentMessages,945284,945284,4530355,10073277,946534,0,0,0,926460,4526303,10073277,927767,0,0,0,solo and shared
20,19,sha256,1024,2075,972954,4779921,6639074,973560,0,0,0,LentMessages,978854,978854,4782691,6639074,980114,0,0,0,975411,4763327,6639074,976751,0,0,0,solo and shared
20,20,blake3-servil-st,1024,1342,977392,4849830,10776067,977984,0,0,0,LentMessages,993052,993052,4849061,10776067,994334,0,0,0,989266,4834763,10776067,990580,0,0,0,solo and shared
20,21,blake3-servil-mt,16384,324,988485,4889544,13637013,989142,0,0,0,LentMessages,1008721,1000107,4882576,13637013,1001452,0,0,0,1008721,4894417,13637013,1010104,0,0,0,solo and shared
20,22,sha256,16384,143,989476,4869502,6073787,990083,0,0,0,LentMessages,998986,998986,4875119,6073787,1000251,0,0,0,997543,4874226,6073787,998908,0,0,0,solo and shared
20,23,blake3-servil-st,16384,328,1009553,4939943,13804373,1010138,0,0,0,LentMessages,1021405,1020672,4948441,13804373,1021302,0,0,0,1021405,4949964,13804374,1016996,0,0,0,solo and shared
20,24,blake3-servil-mt,65536,78,1000848,4886347,12894237,1002621,0,0,0,LentMessages,999631,999631,4891565,12894237,1000233,0,0,0,997685,4883793,12894237,998269,0,0,0,solo and shared
20,25,sha256,65536,35,993131,4856905,5895779,994345,0,0,0,LentMessages,994663,994663,4859014,5895779,996026,0,0,0,991765,4852355,5895779,992364,0,0,0,solo and shared
20,26,blake3-servil-st,65536,78,1082821,4908938,12894004,1035849,0,0,0,LentMessages,1009136,1002085,4897020,12894003,1003379,0,0,0,1009136,4883790,12894003,1009780,0,0,0,solo and shared
20,27,blake3-servil-mt,1048576,13,1192727,5555211,5378492,1194342,0,0,0,LentMessages,1656755,1491548,6388110,8584254,1377282,342424,148814,101718,1656755,1924569,1512797,414664,4131729,3605390,1167325,solo and shared
20,28,sha256,1048576,2,986337,4619547,5376065,987925,0,0,0,LentMessages,1004869,984800,4617300,5376065,985713,0,0,0,1004869,0,0,0,3607539,5376065,1006690,solo and shared
20,29,blake3-servil-st,1048576,4,943943,4303195,10519121,944786,0,0,0,LentMessages,2039199,932733,4301744,10519121,933645,0,0,0,2039199,0,0,0,7638751,10519123,2041140,solo and shared
21,0,blake3-servil-mt,1024,3424,374723,1680794,1569146,367738,0,0,0,ContinuousMessages,401655,359991,1550637,1563424,343008,0,0,0,401655,0,0,0,1404620,1565149,391370,solo and shared
21,1,sha256,1024,2048,969054,4725472,6544510,969698,0,0,0,ContinuousMessages,997983,987703,4722609,6544510,989047,0,0,0,997983,3188194,4422029,668370,1196611,2122406,322299,solo and shared
21,2,blake3-servil-mt,16384,265,320399,1376042,316648,315758,0,0,0,ContinuousMessages,542530,542530,2464333,321814,539966,0,0,0,539597,2434009,326946,531201,0,0,0,solo and shared
21,3,sha256,16384,139,972375,4738831,5903368,973790,0,0,0,ContinuousMessages,978126,978126,4743057,5903369,974144,0,0,0,971965,4738490,5903368,973331,0,0,0,solo and shared
21,4,blake3-servil-mt,65536,71,252960,957201,88125,223546,0,0,0,ContinuousMessages,301212,301212,1049060,87284,247630,0,0,0,285914,1022452,87126,246318,0,0,0,solo and shared
21,5,sha256,65536,34,968219,4721713,5727226,969021,0,0,0,ContinuousMessages,968392,967601,4725506,5727226,968943,0,0,0,968392,4725078,5727226,969774,0,0,0,solo and shared
21,6,blake3-servil-mt,1048576,15,774125,3436737,255573,762503,0,0,0,ContinuousMessages,839632,817830,3594633,257697,791951,0,0,0,839632,3720374,255973,813633,0,0,0,solo and shared
21,7,sha256,1048576,2,916635,4491471,5379420,918367,0,0,0,ContinuousMessages,951247,951247,4508802,5379420,952689,0,0,0,919724,4491509,5379420,921183,0,0,0,solo and shared
21,12,blake3-servil-mt,64,21937,985701,4809154,15905474,987016,0,0,0,LentMessages,985116,985116,4817648,15905474,985677,0,0,0,985033,4816244,15905474,986321,0,0,0,solo and shared
21,13,blake3-servil-st,64,21262,948281,4704393,15352313,949604,0,0,0,LentMessages,970603,970603,4743097,15352313,971840,0,0,0,961971,4698699,15352313,963295,0,0,0,solo and shared
21,14,sha256,64,15575,964113,4783017,9751099,965479,0,0,0,LentMessages,979478,979478,4787657,9751099,980717,0,0,0,979384,4787630,9751099,980702,0,0,0,solo and shared
21,15,blake3-servil-mt,1024,1254,917136,4539637,10073277,918481,0,0,0,LentMessages,947230,947230,4529583,10073277,948482,0,0,0,926080,4526427,10073277,927400,0,0,0,solo and shared
21,16,blake3-servil-st,1024,1342,989991,4857803,10776068,990609,0,0,0,LentMessages,993962,993962,4856709,10776067,995223,0,0,0,990765,4842123,10776067,992056,0,0,0,solo and shared
21,17,sha256,1024,2075,980723,4783190,6639074,982041,0,0,0,LentMessages,979070,979070,4783306,6639074,979765,0,0,0,975790,4763028,6639074,977122,0,0,0,solo and shared
21,18,blake3-servil-mt,16384,324,1007233,4905008,13637014,1008722,0,0,0,LentMessages,1078556,1019733,4897140,13637013,1021083,0,0,0,1078556,4906021,13637014,1037471,0,0,0,solo and shared
21,19,blake3-servil-st,16384,328,1025395,4947116,13804373,1026904,0,0,0,LentMessages,1014726,1014592,4950140,13804373,1015985,0,0,0,1014726,4950577,13804373,1016216,0,0,0,solo and shared
21,20,sha256,16384,143,1000640,4882654,6073787,1002189,0,0,0,LentMessages,1053965,1053965,4884303,6073788,1008507,0,0,0,1003135,4880776,6073787,1004661,0,0,0,solo and shared
21,21,blake3-servil-mt,65536,78,1016452,4942124,12894237,1017781,0,0,0,LentMessages,1046813,1012388,4948914,12894237,1013778,0,0,0,1046813,4966500,12894238,1048324,0,0,0,solo and shared
21,22,blake3-servil-st,65536,78,1017124,4966274,12894003,1020202,0,0,0,LentMessages,1030264,1013981,4946600,12894003,1015669,0,0,0,1030264,4947751,12894009,1032139,0,0,0,solo and shared
21,23,sha256,65536,35,992420,4851533,5895779,993818,0,0,0,LentMessages,1001260,994905,4861663,5895779,996232,0,0,0,1001260,4853476,5895779,999782,0,0,0,solo and shared
21,24,blake3-servil-mt,1048576,13,1341139,6153014,6794234,1342646,0,0,0,LentMessages,1277554,1133882,4727959,3475967,1026598,333052,230895,97158,1277554,3109441,2166090,692134,2007597,1297429,571772,solo and shared
21,25,blake3-servil-st,1048576,4,922176,4322181,10519121,923859,0,0,0,LentMessages,927923,927211,4344817,10519121,928124,0,0,0,927923,4351189,10519121,928808,0,0,0,solo and shared
21,26,sha256,1048576,2,977945,4585917,5376065,978714,0,0,0,LentMessages,982171,981531,4615101,5376065,982419,0,0,0,982171,4615436,5376065,983016,0,0,0,solo and shared
21,18,blake3-servil-mt,64,2048,182703,645585,735413,143477,0,0,0,ContinuousMessages,173469,173469,597397,708937,149166,0,0,0,170453,510344,711181,137241,0,0,0,solo and shared
21,19,sha256,64,15965,1025393,4906717,9931380,1026040,0,0,0,ContinuousMessages,1045487,1044694,4894951,9931380,1045993,0,0,0,1045487,4899894,9931380,1046095,0,0,0,solo and shared
22,0,sha256,16384,139,1054712,4743875,5903369,991785,0,0,0,ContinuousMessages,977444,977444,4740846,5903368,978806,0,0,0,971814,4741325,5903368,973192,0,0,0,solo and shared
22,1,blake3-servil-mt,16384,265,337707,1486625,317036,335611,0,0,0,ContinuousMessages,597356,562030,2574901,321716,560244,0,0,0,597356,2711877,319885,595413,0,0,0,solo and shared
22,2,sha256,65536,34,968565,4715024,5727226,969969,0,0,0,ContinuousMessages,985312,985312,4718249,5727226,986656,0,0,0,985141,4717190,5727226,986514,0,0,0,solo and shared
22,3,blake3-servil-mt,65536,71,290438,1207556,86999,270871,0,0,0,ContinuousMessages,295598,283129,1140814,87197,265810,0,0,0,295598,1228193,86917,281176,0,0,0,solo and shared
22,4,sha256,1048576,2,931635,4532496,5379420,933147,0,0,0,ContinuousMessages,944699,944699,4535706,5379421,940337,0,0,0,933814,4536903,5379420,935328,0,0,0,solo and shared
22,5,blake3-servil-mt,1048576,15,768570,3283719,255953,745394,0,0,0,ContinuousMessages,864133,853943,3506364,256099,775241,0,0,0,864133,3575465,255154,785441,0,0,0,solo and shared
22,9,sha256,64,15575,983057,4788930,9751099,984626,0,0,0,LentMessages,1008071,981659,4792058,9751099,982924,0,0,0,1008071,4791756,9751099,1009385,0,0,0,solo and shared
22,10,blake3-servil-mt,64,21937,984165,4808770,15905474,985544,0,0,0,LentMessages,986363,985331,4815056,15905474,986576,0,0,0,986363,4817756,15905474,987684,0,0,0,solo and shared
22,11,blake3-servil-st,64,21262,963006,4703898,15352313,964382,0,0,0,LentMessages,961623,961623,4702892,15352314,962213,0,0,0,959832,4694451,15352313,961127,0,0,0,solo and shared
22,12,sha256,1024,2075,982781,4785179,6639074,984270,0,0,0,LentMessages,979429,979429,4783238,6639074,980697,0,0,0,974887,4764346,6639074,976179,0,0,0,solo and shared
22,13,blake3-servil-mt,1024,1254,911170,4530168,10073277,912514,0,0,0,LentMessages,928933,928933,4536137,10073277,930192,0,0,0,927647,4529593,10073277,928944,0,0,0,solo and shared
22,14,blake3-servil-st,1024,1342,977514,4859093,10776067,978828,0,0,0,LentMessages,994165,994165,4854274,10776067,995427,0,0,0,992144,4844731,10776067,993438,0,0,0,solo and shared
22,15,sha256,16384,143,984972,4874022,6073787,986336,0,0,0,LentMessages,1045458,998832,4875814,6073787,1000114,0,0,0,1045458,4883464,6073788,1008517,0,0,0,solo and shared
22,16,blake3-servil-mt,16384,324,999028,4885408,13637013,1000415,0,0,0,LentMessages,1019363,1019363,4892859,13637013,1020640,0,0,0,1014125,4891477,13637013,1015460,0,0,0,solo and shared
22,17,blake3-servil-st,16384,328,1011635,4944600,13804373,1013015,0,0,0,LentMessages,1012952,1012276,4940461,13804373,1013602,0,0,0,1012952,4944335,13804373,1014291,0,0,0,solo and shared
22,18,sha256,65536,35,989784,4860927,5895780,985951,0,0,0,LentMessages,995026,995026,4858177,5895779,996388,0,0,0,993799,4854096,5895779,995195,0,0,0,solo and shared
22,19,blake3-servil-mt,65536,78,999680,4884841,12894237,1001067,0,0,0,LentMessages,1033513,1033513,4902877,12894237,1034833,0,0,0,1015717,4892861,12894237,1016317,0,0,0,solo and shared
22,20,blake3-servil-st,65536,78,984373,4892105,12894003,985741,0,0,0,LentMessages,1002613,1001762,4896350,12894003,1003098,0,0,0,1002613,4894032,12894003,1004020,0,0,0,solo and shared
22,21,sha256,1048576,2,931718,4661664,5376064,933182,0,0,0,LentMessages,952528,952414,4669096,5376064,953855,0,0,0,952528,4669829,5376064,954038,0,0,0,solo and shared
22,22,blake3-servil-mt,1048576,13,1141447,5318703,5673877,1143084,0,0,0,LentMessages,1186621,1186621,1688413,1640100,365080,2896539,1719965,819313,1094843,4969713,4292166,1090431,0,0,0,solo and shared
22,23,blake3-servil-st,1048576,4,921134,4319370,10519121,922159,0,0,0,LentMessages,2118732,2118732,0,0,0,7606161,10519122,2120672,930913,4348857,10519122,931875,0,0,0,solo and shared
22,16,sha256,64,15965,1037207,4906333,9931380,1037957,0,0,0,ContinuousMessages,1114828,1114828,2831741,5730695,594957,1782475,4200610,475300,1027291,4910833,9931380,1028710,0,0,0,solo and shared
22,17,blake3-servil-mt,64,2048,127414,597722,706739,128894,0,0,0,ContinuousMessages,202799,185720,670450,720038,169855,0,0,0,202799,626262,708225,158545,0,0,0,solo and shared
22,18,sha256,1024,2048,967473,4719777,6544510,968120,0,0,0,ContinuousMessages,986981,986981,4722775,6544510,988249,0,0,0,983510,4707863,6544510,984878,0,0,0,solo and shared
22,19,blake3-servil-mt,1024,3424,355841,1625026,1569409,348084,0,0,0,ContinuousMessages,413051,405456,1822544,1562382,396808,0,0,0,413051,1705134,1561309,390790,0,0,0,solo and shared
23,0,blake3-servil-mt,65536,71,370017,892512,88668,223346,0,0,0,ContinuousMessages,275459,260859,997445,87406,238686,0,0,0,275459,1022824,87631,242230,0,0,0,solo and shared
23,1,sha256,65536,34,1012016,3162865,3841257,660339,1217776,1885894,345057,ContinuousMessages,1007178,1007178,4722857,5727226,1007834,0,0,0,1006273,4717667,5727226,1007728,0,0,0,solo and shared
23,2,blake3-servil-mt,1048576,15,784297,3384018,256016,758387,0,0,0,ContinuousMessages,931740,931740,3442735,256785,798973,0,0,0,874021,3607003,256666,796816,0,0,0,solo and shared
23,3,sha256,1048576,2,922744,4487033,5379420,923599,0,0,0,ContinuousMessages,934342,922176,4503493,5379420,923647,0,0,0,934342,4496959,5379420,935822,0,0,0,solo and shared
23,6,blake3-servil-st,64,21262,963305,4714539,15352313,963875,0,0,0,LentMessages,969578,968220,4724287,15352313,969451,0,0,0,969578,4730045,15352313,970885,0,0,0,solo and shared
23,7,sha256,64,15575,1013904,4794653,9751099,1009155,0,0,0,LentMessages,979248,978925,4784109,9751099,980169,0,0,0,979248,4787504,9751099,980571,0,0,0,solo and shared
23,8,blake3-servil-mt,64,21937,986557,4819397,15905474,988201,0,0,0,LentMessages,988987,988946,4823388,15905474,990237,0,0,0,988987,4825976,15905474,990656,0,0,0,solo and shared
23,9,blake3-servil-st,1024,1342,995473,4859989,10776067,996915,0,0,0,LentMessages,996159,996159,4857436,10776067,997462,0,0,0,994513,4849350,10776067,995874,0,0,0,solo and shared
23,10,sha256,1024,2075,979370,4785123,6639074,980909,0,0,0,LentMessages,1032130,1032130,4794348,6639075,989821,0,0,0,977460,4769387,6639074,978966,0,0,0,solo and shared
23,11,blake3-servil-mt,1024,1254,930859,4539401,10073277,932241,0,0,0,LentMessages,941489,941489,4543139,10073277,942826,0,0,0,938374,4530396,10073277,940030,0,0,0,solo and shared
23,12,blake3-servil-st,16384,328,1037408,4980946,13804374,1038152,0,0,0,LentMessages,1046046,1046046,5020467,13804373,1047534,0,0,0,1030724,5024732,13804373,1032857,0,0,0,solo and shared
23,13,sha256,16384,143,1024194,4880480,6073793,1019683,0,0,0,LentMessages,1008935,1008935,4884115,6073789,1004646,0,0,0,995382,4871498,6073787,996003,0,0,0,solo and shared
23,14,blake3-servil-mt,16384,324,1000700,4887132,13637013,1002093,0,0,0,LentMessages,1049467,1049467,4892323,13637016,1041555,0,0,0,1000169,4884060,13637013,1001540,0,0,0,solo and shared
23,15,blake3-servil-st,65536,78,1003192,4899235,12894003,1004651,0,0,0,LentMessages,1007205,1007205,4920515,12894003,1008562,0,0,0,1007087,4923277,12894003,1008485,0,0,0,solo and shared
23,16,sha256,65536,35,1020106,4851080,5895779,1021485,0,0,0,LentMessages,994006,994006,4855309,5895779,995292,0,0,0,992965,4853071,5895779,994391,0,0,0,solo and shared
23,17,blake3-servil-mt,65536,78,1000419,4886505,12894237,1001808,0,0,0,LentMessages,1003304,1003304,4903523,12894237,1004634,0,0,0,1000757,4893558,12894237,1002150,0,0,0,solo and shared
23,18,blake3-servil-st,1048576,4,948709,4630776,10519121,950208,0,0,0,LentMessages,976550,976550,4770363,10519121,978062,0,0,0,973315,4755626,10519121,974915,0,0,0,solo and shared
23,19,sha256,1048576,2,947620,4625899,5376065,949272,0,0,0,LentMessages,946443,946443,4619709,5376065,947878,0,0,0,945415,4615791,5376065,946948,0,0,0,solo and shared
23,20,blake3-servil-mt,1048576,13,1072649,4863669,4752618,1074208,0,0,0,LentMessages,1176149,1176149,1541706,1223232,333003,2982888,1851516,839617,1166170,4843892,4250840,1050050,384808,209480,110449,solo and shared
23,14,blake3-servil-mt,64,2048,94610,437784,704886,95479,0,0,0,ContinuousMessages,156572,156572,0,0,0,549009,705838,158047,153852,594917,707440,143190,0,0,0,solo and shared
23,15,sha256,64,15965,1047938,4916399,9931380,1048589,0,0,0,ContinuousMessages,1172766,1172766,0,0,0,4209220,9931380,1173982,1046317,4908970,9931380,1047037,0,0,0,solo and shared
23,16,blake3-servil-mt,1024,3424,414184,1546593,1567022,336814,0,0,0,ContinuousMessages,456871,456871,0,0,0,1617281,1574390,458690,396175,1694201,1563491,375116,0,0,0,solo and shared
23,17,sha256,1024,2048,998410,4726739,6544511,994256,0,0,0,ContinuousMessages,992237,971789,0,0,0,3678675,6544510,973189,992237,4709172,6544510,993669,0,0,0,solo and shared
23,18,blake3-servil-mt,16384,265,289080,1275040,315989,285257,0,0,0,ContinuousMessages,800131,800131,0,0,0,1709230,327602,499183,415904,1829318,318943,414401,0,0,0,solo and shared
23,19,sha256,16384,139,1011619,4738096,5903368,1013058,0,0,0,ContinuousMessages,990632,973323,0,0,0,3683368,5903368,974790,990632,4743711,5903368,991272,0,0,0,solo and shared
