point,sample,calls,wall_ns,p_cycles,p_instructions,p_ns,e_cycles,e_instructions,e_ns
1 x 64 B,0,28872,1310599,6403932,20990310,1311248,0,0,0
1 x 64 B,1,28872,1301717,6372099,20990309,1302255,0,0,0
1 x 64 B,2,28872,1312063,6425048,20990309,1312602,0,0,0
1 x 64 B,3,28872,1312188,6381974,20990310,1312721,0,0,0
1 x 64 B,4,28872,1302720,6380153,20990309,1303247,0,0,0
1 x 64 B,5,28872,1309927,6411927,20990309,1310447,0,0,0
1 x 64 B,6,28872,1312215,6421407,20990310,1312759,0,0,0
1 x 64 B,7,28872,1306975,6399596,20990309,1307504,0,0,0
1 x 64 B,8,28872,1305321,6392762,20990309,1305854,0,0,0
1 x 64 B,9,28872,1302758,6377500,20990309,1303401,0,0,0
1 x 64 B,10,28872,1308257,6404739,20990309,1309023,0,0,0
1 x 64 B,11,28872,1320693,6465318,20990309,1321325,0,0,0
1 x 64 B,12,28872,1305618,6385509,20990309,1306359,0,0,0
1 x 64 B,13,28872,1313967,6414789,20990310,1314828,0,0,0
1 x 64 B,14,28872,1307255,6392269,20990309,1307911,0,0,0
1 x 64 B,15,28872,1313586,6424884,20990309,1314586,0,0,0
1 x 64 B,16,28872,1320911,6395022,20990310,1317990,0,0,0
1 x 64 B,17,28872,1303020,6381110,20990309,1303547,0,0,0
1 x 64 B,18,28872,1310104,6356170,20990309,1301734,0,0,0
1 x 64 B,19,28872,1307996,6394505,20990310,1308560,0,0,0
1 x 64 B,20,28872,1306719,6400506,20990309,1307253,0,0,0
1 x 64 B,21,28872,1315232,6438948,20990309,1315750,0,0,0
1 x 64 B,22,28872,1307664,6396380,20990310,1308201,0,0,0
1 x 64 B,23,28872,1303723,6385364,20990309,1304252,0,0,0
1 x 64 B,24,28872,1307499,6404032,20990309,1308035,0,0,0
1 x 64 B,25,28872,1304969,6391653,20990309,1305495,0,0,0
1 x 64 B,26,28872,1308512,6401613,20990310,1309051,0,0,0
1 x 64 B,27,28872,1304675,6385745,20990309,1305197,0,0,0
1 x 64 B,28,28872,1300144,6367397,20990309,1300663,0,0,0
1 x 64 B,29,28872,1306309,6387852,20990310,1306873,0,0,0
1 x 64 B,30,28872,1301367,6373430,20990309,1301893,0,0,0
1 x 64 B,31,28872,1310242,6417334,20990309,1310766,0,0,0
3 x 64 B,0,18015,1945963,7734191,20969826,1946515,0,0,0
3 x 64 B,1,18015,1589283,7777209,20969826,1589779,0,0,0
3 x 64 B,2,18015,1576416,7722119,20969825,1576919,0,0,0
3 x 64 B,3,18015,1575296,7711291,20969826,1575799,0,0,0
3 x 64 B,4,18015,1587269,7767417,20969826,1587774,0,0,0
3 x 64 B,5,18015,1569565,7688530,20969825,1570083,0,0,0
3 x 64 B,6,18015,1581166,7737655,20969826,1581675,0,0,0
3 x 64 B,7,18015,1573826,7709893,20969825,1574337,0,0,0
3 x 64 B,8,18015,1579093,7718435,20969826,1579614,0,0,0
3 x 64 B,9,18015,1572320,7702255,20969825,1572824,0,0,0
3 x 64 B,10,18015,1585800,7754723,20969826,1586299,0,0,0
3 x 64 B,11,18015,1579537,7729983,20969826,1580044,0,0,0
3 x 64 B,12,18015,1580421,7741620,20969825,1580958,0,0,0
3 x 64 B,13,18015,1581871,7742924,20969826,1582430,0,0,0
3 x 64 B,14,18015,1578900,7734425,20969825,1579398,0,0,0
3 x 64 B,15,18015,1582272,7742988,20969826,1582779,0,0,0
3 x 64 B,16,18015,1581846,7740552,20969826,1582348,0,0,0
3 x 64 B,17,18015,1585268,7765737,20969825,1585766,0,0,0
3 x 64 B,18,18015,1582689,7747898,20969826,1583193,0,0,0
3 x 64 B,19,18015,1576158,7720739,20969825,1576654,0,0,0
3 x 64 B,20,18015,1574646,7705415,20969826,1575155,0,0,0
3 x 64 B,21,18015,1576819,7721283,20969825,1577310,0,0,0
3 x 64 B,22,18015,1573595,7702911,20969826,1574104,0,0,0
3 x 64 B,23,18015,1578218,7725967,20969826,1578722,0,0,0
3 x 64 B,24,18015,1576210,7721073,20969825,1576709,0,0,0
3 x 64 B,25,18015,1583711,7749551,20969826,1584215,0,0,0
3 x 64 B,26,18015,1583903,7756296,20969825,1584403,0,0,0
3 x 64 B,27,18015,1584545,7757283,20969826,1585051,0,0,0
3 x 64 B,28,18015,1574522,7707403,20969826,1575020,0,0,0
3 x 64 B,29,18015,1575201,7715145,20969825,1575722,0,0,0
3 x 64 B,30,18015,1578644,7723162,20969826,1579254,0,0,0
3 x 64 B,31,18015,1571007,7694880,20969825,1571509,0,0,0
4 x 64 B,0,23362,1592112,7789730,29062694,1592836,0,0,0
4 x 64 B,1,23362,1586960,7772312,29062693,1588001,0,0,0
4 x 64 B,2,23362,1593567,7782844,29062694,1594265,0,0,0
4 x 64 B,3,23362,1597609,7761151,29062694,1590968,0,0,0
4 x 64 B,4,23362,1584644,7759013,29062693,1585186,0,0,0
4 x 64 B,5,23362,1587327,7769108,29062694,1587841,0,0,0
4 x 64 B,6,23362,1585543,7766882,29062693,1586130,0,0,0
4 x 64 B,7,23362,1586592,7761998,29062694,1587172,0,0,0
4 x 64 B,8,23362,1590080,7783281,29062694,1590602,0,0,0
4 x 64 B,9,23362,1584366,7760573,29062693,1584880,0,0,0
4 x 64 B,10,23362,1586603,7767129,29062694,1587118,0,0,0
4 x 64 B,11,23362,1584373,7761198,29062693,1584889,0,0,0
4 x 64 B,12,23362,1590948,7783278,29062694,1591463,0,0,0
4 x 64 B,13,23362,1589493,7779034,29062694,1590019,0,0,0
4 x 64 B,14,23362,1585679,7766166,29062693,1586216,0,0,0
4 x 64 B,15,23362,1593497,7770745,29062694,1594028,0,0,0
4 x 64 B,16,23362,1586132,7764739,29062693,1586648,0,0,0
4 x 64 B,17,23362,1588714,7773527,29062694,1589226,0,0,0
4 x 64 B,18,23362,1595452,7765544,29062693,1595973,0,0,0
4 x 64 B,19,23362,1968555,7774285,29062694,1969079,0,0,0
4 x 64 B,20,23362,1590389,7781481,29062694,1590913,0,0,0
4 x 64 B,21,23362,1588227,7773090,29062694,1588739,0,0,0
4 x 64 B,22,23362,1583905,7756124,29062693,1584418,0,0,0
4 x 64 B,23,23362,1589883,7773945,29062694,1590464,0,0,0
4 x 64 B,24,23362,1599116,7767505,29062693,1599699,0,0,0
4 x 64 B,25,23362,1627247,7771920,29062694,1625792,0,0,0
4 x 64 B,26,23362,1588099,7770711,29062694,1588637,0,0,0
4 x 64 B,27,23362,1589974,7785950,29062693,1590493,0,0,0
4 x 64 B,28,23362,1586464,7767263,29062694,1586992,0,0,0
4 x 64 B,29,23362,1583033,7754815,29062693,1583546,0,0,0
4 x 64 B,30,23362,1587720,7771615,29062694,1588241,0,0,0
4 x 64 B,31,23362,1586826,7767872,29062694,1587347,0,0,0
6 x 64 B,0,14961,1647274,8055339,25643519,1647849,0,0,0
6 x 64 B,1,14961,1644140,8048065,25643520,1644685,0,0,0
6 x 64 B,2,14961,1645172,8053959,25643520,1645716,0,0,0
6 x 64 B,3,14961,1643958,8053131,25643519,1644490,0,0,0
6 x 64 B,4,14961,1645154,8052134,25643520,1645699,0,0,0
6 x 64 B,5,14961,1641324,8038566,25643519,1641846,0,0,0
6 x 64 B,6,14961,1646961,8062920,25643520,1647500,0,0,0
6 x 64 B,7,14961,1647208,8053038,25643520,1647752,0,0,0
6 x 64 B,8,14961,1646079,8063596,25643519,1646603,0,0,0
6 x 64 B,9,14961,1644330,8047103,25643520,1644853,0,0,0
6 x 64 B,10,14961,1653913,8058375,25643520,1654432,0,0,0
6 x 64 B,11,14961,1644861,8057419,25643519,1645381,0,0,0
6 x 64 B,12,14961,1644968,8051818,25643520,1645496,0,0,0
6 x 64 B,13,14961,1651382,8079662,25643520,1652163,0,0,0
6 x 64 B,14,14961,1640659,8026372,25643519,1641175,0,0,0
6 x 64 B,15,14961,1646147,8057136,25643520,1646833,0,0,0
6 x 64 B,16,14961,1661391,8065970,25643520,1652904,0,0,0
6 x 64 B,17,14961,1645711,8040583,25643519,1646303,0,0,0
6 x 64 B,18,14961,1663092,8079578,25643520,1661443,0,0,0
6 x 64 B,19,14961,1675689,8047881,25643520,1674635,0,0,0
6 x 64 B,20,14961,1650820,8034978,25643519,1645726,0,0,0
6 x 64 B,21,14961,1647477,8059033,25643520,1647999,0,0,0
6 x 64 B,22,14961,1645189,8049536,25643520,1645720,0,0,0
6 x 64 B,23,14961,1641565,8037501,25643519,1642080,0,0,0
6 x 64 B,24,14961,1672268,8039653,25643520,1672795,0,0,0
6 x 64 B,25,14961,1643618,8051202,25643519,1644141,0,0,0
6 x 64 B,26,14961,1644902,8047338,25643520,1645422,0,0,0
6 x 64 B,27,14961,1647822,8062721,25643520,1648361,0,0,0
6 x 64 B,28,14961,1639947,8033468,25643519,1640468,0,0,0
6 x 64 B,29,14961,1642545,8040360,25643520,1643079,0,0,0
6 x 64 B,30,14961,1647698,8063730,25643520,1648228,0,0,0
6 x 64 B,31,14961,1640928,8032367,25643519,1641446,0,0,0
8 x 64 B,0,17541,1733367,8486219,26715309,1733938,0,0,0
8 x 64 B,1,17541,1733411,8486107,26715309,1733933,0,0,0
8 x 64 B,2,17541,1734650,8489255,26715309,1735213,0,0,0
8 x 64 B,3,17541,1731563,8482105,26715308,1732100,0,0,0
8 x 64 B,4,17541,1736351,8497998,26715309,1736876,0,0,0
8 x 64 B,5,17541,1732691,8482647,26715309,1733222,0,0,0
8 x 64 B,6,17541,1731170,8480557,26715308,1731716,0,0,0
8 x 64 B,7,17541,1734853,8490288,26715309,1735366,0,0,0
8 x 64 B,8,17541,1732867,8481018,26715309,1733361,0,0,0
8 x 64 B,9,17541,1730520,8472236,26715309,1731022,0,0,0
8 x 64 B,10,17541,1729453,8471715,26715308,1729949,0,0,0
8 x 64 B,11,17541,1737463,8504141,26715309,1737999,0,0,0
8 x 64 B,12,17541,1733150,8484869,26715309,1733658,0,0,0
8 x 64 B,13,17541,1733919,8486552,26715309,1734418,0,0,0
8 x 64 B,14,17541,1728524,8468067,26715308,1729024,0,0,0
8 x 64 B,15,17541,1732577,8482248,26715309,1733086,0,0,0
8 x 64 B,16,17541,1733879,8486690,26715309,1734383,0,0,0
8 x 64 B,17,17541,1766136,8491929,26715309,1766628,0,0,0
8 x 64 B,18,17541,1729909,8474641,26715308,1730407,0,0,0
8 x 64 B,19,17541,1733359,8486543,26715309,1733859,0,0,0
8 x 64 B,20,17541,1735069,8492411,26715309,1735566,0,0,0
8 x 64 B,21,17541,1797252,8492574,26715309,1737460,0,0,0
8 x 64 B,22,17541,1733669,8490282,26715308,1734171,0,0,0
8 x 64 B,23,17541,1734396,8491431,26715309,1734896,0,0,0
8 x 64 B,24,17541,1733396,8485643,26715309,1733901,0,0,0
8 x 64 B,25,17541,1733366,8478591,26715309,1733865,0,0,0
8 x 64 B,26,17541,1730462,8476594,26715308,1730964,0,0,0
8 x 64 B,27,17541,1735534,8492669,26715309,1736108,0,0,0
8 x 64 B,28,17541,1734100,8481389,26715309,1734653,0,0,0
8 x 64 B,29,17541,1735011,8493336,26715308,1735788,0,0,0
8 x 64 B,30,17541,1768524,8503798,26715309,1769142,0,0,0
8 x 64 B,31,17541,1742636,8499322,26715309,1743574,0,0,0
12 x 64 B,0,11344,1815490,8845303,28462462,1810141,0,0,0
12 x 64 B,1,11344,1811705,8858467,28462462,1812220,0,0,0
12 x 64 B,2,11344,1808567,8852399,28462461,1809079,0,0,0
12 x 64 B,3,11344,1813101,8868744,28462462,1813605,0,0,0
12 x 64 B,4,11344,1808662,8853361,28462462,1809158,0,0,0
12 x 64 B,5,11344,1811125,8862318,28462462,1811635,0,0,0
12 x 64 B,6,11344,1808930,8855792,28462462,1809432,0,0,0
12 x 64 B,7,11344,1806945,8848575,28462461,1807452,0,0,0
12 x 64 B,8,11344,1810795,8862782,28462462,1811302,0,0,0
12 x 64 B,9,11344,1808580,8854054,28462462,1809070,0,0,0
12 x 64 B,10,11344,1810810,8862797,28462462,1811311,0,0,0
12 x 64 B,11,11344,1808882,8856202,28462462,1809416,0,0,0
12 x 64 B,12,11344,1811754,8866559,28462462,1812256,0,0,0
12 x 64 B,13,11344,1807818,8856220,28462461,1808309,0,0,0
12 x 64 B,14,11344,1808806,8857106,28462462,1809306,0,0,0
12 x 64 B,15,11344,1808685,8854958,28462462,1809170,0,0,0
12 x 64 B,16,11344,1808725,8856733,28462462,1809227,0,0,0
12 x 64 B,17,11344,1809078,8857485,28462462,1809582,0,0,0
12 x 64 B,18,11344,1807230,8850964,28462461,1807722,0,0,0
12 x 64 B,19,11344,1810927,8862646,28462462,1811463,0,0,0
12 x 64 B,20,11344,1809160,8857623,28462462,1809661,0,0,0
12 x 64 B,21,11344,1810307,8859692,28462462,1810802,0,0,0
12 x 64 B,22,11344,1808246,8851415,28462462,1808740,0,0,0
12 x 64 B,23,11344,1805660,8846274,28462461,1806162,0,0,0
12 x 64 B,24,11344,1815735,8853592,28462462,1811010,0,0,0
12 x 64 B,25,11344,1809206,8859681,28462462,1809698,0,0,0
12 x 64 B,26,11344,1808258,8851261,28462462,1808763,0,0,0
12 x 64 B,27,11344,1811781,8866567,28462462,1812293,0,0,0
12 x 64 B,28,11344,1809897,8861791,28462462,1810392,0,0,0
12 x 64 B,29,11344,1805173,8843932,28462461,1805645,0,0,0
12 x 64 B,30,11344,1809947,8862053,28462462,1810450,0,0,0
12 x 64 B,31,11344,1809076,8855018,28462462,1809574,0,0,0
16 x 64 B,0,9518,1813983,8881207,26517514,1814529,0,0,0
16 x 64 B,1,9518,1814685,8881798,26517514,1815205,0,0,0
16 x 64 B,2,9518,1811542,8875168,26517513,1812052,0,0,0
16 x 64 B,3,9518,1814242,8880932,26517514,1814799,0,0,0
16 x 64 B,4,9518,1814768,8884737,26517514,1815283,0,0,0
16 x 64 B,5,9518,1813490,8878911,26517514,1814079,0,0,0
16 x 64 B,6,9518,1815044,8882128,26517514,1815568,0,0,0
16 x 64 B,7,9518,1813495,8882285,26517513,1814382,0,0,0
16 x 64 B,8,9518,1817546,8892916,26517514,1818634,0,0,0
16 x 64 B,9,9518,1819219,8901659,26517514,1820348,0,0,0
16 x 64 B,10,9518,1860072,8884308,26517514,1857816,0,0,0
16 x 64 B,11,9518,1821783,8868725,26517514,1816257,0,0,0
16 x 64 B,12,9518,1814551,8882091,26517514,1815080,0,0,0
16 x 64 B,13,9518,1812325,8878594,26517513,1812832,0,0,0
16 x 64 B,14,9518,1814035,8881174,26517514,1814591,0,0,0
16 x 64 B,15,9518,1817599,8889494,26517514,1818116,0,0,0
16 x 64 B,16,9518,1815934,8889282,26517514,1816438,0,0,0
16 x 64 B,17,9518,1815689,8883222,26517514,1816197,0,0,0
16 x 64 B,18,9518,1814292,8883643,26517514,1814799,0,0,0
16 x 64 B,19,9518,1811810,8875759,26517513,1812301,0,0,0
16 x 64 B,20,9518,1814529,8884750,26517514,1815056,0,0,0
16 x 64 B,21,9518,2185704,8879664,26517514,2186257,0,0,0
16 x 64 B,22,9518,1814413,8880315,26517514,1814921,0,0,0
16 x 64 B,23,9518,1814578,8882315,26517514,1815078,0,0,0
16 x 64 B,24,9518,1813591,8880137,26517514,1814087,0,0,0
16 x 64 B,25,9518,1822760,8879065,26517514,1817431,0,0,0
16 x 64 B,26,9518,1813266,8882648,26517513,1813768,0,0,0
16 x 64 B,27,9518,1813268,8876193,26517514,1813774,0,0,0
16 x 64 B,28,9518,1813884,8876798,26517514,1814384,0,0,0
16 x 64 B,29,9518,1817191,8894174,26517514,1817687,0,0,0
16 x 64 B,30,9518,1813994,8881792,26517514,1814488,0,0,0
16 x 64 B,31,9518,1811084,8872189,26517513,1811620,0,0,0
24 x 64 B,0,6698,1894694,9276120,27120568,1895244,0,0,0
24 x 64 B,1,6698,1895664,9279548,27120568,1896196,0,0,0
24 x 64 B,2,6698,1894287,9276214,27120568,1894797,0,0,0
24 x 64 B,3,6698,1895726,9282408,27120568,1896255,0,0,0
24 x 64 B,4,6698,1895532,9281222,27120568,1896097,0,0,0
24 x 64 B,5,6698,1895857,9282986,27120568,1896385,0,0,0
24 x 64 B,6,6698,1893617,9270109,27120568,1894138,0,0,0
24 x 64 B,7,6698,1896250,9285316,27120568,1896771,0,0,0
24 x 64 B,8,6698,1894462,9274830,27120568,1894974,0,0,0
24 x 64 B,9,6698,1893757,9277516,27120567,1894280,0,0,0
24 x 64 B,10,6698,1895186,9279014,27120568,1895706,0,0,0
24 x 64 B,11,6698,1895489,9276858,27120568,1896019,0,0,0
24 x 64 B,12,6698,1894910,9278391,27120568,1895441,0,0,0
24 x 64 B,13,6698,1894942,9279993,27120568,1895458,0,0,0
24 x 64 B,14,6698,1905760,9270783,27120568,1896699,0,0,0
24 x 64 B,15,6698,1894601,9276818,27120568,1895119,0,0,0
24 x 64 B,16,6698,1896403,9280266,27120568,1897340,0,0,0
24 x 64 B,17,6698,1895260,9277629,27120568,1895900,0,0,0
24 x 64 B,18,6698,1899250,9286574,27120568,1900004,0,0,0
24 x 64 B,19,6698,1892478,9261382,27120567,1893162,0,0,0
24 x 64 B,20,6698,1897563,9276525,27120568,1898278,0,0,0
24 x 64 B,21,6698,1900201,9271221,27120568,1898879,0,0,0
24 x 64 B,22,6698,1900277,9262791,27120568,1895690,0,0,0
24 x 64 B,23,6698,1893755,9270475,27120568,1894260,0,0,0
24 x 64 B,24,6698,1894873,9278927,27120568,1895379,0,0,0
24 x 64 B,25,6698,1894733,9278276,27120568,1895292,0,0,0
24 x 64 B,26,6698,1895329,9271519,27120568,1895851,0,0,0
24 x 64 B,27,6698,1904743,9288041,27120568,1899931,0,0,0
24 x 64 B,28,6698,1895416,9277777,27120568,1895907,0,0,0
24 x 64 B,29,6698,1893655,9272990,27120567,1894178,0,0,0
24 x 64 B,30,6698,1896007,9283138,27120568,1896515,0,0,0
24 x 64 B,31,6698,1893903,9273807,27120568,1894407,0,0,0
64 x 64 B,0,2157,1599044,7829207,22355514,1599637,0,0,0
64 x 64 B,1,2157,1598851,7831966,22355513,1599387,0,0,0
64 x 64 B,2,2157,1601247,7834486,22355514,1601794,0,0,0
64 x 64 B,3,2157,1599573,7831505,22355514,1600098,0,0,0
64 x 64 B,4,2157,1598909,7832401,22355513,1599473,0,0,0
64 x 64 B,5,2157,1598124,7824752,22355514,1598607,0,0,0
64 x 64 B,6,2157,1596696,7822425,22355513,1597229,0,0,0
64 x 64 B,7,2157,1600931,7836957,22355514,1601456,0,0,0
64 x 64 B,8,2157,1596881,7818987,22355514,1597401,0,0,0
64 x 64 B,9,2157,1598922,7832223,22355513,1599455,0,0,0
64 x 64 B,10,2157,1597450,7821666,22355514,1597962,0,0,0
64 x 64 B,11,2157,1598697,7832347,22355513,1599240,0,0,0
64 x 64 B,12,2157,1600014,7832706,22355514,1600541,0,0,0
64 x 64 B,13,2157,1598258,7825513,22355514,1598793,0,0,0
64 x 64 B,14,2157,1599059,7830321,22355513,1599592,0,0,0
64 x 64 B,15,2157,1596549,7818244,22355514,1597043,0,0,0
64 x 64 B,16,2157,1597469,7825938,22355513,1598005,0,0,0
64 x 64 B,17,2157,1600801,7832619,22355514,1601361,0,0,0
64 x 64 B,18,2157,1599378,7830884,22355514,1599912,0,0,0
64 x 64 B,19,2157,1600272,7831320,22355513,1600812,0,0,0
64 x 64 B,20,2157,1595790,7813524,22355514,1596281,0,0,0
64 x 64 B,21,2157,1597602,7826806,22355513,1598121,0,0,0
64 x 64 B,22,2157,1600666,7834888,22355514,1601191,0,0,0
64 x 64 B,23,2157,1596888,7817442,22355514,1597397,0,0,0
64 x 64 B,24,2157,1599883,7826689,22355513,1600406,0,0,0
64 x 64 B,25,2157,1600354,7833376,22355514,1600872,0,0,0
64 x 64 B,26,2157,1596976,7823599,22355513,1597495,0,0,0
64 x 64 B,27,2157,1599038,7828191,22355514,1599562,0,0,0
64 x 64 B,28,2157,1599133,7827697,22355514,1599638,0,0,0
64 x 64 B,29,2157,1597232,7824079,22355513,1597746,0,0,0
64 x 64 B,30,2157,1599200,7822701,22355514,1599706,0,0,0
64 x 64 B,31,2157,1598279,7828777,22355513,1598798,0,0,0
128 x 64 B,0,1331,1978709,9685485,27243274,1979463,0,0,0
128 x 64 B,1,1331,1987918,9677767,27243274,1986376,0,0,0
128 x 64 B,2,1331,2005142,9678180,27243274,2004136,0,0,0
128 x 64 B,3,1331,1984672,9672820,27243274,1979633,0,0,0
128 x 64 B,4,1331,1978414,9683249,27243274,1978942,0,0,0
128 x 64 B,5,1331,1974345,9668124,27243274,1974858,0,0,0
128 x 64 B,6,1331,1977463,9683014,27243274,1978065,0,0,0
128 x 64 B,7,1331,1976995,9678833,27243274,1977516,0,0,0
128 x 64 B,8,1331,1976828,9677042,27243274,1977356,0,0,0
128 x 64 B,9,1331,1975353,9672224,27243274,1975880,0,0,0
128 x 64 B,10,1331,1977884,9681455,27243274,1978395,0,0,0
128 x 64 B,11,1331,1977737,9680021,27243274,1978302,0,0,0
128 x 64 B,12,1331,1977633,9682097,27243274,1978168,0,0,0
128 x 64 B,13,1331,1976649,9679341,27243274,1977216,0,0,0
128 x 64 B,14,1331,2362681,9683281,27243275,2363212,0,0,0
128 x 64 B,15,1331,1974669,9669480,27243274,1975201,0,0,0
128 x 64 B,16,1331,1973673,9669188,27243273,1974214,0,0,0
128 x 64 B,17,1331,1972982,9662011,27243274,1973503,0,0,0
128 x 64 B,18,1331,1976496,9678592,27243274,1977025,0,0,0
128 x 64 B,19,1331,1979182,9687698,27243274,1979692,0,0,0
128 x 64 B,20,1331,1977637,9684004,27243274,1978148,0,0,0
128 x 64 B,21,1331,1973635,9663969,27243274,1974138,0,0,0
128 x 64 B,22,1331,1974169,9667078,27243274,1974678,0,0,0
128 x 64 B,23,1331,1975203,9671669,27243274,1975714,0,0,0
128 x 64 B,24,1331,1974925,9667739,27243274,1975429,0,0,0
128 x 64 B,25,1331,1973811,9665128,27243274,1974307,0,0,0
128 x 64 B,26,1331,1977418,9682718,27243274,1977933,0,0,0
128 x 64 B,27,1331,1976238,9676175,27243274,1976768,0,0,0
128 x 64 B,28,1331,1978027,9681745,27243280,1978568,0,0,0
128 x 64 B,29,1331,1977082,9681484,27243280,1977589,0,0,0
128 x 64 B,30,1331,1976527,9678551,27243274,1977036,0,0,0
128 x 64 B,31,1331,1987958,9674135,27243274,1979770,0,0,0
129 x 64 B,0,1285,1965302,9617221,27065036,1965859,0,0,0
129 x 64 B,1,1285,1963600,9611873,27065036,1964106,0,0,0
129 x 64 B,2,1285,1964629,9620451,27065036,1965136,0,0,0
129 x 64 B,3,1285,1963614,9613309,27065036,1964120,0,0,0
129 x 64 B,4,1285,1965283,9619376,27065036,1965839,0,0,0
129 x 64 B,5,1285,1965258,9618838,27065036,1965966,0,0,0
129 x 64 B,6,1285,1966624,9617029,27065036,1967319,0,0,0
129 x 64 B,7,1285,1965903,9620551,27065036,1966739,0,0,0
129 x 64 B,8,1285,1967222,9614702,27065036,1967958,0,0,0
129 x 64 B,9,1285,1969128,9611498,27065036,1967391,0,0,0
129 x 64 B,10,1285,1964500,9613466,27065036,1965019,0,0,0
129 x 64 B,11,1285,1963604,9610592,27065036,1964138,0,0,0
129 x 64 B,12,1285,1966415,9620154,27065036,1966923,0,0,0
129 x 64 B,13,1285,1963728,9615568,27065036,1964220,0,0,0
129 x 64 B,14,1285,1962583,9608835,27065036,1963096,0,0,0
129 x 64 B,15,1285,2348411,9615775,27065036,2348927,0,0,0
129 x 64 B,16,1285,1964936,9615814,27065036,1965438,0,0,0
129 x 64 B,17,1285,1963841,9615975,27065036,1964360,0,0,0
129 x 64 B,18,1285,1965573,9618953,27065036,1966099,0,0,0
129 x 64 B,19,1285,1964369,9617676,27065036,1964879,0,0,0
129 x 64 B,20,1285,1961861,9601720,27065036,1962360,0,0,0
129 x 64 B,21,1285,1965055,9621141,27065036,1965558,0,0,0
129 x 64 B,22,1285,1964184,9617156,27065036,1964680,0,0,0
129 x 64 B,23,1285,1963272,9613134,27065036,1963791,0,0,0
129 x 64 B,24,1285,1965147,9617128,27065036,1965654,0,0,0
129 x 64 B,25,1285,1963983,9617271,27065036,1964485,0,0,0
129 x 64 B,26,1285,1963510,9614650,27065036,1964005,0,0,0
129 x 64 B,27,1285,1964061,9617090,27065036,1964570,0,0,0
129 x 64 B,28,1285,1964641,9614092,27065036,1965183,0,0,0
129 x 64 B,29,1285,1965362,9623152,27065036,1965857,0,0,0
129 x 64 B,30,1285,1960355,9603978,27065035,1960852,0,0,0
129 x 64 B,31,1285,1969869,9611029,27065036,1966029,0,0,0
1024 x 64 B,0,165,1997928,9782424,26898006,1998452,0,0,0
1024 x 64 B,1,165,1998160,9784104,26898006,1998689,0,0,0
1024 x 64 B,2,165,1996099,9774146,26898006,1996618,0,0,0
1024 x 64 B,3,165,1999233,9782986,26898006,1999739,0,0,0
1024 x 64 B,4,165,1998059,9783578,26898006,1998574,0,0,0
1024 x 64 B,5,165,1996136,9774463,26898006,1996649,0,0,0
1024 x 64 B,6,165,1997168,9779001,26898006,1997684,0,0,0
1024 x 64 B,7,165,1998169,9778165,26898006,1998679,0,0,0
1024 x 64 B,8,165,1996691,9777112,26898006,1997229,0,0,0
1024 x 64 B,9,165,1996353,9774979,26898006,1996865,0,0,0
1024 x 64 B,10,165,1996087,9772269,26898006,1996589,0,0,0
1024 x 64 B,11,165,1999141,9779574,26898006,1999701,0,0,0
1024 x 64 B,12,165,1996376,9774193,26898006,1996881,0,0,0
1024 x 64 B,13,165,2000622,9786124,26898006,2001321,0,0,0
1024 x 64 B,14,165,1998246,9778263,26898006,1998839,0,0,0
1024 x 64 B,15,165,2001497,9790701,26898006,2002333,0,0,0
1024 x 64 B,16,165,2002465,9776807,26898006,2001214,0,0,0
1024 x 64 B,17,165,2003084,9768698,26898006,1998338,0,0,0
1024 x 64 B,18,165,1996353,9774605,26898006,1996864,0,0,0
1024 x 64 B,19,165,1998434,9780133,26898006,1998942,0,0,0
1024 x 64 B,20,165,1999251,9782913,26898006,1999818,0,0,0
1024 x 64 B,21,165,1997831,9780604,26898006,1998344,0,0,0
1024 x 64 B,22,165,1995914,9772501,26898006,1996426,0,0,0
1024 x 64 B,23,165,2366871,9775719,26898006,2367372,0,0,0
1024 x 64 B,24,165,2001387,9771944,26898006,2001892,0,0,0
1024 x 64 B,25,165,1997860,9782634,26898006,1998379,0,0,0
1024 x 64 B,26,165,1998060,9783659,26898006,1998567,0,0,0
1024 x 64 B,27,165,1997998,9783055,26898006,1998524,0,0,0
1024 x 64 B,28,165,1997806,9776623,26898006,1998348,0,0,0
1024 x 64 B,29,165,1997247,9776026,26898006,1997765,0,0,0
1024 x 64 B,30,165,1997736,9782150,26898006,1998246,0,0,0
1024 x 64 B,31,165,1995881,9772782,26898006,1996402,0,0,0
1 x 128 B,0,17375,1595769,7816740,21979740,1596360,0,0,0
1 x 128 B,1,17375,1597964,7822969,21979741,1598504,0,0,0
1 x 128 B,2,17375,1598970,7827188,21979741,1599494,0,0,0
1 x 128 B,3,17375,1595859,7817349,21979740,1596380,0,0,0
1 x 128 B,4,17375,1599238,7823013,21979741,1599780,0,0,0
1 x 128 B,5,17375,1597135,7823060,21979740,1597659,0,0,0
1 x 128 B,6,17375,1598411,7825339,21979741,1598944,0,0,0
1 x 128 B,7,17375,1599113,7828073,21979741,1599639,0,0,0
1 x 128 B,8,17375,1596588,7820909,21979740,1597134,0,0,0
1 x 128 B,9,17375,1601251,7832692,21979741,1601780,0,0,0
1 x 128 B,10,17375,1596065,7818496,21979740,1596586,0,0,0
1 x 128 B,11,17375,1598197,7823827,21979741,1598720,0,0,0
1 x 128 B,12,17375,1598702,7826796,21979741,1599229,0,0,0
1 x 128 B,13,17375,1596083,7818605,21979740,1596590,0,0,0
1 x 128 B,14,17375,1599011,7822750,21979741,1599521,0,0,0
1 x 128 B,15,17375,1597122,7823492,21979740,1597630,0,0,0
1 x 128 B,16,17375,1599647,7830293,21979741,1600171,0,0,0
1 x 128 B,17,17375,1599065,7826923,21979741,1599576,0,0,0
1 x 128 B,18,17375,1596368,7819727,21979740,1596882,0,0,0
1 x 128 B,19,17375,1599925,7825686,21979741,1600433,0,0,0
1 x 128 B,20,17375,1596259,7819208,21979740,1596770,0,0,0
1 x 128 B,21,17375,1599154,7827319,21979741,1599664,0,0,0
1 x 128 B,22,17375,1599755,7830860,21979741,1600255,0,0,0
1 x 128 B,23,17375,1596940,7821383,21979740,1597450,0,0,0
1 x 128 B,24,17375,1598459,7818846,21979741,1599076,0,0,0
1 x 128 B,25,17375,1602216,7845840,21979740,1603031,0,0,0
1 x 128 B,26,17375,1599904,7825671,21979741,1600564,0,0,0
1 x 128 B,27,17375,1603482,7840178,21979741,1604222,0,0,0
1 x 128 B,28,17375,1600436,7828800,21979740,1601030,0,0,0
1 x 128 B,29,17375,1603601,7816237,21979741,1601782,0,0,0
1 x 128 B,30,17375,1603577,7815105,21979740,1598853,0,0,0
1 x 128 B,31,17375,1599164,7825962,21979741,1599684,0,0,0
3 x 128 B,0,12940,1777542,8697945,31483386,1778099,0,0,0
3 x 128 B,1,12940,1777943,8700579,31483386,1778497,0,0,0
3 x 128 B,2,12940,1774596,8657118,31483385,1769898,0,0,0
3 x 128 B,3,12940,1775744,8689480,31483386,1776267,0,0,0
3 x 128 B,4,12940,1776910,8696298,31483386,1777436,0,0,0
3 x 128 B,5,12940,1776719,8695903,31483386,1777242,0,0,0
3 x 128 B,6,12940,2143659,8699752,31483386,2144197,0,0,0
3 x 128 B,7,12940,1800068,8681618,31483386,1800664,0,0,0
3 x 128 B,8,12940,1773879,8689907,31483385,1774395,0,0,0
3 x 128 B,9,12940,1775058,8687303,31483386,1775584,0,0,0
3 x 128 B,10,12940,1774157,8686229,31483386,1774674,0,0,0
3 x 128 B,11,12940,1772534,8678994,31483386,1773056,0,0,0
3 x 128 B,12,12940,1774080,8683290,31483386,1774595,0,0,0
3 x 128 B,13,12940,1771291,8677226,31483385,1771800,0,0,0
3 x 128 B,14,12940,1774850,8687417,31483386,1775400,0,0,0
3 x 128 B,15,12940,1775384,8692268,31483386,1775902,0,0,0
3 x 128 B,16,12940,1779204,8689550,31483386,1779726,0,0,0
3 x 128 B,17,12940,1774769,8694382,31483385,1775287,0,0,0
3 x 128 B,18,12940,1776944,8697656,31483386,1777463,0,0,0
3 x 128 B,19,12940,1775443,8692823,31483386,1775954,0,0,0
3 x 128 B,20,12940,1775167,8691380,31483386,1775675,0,0,0
3 x 128 B,21,12940,1773592,8681099,31483386,1774105,0,0,0
3 x 128 B,22,12940,1772535,8683470,31483385,1773029,0,0,0
3 x 128 B,23,12940,1774744,8687266,31483386,1775244,0,0,0
3 x 128 B,24,12940,1771251,8671960,31483386,1771749,0,0,0
3 x 128 B,25,12940,1775326,8689248,31483386,1775821,0,0,0
3 x 128 B,26,12940,1772464,8683072,31483385,1772955,0,0,0
3 x 128 B,27,12940,1772380,8674647,31483386,1772874,0,0,0
3 x 128 B,28,12940,1773029,8680550,31483386,1773522,0,0,0
3 x 128 B,29,12940,1777470,8702659,31483386,1777964,0,0,0
3 x 128 B,30,12940,1773767,8681444,31483386,1774267,0,0,0
3 x 128 B,31,12940,1773568,8688421,31483385,1774067,0,0,0
4 x 128 B,0,13297,1748816,8562502,30437199,1749355,0,0,0
4 x 128 B,1,13297,1753428,8582292,30437199,1753935,0,0,0
4 x 128 B,2,13297,1751400,8573966,30437199,1752005,0,0,0
4 x 128 B,3,13297,1748166,8561094,30437198,1748678,0,0,0
4 x 128 B,4,13297,1752494,8575332,30437199,1753290,0,0,0
4 x 128 B,5,13297,1753688,8578809,30437199,1754508,0,0,0
4 x 128 B,6,13297,1757259,8571821,30437199,1757892,0,0,0
4 x 128 B,7,13297,1753978,8586004,30437198,1754705,0,0,0
4 x 128 B,8,13297,1754286,8567818,30437199,1754797,0,0,0
4 x 128 B,9,13297,1757029,8556835,30437199,1751951,0,0,0
4 x 128 B,10,13297,1750217,8568419,30437199,1750732,0,0,0
4 x 128 B,11,13297,1750165,8566786,30437198,1750705,0,0,0
4 x 128 B,12,13297,1751611,8572175,30437199,1752125,0,0,0
4 x 128 B,13,13297,1751746,8573115,30437199,1752244,0,0,0
4 x 128 B,14,13297,1752137,8577173,30437199,1752643,0,0,0
4 x 128 B,15,13297,1749620,8570480,30437198,1750118,0,0,0
4 x 128 B,16,13297,1750504,8569266,30437199,1751005,0,0,0
4 x 128 B,17,13297,1753117,8576409,30437199,1753616,0,0,0
4 x 128 B,18,13297,1751004,8572965,30437199,1751547,0,0,0
4 x 128 B,19,13297,1748273,8564727,30437198,1748767,0,0,0
4 x 128 B,20,13297,2145129,8582994,30437200,2145631,0,0,0
4 x 128 B,21,13297,1748620,8563789,30437198,1749114,0,0,0
4 x 128 B,22,13297,1751706,8574074,30437199,1752204,0,0,0
4 x 128 B,23,13297,1752939,8582062,30437199,1753438,0,0,0
4 x 128 B,24,13297,1753247,8583788,30437199,1753737,0,0,0
4 x 128 B,25,13297,1743783,8542722,30437198,1744273,0,0,0
4 x 128 B,26,13297,1751036,8567931,30437199,1751526,0,0,0
4 x 128 B,27,13297,1751829,8576160,30437199,1752345,0,0,0
4 x 128 B,28,13297,1751519,8575208,30437199,1752013,0,0,0
4 x 128 B,29,13297,1749170,8568809,30437198,1749668,0,0,0
4 x 128 B,30,13297,1751506,8572465,30437199,1751994,0,0,0
4 x 128 B,31,13297,1752977,8580023,30437199,1753476,0,0,0
6 x 128 B,0,5946,1831465,8966962,27238992,1831999,0,0,0
6 x 128 B,1,5946,1830434,8967110,27238991,1830948,0,0,0
6 x 128 B,2,5946,1833598,8972312,27238992,1834092,0,0,0
6 x 128 B,3,5946,1861997,8967817,27238992,1862485,0,0,0
6 x 128 B,4,5946,1830411,8962603,27238992,1830905,0,0,0
6 x 128 B,5,5946,1831869,8969246,27238992,1832372,0,0,0
6 x 128 B,6,5946,1835395,8978407,27238992,1835891,0,0,0
6 x 128 B,7,5946,1830550,8963212,27238992,1831118,0,0,0
6 x 128 B,8,5946,1828171,8956359,27238991,1828925,0,0,0
6 x 128 B,9,5946,1830490,8962460,27238992,1830998,0,0,0
6 x 128 B,10,5946,1834163,8978130,27238992,1834667,0,0,0
6 x 128 B,11,5946,1831729,8965870,27238992,1832230,0,0,0
6 x 128 B,12,5946,1830699,8963805,27238992,1831206,0,0,0
6 x 128 B,13,5946,1828928,8958842,27238991,1829474,0,0,0
6 x 128 B,14,5946,1832809,8972340,27238992,1833323,0,0,0
6 x 128 B,15,5946,1836426,8973840,27238992,1836989,0,0,0
6 x 128 B,16,5946,1834914,8963125,27238992,1835768,0,0,0
6 x 128 B,17,5946,1833403,8972381,27238992,1834510,0,0,0
6 x 128 B,18,5946,1833604,8969791,27238992,1834260,0,0,0
6 x 128 B,19,5946,1870953,8968916,27238992,1869300,0,0,0
6 x 128 B,20,5946,1832911,8953176,27238991,1831888,0,0,0
6 x 128 B,21,5946,1838100,8957573,27238992,1832892,0,0,0
6 x 128 B,22,5946,1831067,8964481,27238992,1831565,0,0,0
6 x 128 B,23,5946,1836700,8972634,27238995,1837206,0,0,0
6 x 128 B,24,5946,1835556,8979636,27238992,1836053,0,0,0
6 x 128 B,25,5946,1830021,8959175,27238992,1830521,0,0,0
6 x 128 B,26,5946,1829048,8960253,27238991,1829535,0,0,0
6 x 128 B,27,5946,1830364,8961796,27238992,1830858,0,0,0
6 x 128 B,28,5946,1834502,8978744,27238992,1835015,0,0,0
6 x 128 B,29,5946,1830694,8961900,27238992,1831198,0,0,0
6 x 128 B,30,5946,1832068,8965235,27238992,1832572,0,0,0
6 x 128 B,31,5946,1830680,8963919,27238992,1831206,0,0,0
8 x 128 B,0,9825,2239611,9038950,27638091,2240162,0,0,0
8 x 128 B,1,9825,1844807,9030078,27638091,1845315,0,0,0
8 x 128 B,2,9825,1842906,9028451,27638090,1843424,0,0,0
8 x 128 B,3,9825,1845019,9033467,27638091,1845528,0,0,0
8 x 128 B,4,9825,1847582,9041506,27638091,1848117,0,0,0
8 x 128 B,5,9825,1848404,9042352,27638091,1848924,0,0,0
8 x 128 B,6,9825,1844900,9032772,27638091,1845422,0,0,0
8 x 128 B,7,9825,1846624,9036008,27638091,1847126,0,0,0
8 x 128 B,8,9825,1846239,9039827,27638091,1846734,0,0,0
8 x 128 B,9,9825,1846686,9025858,27638090,1845387,0,0,0
8 x 128 B,10,9825,1847387,9043203,27638091,1847917,0,0,0
8 x 128 B,11,9825,1846382,9038338,27638091,1846890,0,0,0
8 x 128 B,12,9825,1845796,9034277,27638091,1846305,0,0,0
8 x 128 B,13,9825,1845567,9035832,27638091,1846066,0,0,0
8 x 128 B,14,9825,1848292,9045402,27638091,1848949,0,0,0
8 x 128 B,15,9825,1850739,9053123,27638091,1851458,0,0,0
8 x 128 B,16,9825,1844288,9030499,27638090,1844910,0,0,0
8 x 128 B,17,9825,1852594,9058561,27638091,1853538,0,0,0
8 x 128 B,18,9825,1881111,9042567,27638091,1881737,0,0,0
8 x 128 B,19,9825,1854561,9025291,27638091,1848455,0,0,0
8 x 128 B,20,9825,1846797,9039690,27638091,1847313,0,0,0
8 x 128 B,21,9825,1847224,9038521,27638091,1847755,0,0,0
8 x 128 B,22,9825,1842875,9026939,27638090,1843381,0,0,0
8 x 128 B,23,9825,1845746,9035214,27638091,1846247,0,0,0
8 x 128 B,24,9825,1847116,9038176,27638091,1847670,0,0,0
8 x 128 B,25,9825,1843683,9026596,27638091,1844225,0,0,0
8 x 128 B,26,9825,1847814,9045056,27638091,1848394,0,0,0
8 x 128 B,27,9825,2246003,9046973,27638091,2246798,0,0,0
8 x 128 B,28,9825,1847323,9041645,27638091,1847935,0,0,0
8 x 128 B,29,9825,1843275,9025848,27638091,1843768,0,0,0
8 x 128 B,30,9825,1846414,9040238,27638091,1846930,0,0,0
8 x 128 B,31,9825,1845202,9034774,27638091,1845708,0,0,0
12 x 128 B,0,6173,1903475,9323261,29149271,1904020,0,0,0
12 x 128 B,1,6173,1904701,9326641,29149272,1905216,0,0,0
12 x 128 B,2,6173,1905672,9331359,29149272,1906186,0,0,0
12 x 128 B,3,6173,1905007,9325883,29149272,1905540,0,0,0
12 x 128 B,4,6173,1909797,9334614,29149272,1910661,0,0,0
12 x 128 B,5,6173,1909135,9330696,29149272,1909713,0,0,0
12 x 128 B,6,6173,1948643,9323274,29149272,1940176,0,0,0
12 x 128 B,7,6173,1907674,9331767,29149272,1908200,0,0,0
12 x 128 B,8,6173,1906748,9332633,29149272,1907256,0,0,0
12 x 128 B,9,6173,1904267,9325288,29149272,1904780,0,0,0
12 x 128 B,10,6173,1910006,9320287,29149272,1906570,0,0,0
12 x 128 B,11,6173,2309512,9334483,29149272,2310026,0,0,0
12 x 128 B,12,6173,1904049,9323869,29149272,1904535,0,0,0
12 x 128 B,13,6173,1905071,9324548,29149272,1905561,0,0,0
12 x 128 B,14,6173,1909496,9340577,29149272,1910011,0,0,0
12 x 128 B,15,6173,1907781,9340573,29149272,1908292,0,0,0
12 x 128 B,16,6173,1901496,9316308,29149271,1901968,0,0,0
12 x 128 B,17,6173,1905617,9330562,29149272,1906158,0,0,0
12 x 128 B,18,6173,1904253,9324484,29149272,1904741,0,0,0
12 x 128 B,19,6173,1904927,9327767,29149272,1905426,0,0,0
12 x 128 B,20,6173,1904463,9323648,29149272,1904949,0,0,0
12 x 128 B,21,6173,1905835,9332168,29149272,1906328,0,0,0
12 x 128 B,22,6173,1904201,9324447,29149272,1904692,0,0,0
12 x 128 B,23,6173,1905119,9328802,29149272,1905611,0,0,0
12 x 128 B,24,6173,1904069,9324217,29149272,1904561,0,0,0
12 x 128 B,25,6173,1905523,9330222,29149272,1906040,0,0,0
12 x 128 B,26,6173,1936724,9335715,29149272,1937207,0,0,0
12 x 128 B,27,6173,1904275,9329441,29149271,1904767,0,0,0
12 x 128 B,28,6173,1906116,9332935,29149272,1906617,0,0,0
12 x 128 B,29,6173,1903422,9321428,29149272,1903917,0,0,0
12 x 128 B,30,6173,1905904,9332017,29149272,1906400,0,0,0
12 x 128 B,31,6173,1904256,9324711,29149272,1904750,0,0,0
16 x 128 B,0,5227,1918247,9390581,27410754,1918807,0,0,0
16 x 128 B,1,5227,1919502,9395965,27410754,1920044,0,0,0
16 x 128 B,2,5227,1919022,9395201,27410754,1919588,0,0,0
16 x 128 B,3,5227,1922894,9406361,27410754,1923839,0,0,0
16 x 128 B,4,5227,1918898,9386728,27410754,1919598,0,0,0
16 x 128 B,5,5227,1927651,9391016,27410754,1925942,0,0,0
16 x 128 B,6,5227,1926046,9382978,27410754,1920490,0,0,0
16 x 128 B,7,5227,1917338,9386951,27410753,1917860,0,0,0
16 x 128 B,8,5227,1919018,9394747,27410754,1919522,0,0,0
16 x 128 B,9,5227,1918018,9390332,27410754,1918539,0,0,0
16 x 128 B,10,5227,1917831,9386446,27410754,1918339,0,0,0
16 x 128 B,11,5227,1918342,9392975,27410754,1918874,0,0,0
16 x 128 B,12,5227,1917861,9389090,27410754,1918378,0,0,0
16 x 128 B,13,5227,2291887,9393412,27410754,2292401,0,0,0
16 x 128 B,14,5227,1917620,9389856,27410754,1918131,0,0,0
16 x 128 B,15,5227,1917770,9390699,27410754,1918280,0,0,0
16 x 128 B,16,5227,1918332,9394130,27410754,1918863,0,0,0
16 x 128 B,17,5227,1918453,9393649,27410754,1918983,0,0,0
16 x 128 B,18,5227,1918521,9390117,27410754,1919021,0,0,0
16 x 128 B,19,5227,1916961,9386802,27410754,1917481,0,0,0
16 x 128 B,20,5227,1916869,9386644,27410754,1917360,0,0,0
16 x 128 B,21,5227,1918023,9392004,27410754,1918535,0,0,0
16 x 128 B,22,5227,1918489,9393779,27410754,1919035,0,0,0
16 x 128 B,23,5227,1919595,9396628,27410754,1920111,0,0,0
16 x 128 B,24,5227,1916204,9387086,27410753,1916736,0,0,0
16 x 128 B,25,5227,1916157,9383840,27410754,1916667,0,0,0
16 x 128 B,26,5227,1917647,9390010,27410754,1918154,0,0,0
16 x 128 B,27,5227,1918182,9393668,27410754,1918688,0,0,0
16 x 128 B,28,5227,1918396,9393892,27410754,1918896,0,0,0
16 x 128 B,29,5227,1918235,9388672,27410754,1918733,0,0,0
16 x 128 B,30,5227,1919625,9399053,27410754,1920129,0,0,0
16 x 128 B,31,5227,1916657,9386336,27410754,1917167,0,0,0
24 x 128 B,0,3573,1943683,9518494,27423141,1944241,0,0,0
24 x 128 B,1,3573,1945707,9526291,27423141,1946225,0,0,0
24 x 128 B,2,3573,1945046,9521057,27423141,1945557,0,0,0
24 x 128 B,3,3573,1946668,9527271,27423141,1947194,0,0,0
24 x 128 B,4,3573,1945704,9527396,27423141,1946221,0,0,0
24 x 128 B,5,3573,1946062,9527509,27423141,1946575,0,0,0
24 x 128 B,6,3573,1944724,9521735,27423141,1945221,0,0,0
24 x 128 B,7,3573,1942754,9517649,27423140,1943250,0,0,0
24 x 128 B,8,3573,1970602,9521743,27423141,1971102,0,0,0
24 x 128 B,9,3573,1980988,9523793,27423141,1981573,0,0,0
24 x 128 B,10,3573,1980989,9529071,27423141,1981684,0,0,0
24 x 128 B,11,3573,1967765,9531333,27423141,1968542,0,0,0
24 x 128 B,12,3573,1952093,9522633,27423141,1952789,0,0,0
24 x 128 B,13,3573,1960028,9532432,27423141,1958007,0,0,0
24 x 128 B,14,3573,1948737,9526825,27423141,1948229,0,0,0
24 x 128 B,15,3573,2060926,9523134,27423141,2057972,0,0,0
24 x 128 B,16,3573,1944942,9521933,27423141,1945465,0,0,0
24 x 128 B,17,3573,1953275,9533759,27423141,1953788,0,0,0
24 x 128 B,18,3573,1946328,9526239,27423141,1946831,0,0,0
24 x 128 B,19,3573,1946561,9527327,27423141,1947071,0,0,0
24 x 128 B,20,3573,1945139,9522429,27423141,1945628,0,0,0
24 x 128 B,21,3573,1944618,9522932,27423141,1945112,0,0,0
24 x 128 B,22,3573,2320528,9529511,27423141,2321016,0,0,0
24 x 128 B,23,3573,1946642,9530647,27423141,1947155,0,0,0
24 x 128 B,24,3573,1944440,9521070,27423141,1944933,0,0,0
24 x 128 B,25,3573,1944540,9522207,27423141,1945030,0,0,0
24 x 128 B,26,3573,1944210,9520248,27423141,1944697,0,0,0
24 x 128 B,27,3573,1947324,9532590,27423141,1947822,0,0,0
24 x 128 B,28,3573,1944989,9523988,27423141,1945481,0,0,0
24 x 128 B,29,3573,1944494,9522757,27423141,1944982,0,0,0
24 x 128 B,30,3573,1945510,9527058,27423141,1946007,0,0,0
24 x 128 B,31,3573,1946545,9531153,27423141,1947042,0,0,0
64 x 128 B,0,1377,1974655,9670333,27306276,1975194,0,0,0
64 x 128 B,1,1377,1975256,9672498,27306276,1975757,0,0,0
64 x 128 B,2,1377,1974972,9671364,27306276,1975484,0,0,0
64 x 128 B,3,1377,1973998,9666486,27306276,1974500,0,0,0
64 x 128 B,4,1377,1975288,9672160,27306276,1975787,0,0,0
64 x 128 B,5,1377,1974484,9663963,27306276,1974978,0,0,0
64 x 128 B,6,1377,1975906,9676040,27306276,1976405,0,0,0
64 x 128 B,7,1377,1974441,9666429,27306276,1974927,0,0,0
64 x 128 B,8,1377,1973628,9665276,27306276,1974124,0,0,0
64 x 128 B,9,1377,1974201,9664676,27306276,1974694,0,0,0
64 x 128 B,10,1377,1981298,9669577,27306276,1976980,0,0,0
64 x 128 B,11,1377,1974669,9670105,27306276,1975165,0,0,0
64 x 128 B,12,1377,1973709,9665657,27306276,1974197,0,0,0
64 x 128 B,13,1377,1972822,9665833,27306275,1973317,0,0,0
64 x 128 B,14,1377,1974325,9668706,27306276,1974837,0,0,0
64 x 128 B,15,1377,1976666,9674797,27306276,1977157,0,0,0
64 x 128 B,16,1377,1973968,9666107,27306276,1974539,0,0,0
64 x 128 B,17,1377,1974344,9665788,27306276,1974851,0,0,0
64 x 128 B,18,1377,1976108,9674916,27306276,1977038,0,0,0
64 x 128 B,19,1377,1976761,9672229,27306276,1977611,0,0,0
64 x 128 B,20,1377,1979194,9677158,27306276,1980048,0,0,0
64 x 128 B,21,1377,1982207,9667288,27306276,1980718,0,0,0
64 x 128 B,22,1377,1982170,9658769,27306276,1976711,0,0,0
64 x 128 B,23,1377,1975607,9668522,27306276,1976115,0,0,0
64 x 128 B,24,1377,1973655,9665588,27306276,1974166,0,0,0
64 x 128 B,25,1377,1974898,9670411,27306276,1975410,0,0,0
64 x 128 B,26,1377,1973814,9665171,27306276,1974310,0,0,0
64 x 128 B,27,1377,1976630,9676547,27306276,1977125,0,0,0
64 x 128 B,28,1377,1974946,9665604,27306276,1975438,0,0,0
64 x 128 B,29,1377,1974693,9668196,27306276,1975186,0,0,0
64 x 128 B,30,1377,1973431,9664290,27306276,1973955,0,0,0
64 x 128 B,31,1377,2361992,9670859,27306276,2362499,0,0,0
128 x 128 B,0,697,1991238,9750386,27377132,1991797,0,0,0
128 x 128 B,1,697,1990465,9744906,27377132,1990972,0,0,0
128 x 128 B,2,697,1992811,9755459,27377132,1993327,0,0,0
128 x 128 B,3,697,1990429,9747849,27377132,1990929,0,0,0
128 x 128 B,4,697,1992145,9752561,27377132,1992671,0,0,0
128 x 128 B,5,697,1991961,9753933,27377132,1992462,0,0,0
128 x 128 B,6,697,1991980,9753923,27377132,1992496,0,0,0
128 x 128 B,7,697,1990537,9743738,27377132,1991036,0,0,0
128 x 128 B,8,697,1991880,9748776,27377132,1992391,0,0,0
128 x 128 B,9,697,2080885,9742155,27377132,2021986,0,0,0
128 x 128 B,10,697,1991023,9749033,27377132,1991535,0,0,0
128 x 128 B,11,697,1990766,9749348,27377132,1991270,0,0,0
128 x 128 B,12,697,1993570,9761453,27377132,1994078,0,0,0
128 x 128 B,13,697,1989580,9744129,27377132,1990079,0,0,0
128 x 128 B,14,697,1992891,9759061,27377132,1993418,0,0,0
128 x 128 B,15,697,1990594,9742751,27377132,1991108,0,0,0
128 x 128 B,16,697,1993817,9747172,27377132,1994312,0,0,0
128 x 128 B,17,697,1990169,9746827,27377132,1990696,0,0,0
128 x 128 B,18,697,1992971,9758510,27377132,1993475,0,0,0
128 x 128 B,19,697,1990046,9744561,27377132,1990583,0,0,0
128 x 128 B,20,697,1991289,9748204,27377132,1991789,0,0,0
128 x 128 B,21,697,1989646,9744171,27377132,1990163,0,0,0
128 x 128 B,22,697,1992715,9757497,27377132,1993240,0,0,0
128 x 128 B,23,697,1990482,9746390,27377132,1991067,0,0,0
128 x 128 B,24,697,1990733,9746238,27377132,1991234,0,0,0
128 x 128 B,25,697,1996120,9764332,27377132,1996896,0,0,0
128 x 128 B,26,697,1994141,9759444,27377132,1994730,0,0,0
128 x 128 B,27,697,1996281,9762274,27377132,1997131,0,0,0
128 x 128 B,28,697,2001465,9762379,27377132,1999958,0,0,0
128 x 128 B,29,697,1999767,9753899,27377132,1995038,0,0,0
128 x 128 B,30,697,1992826,9753758,27377132,1993354,0,0,0
128 x 128 B,31,697,1991550,9750296,27377132,1992050,0,0,0
129 x 128 B,0,671,1979782,9691889,27289936,1980364,0,0,0
129 x 128 B,1,671,1982824,9703399,27289936,1983327,0,0,0
129 x 128 B,2,671,1979770,9693850,27289936,1980275,0,0,0
129 x 128 B,3,671,1981720,9698918,27289936,1982227,0,0,0
129 x 128 B,4,671,1980214,9693733,27289936,1980709,0,0,0
129 x 128 B,5,671,1981683,9702734,27289936,1982195,0,0,0
129 x 128 B,6,671,1980202,9697611,27289936,1980705,0,0,0
129 x 128 B,7,671,2379534,9707409,27289937,2371685,0,0,0
129 x 128 B,8,671,1983200,9706361,27289936,1983755,0,0,0
129 x 128 B,9,671,1981109,9696647,27289936,1981605,0,0,0
129 x 128 B,10,671,1980811,9698620,27289936,1981314,0,0,0
129 x 128 B,11,671,1982944,9710043,27289936,1983444,0,0,0
129 x 128 B,12,671,1980892,9699852,27289936,1981393,0,0,0
129 x 128 B,13,671,1981419,9700512,27289936,1981917,0,0,0
129 x 128 B,14,671,1982090,9701248,27289936,1982587,0,0,0
129 x 128 B,15,671,1979735,9698828,27289935,1980231,0,0,0
129 x 128 B,16,671,1978397,9689116,27289936,1978907,0,0,0
129 x 128 B,17,671,1981365,9702062,27289936,1981857,0,0,0
129 x 128 B,18,671,1980286,9698213,27289936,1980786,0,0,0
129 x 128 B,19,671,1982867,9709252,27289936,1983383,0,0,0
129 x 128 B,20,671,1980208,9692933,27289936,1980707,0,0,0
129 x 128 B,21,671,1981254,9701446,27289936,1981756,0,0,0
129 x 128 B,22,671,1978622,9690372,27289936,1979184,0,0,0
129 x 128 B,23,671,1981415,9702018,27289936,1981909,0,0,0
129 x 128 B,24,671,1979573,9695009,27289936,1980065,0,0,0
129 x 128 B,25,671,1982661,9708251,27289936,1983165,0,0,0
129 x 128 B,26,671,1981267,9696899,27289936,1981769,0,0,0
129 x 128 B,27,671,1982283,9706171,27289936,1982781,0,0,0
129 x 128 B,28,671,1979916,9696289,27289936,1980422,0,0,0
129 x 128 B,29,671,1982500,9705990,27289936,1983020,0,0,0
129 x 128 B,30,671,1979639,9693600,27289936,1980155,0,0,0
129 x 128 B,31,671,1982604,9703579,27289936,1983143,0,0,0
1024 x 128 B,0,86,2008984,9832144,26940554,2010089,0,0,0
1024 x 128 B,1,86,2013330,9835759,26940554,2014220,0,0,0
1024 x 128 B,2,86,2003522,9748470,26940554,2000365,0,0,0
1024 x 128 B,3,86,1995405,9735636,26940554,1991337,0,0,0
1024 x 128 B,4,86,1992037,9750863,26940554,1992542,0,0,0
1024 x 128 B,5,86,1992465,9750458,26940554,1992989,0,0,0
1024 x 128 B,6,86,1991039,9746806,26940554,1991580,0,0,0
1024 x 128 B,7,86,2000968,9738702,26940554,1991551,0,0,0
1024 x 128 B,8,86,2376682,9753218,26940555,2377202,0,0,0
1024 x 128 B,9,86,1990277,9746597,26940554,1990794,0,0,0
1024 x 128 B,10,86,1990663,9747789,26940554,1991179,0,0,0
1024 x 128 B,11,86,1990254,9739510,26940554,1990783,0,0,0
1024 x 128 B,12,86,1988885,9737220,26940554,1989407,0,0,0
1024 x 128 B,13,86,1989918,9744682,26940554,1990431,0,0,0
1024 x 128 B,14,86,1988338,9737107,26940554,1988851,0,0,0
1024 x 128 B,15,86,1987727,9735351,26940554,1988235,0,0,0
1024 x 128 B,16,86,1988286,9736457,26940554,1988788,0,0,0
1024 x 128 B,17,86,1988030,9736176,26940554,1988542,0,0,0
1024 x 128 B,18,86,1989777,9742315,26940554,1990282,0,0,0
1024 x 128 B,19,86,1988350,9737249,26940554,1988853,0,0,0
1024 x 128 B,20,86,1988534,9737959,26940554,1989025,0,0,0
1024 x 128 B,21,86,1989259,9741951,26940554,1989763,0,0,0
1024 x 128 B,22,86,1988139,9735919,26940554,1988634,0,0,0
1024 x 128 B,23,86,1988885,9741138,26940554,1989393,0,0,0
1024 x 128 B,24,86,1987868,9734762,26940554,1988364,0,0,0
1024 x 128 B,25,86,1988877,9740811,26940554,1989376,0,0,0
1024 x 128 B,26,86,1989538,9737348,26940554,1990054,0,0,0
1024 x 128 B,27,86,1988745,9739227,26940554,1989259,0,0,0
1024 x 128 B,28,86,1990336,9744386,26940554,1990853,0,0,0
1024 x 128 B,29,86,1989407,9743401,26940554,1989915,0,0,0
1024 x 128 B,30,86,1989112,9740331,26940554,1989608,0,0,0
1024 x 128 B,31,86,1986889,9735567,26940553,1987398,0,0,0
1 x 256 B,0,9682,1771808,8679852,21542815,1772421,0,0,0
1 x 256 B,1,9682,1774295,8687234,21542816,1774821,0,0,0
1 x 256 B,2,9682,1773717,8681144,21542816,1774239,0,0,0
1 x 256 B,3,9682,1776231,8693213,21542816,1776760,0,0,0
1 x 256 B,4,9682,1771823,8680016,21542815,1772308,0,0,0
1 x 256 B,5,9682,1773322,8682271,21542816,1773906,0,0,0
1 x 256 B,6,9682,1791381,8685127,21542816,1779566,0,0,0
1 x 256 B,7,9682,1775638,8688553,21542816,1776392,0,0,0
1 x 256 B,8,9682,1774757,8686998,21542816,1775377,0,0,0
1 x 256 B,9,9682,1774130,8688540,21542815,1774955,0,0,0
1 x 256 B,10,9682,1788036,8686897,21542816,1785335,0,0,0
1 x 256 B,11,9682,1781036,8680159,21542816,1776326,0,0,0
1 x 256 B,12,9682,1780475,8696473,21542816,1780990,0,0,0
1 x 256 B,13,9682,1774391,8691407,21542815,1774901,0,0,0
1 x 256 B,14,9682,1774289,8684810,21542816,1774800,0,0,0
1 x 256 B,15,9682,1773887,8681079,21542816,1774397,0,0,0
1 x 256 B,16,9682,1773142,8682997,21542816,1773683,0,0,0
1 x 256 B,17,9682,1775777,8694046,21542816,1776290,0,0,0
1 x 256 B,18,9682,2142881,8684463,21542816,2143382,0,0,0
1 x 256 B,19,9682,1771963,8680790,21542815,1772462,0,0,0
1 x 256 B,20,9682,1773373,8683444,21542816,1773860,0,0,0
1 x 256 B,21,9682,1774477,8688209,21542816,1774986,0,0,0
1 x 256 B,22,9682,1773989,8684869,21542816,1774502,0,0,0
1 x 256 B,23,9682,1776211,8691357,21542816,1776784,0,0,0
1 x 256 B,24,9682,1772536,8682102,21542815,1773080,0,0,0
1 x 256 B,25,9682,1773564,8683598,21542816,1774098,0,0,0
1 x 256 B,26,9682,1775636,8688036,21542816,1776243,0,0,0
1 x 256 B,27,9682,1774053,8684688,21542816,1774647,0,0,0
1 x 256 B,28,9682,1773659,8684801,21542815,1774315,0,0,0
1 x 256 B,29,9682,1776738,8696556,21542816,1777266,0,0,0
1 x 256 B,30,9682,1776178,8691893,21542816,1776701,0,0,0
1 x 256 B,31,9682,1774637,8687144,21542816,1775140,0,0,0
3 x 256 B,0,7374,1861403,9113464,31420980,1861933,0,0,0
3 x 256 B,1,7374,1861712,9120289,31420979,1862221,0,0,0
3 x 256 B,2,7374,1864492,9122102,31420980,1864990,0,0,0
3 x 256 B,3,7374,1864702,9130174,31420980,1865205,0,0,0
3 x 256 B,4,7374,1862813,9120453,31420980,1863311,0,0,0
3 x 256 B,5,7374,1865315,9130470,31420980,1865813,0,0,0
3 x 256 B,6,7374,1864540,9126101,31420980,1865024,0,0,0
3 x 256 B,7,7374,1864592,9129297,31420980,1865086,0,0,0
3 x 256 B,8,7374,1864358,9128430,31420980,1864851,0,0,0
3 x 256 B,9,7374,1861172,9118220,31420979,1861667,0,0,0
3 x 256 B,10,7374,1864622,9123565,31420980,1865121,0,0,0
3 x 256 B,11,7374,1863579,9124598,31420980,1864070,0,0,0
3 x 256 B,12,7374,1862599,9120086,31420980,1863096,0,0,0
3 x 256 B,13,7374,1864993,9129204,31420980,1865500,0,0,0
3 x 256 B,14,7374,1866489,9136342,31420980,1866986,0,0,0
3 x 256 B,15,7374,1864985,9130233,31420980,1865478,0,0,0
3 x 256 B,16,7374,1863740,9129279,31420979,1864252,0,0,0
3 x 256 B,17,7374,1866918,9132763,31420980,1867852,0,0,0
3 x 256 B,18,7374,1908464,9145504,31420980,1903708,0,0,0
3 x 256 B,19,7374,1867122,9132384,31420980,1868219,0,0,0
3 x 256 B,20,7374,1868711,9138510,31420980,1869392,0,0,0
3 x 256 B,21,7374,1873465,9118169,31420980,1867740,0,0,0
3 x 256 B,22,7374,1863640,9122891,31420980,1864185,0,0,0
3 x 256 B,23,7374,1864627,9129906,31420980,1865131,0,0,0
3 x 256 B,24,7374,1863015,9121326,31420979,1863511,0,0,0
3 x 256 B,25,7374,1865486,9132728,31420980,1865992,0,0,0
3 x 256 B,26,7374,1860943,9112454,31420980,1861436,0,0,0
3 x 256 B,27,7374,1864809,9126315,31420980,1865311,0,0,0
3 x 256 B,28,7374,1863957,9126500,31420980,1864461,0,0,0
3 x 256 B,29,7374,1863795,9125870,31420980,1864291,0,0,0
3 x 256 B,30,7374,2240027,9126475,31420980,2240529,0,0,0
3 x 256 B,31,7374,1865251,9130248,31420980,1865741,0,0,0
4 x 256 B,0,7544,1869269,9151207,31126910,1869805,0,0,0
4 x 256 B,1,7544,1870166,9152653,31126910,1870680,0,0,0
4 x 256 B,2,7544,1867397,9142473,31126909,1867905,0,0,0
4 x 256 B,3,7544,1870009,9150804,31126910,1870528,0,0,0
4 x 256 B,4,7544,1868676,9147021,31126910,1869196,0,0,0
4 x 256 B,5,7544,1868038,9147015,31126910,1868553,0,0,0
4 x 256 B,6,7544,1868607,9146552,31126910,1869104,0,0,0
4 x 256 B,7,7544,1869395,9150771,31126910,1869900,0,0,0
4 x 256 B,8,7544,1867598,9144597,31126910,1868102,0,0,0
4 x 256 B,9,7544,1870253,9157062,31126910,1870751,0,0,0
4 x 256 B,10,7544,1866731,9145122,31126909,1867227,0,0,0
4 x 256 B,11,7544,1870591,9151245,31126910,1871096,0,0,0
4 x 256 B,12,7544,1867973,9145978,31126910,1868464,0,0,0
4 x 256 B,13,7544,1869134,9152466,31126910,1869641,0,0,0
4 x 256 B,14,7544,1868173,9147295,31126910,1868684,0,0,0
4 x 256 B,15,7544,1870571,9153440,31126910,1871067,0,0,0
4 x 256 B,16,7544,1868225,9147624,31126910,1868722,0,0,0
4 x 256 B,17,7544,1867568,9143841,31126910,1868061,0,0,0
4 x 256 B,18,7544,1866327,9143058,31126909,1866823,0,0,0
4 x 256 B,19,7544,1868293,9145099,31126910,1868801,0,0,0
4 x 256 B,20,7544,1869526,9150998,31126910,1870035,0,0,0
4 x 256 B,21,7544,1867176,9142464,31126910,1867686,0,0,0
4 x 256 B,22,7544,1868138,9146993,31126910,1868639,0,0,0
4 x 256 B,23,7544,1868011,9143987,31126910,1868507,0,0,0
4 x 256 B,24,7544,1868082,9142723,31126910,1868597,0,0,0
4 x 256 B,25,7544,1866248,9142556,31126909,1866862,0,0,0
4 x 256 B,26,7544,1869785,9153192,31126910,1870315,0,0,0
4 x 256 B,27,7544,1876347,9147486,31126911,1873362,0,0,0
4 x 256 B,28,7544,1872729,9162050,31126910,1873433,0,0,0
4 x 256 B,29,7544,1875724,9162062,31126910,1876726,0,0,0
4 x 256 B,30,7544,1873303,9149735,31126910,1874042,0,0,0
4 x 256 B,31,7544,1879175,9150195,31126910,1874369,0,0,0
6 x 256 B,0,3118,1899038,9288832,25998250,1899587,0,0,0
6 x 256 B,1,3118,1899059,9295429,25998250,1899573,0,0,0
6 x 256 B,2,3118,1896025,9286090,25998249,1896516,0,0,0
6 x 256 B,3,3118,1925573,9290870,25998250,1926099,0,0,0
6 x 256 B,4,3118,1899709,9288589,25998250,1900218,0,0,0
6 x 256 B,5,3118,1897387,9286057,25998250,1897888,0,0,0
6 x 256 B,6,3118,1898952,9293749,25998250,1899453,0,0,0
6 x 256 B,7,3118,1926379,9293917,25998250,1926884,0,0,0
6 x 256 B,8,3118,2259735,9284822,25998250,2260226,0,0,0
6 x 256 B,9,3118,1898968,9295341,25998250,1899478,0,0,0
6 x 256 B,10,3118,1898069,9291318,25998250,1898568,0,0,0
6 x 256 B,11,3118,1914091,9293486,25998250,1914624,0,0,0
6 x 256 B,12,3118,1909051,9290174,25998250,1909605,0,0,0
6 x 256 B,13,3118,1898516,9293794,25998250,1899019,0,0,0
6 x 256 B,14,3118,1899202,9295970,25998250,1899699,0,0,0
6 x 256 B,15,3118,1896750,9287549,25998250,1897254,0,0,0
6 x 256 B,16,3118,1925058,9295570,25998250,1925565,0,0,0
6 x 256 B,17,3118,1895767,9287355,25998249,1896262,0,0,0
6 x 256 B,18,3118,1898485,9293112,25998250,1899004,0,0,0
6 x 256 B,19,3118,1897212,9285646,25998250,1897710,0,0,0
6 x 256 B,20,3118,1926093,9292466,25998250,1926596,0,0,0
6 x 256 B,21,3118,1897040,9288537,25998250,1897533,0,0,0
6 x 256 B,22,3118,1899558,9298131,25998250,1900066,0,0,0
6 x 256 B,23,3118,1897835,9290031,25998250,1898338,0,0,0
6 x 256 B,24,3118,1897040,9289140,25998250,1897542,0,0,0
6 x 256 B,25,3118,1928303,9290990,25998250,1928794,0,0,0
6 x 256 B,26,3118,1898770,9295608,25998250,1899268,0,0,0
6 x 256 B,27,3118,1896422,9288230,25998249,1896925,0,0,0
6 x 256 B,28,3118,1897141,9289321,25998250,1897639,0,0,0
6 x 256 B,29,3118,1897767,9292506,25998250,1898265,0,0,0
6 x 256 B,30,3118,1898177,9292010,25998250,1898674,0,0,0
6 x 256 B,31,3118,1899210,9296576,25998250,1899710,0,0,0
8 x 256 B,0,5342,1918708,9393145,27458246,1919335,0,0,0
8 x 256 B,1,5342,1918575,9390061,27458246,1919117,0,0,0
8 x 256 B,2,5342,1919054,9389733,27458246,1919567,0,0,0
8 x 256 B,3,5342,1920845,9397531,27458246,1921663,0,0,0
8 x 256 B,4,5342,1919468,9391857,27458246,1920033,0,0,0
8 x 256 B,5,5342,1925759,9399736,27458246,1926575,0,0,0
8 x 256 B,6,5342,1924718,9378347,27458246,1921577,0,0,0
8 x 256 B,7,5342,1921784,9379783,27458245,1917347,0,0,0
8 x 256 B,8,5342,1919155,9393171,27458246,1919650,0,0,0
8 x 256 B,9,5342,1917294,9385301,27458246,1917799,0,0,0
8 x 256 B,10,5342,1917745,9387052,27458246,1918266,0,0,0
8 x 256 B,11,5342,1924511,9385193,27458246,1919831,0,0,0
8 x 256 B,12,5342,1917813,9387981,27458246,1918365,0,0,0
8 x 256 B,13,5342,1919698,9390715,27458246,1920204,0,0,0
8 x 256 B,14,5342,1919578,9393372,27458246,1920081,0,0,0
8 x 256 B,15,5342,1920430,9387530,27458246,1920935,0,0,0
8 x 256 B,16,5342,1919643,9389125,27458246,1920146,0,0,0
8 x 256 B,17,5342,1917660,9390010,27458246,1918160,0,0,0
8 x 256 B,18,5342,2288952,9387088,27458246,2289473,0,0,0
8 x 256 B,19,5342,1938831,9382575,27458246,1939384,0,0,0
8 x 256 B,20,5342,1918339,9393118,27458246,1918836,0,0,0
8 x 256 B,21,5342,1916923,9385780,27458246,1917417,0,0,0
8 x 256 B,22,5342,1917606,9389649,27458246,1918128,0,0,0
8 x 256 B,23,5342,1918004,9385589,27458246,1918503,0,0,0
8 x 256 B,24,5342,1916290,9388453,27458245,1916797,0,0,0
8 x 256 B,25,5342,1916913,9385846,27458246,1917411,0,0,0
8 x 256 B,26,5342,1917898,9390771,27458246,1918396,0,0,0
8 x 256 B,27,5342,1917738,9387098,27458246,1918232,0,0,0
8 x 256 B,28,5342,1917654,9387195,27458246,1918150,0,0,0
8 x 256 B,29,5342,1917820,9390430,27458246,1918310,0,0,0
8 x 256 B,30,5342,1917636,9390274,27458246,1918140,0,0,0
8 x 256 B,31,5342,1917150,9384298,27458246,1917657,0,0,0
12 x 256 B,0,3271,1949591,9546353,29095911,1950127,0,0,0
12 x 256 B,1,3271,1949636,9546615,29095911,1950152,0,0,0
12 x 256 B,2,3271,1951446,9548916,29095911,1951955,0,0,0
12 x 256 B,3,3271,1950872,9550144,29095911,1951401,0,0,0
12 x 256 B,4,3271,1950031,9548040,29095911,1950555,0,0,0
12 x 256 B,5,3271,1949269,9545143,29095911,1949778,0,0,0
12 x 256 B,6,3271,1949564,9543768,29095911,1950067,0,0,0
12 x 256 B,7,3271,1950416,9545731,29095911,1950933,0,0,0
12 x 256 B,8,3271,1947781,9542325,29095910,1948293,0,0,0
12 x 256 B,9,3271,1950591,9550493,29095911,1951087,0,0,0
12 x 256 B,10,3271,1950866,9550612,29095911,1951441,0,0,0
12 x 256 B,11,3271,1958452,9544494,29095911,1954439,0,0,0
12 x 256 B,12,3271,1953488,9557881,29095911,1954174,0,0,0
12 x 256 B,13,3271,1957013,9549490,29095911,1957859,0,0,0
12 x 256 B,14,3271,1956674,9543896,29095911,1954988,0,0,0
12 x 256 B,15,3271,1957621,9543503,29095911,1953126,0,0,0
12 x 256 B,16,3271,1950166,9545758,29095911,1950662,0,0,0
12 x 256 B,17,3271,1950501,9546164,29095911,1951001,0,0,0
12 x 256 B,18,3271,1949539,9545741,29095911,1950034,0,0,0
12 x 256 B,19,3271,1949967,9545915,29095911,1950458,0,0,0
12 x 256 B,20,3271,2327818,9551012,29095911,2328323,0,0,0
12 x 256 B,21,3271,1950401,9547592,29095911,1950896,0,0,0
12 x 256 B,22,3271,1949975,9547431,29095911,1950474,0,0,0
12 x 256 B,23,3271,1950311,9545111,29095911,1950814,0,0,0
12 x 256 B,24,3271,1950608,9550479,29095911,1951104,0,0,0
12 x 256 B,25,3271,1950999,9550413,29095911,1951482,0,0,0
12 x 256 B,26,3271,1949695,9546989,29095911,1950185,0,0,0
12 x 256 B,27,3271,1949145,9542063,29095911,1949645,0,0,0
12 x 256 B,28,3271,1949817,9547422,29095911,1950321,0,0,0
12 x 256 B,29,3271,1950193,9546176,29095911,1950699,0,0,0
12 x 256 B,30,3271,1949875,9546514,29095911,1950415,0,0,0
12 x 256 B,31,3271,1949263,9541766,29095911,1949783,0,0,0
16 x 256 B,0,2769,1959059,9589282,27432849,1959650,0,0,0
16 x 256 B,1,2769,1958667,9587266,27432849,1959198,0,0,0
16 x 256 B,2,2769,1958299,9586255,27432849,1958814,0,0,0
16 x 256 B,3,2769,1959036,9592300,27432849,1959566,0,0,0
16 x 256 B,4,2769,1957999,9585604,27432849,1958512,0,0,0
16 x 256 B,5,2769,1958678,9585982,27432849,1959214,0,0,0
16 x 256 B,6,2769,1957612,9587229,27432848,1958133,0,0,0
16 x 256 B,7,2769,1958873,9591307,27432849,1959399,0,0,0
16 x 256 B,8,2769,1959003,9588868,27432849,1959529,0,0,0
16 x 256 B,9,2769,1958645,9590204,27432849,1959161,0,0,0
16 x 256 B,10,2769,1959706,9589296,27432849,1960229,0,0,0
16 x 256 B,11,2769,1964104,9582646,27432849,1958873,0,0,0
16 x 256 B,12,2769,1959475,9591665,27432849,1960003,0,0,0
16 x 256 B,13,2769,1958476,9589929,27432849,1958993,0,0,0
16 x 256 B,14,2769,1958315,9586619,27432849,1958835,0,0,0
16 x 256 B,15,2769,1958427,9589587,27432849,1958948,0,0,0
16 x 256 B,16,2769,1958832,9588592,27432849,1959353,0,0,0
16 x 256 B,17,2769,1958904,9591163,27432849,1959474,0,0,0
16 x 256 B,18,2769,1963330,9584261,27432849,1964110,0,0,0
16 x 256 B,19,2769,1960201,9593076,27432849,1961168,0,0,0
16 x 256 B,20,2769,1960104,9592491,27432849,1960776,0,0,0
16 x 256 B,21,2769,1969540,9587527,27432849,1967098,0,0,0
16 x 256 B,22,2769,1960905,9586181,27432849,1960481,0,0,0
16 x 256 B,23,2769,1965244,9583916,27432849,1960589,0,0,0
16 x 256 B,24,2769,1958749,9588578,27432849,1959268,0,0,0
16 x 256 B,25,2769,1959331,9590103,27432849,1959840,0,0,0
16 x 256 B,26,2769,1957661,9580262,27432849,1958164,0,0,0
16 x 256 B,27,2769,1958703,9591203,27432849,1959221,0,0,0
16 x 256 B,28,2769,1958184,9588807,27432849,1958692,0,0,0
16 x 256 B,29,2769,2353820,9591841,27432849,2354334,0,0,0
16 x 256 B,30,2769,1957937,9585137,27432849,1958445,0,0,0
16 x 256 B,31,2769,1958918,9592837,27432849,1959425,0,0,0
24 x 256 B,0,1868,1972428,9655403,27411398,1972961,0,0,0
24 x 256 B,1,1868,1970363,9646407,27411398,1970900,0,0,0
24 x 256 B,2,1868,1971183,9647502,27411398,1971701,0,0,0
24 x 256 B,3,1868,1971468,9653214,27411398,1971988,0,0,0
24 x 256 B,4,1868,1970746,9650449,27411398,1971264,0,0,0
24 x 256 B,5,1868,1970528,9649553,27411398,1971032,0,0,0
24 x 256 B,6,1868,1970753,9650779,27411398,1971267,0,0,0
24 x 256 B,7,1868,1971563,9651469,27411398,1972074,0,0,0
24 x 256 B,8,1868,1972352,9656684,27411398,1972865,0,0,0
24 x 256 B,9,1868,1969624,9644883,27411398,1970127,0,0,0
24 x 256 B,10,1868,1970596,9649911,27411398,1971096,0,0,0
24 x 256 B,11,1868,1971587,9651495,27411398,1972078,0,0,0
24 x 256 B,12,1868,1971365,9653201,27411398,1971858,0,0,0
24 x 256 B,13,1868,1969916,9646155,27411398,1970412,0,0,0
24 x 256 B,14,1868,1968562,9644977,27411397,1969051,0,0,0
24 x 256 B,15,1868,1971095,9651517,27411398,1971595,0,0,0
24 x 256 B,16,1868,1972050,9653304,27411398,1972545,0,0,0
24 x 256 B,17,1868,1972297,9654547,27411398,1972788,0,0,0
24 x 256 B,18,1868,1970578,9650663,27411398,1971094,0,0,0
24 x 256 B,19,1868,1971548,9652848,27411398,1972070,0,0,0
24 x 256 B,20,1868,1971909,9655436,27411398,1972451,0,0,0
24 x 256 B,21,1868,1972007,9654164,27411398,1972510,0,0,0
24 x 256 B,22,1868,1970856,9652105,27411398,1971363,0,0,0
24 x 256 B,23,1868,1970503,9648549,27411398,1971014,0,0,0
24 x 256 B,24,1868,1971763,9653316,27411398,1972359,0,0,0
24 x 256 B,25,1868,1971597,9653159,27411398,1972160,0,0,0
24 x 256 B,26,1868,1973030,9651353,27411398,1973697,0,0,0
24 x 256 B,27,1868,1973359,9656316,27411398,1974255,0,0,0
24 x 256 B,28,1868,1973424,9657540,27411398,1974238,0,0,0
24 x 256 B,29,1868,1974063,9656664,27411398,1974783,0,0,0
24 x 256 B,30,1868,1980052,9644507,27411398,1974713,0,0,0
24 x 256 B,31,1868,1971968,9653212,27411398,1972480,0,0,0
64 x 256 B,0,714,1986435,9725738,27495792,1987042,0,0,0
64 x 256 B,1,714,1986572,9724374,27495792,1987141,0,0,0
64 x 256 B,2,714,1987154,9725416,27495792,1987698,0,0,0
64 x 256 B,3,714,1987086,9726467,27495792,1987603,0,0,0
64 x 256 B,4,714,1986663,9727022,27495792,1987245,0,0,0
64 x 256 B,5,714,2384693,9728841,27495792,2385535,0,0,0
64 x 256 B,6,714,1986433,9724745,27495792,1986971,0,0,0
64 x 256 B,7,714,1986292,9725551,27495792,1986809,0,0,0
64 x 256 B,8,714,1986683,9726245,27495792,1987210,0,0,0
64 x 256 B,9,714,1997016,9723305,27495792,1990300,0,0,0
64 x 256 B,10,714,1985829,9723626,27495792,1986327,0,0,0
64 x 256 B,11,714,1986010,9723493,27495792,1986522,0,0,0
64 x 256 B,12,714,1986151,9723106,27495792,1986681,0,0,0
64 x 256 B,13,714,1985617,9720905,27495792,1986113,0,0,0
64 x 256 B,14,714,1986602,9727446,27495792,1987128,0,0,0
64 x 256 B,15,714,1989211,9722350,27495792,1990051,0,0,0
64 x 256 B,16,714,1989501,9724967,27495792,1990078,0,0,0
64 x 256 B,17,714,1996746,9719568,27495792,1991190,0,0,0
64 x 256 B,18,714,1987619,9728330,27495792,1988164,0,0,0
64 x 256 B,19,714,1987851,9727767,27495792,1988375,0,0,0
64 x 256 B,20,714,1985734,9723028,27495792,1986245,0,0,0
64 x 256 B,21,714,1985412,9718373,27495792,1985920,0,0,0
64 x 256 B,22,714,2390146,9732901,27495793,2390656,0,0,0
64 x 256 B,23,714,1985411,9722261,27495792,1985931,0,0,0
64 x 256 B,24,714,1985920,9722893,27495792,1986417,0,0,0
64 x 256 B,25,714,1988092,9730340,27495792,1988655,0,0,0
64 x 256 B,26,714,1985833,9723487,27495792,1986332,0,0,0
64 x 256 B,27,714,1985999,9724429,27495792,1986502,0,0,0
64 x 256 B,28,714,1986568,9725739,27495792,1987059,0,0,0
64 x 256 B,29,714,1986223,9726281,27495792,1986724,0,0,0
64 x 256 B,30,714,1987422,9724880,27495792,1987937,0,0,0
64 x 256 B,31,714,1987830,9728058,27495792,1988331,0,0,0
128 x 256 B,0,357,2003651,9806216,27362631,2004339,0,0,0
128 x 256 B,1,357,2003518,9803575,27362631,2004529,0,0,0
128 x 256 B,2,357,2002637,9790262,27362631,2003319,0,0,0
128 x 256 B,3,357,2007711,9789184,27362631,2005525,0,0,0
128 x 256 B,4,357,2006063,9783565,27362631,2001441,0,0,0
128 x 256 B,5,357,1998278,9780859,27362631,1998807,0,0,0
128 x 256 B,6,357,1997937,9780121,27362631,1998456,0,0,0
128 x 256 B,7,357,1997651,9777896,27362631,1998161,0,0,0
128 x 256 B,8,357,1997353,9778809,27362631,1997874,0,0,0
128 x 256 B,9,357,1999155,9786787,27362631,1999652,0,0,0
128 x 256 B,10,357,1998108,9779744,27362631,1998622,0,0,0
128 x 256 B,11,357,2000134,9788972,27362631,2000639,0,0,0
128 x 256 B,12,357,1997739,9782314,27362631,1998237,0,0,0
128 x 256 B,13,357,2372870,9785624,27362631,2373405,0,0,0
128 x 256 B,14,357,2015484,9783293,27362631,2016079,0,0,0
128 x 256 B,15,357,2000114,9791269,27362631,2000643,0,0,0
128 x 256 B,16,357,1997285,9780360,27362631,1997791,0,0,0
128 x 256 B,17,357,1997578,9781215,27362631,1998100,0,0,0
128 x 256 B,18,357,1997588,9777898,27362631,1998090,0,0,0
128 x 256 B,19,357,1999060,9786109,27362631,1999586,0,0,0
128 x 256 B,20,357,1998993,9788390,27362631,1999498,0,0,0
128 x 256 B,21,357,1998302,9785217,27362631,1998808,0,0,0
128 x 256 B,22,357,1999066,9786414,27362631,1999562,0,0,0
128 x 256 B,23,357,1999614,9788663,27362631,2000105,0,0,0
128 x 256 B,24,357,1998729,9787264,27362631,1999245,0,0,0
128 x 256 B,25,357,1997469,9781166,27362631,1997985,0,0,0
128 x 256 B,26,357,1998783,9784916,27362631,1999281,0,0,0
128 x 256 B,27,357,2001692,9798531,27362631,2002199,0,0,0
128 x 256 B,28,357,1999382,9787264,27362631,1999886,0,0,0
128 x 256 B,29,357,1998730,9787060,27362631,1999238,0,0,0
128 x 256 B,30,357,1998607,9783690,27362631,1999106,0,0,0
128 x 256 B,31,357,2000959,9795215,27362631,2001484,0,0,0
129 x 256 B,0,344,1993846,9762827,27172238,1994379,0,0,0
129 x 256 B,1,344,1994108,9762142,27172238,1994630,0,0,0
129 x 256 B,2,344,1993194,9756333,27172238,1993699,0,0,0
129 x 256 B,3,344,1993064,9759452,27172238,1993558,0,0,0
129 x 256 B,4,344,1992512,9755616,27172238,1993029,0,0,0
129 x 256 B,5,344,1993784,9759330,27172238,1994310,0,0,0
129 x 256 B,6,344,1992927,9754240,27172238,1993443,0,0,0
129 x 256 B,7,344,1993689,9760980,27172238,1994479,0,0,0
129 x 256 B,8,344,1993863,9758522,27172238,1994854,0,0,0
129 x 256 B,9,344,1994191,9758621,27172238,1995389,0,0,0
129 x 256 B,10,344,1996924,9761233,27172238,1997581,0,0,0
129 x 256 B,11,344,2005286,9751696,27172238,1998218,0,0,0
129 x 256 B,12,344,1993603,9759240,27172238,1994165,0,0,0
129 x 256 B,13,344,1993892,9759846,27172238,1994399,0,0,0
129 x 256 B,14,344,1992333,9755212,27172238,1992853,0,0,0
129 x 256 B,15,344,1992866,9754177,27172238,1993423,0,0,0
129 x 256 B,16,344,1994534,9766950,27172238,1995034,0,0,0
129 x 256 B,17,344,1993812,9759511,27172238,1994353,0,0,0
129 x 256 B,18,344,1992327,9753019,27172238,1992849,0,0,0
129 x 256 B,19,344,1995108,9754898,27172238,1995620,0,0,0
129 x 256 B,20,344,1991918,9751021,27172238,1992425,0,0,0
129 x 256 B,21,344,1992134,9750250,27172238,1992661,0,0,0
129 x 256 B,22,344,2373764,9759024,27172238,2374272,0,0,0
129 x 256 B,23,344,1993487,9761325,27172238,1993991,0,0,0
129 x 256 B,24,344,1995597,9771925,27172238,1996133,0,0,0
129 x 256 B,25,344,1996053,9770268,27172238,1996550,0,0,0
129 x 256 B,26,344,1995647,9769060,27172238,1996138,0,0,0
129 x 256 B,27,344,1992796,9755428,27172238,1993302,0,0,0
129 x 256 B,28,344,2000217,9757460,27172238,2000733,0,0,0
129 x 256 B,29,344,1994237,9761160,27172238,1994751,0,0,0
129 x 256 B,30,344,1993438,9758199,27172238,1993934,0,0,0
129 x 256 B,31,344,1992780,9758165,27172238,1993303,0,0,0
1024 x 256 B,0,45,2032719,9929916,27549097,2033376,0,0,0
1024 x 256 B,1,45,2083474,10024260,27549096,2082091,0,0,0
1024 x 256 B,2,45,2101759,9928922,27549096,2100675,0,0,0
1024 x 256 B,3,45,2032686,9926234,27549096,2033196,0,0,0
1024 x 256 B,4,45,2031147,9924767,27549096,2031665,0,0,0
1024 x 256 B,5,45,2039558,9920095,27549096,2033351,0,0,0
1024 x 256 B,6,45,2030040,9933331,27549096,2030553,0,0,0
1024 x 256 B,7,45,2031450,9944526,27549096,2031966,0,0,0
1024 x 256 B,8,45,2031349,9932083,27549096,2031873,0,0,0
1024 x 256 B,9,45,2028207,9925852,27549096,2028716,0,0,0
1024 x 256 B,10,45,2027648,9928198,27549096,2028160,0,0,0
1024 x 256 B,11,45,2031190,9945659,27549096,2031700,0,0,0
1024 x 256 B,12,45,2044098,10005702,27549096,2044851,0,0,0
1024 x 256 B,13,45,2048661,9977650,27549096,2049182,0,0,0
1024 x 256 B,14,45,2042006,9993355,27549096,2042762,0,0,0
1024 x 256 B,15,45,2032437,9946811,27549096,2033049,0,0,0
1024 x 256 B,16,45,2047077,9943573,27549096,2043985,0,0,0
1024 x 256 B,17,45,2035766,9929734,27549096,2034472,0,0,0
1024 x 256 B,18,45,2037743,9933755,27549096,2032097,0,0,0
1024 x 256 B,19,45,2028737,9932075,27549096,2029260,0,0,0
1024 x 256 B,20,45,2027310,9927291,27549096,2027821,0,0,0
1024 x 256 B,21,45,2030503,9937962,27549096,2031046,0,0,0
1024 x 256 B,22,45,2029972,9939730,27549096,2030492,0,0,0
1024 x 256 B,23,45,2029970,9939920,27549096,2030476,0,0,0
1024 x 256 B,24,45,2027704,9928773,27549096,2028237,0,0,0
1024 x 256 B,25,45,2030594,9932554,27549096,2031118,0,0,0
1024 x 256 B,26,45,2031233,9938447,27549097,2031747,0,0,0
1024 x 256 B,27,45,2029557,9933341,27549096,2030070,0,0,0
1024 x 256 B,28,45,2030928,9940871,27549096,2031426,0,0,0
1024 x 256 B,29,45,2028950,9932581,27549096,2029451,0,0,0
1024 x 256 B,30,45,2421282,9932853,27549096,2421801,0,0,0
1024 x 256 B,31,45,2028841,9931968,27549096,2029354,0,0,0
1 x 512 B,0,5133,1883587,9220094,21215055,1884145,0,0,0
1 x 512 B,1,5133,1883055,9220021,21215055,1883556,0,0,0
1 x 512 B,2,5133,1882781,9218213,21215055,1883281,0,0,0
1 x 512 B,3,5133,1883438,9219223,21215055,1883934,0,0,0
1 x 512 B,4,5133,1882720,9215880,21215055,1883219,0,0,0
1 x 512 B,5,5133,1879987,9209371,21215054,1880486,0,0,0
1 x 512 B,6,5133,1882576,9217962,21215055,1883076,0,0,0
1 x 512 B,7,5133,1882502,9217168,21215055,1883003,0,0,0
1 x 512 B,8,5133,1883717,9217354,21215055,1884215,0,0,0
1 x 512 B,9,5133,1883664,9222855,21215055,1884156,0,0,0
1 x 512 B,10,5133,1883063,9220032,21215055,1883562,0,0,0
1 x 512 B,11,5133,1882263,9216601,21215055,1882769,0,0,0
1 x 512 B,12,5133,1883830,9217986,21215055,1884353,0,0,0
1 x 512 B,13,5133,1881068,9215278,21215054,1881559,0,0,0
1 x 512 B,14,5133,1882206,9215696,21215055,1882700,0,0,0
1 x 512 B,15,5133,1882413,9216964,21215055,1882937,0,0,0
1 x 512 B,16,5133,1883152,9217874,21215055,1883649,0,0,0
1 x 512 B,17,5133,1883314,9217705,21215055,1883805,0,0,0
1 x 512 B,18,5133,1882425,9216491,21215055,1882921,0,0,0
1 x 512 B,19,5133,1883006,9218738,21215055,1883496,0,0,0
1 x 512 B,20,5133,1882935,9216868,21215055,1883578,0,0,0
1 x 512 B,21,5133,1883541,9217817,21215055,1884055,0,0,0
1 x 512 B,22,5133,1881727,9214855,21215054,1882590,0,0,0
1 x 512 B,23,5133,1884331,9221108,21215055,1885320,0,0,0
1 x 512 B,24,5133,1889023,9223935,21215055,1890078,0,0,0
1 x 512 B,25,5133,1894876,9218655,21215055,1891588,0,0,0
1 x 512 B,26,5133,1895255,9213595,21215055,1888939,0,0,0
1 x 512 B,27,5133,1884274,9221573,21215055,1884769,0,0,0
1 x 512 B,28,5133,1883286,9217951,21215055,1883793,0,0,0
1 x 512 B,29,5133,1883711,9218140,21215055,1884215,0,0,0
1 x 512 B,30,5133,1882764,9216346,21215055,1883304,0,0,0
1 x 512 B,31,5133,1881315,9213409,21215054,1881823,0,0,0
3 x 512 B,0,3194,1558390,7628357,25402248,1558936,0,0,0
3 x 512 B,1,3194,1562066,7627455,25402248,1562593,0,0,0
3 x 512 B,2,3194,1556537,7621874,25402247,1557053,0,0,0
3 x 512 B,3,3194,1560576,7630361,25402248,1561081,0,0,0
3 x 512 B,4,3194,1556226,7622440,25402247,1556733,0,0,0
3 x 512 B,5,3194,1622294,7627018,25402248,1560767,0,0,0
3 x 512 B,6,3194,1555354,7618942,25402247,1555853,0,0,0
3 x 512 B,7,3194,1559066,7627450,25402248,1559591,0,0,0
3 x 512 B,8,3194,1559915,7633352,25402248,1560415,0,0,0
3 x 512 B,9,3194,1555895,7621082,25402247,1556386,0,0,0
3 x 512 B,10,3194,1557816,7625551,25402248,1558312,0,0,0
3 x 512 B,11,3194,1555382,7619015,25402247,1555877,0,0,0
3 x 512 B,12,3194,1557582,7622577,25402248,1558075,0,0,0
3 x 512 B,13,3194,1555722,7617323,25402247,1556228,0,0,0
3 x 512 B,14,3194,1558424,7628111,25402248,1558945,0,0,0
3 x 512 B,15,3194,1555638,7619885,25402247,1556131,0,0,0
3 x 512 B,16,3194,1559140,7632529,25402248,1559636,0,0,0
3 x 512 B,17,3194,1557652,7622646,25402248,1558150,0,0,0
3 x 512 B,18,3194,1555290,7615971,25402247,1555784,0,0,0
3 x 512 B,19,3194,1558967,7631169,25402248,1559474,0,0,0
3 x 512 B,20,3194,1556257,7623322,25402247,1556752,0,0,0
3 x 512 B,21,3194,1557665,7625113,25402248,1558169,0,0,0
3 x 512 B,22,3194,1556277,7623247,25402247,1556773,0,0,0
3 x 512 B,23,3194,1558596,7623535,25402248,1559090,0,0,0
3 x 512 B,24,3194,1556402,7624127,25402247,1556903,0,0,0
3 x 512 B,25,3194,1558679,7629904,25402248,1559173,0,0,0
3 x 512 B,26,3194,1557901,7626203,25402248,1558391,0,0,0
3 x 512 B,27,3194,1554904,7616833,25402247,1555393,0,0,0
3 x 512 B,28,3194,1558284,7623323,25402248,1558774,0,0,0
3 x 512 B,29,3194,1555263,7618356,25402247,1555757,0,0,0
3 x 512 B,30,3194,1558868,7628479,25402248,1559366,0,0,0
3 x 512 B,31,3194,1556073,7622406,25402247,1556573,0,0,0
4 x 512 B,0,4005,1933871,9462543,31311456,1934414,0,0,0
4 x 512 B,1,4005,1933369,9465226,31311456,1933865,0,0,0
4 x 512 B,2,4005,1932934,9464283,31311456,1933544,0,0,0
4 x 512 B,3,4005,1934514,9470068,31311456,1935236,0,0,0
4 x 512 B,4,4005,1937592,9479194,31311456,1938613,0,0,0
4 x 512 B,5,4005,1935277,9469452,31311456,1935894,0,0,0
4 x 512 B,6,4005,1940085,9482702,31311456,1940848,0,0,0
4 x 512 B,7,4005,1937945,9457404,31311456,1936408,0,0,0
4 x 512 B,8,4005,1941939,9462752,31311456,1936808,0,0,0
4 x 512 B,9,4005,1934015,9467094,31311456,1934503,0,0,0
4 x 512 B,10,4005,1933789,9457975,31311456,1934318,0,0,0
4 x 512 B,11,4005,1972175,9460173,31311456,1963540,0,0,0
4 x 512 B,12,4005,1931907,9454342,31311456,1932411,0,0,0
4 x 512 B,13,4005,1932321,9458605,31311456,1932819,0,0,0
4 x 512 B,14,4005,1928981,9450579,31311455,1929476,0,0,0
4 x 512 B,15,4005,2324405,9468127,31311457,2324894,0,0,0
4 x 512 B,16,4005,1933458,9463427,31311456,1933953,0,0,0
4 x 512 B,17,4005,1933830,9466121,31311456,1934327,0,0,0
4 x 512 B,18,4005,1932725,9463288,31311456,1933242,0,0,0
4 x 512 B,19,4005,1932712,9463367,31311456,1933213,0,0,0
4 x 512 B,20,4005,1930109,9453310,31311455,1930604,0,0,0
4 x 512 B,21,4005,1932654,9460409,31311456,1933146,0,0,0
4 x 512 B,22,4005,1931977,9459889,31311456,1932472,0,0,0
4 x 512 B,23,4005,1932775,9464135,31311456,1933272,0,0,0
4 x 512 B,24,4005,1933101,9461162,31311456,1933639,0,0,0
4 x 512 B,25,4005,1932390,9459971,31311456,1932890,0,0,0
4 x 512 B,26,4005,1933054,9465307,31311456,1933583,0,0,0
4 x 512 B,27,4005,1931734,9458594,31311456,1932228,0,0,0
4 x 512 B,28,4005,1933276,9463021,31311456,1933771,0,0,0
4 x 512 B,29,4005,1932829,9458648,31311456,1933316,0,0,0
4 x 512 B,30,4005,1932678,9463330,31311456,1933173,0,0,0
4 x 512 B,31,4005,1931466,9457357,31311456,1931954,0,0,0
6 x 512 B,0,1603,1938615,9490330,25401504,1939131,0,0,0
6 x 512 B,1,1603,1937486,9487294,25401504,1937986,0,0,0
6 x 512 B,2,1603,1937584,9487245,25401504,1938080,0,0,0
6 x 512 B,3,1603,1965007,9486303,25401503,1965512,0,0,0
6 x 512 B,4,1603,1935776,9484162,25401503,1936532,0,0,0
6 x 512 B,5,1603,1938329,9488660,25401504,1938828,0,0,0
6 x 512 B,6,1603,1937462,9486964,25401504,1937962,0,0,0
6 x 512 B,7,1603,1967993,9487808,25401504,1968506,0,0,0
6 x 512 B,8,1603,1938138,9487785,25401504,1938643,0,0,0
6 x 512 B,9,1603,1938758,9490590,25401504,1939267,0,0,0
6 x 512 B,10,1603,1944364,9483978,25401504,1939772,0,0,0
6 x 512 B,11,1603,1938537,9491129,25401504,1939275,0,0,0
6 x 512 B,12,1603,1940413,9490158,25401504,1941220,0,0,0
6 x 512 B,13,1603,1938127,9487077,25401504,1938687,0,0,0
6 x 512 B,14,1603,1955029,9491591,25401504,1955837,0,0,0
6 x 512 B,15,1603,1942384,9483003,25401504,1941142,0,0,0
6 x 512 B,16,1603,1946308,9489045,25401504,1941397,0,0,0
6 x 512 B,17,1603,1937695,9487154,25401504,1938203,0,0,0
6 x 512 B,18,1603,1940353,9489998,25401504,1940902,0,0,0
6 x 512 B,19,1603,1939054,9486394,25401504,1939558,0,0,0
6 x 512 B,20,1603,1938447,9489934,25401504,1938956,0,0,0
6 x 512 B,21,1603,1935808,9483675,25401503,1936307,0,0,0
6 x 512 B,22,1603,1939194,9487063,25401504,1939700,0,0,0
6 x 512 B,23,1603,1937717,9487697,25401504,1938215,0,0,0
6 x 512 B,24,1603,1967879,9489881,25401504,1968380,0,0,0
6 x 512 B,25,1603,2302629,9485715,25401505,2303152,0,0,0
6 x 512 B,26,1603,1938386,9488395,25401504,1938896,0,0,0
6 x 512 B,27,1603,1936890,9484157,25401504,1937445,0,0,0
6 x 512 B,28,1603,1965176,9489894,25401503,1965733,0,0,0
6 x 512 B,29,1603,1938155,9487231,25401504,1938675,0,0,0
6 x 512 B,30,1603,1938166,9485907,25401504,1938683,0,0,0
6 x 512 B,31,1603,1937662,9487884,25401504,1938166,0,0,0
8 x 512 B,0,2801,1988865,9593435,27483778,1989434,0,0,0
8 x 512 B,1,2801,1957955,9581217,27483778,1958474,0,0,0
8 x 512 B,2,2801,1957052,9582149,27483778,1957568,0,0,0
8 x 512 B,3,2801,1957361,9584338,27483778,1957898,0,0,0
8 x 512 B,4,2801,1956632,9580348,27483778,1957158,0,0,0
8 x 512 B,5,2801,1957692,9580347,27483778,1958203,0,0,0
8 x 512 B,6,2801,1957435,9585138,27483778,1957955,0,0,0
8 x 512 B,7,2801,1956862,9582032,27483778,1957376,0,0,0
8 x 512 B,8,2801,1957194,9580679,27483778,1957710,0,0,0
8 x 512 B,9,2801,1957502,9582900,27483778,1957997,0,0,0
8 x 512 B,10,2801,1958833,9583980,27483778,1959366,0,0,0
8 x 512 B,11,2801,1961196,9587681,27483778,1961714,0,0,0
8 x 512 B,12,2801,1957817,9583550,27483778,1958343,0,0,0
8 x 512 B,13,2801,1956240,9577203,27483778,1956758,0,0,0
8 x 512 B,14,2801,1956523,9579989,27483778,1957039,0,0,0
8 x 512 B,15,2801,1957913,9587072,27483778,1958430,0,0,0
8 x 512 B,16,2801,1958131,9586268,27483778,1958651,0,0,0
8 x 512 B,17,2801,1958039,9584030,27483778,1958560,0,0,0
8 x 512 B,18,2801,1957296,9581685,27483778,1957842,0,0,0
8 x 512 B,19,2801,1956788,9579076,27483778,1957424,0,0,0
8 x 512 B,20,2801,1957671,9587402,27483777,1958552,0,0,0
8 x 512 B,21,2801,1957883,9580005,27483778,1958435,0,0,0
8 x 512 B,22,2801,1963294,9596521,27483778,1964150,0,0,0
8 x 512 B,23,2801,1959672,9580083,27483778,1960233,0,0,0
8 x 512 B,24,2801,1968682,9574720,27483778,1961852,0,0,0
8 x 512 B,25,2801,1957253,9580486,27483778,1957773,0,0,0
8 x 512 B,26,2801,1958411,9583599,27483778,1958907,0,0,0
8 x 512 B,27,2801,1957340,9584411,27483778,1957884,0,0,0
8 x 512 B,28,2801,1957328,9580470,27483778,1957838,0,0,0
8 x 512 B,29,2801,1956862,9579784,27483778,1957371,0,0,0
8 x 512 B,30,2801,1958315,9581195,27483778,1958815,0,0,0
8 x 512 B,31,2801,1956798,9576952,27483778,1957318,0,0,0
12 x 512 B,0,1686,1974650,9668837,29099040,1975184,0,0,0
12 x 512 B,1,1686,2353910,9662756,29099040,2354409,0,0,0
12 x 512 B,2,1686,1973028,9661545,29099040,1973532,0,0,0
12 x 512 B,3,1686,1973804,9663827,29099040,1974311,0,0,0
12 x 512 B,4,1686,1972877,9659995,29099040,1973391,0,0,0
12 x 512 B,5,1686,1974216,9660811,29099040,1974728,0,0,0
12 x 512 B,6,1686,1972897,9660362,29099040,1973403,0,0,0
12 x 512 B,7,1686,1973767,9664844,29099040,1974273,0,0,0
12 x 512 B,8,1686,1973012,9661538,29099040,1973517,0,0,0
12 x 512 B,9,1686,1974538,9662848,29099040,1975044,0,0,0
12 x 512 B,10,1686,1974108,9666991,29099040,1974611,0,0,0
12 x 512 B,11,1686,1973827,9665100,29099040,1974330,0,0,0
12 x 512 B,12,1686,1973287,9662614,29099040,1973793,0,0,0
12 x 512 B,13,1686,1974033,9660959,29099040,1974552,0,0,0
12 x 512 B,14,1686,1973520,9663812,29099046,1974065,0,0,0
12 x 512 B,15,1686,1974142,9666719,29099046,1974700,0,0,0
12 x 512 B,16,1686,1973378,9662725,29099040,1973887,0,0,0
12 x 512 B,17,1686,1973995,9660438,29099040,1974511,0,0,0
12 x 512 B,18,1686,1974018,9664053,29099040,1974521,0,0,0
12 x 512 B,19,1686,1974137,9662591,29099040,1974648,0,0,0
12 x 512 B,20,1686,1973444,9661828,29099040,1973954,0,0,0
12 x 512 B,21,1686,1973843,9657980,29099040,1974358,0,0,0
12 x 512 B,22,1686,1973267,9661452,29099040,1973780,0,0,0
12 x 512 B,23,1686,1972683,9659573,29099040,1973195,0,0,0
12 x 512 B,24,1686,1973510,9663482,29099040,1974009,0,0,0
12 x 512 B,25,1686,1973274,9662075,29099040,1973785,0,0,0
12 x 512 B,26,1686,1974872,9664611,29099040,1975397,0,0,0
12 x 512 B,27,1686,1977420,9673945,29099040,1978263,0,0,0
12 x 512 B,28,1686,1975515,9666412,29099040,1976373,0,0,0
12 x 512 B,29,1686,1977158,9671237,29099040,1977970,0,0,0
12 x 512 B,30,1686,1976948,9664376,29099040,1977610,0,0,0
12 x 512 B,31,1686,1983644,9652969,29099040,1977141,0,0,0
16 x 512 B,0,1426,1979148,9689307,27452292,1979688,0,0,0
16 x 512 B,1,1426,1979658,9690327,27452292,1980173,0,0,0
16 x 512 B,2,1426,1977507,9684239,27452292,1978006,0,0,0
16 x 512 B,3,1426,1978130,9685811,27452292,1978649,0,0,0
16 x 512 B,4,1426,1977953,9684929,27452292,1978470,0,0,0
16 x 512 B,5,1426,1978489,9686110,27452292,1978993,0,0,0
16 x 512 B,6,1426,1976466,9679105,27452291,1976945,0,0,0
16 x 512 B,7,1426,1977541,9683820,27452291,1978290,0,0,0
16 x 512 B,8,1426,1978185,9685028,27452292,1978710,0,0,0
16 x 512 B,9,1426,1984759,9683437,27452292,1980891,0,0,0
16 x 512 B,10,1426,2361000,9696510,27452293,2361509,0,0,0
16 x 512 B,11,1426,1979334,9689445,27452292,1979835,0,0,0
16 x 512 B,12,1426,1976980,9681640,27452292,1977476,0,0,0
16 x 512 B,13,1426,1978114,9686374,27452292,1978660,0,0,0
16 x 512 B,14,1426,1979094,9690905,27452292,1979590,0,0,0
16 x 512 B,15,1426,1978582,9688370,27452292,1979084,0,0,0
16 x 512 B,16,1426,1979305,9686915,27452292,1979801,0,0,0
16 x 512 B,17,1426,1978765,9686713,27452292,1979263,0,0,0
16 x 512 B,18,1426,1977861,9686168,27452292,1978354,0,0,0
16 x 512 B,19,1426,1979037,9690290,27452292,1979537,0,0,0
16 x 512 B,20,1426,1978152,9687699,27452292,1978652,0,0,0
16 x 512 B,21,1426,1978957,9688949,27452292,1979482,0,0,0
16 x 512 B,22,1426,1977170,9683320,27452292,1977667,0,0,0
16 x 512 B,23,1426,1978907,9688121,27452292,1979408,0,0,0
16 x 512 B,24,1426,1979386,9692270,27452292,1979887,0,0,0
16 x 512 B,25,1426,1975909,9677058,27452291,1976412,0,0,0
16 x 512 B,26,1426,1980336,9687375,27452292,1980831,0,0,0
16 x 512 B,27,1426,1979855,9694045,27452292,1980356,0,0,0
16 x 512 B,28,1426,1979708,9691720,27452292,1980203,0,0,0
16 x 512 B,29,1426,1978857,9689756,27452292,1979358,0,0,0
16 x 512 B,30,1426,1977967,9685953,27452292,1978462,0,0,0
16 x 512 B,31,1426,1979382,9692587,27452292,1979878,0,0,0
24 x 512 B,0,957,1987554,9731461,27456696,1988128,0,0,0
24 x 512 B,1,957,1988184,9732245,27456696,1988853,0,0,0
24 x 512 B,2,957,1989315,9731863,27456696,1989997,0,0,0
24 x 512 B,3,957,1986089,9720074,27456696,1986690,0,0,0
24 x 512 B,4,957,1997092,9726599,27456696,1994912,0,0,0
24 x 512 B,5,957,1987281,9717716,27456696,1986780,0,0,0
24 x 512 B,6,957,1987483,9726762,27456696,1988026,0,0,0
24 x 512 B,7,957,1986359,9723639,27456696,1986853,0,0,0
24 x 512 B,8,957,1987250,9727138,27456696,1987763,0,0,0
24 x 512 B,9,957,1985482,9722634,27456696,1985986,0,0,0
24 x 512 B,10,957,1987108,9730821,27456696,1987602,0,0,0
24 x 512 B,11,957,2389038,9736852,27456697,2389533,0,0,0
24 x 512 B,12,957,1987300,9727950,27456696,1987799,0,0,0
24 x 512 B,13,957,1984271,9717184,27456696,1984766,0,0,0
24 x 512 B,14,957,1988582,9731793,27456696,1989132,0,0,0
24 x 512 B,15,957,1986307,9726219,27456696,1986815,0,0,0
24 x 512 B,16,957,1987186,9727041,27456696,1987721,0,0,0
24 x 512 B,17,957,1985080,9721782,27456696,1985586,0,0,0
24 x 512 B,18,957,1987379,9731289,27456696,1987879,0,0,0
24 x 512 B,19,957,1984093,9716694,27456696,1984588,0,0,0
24 x 512 B,20,957,1986064,9725142,27456696,1986587,0,0,0
24 x 512 B,21,957,1986245,9725782,27456696,1986741,0,0,0
24 x 512 B,22,957,1987585,9729833,27456696,1988091,0,0,0
24 x 512 B,23,957,1985209,9719297,27456696,1985704,0,0,0
24 x 512 B,24,957,1986101,9725513,27456696,1986675,0,0,0
24 x 512 B,25,957,1984206,9721631,27456695,1984925,0,0,0
24 x 512 B,26,957,1986531,9727876,27456696,1987032,0,0,0
24 x 512 B,27,957,1984942,9719472,27456696,1985431,0,0,0
24 x 512 B,28,957,1985748,9723771,27456696,1986239,0,0,0
24 x 512 B,29,957,1985594,9720674,27456696,1986086,0,0,0
24 x 512 B,30,957,1986690,9728207,27456696,1987183,0,0,0
24 x 512 B,31,957,1987049,9727465,27456696,1987553,0,0,0
64 x 512 B,0,362,1998828,9778960,27470736,1999357,0,0,0
64 x 512 B,1,362,1998673,9786216,27470736,1999179,0,0,0
64 x 512 B,2,362,1998620,9786163,27470736,1999145,0,0,0
64 x 512 B,3,362,1998835,9782629,27470736,1999334,0,0,0
64 x 512 B,4,362,1997466,9781912,27470736,1997983,0,0,0
64 x 512 B,5,362,1998863,9788587,27470736,1999377,0,0,0
64 x 512 B,6,362,1998596,9782135,27470736,1999085,0,0,0
64 x 512 B,7,362,1998485,9785096,27470736,1998980,0,0,0
64 x 512 B,8,362,1997742,9780543,27470736,1998236,0,0,0
64 x 512 B,9,362,2001287,9797446,27470736,2002189,0,0,0
64 x 512 B,10,362,2001112,9792612,27470736,2001982,0,0,0
64 x 512 B,11,362,2000865,9792532,27470736,2001744,0,0,0
64 x 512 B,12,362,2008814,9771608,27470736,2006025,0,0,0
64 x 512 B,13,362,2008232,9776074,27470736,2002095,0,0,0
64 x 512 B,14,362,1998018,9779976,27470736,1998585,0,0,0
64 x 512 B,15,362,1998423,9783328,27470736,1998923,0,0,0
64 x 512 B,16,362,1998938,9781756,27470736,1999431,0,0,0
64 x 512 B,17,362,1999000,9788067,27470736,1999509,0,0,0
64 x 512 B,18,362,1997413,9780419,27470736,1997928,0,0,0
64 x 512 B,19,362,2399877,9788514,27470737,2400388,0,0,0
64 x 512 B,20,362,1995677,9770885,27470736,1996180,0,0,0
64 x 512 B,21,362,1998137,9783817,27470736,1998630,0,0,0
64 x 512 B,22,362,1996960,9775491,27470736,1997474,0,0,0
64 x 512 B,23,362,1998264,9782174,27470736,1998779,0,0,0
64 x 512 B,24,362,1999054,9786364,27470736,1999566,0,0,0
64 x 512 B,25,362,1999918,9792686,27470736,2000419,0,0,0
64 x 512 B,26,362,1998500,9787214,27470736,1998995,0,0,0
64 x 512 B,27,362,1999496,9790676,27470736,2000000,0,0,0
64 x 512 B,28,362,1997793,9783936,27470736,1998302,0,0,0
64 x 512 B,29,362,1998978,9784382,27470736,1999506,0,0,0
64 x 512 B,30,362,1996309,9773256,27470736,1996853,0,0,0
64 x 512 B,31,362,1996024,9773000,27470736,1996533,0,0,0
128 x 512 B,0,178,1970631,9649554,26949032,1971162,0,0,0
128 x 512 B,1,178,1968989,9643009,26949032,1969509,0,0,0
128 x 512 B,2,178,1971612,9652190,26949032,1972113,0,0,0
128 x 512 B,3,178,1971207,9653459,26949032,1971728,0,0,0
128 x 512 B,4,178,1973194,9661649,26949032,1973722,0,0,0
128 x 512 B,5,178,1971813,9652038,26949032,1972338,0,0,0
128 x 512 B,6,178,1975742,9645985,26949032,1971979,0,0,0
128 x 512 B,7,178,1971810,9648583,26949032,1972335,0,0,0
128 x 512 B,8,178,1971030,9651649,26949032,1971561,0,0,0
128 x 512 B,9,178,1969662,9644936,26949032,1970160,0,0,0
128 x 512 B,10,178,1971104,9651746,26949032,1971613,0,0,0
128 x 512 B,11,178,1970121,9641358,26949032,1970632,0,0,0
128 x 512 B,12,178,1970525,9649003,26949032,1971031,0,0,0
128 x 512 B,13,178,1969622,9643346,26949032,1970145,0,0,0
128 x 512 B,14,178,1970196,9643880,26949031,1970698,0,0,0
128 x 512 B,15,178,1977422,9657735,26949032,1978055,0,0,0
128 x 512 B,16,178,1973731,9653671,26949032,1974521,0,0,0
128 x 512 B,17,178,1972273,9650822,26949032,1972901,0,0,0
128 x 512 B,18,178,1976860,9650746,26949032,1977728,0,0,0
128 x 512 B,19,178,1979122,9648995,26949032,1977211,0,0,0
128 x 512 B,20,178,1979322,9645203,26949032,1974283,0,0,0
128 x 512 B,21,178,1972289,9650745,26949032,1972805,0,0,0
128 x 512 B,22,178,1971295,9644748,26949032,1971828,0,0,0
128 x 512 B,23,178,1972333,9646075,26949032,1972832,0,0,0
128 x 512 B,24,178,1971927,9649490,26949032,1972423,0,0,0
128 x 512 B,25,178,1970530,9644570,26949032,1971038,0,0,0
128 x 512 B,26,178,1975642,9648341,26949032,1976152,0,0,0
128 x 512 B,27,178,1969119,9640352,26949032,1969621,0,0,0
128 x 512 B,28,178,2366021,9654125,26949033,2366523,0,0,0
128 x 512 B,29,178,1969152,9644649,26949031,1969645,0,0,0
128 x 512 B,30,178,1971967,9655217,26949032,1972476,0,0,0
128 x 512 B,31,178,1971422,9653041,26949032,1971939,0,0,0
129 x 512 B,0,175,2001984,9799674,27238766,2002561,0,0,0
129 x 512 B,1,175,2003773,9806121,27238767,2004326,0,0,0
129 x 512 B,2,175,2001533,9802573,27238766,2002339,0,0,0
129 x 512 B,3,175,2400454,9813690,27238766,2401034,0,0,0
129 x 512 B,4,175,2001118,9799802,27238766,2001626,0,0,0
129 x 512 B,5,175,2002011,9802999,27238766,2002538,0,0,0
129 x 512 B,6,175,2001074,9799503,27238766,2001599,0,0,0
129 x 512 B,7,175,2003757,9811185,27238766,2004292,0,0,0
129 x 512 B,8,175,2001324,9801244,27238766,2001855,0,0,0
129 x 512 B,9,175,2002879,9806821,27238766,2003406,0,0,0
129 x 512 B,10,175,2001926,9800736,27238766,2002437,0,0,0
129 x 512 B,11,175,2003208,9806346,27238766,2003719,0,0,0
129 x 512 B,12,175,2002536,9803093,27238766,2003036,0,0,0
129 x 512 B,13,175,2002704,9802433,27238766,2003228,0,0,0
129 x 512 B,14,175,2002050,9804425,27238766,2002548,0,0,0
129 x 512 B,15,175,2003919,9810812,27238766,2004432,0,0,0
129 x 512 B,16,175,2002626,9804443,27238766,2003125,0,0,0
129 x 512 B,17,175,2005049,9802910,27238766,2005554,0,0,0
129 x 512 B,18,175,2002860,9805592,27238766,2003371,0,0,0
129 x 512 B,19,175,2004512,9810096,27238766,2005017,0,0,0
129 x 512 B,20,175,2371549,9807823,27238766,2372083,0,0,0
129 x 512 B,21,175,2002755,9804651,27238766,2003326,0,0,0
129 x 512 B,22,175,2004213,9803896,27238766,2004832,0,0,0
129 x 512 B,23,175,2007936,9809917,27238766,2008629,0,0,0
129 x 512 B,24,175,2005609,9804452,27238766,2006235,0,0,0
129 x 512 B,25,175,2015518,9809905,27238766,2013410,0,0,0
129 x 512 B,26,175,2006104,9800897,27238766,2004987,0,0,0
129 x 512 B,27,175,2009434,9800694,27238766,2004734,0,0,0
129 x 512 B,28,175,2150564,9817229,27238767,2151139,0,0,0
129 x 512 B,29,175,2004701,9809791,27238766,2005198,0,0,0
129 x 512 B,30,175,2002956,9807477,27238766,2003450,0,0,0
129 x 512 B,31,175,2004371,9812324,27238766,2004879,0,0,0
1024 x 512 B,0,23,2051976,10028625,27835196,2052744,0,0,0
1024 x 512 B,1,23,2049266,10033010,27835196,2049823,0,0,0
1024 x 512 B,2,23,2050421,10039229,27835196,2050993,0,0,0
1024 x 512 B,3,23,2448910,10038374,27835197,2445019,0,0,0
1024 x 512 B,4,23,2050004,10034836,27835196,2050571,0,0,0
1024 x 512 B,5,23,2049343,10033843,27835196,2049898,0,0,0
1024 x 512 B,6,23,2051772,10038264,27835196,2052351,0,0,0
1024 x 512 B,7,23,2048938,10026816,27835196,2049707,0,0,0
1024 x 512 B,8,23,2049701,10032462,27835196,2050277,0,0,0
1024 x 512 B,9,23,2047818,10026200,27835196,2048383,0,0,0
1024 x 512 B,10,23,2047837,10026005,27835196,2048411,0,0,0
1024 x 512 B,11,23,2428536,10033610,27835196,2429109,0,0,0
1024 x 512 B,12,23,2048439,10028204,27835196,2049009,0,0,0
1024 x 512 B,13,23,2051979,10037498,27835197,2052539,0,0,0
1024 x 512 B,14,23,2122309,10245167,27835196,2122917,0,0,0
1024 x 512 B,15,23,2074439,10153412,27835196,2075250,0,0,0
1024 x 512 B,16,23,2063899,10084404,27835196,2064703,0,0,0
1024 x 512 B,17,23,2073162,10117744,27835196,2074133,0,0,0
1024 x 512 B,18,23,2056803,10061173,27835196,2057441,0,0,0
1024 x 512 B,19,23,2146794,10031398,27835196,2140767,0,0,0
1024 x 512 B,20,23,2049466,10031572,27835196,2050077,0,0,0
1024 x 512 B,21,23,2048234,10028326,27835196,2048881,0,0,0
1024 x 512 B,22,23,2050570,10038260,27835196,2051137,0,0,0
1024 x 512 B,23,23,2047728,10026216,27835196,2048353,0,0,0
1024 x 512 B,24,23,2050638,10034539,27835196,2051189,0,0,0
1024 x 512 B,25,23,2048694,10030308,27835196,2049257,0,0,0
1024 x 512 B,26,23,2051713,10031322,27835196,2052281,0,0,0
1024 x 512 B,27,23,2456744,10048651,27835197,2457362,0,0,0
1024 x 512 B,28,23,2056175,10063301,27835196,2056908,0,0,0
1024 x 512 B,29,23,2057461,10055865,27835196,2058162,0,0,0
1024 x 512 B,30,23,2054362,10038736,27835196,2055025,0,0,0
1024 x 512 B,31,23,2048250,10027323,27835196,2048829,0,0,0
1 x 1024 B,0,2649,1947126,9498584,21057267,1947752,0,0,0
1 x 1024 B,1,2649,1951217,9501918,21057267,1945166,0,0,0
1 x 1024 B,2,2649,2304517,9498351,21057267,2305020,0,0,0
1 x 1024 B,3,2649,1944528,9501971,21057267,1945196,0,0,0
1 x 1024 B,4,2649,1956929,9502930,21057267,1954879,0,0,0
1 x 1024 B,5,2649,1956184,9508253,21057267,1956802,0,0,0
1 x 1024 B,6,2649,1946715,9502261,21057267,1947268,0,0,0
1 x 1024 B,7,2649,1942070,9503629,21057267,1942610,0,0,0
1 x 1024 B,8,2649,1947798,9508588,21057267,1948341,0,0,0
1 x 1024 B,9,2649,1941402,9504403,21057267,1941926,0,0,0
1 x 1024 B,10,2649,2322483,9499421,21057267,2322990,0,0,0
1 x 1024 B,11,2649,1941530,9499268,21057267,1942030,0,0,0
1 x 1024 B,12,2649,1942168,9502290,21057267,1942670,0,0,0
1 x 1024 B,13,2649,1940301,9498708,21057267,1940814,0,0,0
1 x 1024 B,14,2649,1942476,9500442,21057267,1942973,0,0,0
1 x 1024 B,15,2649,1941686,9503432,21057267,1942190,0,0,0
1 x 1024 B,16,2649,1941632,9503319,21057267,1942127,0,0,0
1 x 1024 B,17,2649,1940360,9499922,21057267,1940905,0,0,0
1 x 1024 B,18,2649,2314046,9502484,21057267,2314544,0,0,0
1 x 1024 B,19,2649,1941871,9505631,21057267,1942373,0,0,0
1 x 1024 B,20,2649,1941559,9504262,21057267,1942059,0,0,0
1 x 1024 B,21,2649,1940403,9500393,21057267,1940896,0,0,0
1 x 1024 B,22,2649,1941463,9505273,21057267,1941969,0,0,0
1 x 1024 B,23,2649,1940453,9498803,21057267,1940957,0,0,0
1 x 1024 B,24,2649,1941895,9502410,21057267,1942388,0,0,0
1 x 1024 B,25,2649,1939893,9498327,21057267,1940396,0,0,0
1 x 1024 B,26,2649,1940944,9503303,21057267,1941450,0,0,0
1 x 1024 B,27,2649,2303012,9497847,21057267,2303506,0,0,0
1 x 1024 B,28,2649,1940619,9499396,21057267,1941107,0,0,0
1 x 1024 B,29,2649,1941320,9504102,21057267,1941823,0,0,0
1 x 1024 B,30,2649,1941399,9505556,21057267,1941939,0,0,0
1 x 1024 B,31,2649,1941987,9503865,21057267,1942507,0,0,0
3 x 1024 B,0,2030,1947539,9514045,31126356,1948163,0,0,0
3 x 1024 B,1,2030,1951729,9513147,31126356,1952485,0,0,0
3 x 1024 B,2,2030,2322233,9510864,31126356,2323072,0,0,0
3 x 1024 B,3,2030,1944431,9512909,31126356,1945274,0,0,0
3 x 1024 B,4,2030,1950857,9523987,31126356,1951658,0,0,0
3 x 1024 B,5,2030,1944681,9515352,31126356,1945196,0,0,0
3 x 1024 B,6,2030,1982928,9507278,31126356,1976268,0,0,0
3 x 1024 B,7,2030,1942890,9502462,31126356,1943386,0,0,0
3 x 1024 B,8,2030,1942657,9510305,31126356,1943156,0,0,0
3 x 1024 B,9,2030,1941431,9505807,31126356,1941922,0,0,0
3 x 1024 B,10,2030,2329174,9505438,31126356,2329669,0,0,0
3 x 1024 B,11,2030,1941868,9502398,31126356,1942445,0,0,0
3 x 1024 B,12,2030,1943527,9504778,31126356,1944060,0,0,0
3 x 1024 B,13,2030,1941635,9506566,31126356,1942143,0,0,0
3 x 1024 B,14,2030,1945319,9511293,31126356,1945816,0,0,0
3 x 1024 B,15,2030,1943064,9510041,31126356,1943561,0,0,0
3 x 1024 B,16,2030,1944674,9506127,31126356,1945171,0,0,0
3 x 1024 B,17,2030,1940947,9503545,31126356,1941442,0,0,0
3 x 1024 B,18,2030,1941583,9507202,31126356,1942087,0,0,0
3 x 1024 B,19,2030,2322736,9511718,31126356,2323263,0,0,0
3 x 1024 B,20,2030,1944217,9516405,31126356,1944751,0,0,0
3 x 1024 B,21,2030,1943238,9515075,31126356,1943749,0,0,0
3 x 1024 B,22,2030,1942846,9512827,31126356,1943346,0,0,0
3 x 1024 B,23,2030,1942567,9507070,31126356,1943063,0,0,0
3 x 1024 B,24,2030,1942064,9504313,31126356,1942565,0,0,0
3 x 1024 B,25,2030,1942298,9509165,31126356,1942806,0,0,0
3 x 1024 B,26,2030,1941629,9505629,31126356,1942128,0,0,0
3 x 1024 B,27,2030,1942953,9510565,31126356,1943452,0,0,0
3 x 1024 B,28,2030,1939098,9498861,31126355,1939612,0,0,0
3 x 1024 B,29,2030,1943258,9512242,31126356,1943776,0,0,0
3 x 1024 B,30,2030,1941407,9505577,31126356,1941925,0,0,0
3 x 1024 B,31,2030,1942069,9507516,31126356,1942583,0,0,0
4 x 1024 B,0,2065,1965620,9618409,31384236,1966144,0,0,0
4 x 1024 B,1,2065,1963472,9612481,31384236,1964000,0,0,0
4 x 1024 B,2,2065,1965265,9618711,31384236,1965796,0,0,0
4 x 1024 B,3,2065,2341329,9623107,31384237,2341862,0,0,0
4 x 1024 B,4,2065,1961209,9608011,31384235,1961703,0,0,0
4 x 1024 B,5,2065,1962688,9610339,31384236,1963188,0,0,0
4 x 1024 B,6,2065,1963872,9611967,31384236,1964372,0,0,0
4 x 1024 B,7,2065,1970128,9616724,31384236,1970686,0,0,0
4 x 1024 B,8,2065,1969480,9616124,31384236,1970007,0,0,0
4 x 1024 B,9,2065,1968472,9614411,31384236,1968978,0,0,0
4 x 1024 B,10,2065,1966475,9623514,31384236,1967265,0,0,0
4 x 1024 B,11,2065,2374190,9632371,31384237,2374864,0,0,0
4 x 1024 B,12,2065,1981883,9614031,31384236,1980117,0,0,0
4 x 1024 B,13,2065,1971562,9612566,31384236,1966805,0,0,0
4 x 1024 B,14,2065,1969665,9631210,31384236,1970163,0,0,0
4 x 1024 B,15,2065,2011518,9616745,31384236,2012043,0,0,0
4 x 1024 B,16,2065,2007383,9617476,31384236,2007947,0,0,0
4 x 1024 B,17,2065,1997769,9619815,31384236,1994001,0,0,0
4 x 1024 B,18,2065,1964604,9620564,31384236,1965102,0,0,0
4 x 1024 B,19,2065,2221097,9614216,31384236,2221602,0,0,0
4 x 1024 B,20,2065,1963113,9610564,31384236,1963628,0,0,0
4 x 1024 B,21,2065,1964745,9618298,31384236,1965246,0,0,0
4 x 1024 B,22,2065,1966411,9613858,31384236,1966920,0,0,0
4 x 1024 B,23,2065,1964941,9617137,31384236,1965451,0,0,0
4 x 1024 B,24,2065,1964615,9613777,31384236,1965118,0,0,0
4 x 1024 B,25,2065,1965156,9621801,31384236,1965666,0,0,0
4 x 1024 B,26,2065,1961882,9606975,31384236,1962368,0,0,0
4 x 1024 B,27,2065,2332874,9615213,31384236,2333411,0,0,0
4 x 1024 B,28,2065,1982566,9610471,31384236,1983111,0,0,0
4 x 1024 B,29,2065,1963659,9615939,31384236,1964154,0,0,0
4 x 1024 B,30,2065,1963131,9608478,31384236,1963631,0,0,0
4 x 1024 B,31,2065,1969763,9615636,31384236,1965884,0,0,0
6 x 1024 B,0,810,1952426,9561337,24995346,1953026,0,0,0
6 x 1024 B,1,810,1951748,9556123,24995346,1952246,0,0,0
6 x 1024 B,2,810,1952485,9561328,24995346,1952989,0,0,0
6 x 1024 B,3,810,1952164,9557312,24995346,1952660,0,0,0
6 x 1024 B,4,810,1952041,9558538,24995346,1952544,0,0,0
6 x 1024 B,5,810,1952887,9562322,24995346,1953383,0,0,0
6 x 1024 B,6,810,1950847,9557088,24995345,1951351,0,0,0
6 x 1024 B,7,810,1952886,9561907,24995346,1953378,0,0,0
6 x 1024 B,8,810,1953271,9559254,24995346,1953779,0,0,0
6 x 1024 B,9,810,1951800,9556869,24995346,1952290,0,0,0
6 x 1024 B,10,810,1951945,9557298,24995346,1952451,0,0,0
6 x 1024 B,11,810,1952482,9560604,24995346,1952985,0,0,0
6 x 1024 B,12,810,1950710,9553297,24995346,1951205,0,0,0
6 x 1024 B,13,810,1955755,9563160,24995346,1956284,0,0,0
6 x 1024 B,14,810,1978857,9557563,24995346,1979414,0,0,0
6 x 1024 B,15,810,1955723,9559695,24995346,1956229,0,0,0
6 x 1024 B,16,810,1953256,9562781,24995346,1953848,0,0,0
6 x 1024 B,17,810,1953065,9556549,24995346,1953921,0,0,0
6 x 1024 B,18,810,1983664,9567160,24995346,1984333,0,0,0
6 x 1024 B,19,810,1955864,9566555,24995346,1956569,0,0,0
6 x 1024 B,20,810,1964335,9549953,24995346,1957760,0,0,0
6 x 1024 B,21,810,1952382,9557108,24995346,1952878,0,0,0
6 x 1024 B,22,810,1980702,9564730,24995346,1981355,0,0,0
6 x 1024 B,23,810,1954606,9564312,24995346,1955139,0,0,0
6 x 1024 B,24,810,1952282,9557667,24995346,1952788,0,0,0
6 x 1024 B,25,810,1952868,9556714,24995346,1953365,0,0,0
6 x 1024 B,26,810,1980509,9564823,24995346,1981007,0,0,0
6 x 1024 B,27,810,1952463,9555560,24995346,1952967,0,0,0
6 x 1024 B,28,810,1953622,9561805,24995346,1954131,0,0,0
6 x 1024 B,29,810,1951940,9557009,24995346,1952447,0,0,0
6 x 1024 B,30,810,1950629,9556167,24995345,1951132,0,0,0
6 x 1024 B,31,810,1953138,9563449,24995346,1953638,0,0,0
8 x 1024 B,0,1435,1979220,9690974,27483486,1979843,0,0,0
8 x 1024 B,1,1435,1977718,9684316,27483486,1978264,0,0,0
8 x 1024 B,2,1435,1978066,9685682,27483486,1978600,0,0,0
8 x 1024 B,3,1435,1978040,9680243,27483486,1978572,0,0,0
8 x 1024 B,4,1435,1977299,9681994,27483486,1977837,0,0,0
8 x 1024 B,5,1435,1976948,9680301,27483486,1977476,0,0,0
8 x 1024 B,6,1435,1977271,9682078,27483486,1977800,0,0,0
8 x 1024 B,7,1435,1978567,9683030,27483486,1979095,0,0,0
8 x 1024 B,8,1435,1977459,9682991,27483486,1978009,0,0,0
8 x 1024 B,9,1435,1977481,9679762,27483486,1978009,0,0,0
8 x 1024 B,10,1435,1978035,9685621,27483486,1978579,0,0,0
8 x 1024 B,11,1435,1977962,9678246,27483486,1978510,0,0,0
8 x 1024 B,12,1435,1978415,9687277,27483486,1978943,0,0,0
8 x 1024 B,13,1435,1977345,9682019,27483486,1977876,0,0,0
8 x 1024 B,14,1435,1977444,9682619,27483486,1977987,0,0,0
8 x 1024 B,15,1435,1978763,9683383,27483486,1979271,0,0,0
8 x 1024 B,16,1435,1977058,9680670,27483486,1977590,0,0,0
8 x 1024 B,17,1435,1976477,9678111,27483486,1977011,0,0,0
8 x 1024 B,18,1435,1978264,9686718,27483486,1978801,0,0,0
8 x 1024 B,19,1435,1977456,9677584,27483486,1977947,0,0,0
8 x 1024 B,20,1435,1977645,9682912,27483486,1978158,0,0,0
8 x 1024 B,21,1435,1976788,9678609,27483486,1977286,0,0,0
8 x 1024 B,22,1435,1978003,9684513,27483486,1978501,0,0,0
8 x 1024 B,23,1435,1979484,9678367,27483486,1979988,0,0,0
8 x 1024 B,24,1435,1977881,9682668,27483486,1978539,0,0,0
8 x 1024 B,25,1435,1978840,9684108,27483486,1979519,0,0,0
8 x 1024 B,26,1435,1981942,9687131,27483486,1982872,0,0,0
8 x 1024 B,27,1435,1988757,9683687,27483486,1987124,0,0,0
8 x 1024 B,28,1435,1987276,9670982,27483486,1980916,0,0,0
8 x 1024 B,29,1435,1978998,9680115,27483486,1979497,0,0,0
8 x 1024 B,30,1435,2068421,9684594,27483486,2007581,0,0,0
8 x 1024 B,31,1435,1976124,9676625,27483486,1976621,0,0,0
12 x 1024 B,0,857,1988412,9734975,29123797,1988975,0,0,0
12 x 1024 B,1,857,1988071,9731189,29123797,1988616,0,0,0
12 x 1024 B,2,857,1987230,9726591,29123797,1987739,0,0,0
12 x 1024 B,3,857,1988340,9736116,29123797,1988858,0,0,0
12 x 1024 B,4,857,1987273,9727242,29123797,1987765,0,0,0
12 x 1024 B,5,857,1989352,9740442,29123797,1989849,0,0,0
12 x 1024 B,6,857,1987336,9730733,29123797,1987839,0,0,0
12 x 1024 B,7,857,1989574,9733251,29123797,1990097,0,0,0
12 x 1024 B,8,857,1986960,9729908,29123797,1987455,0,0,0
12 x 1024 B,9,857,1988387,9736994,29123797,1988898,0,0,0
12 x 1024 B,10,857,1987074,9727893,29123797,1987570,0,0,0
12 x 1024 B,11,857,1987535,9732593,29123797,1988039,0,0,0
12 x 1024 B,12,857,1987328,9729233,29123797,1987827,0,0,0
12 x 1024 B,13,857,1989004,9739318,29123797,1989515,0,0,0
12 x 1024 B,14,857,1986754,9729154,29123797,1987249,0,0,0
12 x 1024 B,15,857,1987889,9734726,29123797,1988397,0,0,0
12 x 1024 B,16,857,1986812,9729228,29123797,1987311,0,0,0
12 x 1024 B,17,857,1988764,9738544,29123797,1989294,0,0,0
12 x 1024 B,18,857,1987216,9728412,29123797,1987717,0,0,0
12 x 1024 B,19,857,1988154,9736113,29123797,1988651,0,0,0
12 x 1024 B,20,857,1988427,9734137,29123797,1988926,0,0,0
12 x 1024 B,21,857,1989223,9737895,29123797,1989717,0,0,0
12 x 1024 B,22,857,1988062,9735195,29123797,1988558,0,0,0
12 x 1024 B,23,857,1988719,9737976,29123797,1989223,0,0,0
12 x 1024 B,24,857,1987258,9728189,29123797,1987748,0,0,0
12 x 1024 B,25,857,1987726,9734162,29123797,1988232,0,0,0
12 x 1024 B,26,857,1985955,9725283,29123797,1986450,0,0,0
12 x 1024 B,27,857,1988321,9736794,29123797,1988821,0,0,0
12 x 1024 B,28,857,2005033,9727129,29123797,1989638,0,0,0
12 x 1024 B,29,857,2019053,9741644,29123797,2019552,0,0,0
12 x 1024 B,30,857,1986623,9726792,29123797,1987180,0,0,0
12 x 1024 B,31,857,1988399,9734007,29123797,1989005,0,0,0
16 x 1024 B,0,723,1988678,9731413,27427371,1989481,0,0,0
16 x 1024 B,1,723,2000790,9734976,27427371,1998061,0,0,0
16 x 1024 B,2,723,1997065,9723704,27427371,1991261,0,0,0
16 x 1024 B,3,723,1987025,9727056,27427371,1987561,0,0,0
16 x 1024 B,4,723,1986523,9727324,27427371,1987046,0,0,0
16 x 1024 B,5,723,1987232,9723799,27427371,1987758,0,0,0
16 x 1024 B,6,723,1987286,9728326,27427371,1987805,0,0,0
16 x 1024 B,7,723,1986647,9728201,27427371,1987165,0,0,0
16 x 1024 B,8,723,1987207,9726438,27427371,1987742,0,0,0
16 x 1024 B,9,723,1987431,9726819,27427371,1987963,0,0,0
16 x 1024 B,10,723,1986492,9723324,27427371,1987001,0,0,0
16 x 1024 B,11,723,1986831,9727580,27427371,1987354,0,0,0
16 x 1024 B,12,723,1985270,9726217,27427370,1985791,0,0,0
16 x 1024 B,13,723,1987210,9730123,27427371,1987727,0,0,0
16 x 1024 B,14,723,2360090,9737743,27427372,2360621,0,0,0
16 x 1024 B,15,723,1991806,9722718,27427371,1988198,0,0,0
16 x 1024 B,16,723,1986928,9729178,27427371,1987449,0,0,0
16 x 1024 B,17,723,1986860,9724460,27427371,1987402,0,0,0
16 x 1024 B,18,723,1987250,9727995,27427371,1987765,0,0,0
16 x 1024 B,19,723,1986002,9724857,27427371,1986536,0,0,0
16 x 1024 B,20,723,1986827,9728581,27427371,1987344,0,0,0
16 x 1024 B,21,723,1986609,9724012,27427371,1987143,0,0,0
16 x 1024 B,22,723,1986674,9725949,27427371,1987193,0,0,0
16 x 1024 B,23,723,1987337,9724459,27427371,1987865,0,0,0
16 x 1024 B,24,723,1986140,9725201,27427371,1986651,0,0,0
16 x 1024 B,25,723,1986261,9723558,27427371,1986782,0,0,0
16 x 1024 B,26,723,1986888,9726353,27427371,1987423,0,0,0
16 x 1024 B,27,723,1985309,9721981,27427371,1985832,0,0,0
16 x 1024 B,28,723,1987319,9731892,27427371,1987850,0,0,0
16 x 1024 B,29,723,1987104,9727400,27427371,1987627,0,0,0
16 x 1024 B,30,723,1987284,9728654,27427371,1987804,0,0,0
16 x 1024 B,31,723,1986141,9725446,27427371,1986673,0,0,0
24 x 1024 B,0,482,1993156,9757241,27338442,1993696,0,0,0
24 x 1024 B,1,482,1993395,9758783,27338442,1993923,0,0,0
24 x 1024 B,2,482,1992560,9755342,27338442,1993068,0,0,0
24 x 1024 B,3,482,1993118,9758371,27338442,1993624,0,0,0
24 x 1024 B,4,482,1995110,9761745,27338442,1995674,0,0,0
24 x 1024 B,5,482,2000653,9789532,27338442,2001383,0,0,0
24 x 1024 B,6,482,1996766,9771364,27338442,1997656,0,0,0
24 x 1024 B,7,482,1997255,9769762,27338442,1998189,0,0,0
24 x 1024 B,8,482,1996218,9762180,27338442,1996753,0,0,0
24 x 1024 B,9,482,2005196,9753762,27338442,1998811,0,0,0
24 x 1024 B,10,482,1992837,9754060,27338442,1993338,0,0,0
24 x 1024 B,11,482,1994706,9762567,27338442,1995209,0,0,0
24 x 1024 B,12,482,1992095,9754091,27338442,1992597,0,0,0
24 x 1024 B,13,482,1993192,9756447,27338442,1993701,0,0,0
24 x 1024 B,14,482,2379274,9760220,27338442,2379790,0,0,0
24 x 1024 B,15,482,1992014,9754643,27338442,1992531,0,0,0
24 x 1024 B,16,482,1992611,9757438,27338442,1993105,0,0,0
24 x 1024 B,17,482,1992695,9753952,27338442,1993209,0,0,0
24 x 1024 B,18,482,1992869,9757903,27338442,1993375,0,0,0
24 x 1024 B,19,482,1992745,9756645,27338442,1993245,0,0,0
24 x 1024 B,20,482,1993388,9755595,27338442,1993883,0,0,0
24 x 1024 B,21,482,1991779,9753929,27338442,1992277,0,0,0
24 x 1024 B,22,482,1993101,9759361,27338442,1993594,0,0,0
24 x 1024 B,23,482,1992666,9758222,27338442,1993187,0,0,0
24 x 1024 B,24,482,1992907,9758136,27338442,1993405,0,0,0
24 x 1024 B,25,482,1993121,9756761,27338442,1993621,0,0,0
24 x 1024 B,26,482,1993217,9759725,27338442,1993716,0,0,0
24 x 1024 B,27,482,1992454,9757234,27338442,1992972,0,0,0
24 x 1024 B,28,482,1992805,9758193,27338442,1993304,0,0,0
24 x 1024 B,29,482,1991951,9754759,27338442,1992450,0,0,0
24 x 1024 B,30,482,1992186,9754679,27338442,1992688,0,0,0
24 x 1024 B,31,482,1992729,9755821,27338442,1993227,0,0,0
64 x 1024 B,0,178,1966131,9628094,26813040,1966699,0,0,0
64 x 1024 B,1,178,1965801,9624827,26813040,1966324,0,0,0
64 x 1024 B,2,178,1965765,9626671,26813040,1966293,0,0,0
64 x 1024 B,3,178,1966324,9625593,26813040,1966866,0,0,0
64 x 1024 B,4,178,1965071,9623822,26813040,1965603,0,0,0
64 x 1024 B,5,178,1965944,9626502,26813040,1966454,0,0,0
64 x 1024 B,6,178,1965900,9625100,26813040,1966428,0,0,0
64 x 1024 B,7,178,1965320,9621044,26813040,1965852,0,0,0
64 x 1024 B,8,178,1965648,9626315,26813040,1966164,0,0,0
64 x 1024 B,9,178,1965410,9623558,26813040,1965913,0,0,0
64 x 1024 B,10,178,1965052,9621556,26813040,1965564,0,0,0
64 x 1024 B,11,178,1966032,9623373,26813040,1966711,0,0,0
64 x 1024 B,12,178,1966829,9628029,26813040,1967395,0,0,0
64 x 1024 B,13,178,1968255,9637546,26813039,1969043,0,0,0
64 x 1024 B,14,178,1966740,9624674,26813040,1967356,0,0,0
64 x 1024 B,15,178,1974842,9637072,26813040,1975584,0,0,0
64 x 1024 B,16,178,1971451,9613729,26813040,1968631,0,0,0
64 x 1024 B,17,178,1972976,9621031,26813040,1968549,0,0,0
64 x 1024 B,18,178,1964946,9621317,26813040,1965485,0,0,0
64 x 1024 B,19,178,1966088,9625541,26813040,1966595,0,0,0
64 x 1024 B,20,178,1965661,9621286,26813040,1966163,0,0,0
64 x 1024 B,21,178,1965983,9623206,26813040,1966491,0,0,0
64 x 1024 B,22,178,1964293,9617969,26813040,1964795,0,0,0
64 x 1024 B,23,178,2344646,9629991,26813041,2345154,0,0,0
64 x 1024 B,24,178,1966182,9624671,26813040,1966679,0,0,0
64 x 1024 B,25,178,1963407,9618747,26813039,1963916,0,0,0
64 x 1024 B,26,178,1964583,9621018,26813040,1965096,0,0,0
64 x 1024 B,27,178,1966360,9628695,26813040,1966877,0,0,0
64 x 1024 B,28,178,1963735,9616978,26813040,1964245,0,0,0
64 x 1024 B,29,178,1965354,9623525,26813040,1965874,0,0,0
64 x 1024 B,30,178,1963852,9617318,26813040,1964362,0,0,0
64 x 1024 B,31,178,1965583,9624374,26813040,1966091,0,0,0
128 x 1024 B,0,90,1982549,9707360,27081096,1983094,0,0,0
128 x 1024 B,1,90,1980354,9698266,27081096,1980890,0,0,0
128 x 1024 B,2,90,1982899,9706201,27081096,1983404,0,0,0
128 x 1024 B,3,90,1978826,9691256,27081096,1979355,0,0,0
128 x 1024 B,4,90,1981187,9698122,27081096,1981699,0,0,0
128 x 1024 B,5,90,1979331,9693277,27081096,1979838,0,0,0
128 x 1024 B,6,90,1980613,9698239,27081096,1981135,0,0,0
128 x 1024 B,7,90,1979011,9691300,27081096,1979523,0,0,0
128 x 1024 B,8,90,1981673,9702519,27081096,1982202,0,0,0
128 x 1024 B,9,90,1980338,9696973,27081096,1980861,0,0,0
128 x 1024 B,10,90,1981091,9697197,27081096,1981596,0,0,0
128 x 1024 B,11,90,1979229,9692272,27081096,1979749,0,0,0
128 x 1024 B,12,90,1980788,9699600,27081096,1981283,0,0,0
128 x 1024 B,13,90,1979005,9691350,27081096,1979503,0,0,0
128 x 1024 B,14,90,1981116,9700824,27081096,1981622,0,0,0
128 x 1024 B,15,90,1978560,9689849,27081096,1979060,0,0,0
128 x 1024 B,16,90,1981534,9700029,27081096,1982042,0,0,0
128 x 1024 B,17,90,1979624,9693208,27081096,1980140,0,0,0
128 x 1024 B,18,90,1981450,9701444,27081096,1981951,0,0,0
128 x 1024 B,19,90,1981855,9703784,27081096,1982395,0,0,0
128 x 1024 B,20,90,1988082,9731994,27081096,1988948,0,0,0
128 x 1024 B,21,90,1984079,9711031,27081096,1984925,0,0,0
128 x 1024 B,22,90,1984572,9708837,27081096,1985677,0,0,0
128 x 1024 B,23,90,1990082,9692960,27081096,1988394,0,0,0
128 x 1024 B,24,90,1990895,9694280,27081096,1985210,0,0,0
128 x 1024 B,25,90,1981041,9695783,27081096,1981556,0,0,0
128 x 1024 B,26,90,1983010,9706980,27081096,1983520,0,0,0
128 x 1024 B,27,90,1979879,9692991,27081096,1980393,0,0,0
128 x 1024 B,28,90,1981396,9697462,27081096,1981907,0,0,0
128 x 1024 B,29,90,1981291,9700181,27081096,1981828,0,0,0
128 x 1024 B,30,90,1981663,9700560,27081096,1982171,0,0,0
128 x 1024 B,31,90,2366352,9698955,27081096,2366870,0,0,0
129 x 1024 B,0,88,2002356,9802290,27188846,2002888,0,0,0
129 x 1024 B,1,88,2005327,9805048,27188846,2005843,0,0,0
129 x 1024 B,2,88,2001826,9800683,27188846,2002394,0,0,0
129 x 1024 B,3,88,2002086,9799247,27188846,2002623,0,0,0
129 x 1024 B,4,88,2002035,9802333,27188846,2002540,0,0,0
129 x 1024 B,5,88,2003053,9804961,27188846,2003569,0,0,0
129 x 1024 B,6,88,2000697,9796639,27188846,2001206,0,0,0
129 x 1024 B,7,88,2001923,9799720,27188846,2002434,0,0,0
129 x 1024 B,8,88,2001071,9798119,27188846,2001610,0,0,0
129 x 1024 B,9,88,2001606,9798701,27188846,2002104,0,0,0
129 x 1024 B,10,88,2001490,9800481,27188846,2001992,0,0,0
129 x 1024 B,11,88,2003019,9803889,27188846,2003526,0,0,0
129 x 1024 B,12,88,2000679,9796614,27188846,2001184,0,0,0
129 x 1024 B,13,88,2003396,9806470,27188846,2003894,0,0,0
129 x 1024 B,14,88,2000886,9797380,27188846,2001396,0,0,0
129 x 1024 B,15,88,2001441,9796866,27188846,2001949,0,0,0
129 x 1024 B,16,88,2000597,9796229,27188846,2001123,0,0,0
129 x 1024 B,17,88,2002578,9803015,27188846,2003094,0,0,0
129 x 1024 B,18,88,2001101,9798897,27188846,2001623,0,0,0
129 x 1024 B,19,88,2002563,9803484,27188846,2003085,0,0,0
129 x 1024 B,20,88,2001692,9801395,27188846,2002201,0,0,0
129 x 1024 B,21,88,2001442,9798005,27188846,2001947,0,0,0
129 x 1024 B,22,88,2000608,9796333,27188846,2001109,0,0,0
129 x 1024 B,23,88,2001821,9800266,27188846,2002322,0,0,0
129 x 1024 B,24,88,2000210,9793644,27188846,2000716,0,0,0
129 x 1024 B,25,88,2002710,9803032,27188846,2003626,0,0,0
129 x 1024 B,26,88,2006159,9797080,27188846,2006659,0,0,0
129 x 1024 B,27,88,2003849,9807983,27188846,2004593,0,0,0
129 x 1024 B,28,88,2002681,9801693,27188846,2003308,0,0,0
129 x 1024 B,29,88,2007025,9808181,27188846,2007786,0,0,0
129 x 1024 B,30,88,2010670,9794793,27188846,2008751,0,0,0
129 x 1024 B,31,88,2011828,9790622,27188846,2005643,0,0,0
1024 x 1024 B,0,12,2139540,10463196,28874887,2140661,0,0,0
1024 x 1024 B,1,12,2135811,10452905,28874886,2136455,0,0,0
1024 x 1024 B,2,12,2132519,10437264,28874886,2133146,0,0,0
1024 x 1024 B,3,12,2132500,10434824,28874886,2133180,0,0,0
1024 x 1024 B,4,12,2134226,10437248,28874886,2134892,0,0,0
1024 x 1024 B,5,12,2133932,10443748,28874886,2134611,0,0,0
1024 x 1024 B,6,12,2513681,10450198,28874887,2514345,0,0,0
1024 x 1024 B,7,12,2128752,10419402,28874886,2129361,0,0,0
1024 x 1024 B,8,12,2129116,10420210,28874886,2129722,0,0,0
1024 x 1024 B,9,12,2127156,10414786,28874886,2127791,0,0,0
1024 x 1024 B,10,12,2129319,10424422,28874886,2129939,0,0,0
1024 x 1024 B,11,12,2128387,10419627,28874886,2129038,0,0,0
1024 x 1024 B,12,12,2128840,10421853,28874886,2129466,0,0,0
1024 x 1024 B,13,12,2131013,10422229,28874887,2131637,0,0,0
1024 x 1024 B,14,12,2129027,10420034,28874886,2129649,0,0,0
1024 x 1024 B,15,12,2129243,10421674,28874886,2129894,0,0,0
1024 x 1024 B,16,12,2128324,10420066,28874886,2128940,0,0,0
1024 x 1024 B,17,12,2127441,10414325,28874886,2128047,0,0,0
1024 x 1024 B,18,12,2127448,10414810,28874886,2128065,0,0,0
1024 x 1024 B,19,12,2127429,10415589,28874886,2128051,0,0,0
1024 x 1024 B,20,12,2133363,10428092,28874887,2133995,0,0,0
1024 x 1024 B,21,12,2139199,10424554,28874886,2132054,0,0,0
1024 x 1024 B,22,12,2127667,10417046,28874886,2128314,0,0,0
1024 x 1024 B,23,12,2129456,10424365,28874886,2130061,0,0,0
1024 x 1024 B,24,12,2129760,10422627,28874886,2130400,0,0,0
1024 x 1024 B,25,12,2128889,10421633,28874886,2129534,0,0,0
1024 x 1024 B,26,12,2126499,10412358,28874886,2127116,0,0,0
1024 x 1024 B,27,12,2129453,10424564,28874886,2130087,0,0,0
1024 x 1024 B,28,12,2130126,10420139,28874887,2130770,0,0,0
1024 x 1024 B,29,12,2133470,10441234,28874886,2134158,0,0,0
1024 x 1024 B,30,12,2180685,10572282,28874886,2181369,0,0,0
1024 x 1024 B,31,12,2177151,10561894,28874886,2177972,0,0,0
1 x 2048 B,0,2542,1969132,9607072,19652568,1970925,0,0,0
1 x 2048 B,1,2542,1997500,9742034,19652568,1995089,0,0,0
1 x 2048 B,2,2542,1970988,9607147,19652568,1965922,0,0,0
1 x 2048 B,3,2542,1979617,9691759,19652568,1980172,0,0,0
1 x 2048 B,4,2542,1961139,9602809,19652568,1961636,0,0,0
1 x 2048 B,5,2542,2226896,9671756,19652568,2227389,0,0,0
1 x 2048 B,6,2542,1978122,9687139,19652568,1978617,0,0,0
1 x 2048 B,7,2542,1979528,9692662,19652568,1980019,0,0,0
1 x 2048 B,8,2542,1980850,9681334,19652568,1981346,0,0,0
1 x 2048 B,9,2542,1956718,9580596,19652568,1957206,0,0,0
1 x 2048 B,10,2542,1956663,9578178,19652568,1957154,0,0,0
1 x 2048 B,11,2542,1959725,9595784,19652568,1960233,0,0,0
1 x 2048 B,12,2542,1960308,9596671,19652568,1960819,0,0,0
1 x 2048 B,13,2542,2326231,9588408,19652568,2326742,0,0,0
1 x 2048 B,14,2542,1986010,9725533,19652568,1986509,0,0,0
1 x 2048 B,15,2542,1970822,9650370,19652568,1971323,0,0,0
1 x 2048 B,16,2542,1966800,9604255,19652568,1967305,0,0,0
1 x 2048 B,17,2542,1983711,9713251,19652568,1984218,0,0,0
1 x 2048 B,18,2542,1966917,9627691,19652568,1967423,0,0,0
1 x 2048 B,19,2542,1979819,9693415,19652568,1980345,0,0,0
1 x 2048 B,20,2542,1968006,9633916,19652568,1968503,0,0,0
1 x 2048 B,21,2542,1981909,9705177,19652568,1982404,0,0,0
1 x 2048 B,22,2542,1979119,9690915,19652568,1979629,0,0,0
1 x 2048 B,23,2542,1973072,9649136,19652568,1973570,0,0,0
1 x 2048 B,24,2542,1963853,9612750,19652568,1964346,0,0,0
1 x 2048 B,25,2542,1960416,9598566,19652568,1960924,0,0,0
1 x 2048 B,26,2542,1957263,9580018,19652568,1957786,0,0,0
1 x 2048 B,27,2542,1973027,9657125,19652568,1973517,0,0,0
1 x 2048 B,28,2542,1966995,9632340,19652568,1967489,0,0,0
1 x 2048 B,29,2542,1982701,9706668,19652568,1983190,0,0,0
1 x 2048 B,30,2542,2338343,9672790,19652568,2338847,0,0,0
1 x 2048 B,31,2542,1970861,9650354,19652568,1971357,0,0,0
3 x 2048 B,0,871,1993008,9758294,19981977,1993530,0,0,0
3 x 2048 B,1,871,1993340,9758264,19981977,1993839,0,0,0
3 x 2048 B,2,871,1990959,9743119,19981977,1991474,0,0,0
3 x 2048 B,3,871,1989018,9738899,19981977,1989512,0,0,0
3 x 2048 B,4,871,1993370,9751261,19981977,1993916,0,0,0
3 x 2048 B,5,871,2372792,9758214,19981978,2373620,0,0,0
3 x 2048 B,6,871,2002226,9800208,19981977,2002817,0,0,0
3 x 2048 B,7,871,2007035,9796657,19981977,2007848,0,0,0
3 x 2048 B,8,871,2011359,9804157,19981977,2008203,0,0,0
3 x 2048 B,9,871,2009305,9801904,19981977,2005030,0,0,0
3 x 2048 B,10,871,2000966,9793274,19981977,2001508,0,0,0
3 x 2048 B,11,871,1995345,9771771,19981977,1995840,0,0,0
3 x 2048 B,12,871,1995755,9769304,19981977,1996253,0,0,0
3 x 2048 B,13,871,1996099,9774606,19981977,1996610,0,0,0
3 x 2048 B,14,871,2000399,9794930,19981977,2000894,0,0,0
3 x 2048 B,15,871,1995517,9772616,19981977,1996017,0,0,0
3 x 2048 B,16,871,1997823,9781510,19981977,1998331,0,0,0
3 x 2048 B,17,871,1995263,9760964,19981977,1995770,0,0,0
3 x 2048 B,18,871,2006470,9779307,19981977,1999773,0,0,0
3 x 2048 B,19,871,1991973,9753548,19981977,1992479,0,0,0
3 x 2048 B,20,871,1995666,9769584,19981977,1996186,0,0,0
3 x 2048 B,21,871,2364826,9798385,19981977,2365341,0,0,0
3 x 2048 B,22,871,1995786,9772186,19981977,1996280,0,0,0
3 x 2048 B,23,871,1999984,9793778,19981977,2000485,0,0,0
3 x 2048 B,24,871,1993292,9756501,19981977,1993786,0,0,0
3 x 2048 B,25,871,1990002,9740562,19981977,1990549,0,0,0
3 x 2048 B,26,871,1995745,9766673,19981977,1996245,0,0,0
3 x 2048 B,27,871,1992523,9755256,19981977,1993035,0,0,0
3 x 2048 B,28,871,1993867,9763470,19981977,1994361,0,0,0
3 x 2048 B,29,871,2366760,9781763,19981977,2367254,0,0,0
3 x 2048 B,30,871,1993807,9759353,19981977,1994314,0,0,0
3 x 2048 B,31,871,2002519,9807097,19981977,2003022,0,0,0
4 x 2048 B,0,655,1995484,9770417,20007996,1996002,0,0,0
4 x 2048 B,1,655,1998365,9781962,20007996,1998877,0,0,0
4 x 2048 B,2,655,1997413,9775707,20007996,1997934,0,0,0
4 x 2048 B,3,655,1994511,9765209,20007996,1995043,0,0,0
4 x 2048 B,4,655,1992501,9756901,20007996,1993021,0,0,0
4 x 2048 B,5,655,2360337,9769442,20007997,2360886,0,0,0
4 x 2048 B,6,655,1999107,9789929,20007996,1999618,0,0,0
4 x 2048 B,7,655,1993815,9762550,20007996,1994306,0,0,0
4 x 2048 B,8,655,2002608,9796751,20007996,2003122,0,0,0
4 x 2048 B,9,655,1997745,9777938,20007996,1998253,0,0,0
4 x 2048 B,10,655,2001755,9761388,20007996,2002336,0,0,0
4 x 2048 B,11,655,1998046,9777241,20007996,1998829,0,0,0
4 x 2048 B,12,655,1998201,9780779,20007996,1998909,0,0,0
4 x 2048 B,13,655,2015548,9777010,20007996,2014185,0,0,0
4 x 2048 B,14,655,2006212,9798840,20007996,2005432,0,0,0
4 x 2048 B,15,655,1998760,9747741,20007996,1994481,0,0,0
4 x 2048 B,16,655,1991484,9749586,20007996,1991989,0,0,0
4 x 2048 B,17,655,1996365,9773305,20007996,1997319,0,0,0
4 x 2048 B,18,655,1996687,9763372,20007996,1997192,0,0,0
4 x 2048 B,19,655,1993129,9756027,20007996,1993640,0,0,0
4 x 2048 B,20,655,1994141,9759843,20007996,1994661,0,0,0
4 x 2048 B,21,655,1998125,9783877,20007996,1998617,0,0,0
4 x 2048 B,22,655,1992806,9753794,20007996,1993411,0,0,0
4 x 2048 B,23,655,1994540,9760999,20007996,1995209,0,0,0
4 x 2048 B,24,655,2002097,9782917,20007996,2002677,0,0,0
4 x 2048 B,25,655,1995711,9770311,20007996,1996224,0,0,0
4 x 2048 B,26,655,1998076,9780031,20007996,1998583,0,0,0
4 x 2048 B,27,655,2002633,9805585,20007996,2003131,0,0,0
4 x 2048 B,28,655,1997165,9777817,20007996,1997658,0,0,0
4 x 2048 B,29,655,2358338,9765806,20007996,2358848,0,0,0
4 x 2048 B,30,655,1995224,9770365,20007996,1995745,0,0,0
4 x 2048 B,31,655,2012646,9792410,20007996,2010585,0,0,0
6 x 2048 B,0,435,1988232,9728161,19904226,1988756,0,0,0
6 x 2048 B,1,435,1986163,9722495,19904226,1986665,0,0,0
6 x 2048 B,2,435,1985498,9718437,19904226,1986049,0,0,0
6 x 2048 B,3,435,1983027,9705681,19904226,1983550,0,0,0
6 x 2048 B,4,435,1985278,9719726,19904226,1985769,0,0,0
6 x 2048 B,5,435,1985344,9723523,19904226,1985840,0,0,0
6 x 2048 B,6,435,1990214,9744999,19904226,1990720,0,0,0
6 x 2048 B,7,435,1986332,9724221,19904226,1986840,0,0,0
6 x 2048 B,8,435,1988432,9727954,19904226,1988963,0,0,0
6 x 2048 B,9,435,1985256,9717253,19904226,1985767,0,0,0
6 x 2048 B,10,435,1988275,9729906,19904226,1988820,0,0,0
6 x 2048 B,11,435,1982999,9709590,19904226,1983519,0,0,0
6 x 2048 B,12,435,1986999,9729605,19904226,1987506,0,0,0
6 x 2048 B,13,435,2351400,9705469,19904226,2351917,0,0,0
6 x 2048 B,14,435,1983026,9704531,19904226,1983527,0,0,0
6 x 2048 B,15,435,2005019,9763444,19904227,2005529,0,0,0
6 x 2048 B,16,435,1988043,9707825,19904226,1988553,0,0,0
6 x 2048 B,17,435,2001773,9742639,19904226,2002372,0,0,0
6 x 2048 B,18,435,1989860,9736215,19904226,1990601,0,0,0
6 x 2048 B,19,435,1986607,9722756,19904226,1987182,0,0,0
6 x 2048 B,20,435,1999592,9741596,19904226,2000560,0,0,0
6 x 2048 B,21,435,2075829,9709856,19904226,2073358,0,0,0
6 x 2048 B,22,435,1987072,9701669,19904226,1983850,0,0,0
6 x 2048 B,23,435,1982272,9706483,19904226,1982773,0,0,0
6 x 2048 B,24,435,1981998,9704792,19904226,1982490,0,0,0
6 x 2048 B,25,435,1986291,9725869,19904226,1986798,0,0,0
6 x 2048 B,26,435,1981894,9705575,19904226,1982394,0,0,0
6 x 2048 B,27,435,1986697,9721909,19904226,1987195,0,0,0
6 x 2048 B,28,435,1986849,9726018,19904226,1987349,0,0,0
6 x 2048 B,29,435,1981566,9702991,19904226,1982066,0,0,0
6 x 2048 B,30,435,2361359,9706398,19904227,2361873,0,0,0
6 x 2048 B,31,435,1983988,9713095,19904226,1984501,0,0,0
8 x 2048 B,0,329,1999661,9793141,20058180,2000164,0,0,0
8 x 2048 B,1,329,1996822,9778626,20058180,1997318,0,0,0
8 x 2048 B,2,329,1997612,9782369,20058180,1998113,0,0,0
8 x 2048 B,3,329,2002582,9807044,20058180,2003078,0,0,0
8 x 2048 B,4,329,1996630,9778487,20058180,1997123,0,0,0
8 x 2048 B,5,329,2000738,9798124,20058180,2001237,0,0,0
8 x 2048 B,6,329,2000219,9792941,20058180,2000707,0,0,0
8 x 2048 B,7,329,2002107,9799028,20058180,2002617,0,0,0
8 x 2048 B,8,329,1997315,9781118,20058180,1997811,0,0,0
8 x 2048 B,9,329,1995709,9774003,20058180,1996202,0,0,0
8 x 2048 B,10,329,2000740,9797503,20058180,2001246,0,0,0
8 x 2048 B,11,329,2001305,9800194,20058180,2001827,0,0,0
8 x 2048 B,12,329,2001070,9800400,20058180,2001562,0,0,0
8 x 2048 B,13,329,1998256,9785121,20058180,1998753,0,0,0
8 x 2048 B,14,329,2002735,9805829,20058180,2003240,0,0,0
8 x 2048 B,15,329,1999876,9790633,20058180,2000381,0,0,0
8 x 2048 B,16,329,1998863,9788286,20058180,1999360,0,0,0
8 x 2048 B,17,329,2001336,9800579,20058180,2001828,0,0,0
8 x 2048 B,18,329,1995645,9771382,20058180,1996144,0,0,0
8 x 2048 B,19,329,1998598,9788090,20058180,1999090,0,0,0
8 x 2048 B,20,329,1998107,9785505,20058180,1998605,0,0,0
8 x 2048 B,21,329,2002408,9806407,20058180,2002900,0,0,0
8 x 2048 B,22,329,1997156,9778839,20058180,1997651,0,0,0
8 x 2048 B,23,329,1998950,9783350,20058180,1999518,0,0,0
8 x 2048 B,24,329,1999213,9788133,20058180,1999768,0,0,0
8 x 2048 B,25,329,2000965,9793813,20058180,2001826,0,0,0
8 x 2048 B,26,329,1999980,9789624,20058180,2000602,0,0,0
8 x 2048 B,27,329,2009678,9802913,20058180,2010505,0,0,0
8 x 2048 B,28,329,2007007,9790966,20058180,2004350,0,0,0
8 x 2048 B,29,329,2007723,9789421,20058180,2002936,0,0,0
8 x 2048 B,30,329,1998979,9790597,20058180,1999483,0,0,0
8 x 2048 B,31,329,1997749,9782952,20058180,1998243,0,0,0
12 x 2048 B,0,220,2008648,9826238,20105286,2009182,0,0,0
12 x 2048 B,1,220,2004835,9817470,20105286,2005331,0,0,0
12 x 2048 B,2,220,2005965,9816918,20105286,2006525,0,0,0
12 x 2048 B,3,220,2001749,9803556,20105286,2002247,0,0,0
12 x 2048 B,4,220,2001728,9801725,20105286,2002230,0,0,0
12 x 2048 B,5,220,2367250,9804940,20105286,2367759,0,0,0
12 x 2048 B,6,220,2006008,9820548,20105286,2006537,0,0,0
12 x 2048 B,7,220,2004214,9814554,20105286,2004739,0,0,0
12 x 2048 B,8,220,2005916,9822071,20105286,2006419,0,0,0
12 x 2048 B,9,220,2002976,9809662,20105286,2003478,0,0,0
12 x 2048 B,10,220,2004950,9817509,20105286,2005458,0,0,0
12 x 2048 B,11,220,2000917,9799564,20105286,2001411,0,0,0
12 x 2048 B,12,220,2002342,9800832,20105286,2002851,0,0,0
12 x 2048 B,13,220,2013781,9821949,20105286,2007851,0,0,0
12 x 2048 B,14,220,2002077,9801541,20105286,2002578,0,0,0
12 x 2048 B,15,220,2002491,9807267,20105286,2002992,0,0,0
12 x 2048 B,16,220,2007306,9810895,20105286,2006328,0,0,0
12 x 2048 B,17,220,2005898,9821753,20105286,2006389,0,0,0
12 x 2048 B,18,220,2011992,9812189,20105286,2012493,0,0,0
12 x 2048 B,19,220,2001636,9800310,20105286,2002129,0,0,0
12 x 2048 B,20,220,2004205,9809428,20105286,2004706,0,0,0
12 x 2048 B,21,220,2003209,9810715,20105286,2003705,0,0,0
12 x 2048 B,22,220,2006182,9823667,20105286,2006687,0,0,0
12 x 2048 B,23,220,2004521,9816922,20105286,2005025,0,0,0
12 x 2048 B,24,220,2003548,9811110,20105286,2004043,0,0,0
12 x 2048 B,25,220,2031271,9815387,20105286,2031808,0,0,0
12 x 2048 B,26,220,2050409,9834584,20105286,2050984,0,0,0
12 x 2048 B,27,220,2012726,9799169,20105286,2012110,0,0,0
12 x 2048 B,28,220,2005458,9795181,20105286,2006022,0,0,0
12 x 2048 B,29,220,2011334,9829090,20105286,2011840,0,0,0
12 x 2048 B,30,220,2017106,9831537,20105286,2017673,0,0,0
12 x 2048 B,31,220,2003552,9809740,20105286,2004210,0,0,0
16 x 2048 B,0,164,2010105,9796875,19976550,2011299,0,0,0
16 x 2048 B,1,164,2000487,9777885,19976550,2001217,0,0,0
16 x 2048 B,2,164,1996371,9773811,19976550,1996884,0,0,0
16 x 2048 B,3,164,2004985,9768326,19976550,1999515,0,0,0
16 x 2048 B,4,164,1995506,9764631,19976550,1996011,0,0,0
16 x 2048 B,5,164,1994470,9762210,19976550,1994975,0,0,0
16 x 2048 B,6,164,1991538,9752036,19976550,1992037,0,0,0
16 x 2048 B,7,164,1995280,9770583,19976550,1995777,0,0,0
16 x 2048 B,8,164,1997999,9774936,19976550,1998491,0,0,0
16 x 2048 B,9,164,1995857,9770498,19976550,1996360,0,0,0
16 x 2048 B,10,164,1993440,9759131,19976550,1993936,0,0,0
16 x 2048 B,11,164,1995137,9765807,19976550,1995633,0,0,0
16 x 2048 B,12,164,1993990,9764224,19976550,1994488,0,0,0
16 x 2048 B,13,164,1996305,9775605,19976550,1996802,0,0,0
16 x 2048 B,14,164,2359575,9756029,19976551,2360067,0,0,0
16 x 2048 B,15,164,1998643,9781822,19976550,1999142,0,0,0
16 x 2048 B,16,164,1996696,9777913,19976550,1997196,0,0,0
16 x 2048 B,17,164,1993634,9762012,19976550,1994129,0,0,0
16 x 2048 B,18,164,1992886,9759597,19976550,1993391,0,0,0
16 x 2048 B,19,164,1998477,9776851,19976550,1998999,0,0,0
16 x 2048 B,20,164,1998041,9779398,19976550,1998568,0,0,0
16 x 2048 B,21,164,1994811,9767861,19976550,1995319,0,0,0
16 x 2048 B,22,164,1992033,9755932,19976550,1992548,0,0,0
16 x 2048 B,23,164,1992834,9758426,19976550,1993329,0,0,0
16 x 2048 B,24,164,1995253,9770235,19976550,1995754,0,0,0
16 x 2048 B,25,164,1996867,9774915,19976550,1997364,0,0,0
16 x 2048 B,26,164,1993331,9762259,19976550,1993828,0,0,0
16 x 2048 B,27,164,1995175,9769504,19976550,1995670,0,0,0
16 x 2048 B,28,164,1995584,9773611,19976550,1996088,0,0,0
16 x 2048 B,29,164,1996166,9773701,19976550,1996667,0,0,0
16 x 2048 B,30,164,1997675,9783536,19976550,1998171,0,0,0
16 x 2048 B,31,164,1994804,9765315,19976550,1995303,0,0,0
24 x 2048 B,0,110,2004766,9816798,20091426,2005289,0,0,0
24 x 2048 B,1,110,2005224,9821013,20091426,2005719,0,0,0
24 x 2048 B,2,110,2006989,9826687,20091426,2007484,0,0,0
24 x 2048 B,3,110,2002630,9805540,20091426,2003150,0,0,0
24 x 2048 B,4,110,2005289,9815122,20091426,2005856,0,0,0
24 x 2048 B,5,110,2009065,9812704,20091426,2009644,0,0,0
24 x 2048 B,6,110,2011822,9844046,20091426,2012564,0,0,0
24 x 2048 B,7,110,2010609,9823121,20091426,2011267,0,0,0
24 x 2048 B,8,110,2011455,9818573,20091426,2012136,0,0,0
24 x 2048 B,9,110,2013989,9806954,20091426,2009752,0,0,0
24 x 2048 B,10,110,2011234,9809066,20091426,2006531,0,0,0
24 x 2048 B,11,110,2004631,9814413,20091426,2005146,0,0,0
24 x 2048 B,12,110,2295832,9811537,20091426,2296494,0,0,0
24 x 2048 B,13,110,2006382,9815954,20091426,2006891,0,0,0
24 x 2048 B,14,110,2003931,9813249,20091426,2004438,0,0,0
24 x 2048 B,15,110,2002279,9804944,20091426,2002795,0,0,0
24 x 2048 B,16,110,2003763,9812529,20091426,2004268,0,0,0
24 x 2048 B,17,110,2006074,9801478,20091426,2006645,0,0,0
24 x 2048 B,18,110,2004369,9814201,20091426,2004877,0,0,0
24 x 2048 B,19,110,2003369,9807693,20091426,2003881,0,0,0
24 x 2048 B,20,110,2004648,9813803,20091426,2005169,0,0,0
24 x 2048 B,21,110,2003475,9812445,20091426,2004030,0,0,0
24 x 2048 B,22,110,2369229,9812711,20091426,2369757,0,0,0
24 x 2048 B,23,110,2006966,9829445,20091426,2007469,0,0,0
24 x 2048 B,24,110,2002222,9804714,20091426,2002729,0,0,0
24 x 2048 B,25,110,2004230,9816034,20091426,2004746,0,0,0
24 x 2048 B,26,110,2004949,9817374,20091426,2005510,0,0,0
24 x 2048 B,27,110,2004808,9818345,20091426,2005302,0,0,0
24 x 2048 B,28,110,2002051,9804212,20091426,2002551,0,0,0
24 x 2048 B,29,110,2001303,9801585,20091426,2001807,0,0,0
24 x 2048 B,30,110,2004746,9815259,20091426,2005242,0,0,0
24 x 2048 B,31,110,2002757,9807508,20091426,2003253,0,0,0
64 x 2048 B,0,42,2040244,9989185,20447898,2040796,0,0,0
64 x 2048 B,1,42,2038411,9982094,20447898,2038914,0,0,0
64 x 2048 B,2,42,2039152,9982579,20447898,2039663,0,0,0
64 x 2048 B,3,42,2036657,9971215,20447898,2037156,0,0,0
64 x 2048 B,4,42,2042494,9997255,20447898,2043008,0,0,0
64 x 2048 B,5,42,2403108,9983600,20447898,2403608,0,0,0
64 x 2048 B,6,42,2039356,9985298,20447898,2039856,0,0,0
64 x 2048 B,7,42,2036533,9973268,20447898,2037032,0,0,0
64 x 2048 B,8,42,2040225,9983535,20447898,2040744,0,0,0
64 x 2048 B,9,42,2104902,9995668,20447898,2044931,0,0,0
64 x 2048 B,10,42,2045954,10002833,20447898,2046478,0,0,0
64 x 2048 B,11,42,2046863,9980031,20447899,2047433,0,0,0
64 x 2048 B,12,42,2043678,9997576,20447898,2044412,0,0,0
64 x 2048 B,13,42,2423209,9988033,20447898,2423923,0,0,0
64 x 2048 B,14,42,2050887,9980796,20447898,2048841,0,0,0
64 x 2048 B,15,42,2045315,9994440,20447898,2044244,0,0,0
64 x 2048 B,16,42,2046482,9974792,20447898,2042097,0,0,0
64 x 2048 B,17,42,2039492,9981252,20447898,2039998,0,0,0
64 x 2048 B,18,42,2038246,9975779,20447898,2038768,0,0,0
64 x 2048 B,19,42,2042269,10000539,20447898,2042789,0,0,0
64 x 2048 B,20,42,2040206,9989641,20447898,2040724,0,0,0
64 x 2048 B,21,42,2411439,9994556,20447899,2411966,0,0,0
64 x 2048 B,22,42,2037634,9978142,20447898,2038132,0,0,0
64 x 2048 B,23,42,2039060,9983834,20447898,2039565,0,0,0
64 x 2048 B,24,42,2042512,9979441,20447898,2043020,0,0,0
64 x 2048 B,25,42,2039156,9981658,20447898,2039666,0,0,0
64 x 2048 B,26,42,2037733,9974778,20447898,2038243,0,0,0
64 x 2048 B,27,42,2038922,9983959,20447898,2039421,0,0,0
64 x 2048 B,28,42,2038733,9983849,20447898,2039238,0,0,0
64 x 2048 B,29,42,2413765,9995288,20447898,2414274,0,0,0
64 x 2048 B,30,42,2037566,9976077,20447898,2038071,0,0,0
64 x 2048 B,31,42,2041653,9994531,20447898,2042167,0,0,0
128 x 2048 B,0,21,2040394,9990943,20445252,2040942,0,0,0
128 x 2048 B,1,21,2040382,9988675,20445252,2040908,0,0,0
128 x 2048 B,2,21,2037973,9979161,20445252,2038469,0,0,0
128 x 2048 B,3,21,2036908,9974239,20445252,2037415,0,0,0
128 x 2048 B,4,21,2399894,9971810,20445252,2400405,0,0,0
128 x 2048 B,5,21,2038787,9985455,20445252,2039297,0,0,0
128 x 2048 B,6,21,2036356,9971396,20445252,2036846,0,0,0
128 x 2048 B,7,21,2035328,9967195,20445252,2035843,0,0,0
128 x 2048 B,8,21,2037425,9974368,20445252,2037922,0,0,0
128 x 2048 B,9,21,2035207,9964127,20445252,2035717,0,0,0
128 x 2048 B,10,21,2040351,9987125,20445253,2040876,0,0,0
128 x 2048 B,11,21,2037487,9977217,20445252,2037998,0,0,0
128 x 2048 B,12,21,2401746,9978030,20445252,2402241,0,0,0
128 x 2048 B,13,21,2036845,9974297,20445252,2037347,0,0,0
128 x 2048 B,14,21,2035448,9967415,20445252,2035953,0,0,0
128 x 2048 B,15,21,2038564,9981602,20445252,2039084,0,0,0
128 x 2048 B,16,21,2043828,9996581,20445252,2044358,0,0,0
128 x 2048 B,17,21,2045277,10001712,20445252,2046062,0,0,0
128 x 2048 B,18,21,2041993,9998302,20445252,2042568,0,0,0
128 x 2048 B,19,21,2047043,9995125,20445252,2047889,0,0,0
128 x 2048 B,20,21,2052823,10002266,20445252,2050596,0,0,0
128 x 2048 B,21,21,2045188,9966838,20445252,2041003,0,0,0
128 x 2048 B,22,21,2038609,9979313,20445252,2039122,0,0,0
128 x 2048 B,23,21,2036281,9970976,20445252,2036807,0,0,0
128 x 2048 B,24,21,2036701,9972278,20445252,2037211,0,0,0
128 x 2048 B,25,21,2037200,9973749,20445252,2037695,0,0,0
128 x 2048 B,26,21,2039674,9986744,20445252,2041834,0,0,0
128 x 2048 B,27,21,2037989,9979345,20445252,2038494,0,0,0
128 x 2048 B,28,21,2406394,9972160,20445252,2406903,0,0,0
128 x 2048 B,29,21,2037157,9976248,20445252,2037662,0,0,0
128 x 2048 B,30,21,2038172,9980827,20445252,2038710,0,0,0
128 x 2048 B,31,21,2038036,9980069,20445252,2038537,0,0,0
129 x 2048 B,0,21,2054143,10055394,20604957,2054716,0,0,0
129 x 2048 B,1,21,2053901,10057742,20604957,2054395,0,0,0
129 x 2048 B,2,21,2053112,10054272,20604957,2053629,0,0,0
129 x 2048 B,3,21,2054802,10054371,20604958,2055320,0,0,0
129 x 2048 B,4,21,2061619,10058654,20604957,2057091,0,0,0
129 x 2048 B,5,21,2053228,10052484,20604957,2053753,0,0,0
129 x 2048 B,6,21,2059052,10075089,20604957,2059581,0,0,0
129 x 2048 B,7,21,2052131,10047193,20604957,2052639,0,0,0
129 x 2048 B,8,21,2053446,10049975,20604957,2053968,0,0,0
129 x 2048 B,9,21,2056038,10069317,20604957,2056539,0,0,0
129 x 2048 B,10,21,2053983,10057736,20604957,2054496,0,0,0
129 x 2048 B,11,21,2420088,10072729,20604957,2420598,0,0,0
129 x 2048 B,12,21,2057000,10055774,20604957,2057505,0,0,0
129 x 2048 B,13,21,2052644,10052090,20604957,2053145,0,0,0
129 x 2048 B,14,21,2059584,10077274,20604958,2060111,0,0,0
129 x 2048 B,15,21,2052980,10051065,20604957,2053485,0,0,0
129 x 2048 B,16,21,2055712,10063513,20604957,2056232,0,0,0
129 x 2048 B,17,21,2051938,10047393,20604957,2052451,0,0,0
129 x 2048 B,18,21,2055126,10060777,20604957,2055667,0,0,0
129 x 2048 B,19,21,2414297,10050398,20604957,2414826,0,0,0
129 x 2048 B,20,21,2057672,10071211,20604957,2058194,0,0,0
129 x 2048 B,21,21,2054186,10054566,20604957,2054803,0,0,0
129 x 2048 B,22,21,2064332,10067675,20604957,2064851,0,0,0
129 x 2048 B,23,21,2075466,10139285,20604957,2076249,0,0,0
129 x 2048 B,24,21,2053514,10051034,20604957,2054162,0,0,0
129 x 2048 B,25,21,2069641,10055232,20604958,2066650,0,0,0
129 x 2048 B,26,21,2067517,10063268,20604957,2061295,0,0,0
129 x 2048 B,27,21,2055040,10047279,20604957,2055620,0,0,0
129 x 2048 B,28,21,2056207,10064878,20604957,2056842,0,0,0
129 x 2048 B,29,21,2057113,10067035,20604957,2057656,0,0,0
129 x 2048 B,30,21,2080129,10181796,20604957,2080646,0,0,0
129 x 2048 B,31,21,2053936,10053390,20604957,2054465,0,0,0
1024 x 2048 B,0,3,2333326,11409966,23363304,2335055,0,0,0
1024 x 2048 B,1,3,2338361,11398114,23363304,2332785,0,0,0
1024 x 2048 B,2,3,2333090,11407438,23363305,2333793,0,0,0
1024 x 2048 B,3,3,2332227,11409666,23363304,2332948,0,0,0
1024 x 2048 B,4,3,2332539,11398233,23363304,2333294,0,0,0
1024 x 2048 B,5,3,2333184,11410381,23363305,2333884,0,0,0
1024 x 2048 B,6,3,2328948,11400388,23363304,2329703,0,0,0
1024 x 2048 B,7,3,2328719,11399992,23363304,2329489,0,0,0
1024 x 2048 B,8,3,2703236,11425914,23363305,2704011,0,0,0
1024 x 2048 B,9,3,2328237,11397590,23363304,2328974,0,0,0
1024 x 2048 B,10,3,2331007,11401970,23363305,2331709,0,0,0
1024 x 2048 B,11,3,2330972,11408981,23363310,2331796,0,0,0
1024 x 2048 B,12,3,2328468,11396719,23363310,2329223,0,0,0
1024 x 2048 B,13,3,2335536,11421503,23363305,2336265,0,0,0
1024 x 2048 B,14,3,2329658,11402035,23363304,2330377,0,0,0
1024 x 2048 B,15,3,2697279,11406674,23363305,2698014,0,0,0
1024 x 2048 B,16,3,2329268,11398367,23363304,2330016,0,0,0
1024 x 2048 B,17,3,2328683,11392810,23363304,2329435,0,0,0
1024 x 2048 B,18,3,2331823,11407537,23363305,2332556,0,0,0
1024 x 2048 B,19,3,2328034,11395616,23363304,2328763,0,0,0
1024 x 2048 B,20,3,2331592,11409661,23363304,2332320,0,0,0
1024 x 2048 B,21,3,2328242,11391111,23363305,2328939,0,0,0
1024 x 2048 B,22,3,2696076,11411924,23363305,2696864,0,0,0
1024 x 2048 B,23,3,2336632,11424737,23363304,2337498,0,0,0
1024 x 2048 B,24,3,2334201,11424754,23363304,2335325,0,0,0
1024 x 2048 B,25,3,2347686,11468605,23363305,2348766,0,0,0
1024 x 2048 B,26,3,2367724,11491931,23363304,2364715,0,0,0
1024 x 2048 B,27,3,2422800,11688443,23363304,2417253,0,0,0
1024 x 2048 B,28,3,2345146,11414195,23363305,2339726,0,0,0
1024 x 2048 B,29,3,2500044,11400721,23363304,2501003,0,0,0
1024 x 2048 B,30,3,2332084,11398892,23363305,2333012,0,0,0
1024 x 2048 B,31,3,2331135,11411034,23363304,2331857,0,0,0
1 x 2047 B,0,1308,1969445,9644958,20182806,1969970,0,0,0
1 x 2047 B,1,1308,1971855,9650494,20182806,1972353,0,0,0
1 x 2047 B,2,1308,1969796,9646164,20182806,1970278,0,0,0
1 x 2047 B,3,1308,1971746,9648395,20182806,1972252,0,0,0
1 x 2047 B,4,1308,2335764,9644247,20182806,2336274,0,0,0
1 x 2047 B,5,1308,1974262,9651258,20182806,1974767,0,0,0
1 x 2047 B,6,1308,1969252,9642665,20182806,1969745,0,0,0
1 x 2047 B,7,1308,1972575,9651814,20182806,1973079,0,0,0
1 x 2047 B,8,1308,1969304,9643446,20182806,1969777,0,0,0
1 x 2047 B,9,1308,1969479,9643140,20182806,1969977,0,0,0
1 x 2047 B,10,1308,1973500,9653755,20182806,1974001,0,0,0
1 x 2047 B,11,1308,1970293,9648454,20182806,1970793,0,0,0
1 x 2047 B,12,1308,2340447,9647192,20182806,2340965,0,0,0
1 x 2047 B,13,1308,1970438,9647798,20182806,1970942,0,0,0
1 x 2047 B,14,1308,1971845,9650687,20182806,1972347,0,0,0
1 x 2047 B,15,1308,1969949,9645463,20182806,1970474,0,0,0
1 x 2047 B,16,1308,1970666,9648433,20182806,1971162,0,0,0
1 x 2047 B,17,1308,1971777,9647788,20182806,1972297,0,0,0
1 x 2047 B,18,1308,1973503,9648631,20182806,1973986,0,0,0
1 x 2047 B,19,1308,1969988,9647960,20182806,1970481,0,0,0
1 x 2047 B,20,1308,2338250,9648109,20182806,2338771,0,0,0
1 x 2047 B,21,1308,1970467,9649227,20182806,1970968,0,0,0
1 x 2047 B,22,1308,1970645,9648883,20182806,1971146,0,0,0
1 x 2047 B,23,1308,1970884,9650056,20182806,1971381,0,0,0
1 x 2047 B,24,1308,1970689,9648771,20182806,1971187,0,0,0
1 x 2047 B,25,1308,1971210,9648398,20182806,1971715,0,0,0
1 x 2047 B,26,1308,1980181,9648734,20182806,1976367,0,0,0
1 x 2047 B,27,1308,1999021,9649984,20182806,1999522,0,0,0
1 x 2047 B,28,1308,1984789,9651992,20182806,1985453,0,0,0
1 x 2047 B,29,1308,1984792,9653540,20182806,1985298,0,0,0
1 x 2047 B,30,1308,1975633,9662930,20182806,1976398,0,0,0
1 x 2047 B,31,1308,1974906,9653452,20182806,1975604,0,0,0
3 x 2047 B,0,443,2002273,9756103,20395200,1997607,0,0,0
3 x 2047 B,1,443,2003497,9750477,20395200,1997570,0,0,0
3 x 2047 B,2,443,1992391,9754470,20395200,1992897,0,0,0
3 x 2047 B,3,443,1992039,9754517,20395200,1992541,0,0,0
3 x 2047 B,4,443,2365130,9758522,20395201,2365651,0,0,0
3 x 2047 B,5,443,1992315,9753487,20395200,1992817,0,0,0
3 x 2047 B,6,443,1991882,9752330,20395200,1992402,0,0,0
3 x 2047 B,7,443,1997060,9755079,20395200,1997560,0,0,0
3 x 2047 B,8,443,1992255,9753544,20395200,1992773,0,0,0
3 x 2047 B,9,443,1994795,9753527,20395200,1995302,0,0,0
3 x 2047 B,10,443,1992246,9754204,20395200,1992747,0,0,0
3 x 2047 B,11,443,1992504,9754209,20395200,1993004,0,0,0
3 x 2047 B,12,443,2361323,9752330,20395200,2361855,0,0,0
3 x 2047 B,13,443,1992505,9753739,20395200,1993004,0,0,0
3 x 2047 B,14,443,1991325,9751107,20395200,1991829,0,0,0
3 x 2047 B,15,443,1993060,9757787,20395200,1993566,0,0,0
3 x 2047 B,16,443,1992879,9756454,20395200,1993393,0,0,0
3 x 2047 B,17,443,1992722,9751439,20395200,1993221,0,0,0
3 x 2047 B,18,443,1993093,9754098,20395200,1993585,0,0,0
3 x 2047 B,19,443,1991957,9752910,20395200,1992466,0,0,0
3 x 2047 B,20,443,2359454,9752099,20395200,2359960,0,0,0
3 x 2047 B,21,443,1992659,9754781,20395200,1993160,0,0,0
3 x 2047 B,22,443,1992688,9754799,20395200,1993190,0,0,0
3 x 2047 B,23,443,1991803,9752923,20395200,1992302,0,0,0
3 x 2047 B,24,443,1994056,9758335,20395200,1994578,0,0,0
3 x 2047 B,25,443,1992496,9753375,20395200,1993006,0,0,0
3 x 2047 B,26,443,1993009,9754753,20395200,1993513,0,0,0
3 x 2047 B,27,443,1991957,9753607,20395200,1992465,0,0,0
3 x 2047 B,28,443,1992092,9753911,20395200,1992595,0,0,0
3 x 2047 B,29,443,2357175,9754329,20395201,2357691,0,0,0
3 x 2047 B,30,443,1991960,9753800,20395200,1992503,0,0,0
3 x 2047 B,31,443,1991684,9752479,20395200,1992187,0,0,0
4 x 2047 B,0,333,1995941,9766137,20427252,1996477,0,0,0
4 x 2047 B,1,333,1995601,9768640,20427252,1996147,0,0,0
4 x 2047 B,2,333,2009060,9770228,20427252,2009584,0,0,0
4 x 2047 B,3,333,2003806,9786201,20427252,2004521,0,0,0
4 x 2047 B,4,333,1997989,9770829,20427252,1998739,0,0,0
4 x 2047 B,5,333,2009475,9785627,20427252,2010369,0,0,0
4 x 2047 B,6,333,2003221,9769254,20427252,2000408,0,0,0
4 x 2047 B,7,333,2014568,9771687,20427252,2010029,0,0,0
4 x 2047 B,8,333,1995224,9769340,20427252,1995717,0,0,0
4 x 2047 B,9,333,1996200,9768608,20427252,1996707,0,0,0
4 x 2047 B,10,333,1995184,9769793,20427252,1995688,0,0,0
4 x 2047 B,11,333,1995108,9769109,20427252,1995612,0,0,0
4 x 2047 B,12,333,2366260,9767878,20427252,2366756,0,0,0
4 x 2047 B,13,333,1996168,9771707,20427252,1996680,0,0,0
4 x 2047 B,14,333,1995807,9772900,20427252,1996314,0,0,0
4 x 2047 B,15,333,1996870,9773473,20427252,1997392,0,0,0
4 x 2047 B,16,333,1995027,9767670,20427252,1995545,0,0,0
4 x 2047 B,17,333,1994522,9765803,20427252,1995029,0,0,0
4 x 2047 B,18,333,1995536,9769280,20427252,1996057,0,0,0
4 x 2047 B,19,333,1995113,9768422,20427252,1995619,0,0,0
4 x 2047 B,20,333,2363318,9767795,20427252,2363812,0,0,0
4 x 2047 B,21,333,1994219,9766408,20427252,1994721,0,0,0
4 x 2047 B,22,333,2000286,9766188,20427252,1996865,0,0,0
4 x 2047 B,23,333,1995063,9768027,20427252,1995561,0,0,0
4 x 2047 B,24,333,1999324,9765385,20427252,1999832,0,0,0
4 x 2047 B,25,333,1995511,9768450,20427252,1996026,0,0,0
4 x 2047 B,26,333,1994859,9767878,20427252,1995367,0,0,0
4 x 2047 B,27,333,1995135,9768698,20427252,1995629,0,0,0
4 x 2047 B,28,333,2365011,9774925,20427253,2365552,0,0,0
4 x 2047 B,29,333,1994023,9765560,20427252,1994524,0,0,0
4 x 2047 B,30,333,1995590,9768470,20427252,1996087,0,0,0
4 x 2047 B,31,333,1994333,9765475,20427252,1994839,0,0,0
6 x 2047 B,0,223,2002785,9803561,20505216,2003315,0,0,0
6 x 2047 B,1,223,2003666,9810024,20505216,2004166,0,0,0
6 x 2047 B,2,223,2001625,9803366,20505216,2002125,0,0,0
6 x 2047 B,3,223,2369054,9805019,20505216,2369555,0,0,0
6 x 2047 B,4,223,2002226,9805784,20505216,2002717,0,0,0
6 x 2047 B,5,223,2003679,9810404,20505216,2004176,0,0,0
6 x 2047 B,6,223,2002154,9803298,20505216,2002647,0,0,0
6 x 2047 B,7,223,2003537,9808552,20505216,2004047,0,0,0
6 x 2047 B,8,223,2004509,9804955,20505216,2005016,0,0,0
6 x 2047 B,9,223,2005908,9808717,20505216,2006665,0,0,0
6 x 2047 B,10,223,2006587,9816731,20505216,2007425,0,0,0
6 x 2047 B,11,223,2008284,9820405,20505216,2009101,0,0,0
6 x 2047 B,12,223,2024431,9806844,20505216,2022517,0,0,0
6 x 2047 B,13,223,2014548,9805501,20505216,2008143,0,0,0
6 x 2047 B,14,223,2004169,9811052,20505216,2004671,0,0,0
6 x 2047 B,15,223,2004527,9809012,20505216,2005032,0,0,0
6 x 2047 B,16,223,2003425,9806634,20505216,2003945,0,0,0
6 x 2047 B,17,223,2003249,9803385,20505216,2003780,0,0,0
6 x 2047 B,18,223,2002865,9807568,20505216,2003375,0,0,0
6 x 2047 B,19,223,2002901,9807501,20505216,2003408,0,0,0
6 x 2047 B,20,223,2375586,9806957,20505217,2376103,0,0,0
6 x 2047 B,21,223,2003406,9808890,20505216,2003967,0,0,0
6 x 2047 B,22,223,2003049,9808017,20505216,2003561,0,0,0
6 x 2047 B,23,223,2003151,9806184,20505216,2003659,0,0,0
6 x 2047 B,24,223,2003488,9806730,20505216,2004028,0,0,0
6 x 2047 B,25,223,2005320,9806857,20505216,2005838,0,0,0
6 x 2047 B,26,223,2002448,9805200,20505216,2002949,0,0,0
6 x 2047 B,27,223,2003556,9805879,20505216,2004064,0,0,0
6 x 2047 B,28,223,2003390,9805893,20505216,2003890,0,0,0
6 x 2047 B,29,223,2003008,9806550,20505216,2003528,0,0,0
6 x 2047 B,30,223,2003293,9805800,20505216,2003796,0,0,0
6 x 2047 B,31,223,2002924,9806725,20505216,2003431,0,0,0
8 x 2047 B,0,167,1999793,9790174,20467552,2000317,0,0,0
8 x 2047 B,1,167,1999207,9787101,20467552,1999720,0,0,0
8 x 2047 B,2,167,2000115,9790354,20467552,2000624,0,0,0
8 x 2047 B,3,167,2359465,9783309,20467552,2359983,0,0,0
8 x 2047 B,4,167,1999681,9791369,20467552,2000208,0,0,0
8 x 2047 B,5,167,1998669,9786377,20467552,1999168,0,0,0
8 x 2047 B,6,167,1999313,9789721,20467552,1999810,0,0,0
8 x 2047 B,7,167,1999384,9788736,20467552,1999886,0,0,0
8 x 2047 B,8,167,1999181,9787708,20467552,1999691,0,0,0
8 x 2047 B,9,167,1999584,9786791,20467552,2000089,0,0,0
8 x 2047 B,10,167,1999515,9790953,20467552,2000014,0,0,0
8 x 2047 B,11,167,1998544,9787436,20467552,1999050,0,0,0
8 x 2047 B,12,167,2369362,9792259,20467552,2369855,0,0,0
8 x 2047 B,13,167,1998602,9786399,20467552,1999098,0,0,0
8 x 2047 B,14,167,2006769,9795443,20467552,2007338,0,0,0
8 x 2047 B,15,167,2005431,9789047,20467552,2005993,0,0,0
8 x 2047 B,16,167,2002265,9795773,20467552,2003087,0,0,0
8 x 2047 B,17,167,2001838,9793872,20467552,2002608,0,0,0
8 x 2047 B,18,167,2006034,9793304,20467552,2006698,0,0,0
8 x 2047 B,19,167,2004582,9791727,20467555,2005144,0,0,0
8 x 2047 B,20,167,2129740,9790289,20467552,2126090,0,0,0
8 x 2047 B,21,167,1998598,9786099,20467552,1999097,0,0,0
8 x 2047 B,22,167,1999250,9789653,20467552,1999749,0,0,0
8 x 2047 B,23,167,1999833,9787498,20467552,2000353,0,0,0
8 x 2047 B,24,167,2000890,9794807,20467552,2001400,0,0,0
8 x 2047 B,25,167,1998990,9786037,20467552,1999510,0,0,0
8 x 2047 B,26,167,2001897,9789693,20467552,2002414,0,0,0
8 x 2047 B,27,167,1998323,9786437,20467552,1998824,0,0,0
8 x 2047 B,28,167,2363428,9793298,20467553,2363920,0,0,0
8 x 2047 B,29,167,1998126,9786446,20467552,1998629,0,0,0
8 x 2047 B,30,167,1999592,9789533,20467552,2000097,0,0,0
8 x 2047 B,31,167,1999778,9791478,20467552,2000290,0,0,0
12 x 2047 B,0,112,2009226,9837777,20583054,2009761,0,0,0
12 x 2047 B,1,112,2010286,9841288,20583054,2010792,0,0,0
12 x 2047 B,2,112,2008177,9834886,20583054,2008683,0,0,0
12 x 2047 B,3,112,2371941,9840322,20583054,2372443,0,0,0
12 x 2047 B,4,112,2008280,9835714,20583054,2008764,0,0,0
12 x 2047 B,5,112,2012602,9852703,20583054,2013158,0,0,0
12 x 2047 B,6,112,2019530,9847575,20583054,2020061,0,0,0
12 x 2047 B,7,112,2015422,9863357,20583054,2016360,0,0,0
12 x 2047 B,8,112,2013081,9846219,20583054,2013630,0,0,0
12 x 2047 B,9,112,2015886,9849372,20583054,2016777,0,0,0
12 x 2047 B,10,112,2011428,9843719,20583054,2012027,0,0,0
12 x 2047 B,11,112,2019102,9839781,20583054,2014290,0,0,0
12 x 2047 B,12,112,2010989,9842118,20583054,2011500,0,0,0
12 x 2047 B,13,112,2010122,9841924,20583054,2010626,0,0,0
12 x 2047 B,14,112,2010048,9840435,20583054,2010894,0,0,0
12 x 2047 B,15,112,2010514,9842389,20583054,2011027,0,0,0
12 x 2047 B,16,112,2010368,9837357,20583054,2010861,0,0,0
12 x 2047 B,17,112,2010324,9839649,20583054,2010828,0,0,0
12 x 2047 B,18,112,2007723,9833236,20583054,2008210,0,0,0
12 x 2047 B,19,112,2373877,9842929,20583055,2374386,0,0,0
12 x 2047 B,20,112,2009317,9839054,20583054,2009930,0,0,0
12 x 2047 B,21,112,2010000,9841384,20583054,2010718,0,0,0
12 x 2047 B,22,112,2011006,9841755,20583054,2011788,0,0,0
12 x 2047 B,23,112,2009816,9839542,20583054,2010421,0,0,0
12 x 2047 B,24,112,2017624,9852363,20583054,2018534,0,0,0
12 x 2047 B,25,112,2010511,9839845,20583054,2011078,0,0,0
12 x 2047 B,26,112,2017637,9837389,20583054,2013345,0,0,0
12 x 2047 B,27,112,2009435,9838095,20583054,2009946,0,0,0
12 x 2047 B,28,112,2009320,9839314,20583054,2009831,0,0,0
12 x 2047 B,29,112,2010831,9843175,20583054,2011395,0,0,0
12 x 2047 B,30,112,2010025,9842265,20583054,2010524,0,0,0
12 x 2047 B,31,112,2011595,9845751,20583054,2012117,0,0,0
16 x 2047 B,0,84,2012059,9849527,20579526,2012586,0,0,0
16 x 2047 B,1,84,2011895,9851410,20579526,2012396,0,0,0
16 x 2047 B,2,84,2011198,9849604,20579526,2011697,0,0,0
16 x 2047 B,3,84,2377853,9852779,20579527,2378359,0,0,0
16 x 2047 B,4,84,2013091,9855738,20579526,2013600,0,0,0
16 x 2047 B,5,84,2011786,9852187,20579526,2012288,0,0,0
16 x 2047 B,6,84,2012233,9853407,20579526,2012728,0,0,0
16 x 2047 B,7,84,2012202,9853543,20579526,2012702,0,0,0
16 x 2047 B,8,84,2012649,9855107,20579526,2013149,0,0,0
16 x 2047 B,9,84,2011877,9849553,20579526,2012371,0,0,0
16 x 2047 B,10,84,2011909,9852192,20579526,2012417,0,0,0
16 x 2047 B,11,84,2012486,9851558,20579526,2012985,0,0,0
16 x 2047 B,12,84,2011775,9850131,20579526,2012286,0,0,0
16 x 2047 B,13,84,2012233,9848409,20579526,2012727,0,0,0
16 x 2047 B,14,84,2012654,9849503,20579526,2013161,0,0,0
16 x 2047 B,15,84,2010993,9846363,20579526,2011505,0,0,0
16 x 2047 B,16,84,2041628,9845792,20579526,2038095,0,0,0
16 x 2047 B,17,84,2012862,9852996,20579526,2013375,0,0,0
16 x 2047 B,18,84,2011984,9851066,20579526,2012553,0,0,0
16 x 2047 B,19,84,2374486,9847269,20579526,2374987,0,0,0
16 x 2047 B,20,84,2012339,9851783,20579526,2012841,0,0,0
16 x 2047 B,21,84,2015922,9849158,20579526,2016429,0,0,0
16 x 2047 B,22,84,2011539,9850337,20579526,2012045,0,0,0
16 x 2047 B,23,84,2013242,9854514,20579526,2013743,0,0,0
16 x 2047 B,24,84,2013716,9853323,20579526,2014225,0,0,0
16 x 2047 B,25,84,2012226,9851891,20579526,2012727,0,0,0
16 x 2047 B,26,84,2012624,9854539,20579526,2013213,0,0,0
16 x 2047 B,27,84,2014095,9859938,20579526,2014622,0,0,0
16 x 2047 B,28,84,2016015,9866435,20579526,2016781,0,0,0
16 x 2047 B,29,84,2014396,9854753,20579526,2015297,0,0,0
16 x 2047 B,30,84,2016210,9863081,20579526,2017007,0,0,0
16 x 2047 B,31,84,2014043,9852405,20579526,2014615,0,0,0
24 x 2047 B,0,56,2012177,9850419,20575998,2012777,0,0,0
24 x 2047 B,1,56,2011718,9848836,20575998,2012211,0,0,0
24 x 2047 B,2,56,2012387,9848093,20575998,2012890,0,0,0
24 x 2047 B,3,56,2010975,9847618,20575998,2011483,0,0,0
24 x 2047 B,4,56,2010974,9846959,20575998,2011472,0,0,0
24 x 2047 B,5,56,2011538,9849907,20575998,2012040,0,0,0
24 x 2047 B,6,56,2012906,9850118,20575998,2013465,0,0,0
24 x 2047 B,7,56,2011646,9848898,20575998,2012144,0,0,0
24 x 2047 B,8,56,2012090,9848475,20575998,2012588,0,0,0
24 x 2047 B,9,56,2015034,9849970,20575999,2015532,0,0,0
24 x 2047 B,10,56,2012653,9846753,20575999,2013219,0,0,0
24 x 2047 B,11,56,2383756,9848075,20575998,2384508,0,0,0
24 x 2047 B,12,56,2010878,9847846,20575998,2011380,0,0,0
24 x 2047 B,13,56,2011892,9851813,20575998,2012394,0,0,0
24 x 2047 B,14,56,2010967,9848334,20575998,2011458,0,0,0
24 x 2047 B,15,56,2011234,9848935,20575998,2011749,0,0,0
24 x 2047 B,16,56,2011585,9848645,20575998,2012083,0,0,0
24 x 2047 B,17,56,2012308,9851044,20575998,2012799,0,0,0
24 x 2047 B,18,56,2011694,9851125,20575998,2012189,0,0,0
24 x 2047 B,19,56,2011379,9848741,20575998,2011881,0,0,0
24 x 2047 B,20,56,2012286,9849690,20575998,2012781,0,0,0
24 x 2047 B,21,56,2011694,9848833,20575998,2012217,0,0,0
24 x 2047 B,22,56,2011757,9850124,20575998,2012263,0,0,0
24 x 2047 B,23,56,2011342,9847955,20575998,2011847,0,0,0
24 x 2047 B,24,56,2012578,9851700,20575998,2013088,0,0,0
24 x 2047 B,25,56,2011639,9847475,20575998,2012147,0,0,0
24 x 2047 B,26,56,2011625,9850749,20575998,2012125,0,0,0
24 x 2047 B,27,56,2011171,9847958,20575998,2011671,0,0,0
24 x 2047 B,28,56,2010562,9846835,20575998,2011105,0,0,0
24 x 2047 B,29,56,2011398,9849563,20575998,2011896,0,0,0
24 x 2047 B,30,56,2010819,9847385,20575998,2011314,0,0,0
24 x 2047 B,31,56,2011370,9846932,20575998,2011869,0,0,0
64 x 2047 B,0,21,2010805,9844426,20571588,2011435,0,0,0
64 x 2047 B,1,21,2009894,9841141,20571588,2010460,0,0,0
64 x 2047 B,2,21,2012494,9849505,20571588,2013361,0,0,0
64 x 2047 B,3,21,2013318,9853990,20571588,2013985,0,0,0
64 x 2047 B,4,21,2023931,9843103,20571588,2021138,0,0,0
64 x 2047 B,5,21,2014903,9841453,20571588,2013764,0,0,0
64 x 2047 B,6,21,2015539,9837414,20571588,2012308,0,0,0
64 x 2047 B,7,21,2009846,9838362,20571588,2010350,0,0,0
64 x 2047 B,8,21,2009698,9837092,20571588,2010218,0,0,0
64 x 2047 B,9,21,2011220,9838151,20571588,2011725,0,0,0
64 x 2047 B,10,21,2011111,9840134,20571588,2011623,0,0,0
64 x 2047 B,11,21,2024583,9839344,20571588,2025085,0,0,0
64 x 2047 B,12,21,2009770,9839966,20571588,2010274,0,0,0
64 x 2047 B,13,21,2010299,9840942,20571588,2010811,0,0,0
64 x 2047 B,14,21,2017851,9838031,20571588,2018364,0,0,0
64 x 2047 B,15,21,2053282,9840354,20571589,2053853,0,0,0
64 x 2047 B,16,21,2018469,9842180,20571588,2014764,0,0,0
64 x 2047 B,17,21,2010742,9836986,20571588,2011265,0,0,0
64 x 2047 B,18,21,2009989,9840954,20571588,2010493,0,0,0
64 x 2047 B,19,21,2010491,9838555,20571588,2011011,0,0,0
64 x 2047 B,20,21,2010266,9842397,20571588,2010768,0,0,0
64 x 2047 B,21,21,2010336,9840884,20571588,2010847,0,0,0
64 x 2047 B,22,21,2009608,9839779,20571588,2010118,0,0,0
64 x 2047 B,23,21,2010236,9840490,20571588,2010742,0,0,0
64 x 2047 B,24,21,2009618,9840354,20571588,2010116,0,0,0
64 x 2047 B,25,21,2010880,9842309,20571588,2011383,0,0,0
64 x 2047 B,26,21,2009807,9841254,20571588,2010317,0,0,0
64 x 2047 B,27,21,2010953,9844125,20571588,2011456,0,0,0
64 x 2047 B,28,21,2009464,9839522,20571588,2009971,0,0,0
64 x 2047 B,29,21,2010091,9839636,20571588,2010604,0,0,0
64 x 2047 B,30,21,2009874,9841245,20571588,2010385,0,0,0
64 x 2047 B,31,21,2010549,9840896,20571588,2011052,0,0,0
128 x 2047 B,0,11,2104513,10304418,21549784,2105066,0,0,0
128 x 2047 B,1,11,2104613,10305686,21549784,2105112,0,0,0
128 x 2047 B,2,11,2104893,10304255,21549784,2105400,0,0,0
128 x 2047 B,3,11,2105686,10308672,21549784,2106196,0,0,0
128 x 2047 B,4,11,2104761,10306819,21549784,2105261,0,0,0
128 x 2047 B,5,11,2106988,10309100,21549785,2107495,0,0,0
128 x 2047 B,6,11,2106779,10315455,21549784,2107293,0,0,0
128 x 2047 B,7,11,2114210,10337472,21549784,2114821,0,0,0
128 x 2047 B,8,11,2113647,10344804,21549784,2114708,0,0,0
128 x 2047 B,9,11,2110655,10327687,21549784,2111705,0,0,0
128 x 2047 B,10,11,2116473,10313258,21549784,2115065,0,0,0
128 x 2047 B,11,11,2118670,10302136,21549784,2109485,0,0,0
128 x 2047 B,12,11,2104885,10304328,21549784,2105402,0,0,0
128 x 2047 B,13,11,2104875,10306794,21549784,2105410,0,0,0
128 x 2047 B,14,11,2107762,10311908,21549785,2108289,0,0,0
128 x 2047 B,15,11,2105745,10307322,21549784,2106264,0,0,0
128 x 2047 B,16,11,2105143,10307173,21549784,2105669,0,0,0
128 x 2047 B,17,11,2105315,10305674,21549784,2105877,0,0,0
128 x 2047 B,18,11,2474044,10306117,21549784,2474579,0,0,0
128 x 2047 B,19,11,2105911,10309467,21549784,2106422,0,0,0
128 x 2047 B,20,11,2106423,10309778,21549785,2106955,0,0,0
128 x 2047 B,21,11,2105407,10305328,21549784,2105909,0,0,0
128 x 2047 B,22,11,2104102,10303272,21549784,2104608,0,0,0
128 x 2047 B,23,11,2105138,10305020,21549784,2105637,0,0,0
128 x 2047 B,24,11,2104430,10304872,21549784,2104937,0,0,0
128 x 2047 B,25,11,2105379,10307489,21549784,2105879,0,0,0
128 x 2047 B,26,11,2105647,10307110,21549784,2106183,0,0,0
128 x 2047 B,27,11,2105569,10308179,21549784,2106078,0,0,0
128 x 2047 B,28,11,2104793,10306999,21549784,2105301,0,0,0
128 x 2047 B,29,11,2107401,10310441,21549785,2107989,0,0,0
128 x 2047 B,30,11,2105759,10308204,21549784,2106320,0,0,0
128 x 2047 B,31,11,2104783,10306684,21549784,2105292,0,0,0
129 x 2047 B,0,11,2121113,10386304,21718128,2121643,0,0,0
129 x 2047 B,1,11,2121383,10385457,21718128,2121882,0,0,0
129 x 2047 B,2,11,2120412,10383296,21718128,2120916,0,0,0
129 x 2047 B,3,11,2122619,10387191,21718129,2123120,0,0,0
129 x 2047 B,4,11,2121038,10383852,21718128,2121533,0,0,0
129 x 2047 B,5,11,2121676,10386810,21718128,2122190,0,0,0
129 x 2047 B,6,11,2120670,10385234,21718128,2121170,0,0,0
129 x 2047 B,7,11,2121216,10384950,21718128,2121718,0,0,0
129 x 2047 B,8,11,2120994,10383508,21718128,2121550,0,0,0
129 x 2047 B,9,11,2127339,10383525,21718128,2122986,0,0,0
129 x 2047 B,10,11,2120836,10383398,21718128,2121380,0,0,0
129 x 2047 B,11,11,2122823,10387468,21718129,2123343,0,0,0
129 x 2047 B,12,11,2121194,10382561,21718128,2121716,0,0,0
129 x 2047 B,13,11,2123661,10386615,21718128,2124520,0,0,0
129 x 2047 B,14,11,2122766,10389388,21718128,2123443,0,0,0
129 x 2047 B,15,11,2133863,10389795,21718128,2131038,0,0,0
129 x 2047 B,16,11,2131827,10383074,21718128,2125966,0,0,0
129 x 2047 B,17,11,2121618,10383056,21718128,2122162,0,0,0
129 x 2047 B,18,11,2120832,10385568,21718128,2121338,0,0,0
129 x 2047 B,19,11,2122918,10388197,21718129,2123469,0,0,0
129 x 2047 B,20,11,2121256,10382906,21718128,2121760,0,0,0
129 x 2047 B,21,11,2121654,10384664,21718128,2122184,0,0,0
129 x 2047 B,22,11,2121094,10386383,21718128,2121602,0,0,0
129 x 2047 B,23,11,2122045,10386916,21718128,2122552,0,0,0
129 x 2047 B,24,11,2485700,10383671,21718129,2486261,0,0,0
129 x 2047 B,25,11,2121540,10386400,21718128,2122263,0,0,0
129 x 2047 B,26,11,2120759,10385328,21718128,2121260,0,0,0
129 x 2047 B,27,11,2120257,10382561,21718128,2120755,0,0,0
129 x 2047 B,28,11,2121909,10384259,21718128,2122436,0,0,0
129 x 2047 B,29,11,2121814,10384257,21718128,2122335,0,0,0
129 x 2047 B,30,11,2120773,10385293,21718128,2121276,0,0,0
129 x 2047 B,31,11,2120834,10385278,21718128,2121334,0,0,0
1024 x 2047 B,0,2,3063710,14990648,31343211,3064886,0,0,0
1024 x 2047 B,1,2,3064872,14994801,31343211,3065626,0,0,0
1024 x 2047 B,2,2,3064733,14993419,31343211,3065496,0,0,0
1024 x 2047 B,3,2,3137898,14992882,31343211,3069127,0,0,0
1024 x 2047 B,4,2,3064298,14991399,31343211,3065075,0,0,0
1024 x 2047 B,5,2,3065714,14996193,31343211,3066474,0,0,0
1024 x 2047 B,6,2,3063533,14989731,31343211,3064332,0,0,0
1024 x 2047 B,7,2,3063473,14989823,31343211,3064232,0,0,0
1024 x 2047 B,8,2,3065718,14991884,31343212,3066443,0,0,0
1024 x 2047 B,9,2,3066239,14996838,31343211,3066980,0,0,0
1024 x 2047 B,10,2,3065098,14996335,31343211,3066306,0,0,0
1024 x 2047 B,11,2,3071060,15021489,31343211,3072457,0,0,0
1024 x 2047 B,12,2,3078897,15040352,31343211,3079958,0,0,0
1024 x 2047 B,13,2,3076189,14988819,31343211,3068607,0,0,0
1024 x 2047 B,14,2,3062536,14988495,31343211,3063206,0,0,0
1024 x 2047 B,15,2,3062513,14988624,31343211,3063202,0,0,0
1024 x 2047 B,16,2,3062745,14990121,31343211,3063452,0,0,0
1024 x 2047 B,17,2,3063129,14991458,31343211,3063976,0,0,0
1024 x 2047 B,18,2,3065915,14991120,31343211,3066615,0,0,0
1024 x 2047 B,19,2,3063397,14992638,31343211,3064112,0,0,0
1024 x 2047 B,20,2,3427497,14989684,31343212,3428183,0,0,0
1024 x 2047 B,21,2,3063402,14991498,31343211,3064182,0,0,0
1024 x 2047 B,22,2,3063615,14991671,31343211,3064324,0,0,0
1024 x 2047 B,23,2,3064428,14989048,31343211,3065109,0,0,0
1024 x 2047 B,24,2,3069746,14985066,31343211,3064812,0,0,0
1024 x 2047 B,25,2,3062392,14991032,31343211,3063114,0,0,0
1024 x 2047 B,26,2,3062829,14988162,31343211,3063571,0,0,0
1024 x 2047 B,27,2,3062217,14988762,31343211,3062925,0,0,0
1024 x 2047 B,28,2,3063577,14992802,31343211,3064284,0,0,0
1024 x 2047 B,29,2,3062237,14985726,31343211,3062942,0,0,0
1024 x 2047 B,30,2,3062764,14987403,31343211,3063476,0,0,0
1024 x 2047 B,31,2,3063369,14994052,31343211,3064105,0,0,0
1 x 2049 B,0,2254,1984227,9716136,20180428,1984776,0,0,0
1 x 2049 B,1,2254,1972176,9653662,20180428,1972698,0,0,0
1 x 2049 B,2,2254,1991903,9754309,20180428,1992396,0,0,0
1 x 2049 B,3,2254,1979847,9692232,20180428,1980339,0,0,0
1 x 2049 B,4,2254,1984819,9717665,20180428,1985312,0,0,0
1 x 2049 B,5,2254,1967093,9629969,20180428,1967710,0,0,0
1 x 2049 B,6,2254,1981367,9700528,20180428,1981941,0,0,0
1 x 2049 B,7,2254,1972682,9652220,20180428,1973498,0,0,0
1 x 2049 B,8,2254,1979516,9689560,20180428,1980140,0,0,0
1 x 2049 B,9,2254,1984052,9653382,20180428,1981507,0,0,0
1 x 2049 B,10,2254,1994391,9734341,20180428,1993034,0,0,0
1 x 2049 B,11,2254,1985363,9676766,20180428,1979430,0,0,0
1 x 2049 B,12,2254,1976906,9679005,20180428,1977391,0,0,0
1 x 2049 B,13,2254,1986890,9729831,20180428,1987377,0,0,0
1 x 2049 B,14,2254,1978694,9685451,20180428,1979196,0,0,0
1 x 2049 B,15,2254,1979750,9694236,20180428,1980243,0,0,0
1 x 2049 B,16,2254,1978821,9688294,20180428,1979314,0,0,0
1 x 2049 B,17,2254,1973215,9660049,20180428,1973786,0,0,0
1 x 2049 B,18,2254,1980311,9691638,20180428,1980821,0,0,0
1 x 2049 B,19,2254,1983586,9711503,20180428,1984079,0,0,0
1 x 2049 B,20,2254,1995374,9766933,20180428,1995875,0,0,0
1 x 2049 B,21,2254,1997983,9783617,20180428,1998474,0,0,0
1 x 2049 B,22,2254,1976784,9681127,20180428,1977278,0,0,0
1 x 2049 B,23,2254,2340298,9673261,20180428,2340823,0,0,0
1 x 2049 B,24,2254,2002891,9809502,20180428,2003390,0,0,0
1 x 2049 B,25,2254,1993536,9761692,20180428,1994038,0,0,0
1 x 2049 B,26,2254,1989982,9745338,20180428,1990479,0,0,0
1 x 2049 B,27,2254,1977846,9684666,20180428,1978335,0,0,0
1 x 2049 B,28,2254,1967107,9633671,20180428,1967600,0,0,0
1 x 2049 B,29,2254,1971056,9650927,20180428,1971576,0,0,0
1 x 2049 B,30,2254,1972574,9656513,20180428,1973079,0,0,0
1 x 2049 B,31,2254,1970935,9651162,20180428,1971435,0,0,0
3 x 2049 B,0,767,1998741,9787737,20407935,1999255,0,0,0
3 x 2049 B,1,767,1990898,9748350,20407935,1991388,0,0,0
3 x 2049 B,2,767,1997778,9779877,20407935,1998273,0,0,0
3 x 2049 B,3,767,1990974,9750657,20407935,1991462,0,0,0
3 x 2049 B,4,767,1998517,9786531,20407935,1999060,0,0,0
3 x 2049 B,5,767,1986903,9730026,20407935,1987404,0,0,0
3 x 2049 B,6,767,1992210,9755184,20407935,1992696,0,0,0
3 x 2049 B,7,767,1994434,9767571,20407935,1994936,0,0,0
3 x 2049 B,8,767,1996518,9772168,20407935,1997014,0,0,0
3 x 2049 B,9,767,1989766,9745590,20407935,1990268,0,0,0
3 x 2049 B,10,767,1997770,9781900,20407935,1998270,0,0,0
3 x 2049 B,11,767,1990766,9745350,20407935,1991276,0,0,0
3 x 2049 B,12,767,1996562,9774940,20407935,1997060,0,0,0
3 x 2049 B,13,767,1992147,9754387,20407935,1992741,0,0,0
3 x 2049 B,14,767,2000331,9789797,20407935,2001072,0,0,0
3 x 2049 B,15,767,1993194,9752255,20407935,1993785,0,0,0
3 x 2049 B,16,767,2003165,9782978,20407935,2004031,0,0,0
3 x 2049 B,17,767,2007601,9774441,20407935,2004399,0,0,0
3 x 2049 B,18,767,2002123,9768472,20407941,1998485,0,0,0
3 x 2049 B,19,767,1992406,9753842,20407941,1992903,0,0,0
3 x 2049 B,20,767,2001327,9795324,20407935,2001826,0,0,0
3 x 2049 B,21,767,1990870,9744870,20407935,1991373,0,0,0
3 x 2049 B,22,767,1990240,9745270,20407935,1990739,0,0,0
3 x 2049 B,23,767,2364890,9768254,20407936,2365404,0,0,0
3 x 2049 B,24,767,1999507,9788223,20407935,1999998,0,0,0
3 x 2049 B,25,767,1989020,9736738,20407935,1989528,0,0,0
3 x 2049 B,26,767,1997248,9779695,20407935,1997748,0,0,0
3 x 2049 B,27,767,1999302,9789572,20407935,1999798,0,0,0
3 x 2049 B,28,767,1992010,9751995,20407935,1992512,0,0,0
3 x 2049 B,29,767,1991910,9747500,20407935,1992424,0,0,0
3 x 2049 B,30,767,1990573,9747064,20407935,1991076,0,0,0
3 x 2049 B,31,767,1999499,9791404,20407935,2000005,0,0,0
4 x 2049 B,0,578,2008621,9832250,20481218,2009141,0,0,0
4 x 2049 B,1,578,2003108,9809094,20481218,2003608,0,0,0
4 x 2049 B,2,578,1998444,9785777,20481218,1998943,0,0,0
4 x 2049 B,3,578,2001673,9799293,20481218,2002169,0,0,0
4 x 2049 B,4,578,2004990,9815211,20481218,2005495,0,0,0
4 x 2049 B,5,578,2004156,9813785,20481218,2004649,0,0,0
4 x 2049 B,6,578,2000718,9797365,20481218,2001230,0,0,0
4 x 2049 B,7,578,2006224,9821709,20481218,2006750,0,0,0
4 x 2049 B,8,578,2001070,9795898,20481218,2001574,0,0,0
4 x 2049 B,9,578,2000256,9792207,20481218,2000755,0,0,0
4 x 2049 B,10,578,2007163,9828810,20481218,2007663,0,0,0
4 x 2049 B,11,578,2001217,9797150,20481218,2001722,0,0,0
4 x 2049 B,12,578,1997107,9776094,20481218,1997609,0,0,0
4 x 2049 B,13,578,1992828,9758456,20481218,1993339,0,0,0
4 x 2049 B,14,578,1998739,9787171,20481218,1999240,0,0,0
4 x 2049 B,15,578,2003697,9809140,20481218,2004200,0,0,0
4 x 2049 B,16,578,1997635,9779111,20481218,1998134,0,0,0
4 x 2049 B,17,578,2002125,9779998,20481219,2000711,0,0,0
4 x 2049 B,18,578,1998066,9781306,20481218,1998557,0,0,0
4 x 2049 B,19,578,1998125,9768194,20481218,1998644,0,0,0
4 x 2049 B,20,578,2000276,9789365,20481218,2001172,0,0,0
4 x 2049 B,21,578,2001224,9794628,20481218,2001857,0,0,0
4 x 2049 B,22,578,2012523,9806023,20481218,2013373,0,0,0
4 x 2049 B,23,578,2005583,9805285,20481218,2006281,0,0,0
4 x 2049 B,24,578,2009854,9782842,20481218,2003109,0,0,0
4 x 2049 B,25,578,2002006,9801221,20481218,2002511,0,0,0
4 x 2049 B,26,578,1994992,9763173,20481218,1995504,0,0,0
4 x 2049 B,27,578,1998600,9782661,20481218,1999097,0,0,0
4 x 2049 B,28,578,2002207,9799240,20481218,2002704,0,0,0
4 x 2049 B,29,578,1998895,9787002,20481218,1999393,0,0,0
4 x 2049 B,30,578,1996437,9775919,20481218,1996939,0,0,0
4 x 2049 B,31,578,2368002,9783603,20481218,2368510,0,0,0
6 x 2049 B,0,386,1999782,9792631,20492334,2000301,0,0,0
6 x 2049 B,1,386,2004644,9816602,20492334,2005140,0,0,0
6 x 2049 B,2,386,2002712,9803968,20492334,2003214,0,0,0
6 x 2049 B,3,386,1997051,9776242,20492334,1997550,0,0,0
6 x 2049 B,4,386,1998877,9787523,20492334,1999370,0,0,0
6 x 2049 B,5,386,1996669,9776941,20492334,1997172,0,0,0
6 x 2049 B,6,386,1999493,9788385,20492334,2000022,0,0,0
6 x 2049 B,7,386,2000189,9787841,20492334,2000694,0,0,0
6 x 2049 B,8,386,2001172,9799001,20492334,2001671,0,0,0
6 x 2049 B,9,386,2001786,9793691,20492334,2002286,0,0,0
6 x 2049 B,10,386,2003147,9806233,20492334,2003643,0,0,0
6 x 2049 B,11,386,1998680,9784866,20492334,1999181,0,0,0
6 x 2049 B,12,386,2000579,9796321,20492334,2001093,0,0,0
6 x 2049 B,13,386,2004643,9816437,20492334,2005193,0,0,0
6 x 2049 B,14,386,1997002,9776260,20492334,1997500,0,0,0
6 x 2049 B,15,386,1996618,9770710,20492334,1997126,0,0,0
6 x 2049 B,16,386,1997727,9782757,20492334,1998227,0,0,0
6 x 2049 B,17,386,1997747,9782382,20492334,1998247,0,0,0
6 x 2049 B,18,386,1995976,9770823,20492334,1996473,0,0,0
6 x 2049 B,19,386,2002511,9803430,20492334,2003012,0,0,0
6 x 2049 B,20,386,1996925,9776119,20492334,1997422,0,0,0
6 x 2049 B,21,386,2001147,9797044,20492334,2001656,0,0,0
6 x 2049 B,22,386,1999562,9787419,20492334,2000070,0,0,0
6 x 2049 B,23,386,2001835,9800055,20492334,2002344,0,0,0
6 x 2049 B,24,386,1996246,9774950,20492334,1996746,0,0,0
6 x 2049 B,25,386,2001470,9779880,20492334,2001982,0,0,0
6 x 2049 B,26,386,1997873,9783090,20492334,1998392,0,0,0
6 x 2049 B,27,386,2005681,9806475,20492334,2006741,0,0,0
6 x 2049 B,28,386,1999808,9787070,20492334,2000453,0,0,0
6 x 2049 B,29,386,2007479,9802196,20492334,2008333,0,0,0
6 x 2049 B,30,386,2002676,9798626,20492334,2003243,0,0,0
6 x 2049 B,31,386,2000223,9784568,20492334,2000794,0,0,0
8 x 2049 B,0,288,1992905,9756294,20374062,1993436,0,0,0
8 x 2049 B,1,288,1989107,9738115,20374062,1989600,0,0,0
8 x 2049 B,2,288,1990576,9745519,20374062,1991071,0,0,0
8 x 2049 B,3,288,1993133,9757673,20374062,1993636,0,0,0
8 x 2049 B,4,288,1986007,9721472,20374062,1986501,0,0,0
8 x 2049 B,5,288,1987649,9731683,20374062,1988146,0,0,0
8 x 2049 B,6,288,1987645,9727092,20374062,1988160,0,0,0
8 x 2049 B,7,288,2351377,9729165,20374062,2351919,0,0,0
8 x 2049 B,8,288,1982905,9707132,20374062,1983401,0,0,0
8 x 2049 B,9,288,1990124,9744933,20374062,1990622,0,0,0
8 x 2049 B,10,288,1988579,9734360,20374062,1989098,0,0,0
8 x 2049 B,11,288,1989786,9743188,20374062,1990278,0,0,0
8 x 2049 B,12,288,1990530,9744387,20374062,1991042,0,0,0
8 x 2049 B,13,288,1990557,9747514,20374062,1991064,0,0,0
8 x 2049 B,14,288,1997276,9733003,20374062,1991395,0,0,0
8 x 2049 B,15,288,1990448,9745013,20374062,1990956,0,0,0
8 x 2049 B,16,288,1988075,9732430,20374062,1988587,0,0,0
8 x 2049 B,17,288,1986718,9728415,20374062,1987220,0,0,0
8 x 2049 B,18,288,1988301,9733320,20374062,1988810,0,0,0
8 x 2049 B,19,288,1989664,9742857,20374062,1990161,0,0,0
8 x 2049 B,20,288,1986414,9723938,20374062,1986914,0,0,0
8 x 2049 B,21,288,1989607,9742742,20374062,1990100,0,0,0
8 x 2049 B,22,288,1988869,9736589,20374062,1989365,0,0,0
8 x 2049 B,23,288,1985921,9723962,20374062,1986421,0,0,0
8 x 2049 B,24,288,1986674,9725746,20374062,1987180,0,0,0
8 x 2049 B,25,288,1986089,9725121,20374062,1986593,0,0,0
8 x 2049 B,26,288,1989611,9738778,20374062,1990112,0,0,0
8 x 2049 B,27,288,1985037,9719936,20374062,1985535,0,0,0
8 x 2049 B,28,288,1987922,9731218,20374062,1988424,0,0,0
8 x 2049 B,29,288,1986531,9727275,20374062,1987029,0,0,0
8 x 2049 B,30,288,1990661,9744800,20374062,1991165,0,0,0
8 x 2049 B,31,288,1990908,9749003,20374062,1991423,0,0,0
12 x 2049 B,0,193,2004469,9813069,20468016,2004999,0,0,0
12 x 2049 B,1,193,2008693,9834443,20468016,2009286,0,0,0
12 x 2049 B,2,193,2010526,9837788,20468016,2011372,0,0,0
12 x 2049 B,3,193,2006240,9819588,20468016,2006866,0,0,0
12 x 2049 B,4,193,2012307,9825103,20468016,2013150,0,0,0
12 x 2049 B,5,193,2005501,9818060,20468016,2006055,0,0,0
12 x 2049 B,6,193,2012168,9803098,20468016,2007347,0,0,0
12 x 2049 B,7,193,2005405,9818010,20468016,2005915,0,0,0
12 x 2049 B,8,193,2003508,9810520,20468016,2004005,0,0,0
12 x 2049 B,9,193,2003417,9808271,20468016,2003920,0,0,0
12 x 2049 B,10,193,2003276,9806870,20468016,2003782,0,0,0
12 x 2049 B,11,193,2000275,9793034,20468016,2000779,0,0,0
12 x 2049 B,12,193,2005543,9819579,20468016,2006045,0,0,0
12 x 2049 B,13,193,2002687,9800882,20468016,2003189,0,0,0
12 x 2049 B,14,193,2010352,9840928,20468016,2010854,0,0,0
12 x 2049 B,15,193,2000962,9798332,20468016,2001468,0,0,0
12 x 2049 B,16,193,2362715,9783308,20468017,2363214,0,0,0
12 x 2049 B,17,193,2000665,9793056,20468016,2001166,0,0,0
12 x 2049 B,18,193,1996246,9773951,20468016,1996787,0,0,0
12 x 2049 B,19,193,1998383,9785205,20468016,1998890,0,0,0
12 x 2049 B,20,193,2001142,9796977,20468016,2001645,0,0,0
12 x 2049 B,21,193,1998298,9782302,20468016,1998798,0,0,0
12 x 2049 B,22,193,2003877,9812299,20468016,2004375,0,0,0
12 x 2049 B,23,193,2003114,9808994,20468016,2003620,0,0,0
12 x 2049 B,24,193,1998450,9783331,20468016,1998954,0,0,0
12 x 2049 B,25,193,2001218,9796597,20468016,2001716,0,0,0
12 x 2049 B,26,193,1999153,9789399,20468016,1999653,0,0,0
12 x 2049 B,27,193,1999027,9787128,20468016,1999536,0,0,0
12 x 2049 B,28,193,1998458,9782676,20468016,1998972,0,0,0
12 x 2049 B,29,193,1997192,9777501,20468016,1997695,0,0,0
12 x 2049 B,30,193,2003157,9809403,20468016,2003679,0,0,0
12 x 2049 B,31,193,2004183,9813906,20468016,2004674,0,0,0
16 x 2049 B,0,145,2000688,9794284,20497276,2001207,0,0,0
16 x 2049 B,1,145,2003673,9811244,20497276,2004174,0,0,0
16 x 2049 B,2,145,2003946,9810295,20497276,2004442,0,0,0
16 x 2049 B,3,145,2004371,9812494,20497276,2004873,0,0,0
16 x 2049 B,4,145,2006183,9821151,20497276,2006678,0,0,0
16 x 2049 B,5,145,2007847,9831169,20497276,2008343,0,0,0
16 x 2049 B,6,145,2006856,9825005,20497276,2007359,0,0,0
16 x 2049 B,7,145,2007775,9827411,20497276,2008313,0,0,0
16 x 2049 B,8,145,2006936,9826224,20497276,2007477,0,0,0
16 x 2049 B,9,145,2009193,9833639,20497276,2010039,0,0,0
16 x 2049 B,10,145,2000825,9794233,20497276,2001420,0,0,0
16 x 2049 B,11,145,2008946,9818051,20497276,2010259,0,0,0
16 x 2049 B,12,145,2015056,9797206,20497276,2006815,0,0,0
16 x 2049 B,13,145,2008820,9801273,20497276,2004982,0,0,0
16 x 2049 B,14,145,2006421,9825740,20497276,2006917,0,0,0
16 x 2049 B,15,145,2008872,9836934,20497276,2009370,0,0,0
16 x 2049 B,16,145,2001930,9803046,20497276,2002432,0,0,0
16 x 2049 B,17,145,2002964,9806234,20497276,2003462,0,0,0
16 x 2049 B,18,145,2003560,9811330,20497276,2004061,0,0,0
16 x 2049 B,19,145,2002280,9803168,20497276,2002783,0,0,0
16 x 2049 B,20,145,2007662,9829426,20497276,2008161,0,0,0
16 x 2049 B,21,145,2002765,9801986,20497276,2003260,0,0,0
16 x 2049 B,22,145,2004165,9811694,20497276,2004661,0,0,0
16 x 2049 B,23,145,2000745,9797412,20497276,2001243,0,0,0
16 x 2049 B,24,145,2365818,9797808,20497276,2366386,0,0,0
16 x 2049 B,25,145,2006106,9821017,20497276,2006641,0,0,0
16 x 2049 B,26,145,2007104,9825347,20497276,2007605,0,0,0
16 x 2049 B,27,145,2005202,9819042,20497276,2005702,0,0,0
16 x 2049 B,28,145,2005203,9819081,20497276,2005702,0,0,0
16 x 2049 B,29,145,1999440,9788482,20497276,1999935,0,0,0
16 x 2049 B,30,145,2004692,9813767,20497276,2005206,0,0,0
16 x 2049 B,31,145,2005205,9817610,20497276,2005713,0,0,0
24 x 2049 B,0,97,2008878,9833822,20561844,2009393,0,0,0
24 x 2049 B,1,97,2013212,9849273,20561844,2013721,0,0,0
24 x 2049 B,2,97,2012895,9856755,20561844,2013423,0,0,0
24 x 2049 B,3,97,2012866,9856233,20561844,2013364,0,0,0
24 x 2049 B,4,97,2011179,9848363,20561844,2011678,0,0,0
24 x 2049 B,5,97,2005478,9814937,20561844,2005978,0,0,0
24 x 2049 B,6,97,2003488,9810241,20561844,2003984,0,0,0
24 x 2049 B,7,97,2011499,9849746,20561844,2012002,0,0,0
24 x 2049 B,8,97,2005010,9818405,20561844,2005513,0,0,0
24 x 2049 B,9,97,2011431,9844177,20561844,2011932,0,0,0
24 x 2049 B,10,97,2015143,9861894,20561844,2015670,0,0,0
24 x 2049 B,11,97,2004407,9815386,20561844,2004902,0,0,0
24 x 2049 B,12,97,2007136,9827526,20561844,2007632,0,0,0
24 x 2049 B,13,97,2012348,9846874,20561844,2012843,0,0,0
24 x 2049 B,14,97,2011055,9845168,20561844,2011629,0,0,0
24 x 2049 B,15,97,2016843,9874391,20561844,2017506,0,0,0
24 x 2049 B,16,97,2010637,9839678,20561844,2011473,0,0,0
24 x 2049 B,17,97,2009539,9832370,20561844,2010286,0,0,0
24 x 2049 B,18,97,2019951,9863553,20561845,2020748,0,0,0
24 x 2049 B,19,97,2028979,9868106,20561844,2022196,0,0,0
24 x 2049 B,20,97,2009514,9836214,20561844,2010019,0,0,0
24 x 2049 B,21,97,2012459,9849134,20561844,2013025,0,0,0
24 x 2049 B,22,97,2012232,9851223,20561844,2012769,0,0,0
24 x 2049 B,23,97,2004586,9812333,20561844,2005087,0,0,0
24 x 2049 B,24,97,2373831,9814494,20561844,2374344,0,0,0
24 x 2049 B,25,97,2004694,9813356,20561844,2005203,0,0,0
24 x 2049 B,26,97,2008808,9833246,20561844,2009577,0,0,0
24 x 2049 B,27,97,2013214,9844454,20561844,2014112,0,0,0
24 x 2049 B,28,97,2014079,9837362,20561844,2014992,0,0,0
24 x 2049 B,29,97,2017937,9840312,20561844,2016383,0,0,0
24 x 2049 B,30,97,2015664,9831315,20561844,2010982,0,0,0
24 x 2049 B,31,97,2012420,9850504,20561844,2012928,0,0,0
64 x 2049 B,0,37,2041634,9993096,20907364,2042161,0,0,0
64 x 2049 B,1,37,2041989,9999340,20907364,2042490,0,0,0
64 x 2049 B,2,37,2038038,9978644,20907364,2038543,0,0,0
64 x 2049 B,3,37,2042280,9998224,20907364,2042780,0,0,0
64 x 2049 B,4,37,2038874,9975639,20907364,2039372,0,0,0
64 x 2049 B,5,37,2044834,10011828,20907364,2045345,0,0,0
64 x 2049 B,6,37,2040018,9989873,20907364,2040515,0,0,0
64 x 2049 B,7,37,2413014,10019855,20907365,2413564,0,0,0
64 x 2049 B,8,37,2046200,10016969,20907364,2046710,0,0,0
64 x 2049 B,9,37,2035539,9967642,20907364,2036039,0,0,0
64 x 2049 B,10,37,2034741,9963821,20907364,2035248,0,0,0
64 x 2049 B,11,37,2039888,9985782,20907364,2040445,0,0,0
64 x 2049 B,12,37,2037410,9973549,20907364,2037941,0,0,0
64 x 2049 B,13,37,2038022,9979090,20907364,2038526,0,0,0
64 x 2049 B,14,37,2039212,9985365,20907364,2039715,0,0,0
64 x 2049 B,15,37,2043566,10000306,20907364,2044068,0,0,0
64 x 2049 B,16,37,2039695,9983426,20907364,2040196,0,0,0
64 x 2049 B,17,37,2036469,9972136,20907364,2037001,0,0,0
64 x 2049 B,18,37,2047715,10027088,20907364,2048221,0,0,0
64 x 2049 B,19,37,2047061,10021437,20907364,2047594,0,0,0
64 x 2049 B,20,37,2048268,10011291,20907364,2048918,0,0,0
64 x 2049 B,21,37,2053786,10018401,20907365,2054439,0,0,0
64 x 2049 B,22,37,2039173,9978084,20907364,2039916,0,0,0
64 x 2049 B,23,37,2042332,9991183,20907364,2043237,0,0,0
64 x 2049 B,24,37,2050836,10013869,20907364,2051576,0,0,0
64 x 2049 B,25,37,2052621,9991274,20907364,2047019,0,0,0
64 x 2049 B,26,37,2041248,9988787,20907364,2041765,0,0,0
64 x 2049 B,27,37,2044258,10009077,20907364,2044755,0,0,0
64 x 2049 B,28,37,2041668,9994274,20907364,2042167,0,0,0
64 x 2049 B,29,37,2043659,9999982,20907364,2044166,0,0,0
64 x 2049 B,30,37,2044257,10006164,20907364,2044754,0,0,0
64 x 2049 B,31,37,2044701,10009547,20907364,2045199,0,0,0
128 x 2049 B,0,19,2094051,10251249,21470024,2094655,0,0,0
128 x 2049 B,1,19,2097265,10268349,21470024,2097768,0,0,0
128 x 2049 B,2,19,2101246,10285760,21470025,2101739,0,0,0
128 x 2049 B,3,19,2094065,10255206,21470024,2094571,0,0,0
128 x 2049 B,4,19,2094709,10256105,21470024,2095214,0,0,0
128 x 2049 B,5,19,2096067,10262043,21470024,2096579,0,0,0
128 x 2049 B,6,19,2096853,10247578,21470024,2097351,0,0,0
128 x 2049 B,7,19,2093326,10250825,21470024,2093834,0,0,0
128 x 2049 B,8,19,2095855,10263482,21470024,2096360,0,0,0
128 x 2049 B,9,19,2095823,10263630,21470024,2096332,0,0,0
128 x 2049 B,10,19,2092235,10245972,21470024,2092737,0,0,0
128 x 2049 B,11,19,2096638,10267108,21470024,2097144,0,0,0
128 x 2049 B,12,19,2097030,10266867,21470024,2097526,0,0,0
128 x 2049 B,13,19,2097175,10263030,21470025,2097689,0,0,0
128 x 2049 B,14,19,2095587,10259050,21470024,2096098,0,0,0
128 x 2049 B,15,19,2097272,10270063,21470024,2097786,0,0,0
128 x 2049 B,16,19,2094718,10257736,21470024,2095233,0,0,0
128 x 2049 B,17,19,2093250,10247510,21470024,2093763,0,0,0
128 x 2049 B,18,19,2092388,10243378,21470024,2092899,0,0,0
128 x 2049 B,19,19,2094290,10255568,21470024,2094817,0,0,0
128 x 2049 B,20,19,2095190,10260509,21470024,2095700,0,0,0
128 x 2049 B,21,19,2094219,10255386,21470024,2094726,0,0,0
128 x 2049 B,22,19,2098005,10275291,21470024,2098516,0,0,0
128 x 2049 B,23,19,2093652,10245357,21470025,2094162,0,0,0
128 x 2049 B,24,19,2094442,10251975,21470024,2094958,0,0,0
128 x 2049 B,25,19,2099174,10278742,21470024,2099725,0,0,0
128 x 2049 B,26,19,2096408,10253971,21470024,2097011,0,0,0
128 x 2049 B,27,19,2102110,10288163,21470024,2102852,0,0,0
128 x 2049 B,28,19,2097338,10259875,21470024,2097973,0,0,0
128 x 2049 B,29,19,2097714,10261032,21470024,2098464,0,0,0
128 x 2049 B,30,19,2103280,10260978,21470024,2101228,0,0,0
128 x 2049 B,31,19,2095914,10220671,21470024,2091408,0,0,0
129 x 2049 B,0,18,1999378,9787398,20498928,1999940,0,0,0
129 x 2049 B,1,18,2005968,9818351,20498928,2006482,0,0,0
129 x 2049 B,2,18,2001569,9796205,20498928,2002098,0,0,0
129 x 2049 B,3,18,2004470,9814683,20498928,2004982,0,0,0
129 x 2049 B,4,18,2010294,9787176,20498929,2003661,0,0,0
129 x 2049 B,5,18,2005021,9812817,20498928,2005541,0,0,0
129 x 2049 B,6,18,1997530,9781108,20498928,1998033,0,0,0
129 x 2049 B,7,18,1995312,9767976,20498928,1995818,0,0,0
129 x 2049 B,8,18,1999560,9791330,20498928,2000064,0,0,0
129 x 2049 B,9,18,2005290,9816845,20498928,2005805,0,0,0
129 x 2049 B,10,18,1999377,9790245,20498928,1999886,0,0,0
129 x 2049 B,11,18,1997046,9776079,20498928,1997559,0,0,0
129 x 2049 B,12,18,2000194,9794581,20498928,2000714,0,0,0
129 x 2049 B,13,18,1996690,9775251,20498928,1997209,0,0,0
129 x 2049 B,14,18,2004708,9816233,20498928,2005222,0,0,0
129 x 2049 B,15,18,2000462,9793241,20498928,2001010,0,0,0
129 x 2049 B,16,18,2001311,9799803,20498928,2001823,0,0,0
129 x 2049 B,17,18,2000243,9791950,20498928,2000778,0,0,0
129 x 2049 B,18,18,1999051,9788745,20498928,1999560,0,0,0
129 x 2049 B,19,18,1999826,9789814,20498928,2000339,0,0,0
129 x 2049 B,20,18,2001006,9797824,20498928,2001514,0,0,0
129 x 2049 B,21,18,1999272,9787436,20498928,1999779,0,0,0
129 x 2049 B,22,18,2004612,9815893,20498928,2005116,0,0,0
129 x 2049 B,23,18,2003174,9806457,20498928,2003669,0,0,0
129 x 2049 B,24,18,1999305,9787195,20498928,1999806,0,0,0
129 x 2049 B,25,18,2001569,9798361,20498928,2002066,0,0,0
129 x 2049 B,26,18,2027329,9788378,20498928,2027837,0,0,0
129 x 2049 B,27,18,2017669,9776850,20498928,2018184,0,0,0
129 x 2049 B,28,18,2005280,9819430,20498928,2005789,0,0,0
129 x 2049 B,29,18,2000221,9791483,20498928,2000729,0,0,0
129 x 2049 B,30,18,2001230,9798388,20498928,2001733,0,0,0
129 x 2049 B,31,18,1996232,9771172,20498928,1996732,0,0,0
1024 x 2049 B,0,3,2743876,13140386,27117289,2745758,0,0,0
1024 x 2049 B,1,3,2694721,13037342,27117288,2686501,0,0,0
1024 x 2049 B,2,3,2668652,13011747,27117289,2667550,0,0,0
1024 x 2049 B,3,3,2656677,12991221,27117289,2657400,0,0,0
1024 x 2049 B,4,3,2648713,12967390,27117288,2649480,0,0,0
1024 x 2049 B,5,3,2654505,12984070,27117289,2655263,0,0,0
1024 x 2049 B,6,3,2658276,12985658,27117289,2658998,0,0,0
1024 x 2049 B,7,3,2653801,12984408,27117288,2654538,0,0,0
1024 x 2049 B,8,3,2654410,12986673,27117289,2655159,0,0,0
1024 x 2049 B,9,3,3017228,12961399,27117289,3017920,0,0,0
1024 x 2049 B,10,3,2648835,12958136,27117289,2649558,0,0,0
1024 x 2049 B,11,3,2648323,12965992,27117288,2649067,0,0,0
1024 x 2049 B,12,3,2648351,12954650,27117289,2649089,0,0,0
1024 x 2049 B,13,3,2652997,12978451,27117289,2653684,0,0,0
1024 x 2049 B,14,3,2643824,12943904,27117288,2644569,0,0,0
1024 x 2049 B,15,3,2647008,12954703,27117289,2647734,0,0,0
1024 x 2049 B,16,3,2651348,12969011,27117289,2652258,0,0,0
1024 x 2049 B,17,3,2653989,12990511,27117288,2654779,0,0,0
1024 x 2049 B,18,3,2655689,12991937,27117289,2656487,0,0,0
1024 x 2049 B,19,3,2644501,12947110,27117288,2645236,0,0,0
1024 x 2049 B,20,3,2651575,12970583,27117289,2652315,0,0,0
1024 x 2049 B,21,3,2652386,12974825,27117289,2653111,0,0,0
1024 x 2049 B,22,3,2648770,12968090,27117288,2649498,0,0,0
1024 x 2049 B,23,3,2653960,12983357,27117289,2654729,0,0,0
1024 x 2049 B,24,3,2655445,12990443,27117289,2656169,0,0,0
1024 x 2049 B,25,3,2653242,12990216,27117288,2653971,0,0,0
1024 x 2049 B,26,3,2650337,12965926,27117289,2651048,0,0,0
1024 x 2049 B,27,3,2646552,12951303,27117289,2647281,0,0,0
1024 x 2049 B,28,3,2654016,12990629,27117288,2654785,0,0,0
1024 x 2049 B,29,3,2660022,13012983,27117289,2661130,0,0,0
1024 x 2049 B,30,3,2665688,13031117,27117289,2666975,0,0,0
1024 x 2049 B,31,3,2698226,13117150,27117288,2695042,0,0,0
