point,sample,calls,wall_ns,p_cycles,p_instructions,p_ns,e_cycles,e_instructions,e_ns
1 x 64 B,0,20492,1536199,0,0,0,5827249,14898049,1537283
1 x 64 B,1,20492,1536428,0,0,0,5826300,14898050,1537374
1 x 64 B,2,20492,1534588,0,0,0,5825942,14898049,1535525
1 x 64 B,3,20492,1568487,0,0,0,5903805,14898050,1569516
1 x 64 B,4,20492,1535547,0,0,0,5826249,14898050,1536452
1 x 64 B,5,20492,1534307,0,0,0,5825788,14898049,1535174
1 x 64 B,6,20492,1535739,0,0,0,5826270,14898050,1536638
1 x 64 B,7,20492,1534331,0,0,0,5825977,14898049,1535255
1 x 64 B,8,20492,1537755,0,0,0,5826449,14898050,1538852
1 x 64 B,9,20492,1537218,0,0,0,5835358,14898049,1538168
1 x 64 B,10,20492,1537668,0,0,0,5826422,14898050,1539302
1 x 64 B,11,20492,1535961,0,0,0,5826264,14898049,1537013
1 x 64 B,12,20492,1537857,0,0,0,5826582,14898050,1538958
1 x 64 B,13,20492,1536761,0,0,0,5825837,14898049,1538914
1 x 64 B,14,20492,1537839,0,0,0,5826542,14898050,1538928
1 x 64 B,15,20492,1537350,0,0,0,5826091,14898050,1538256
1 x 64 B,16,20492,1536303,0,0,0,5832914,14898049,1537165
1 x 64 B,17,20492,1538056,0,0,0,5826199,14898050,1539018
1 x 64 B,18,20492,1534776,0,0,0,5825670,14898049,1535667
1 x 64 B,19,20492,1536703,0,0,0,5826071,14898050,1537609
1 x 64 B,20,20492,1534443,0,0,0,5825638,14898049,1535320
1 x 64 B,21,20492,1536254,0,0,0,5826202,14898050,1537148
1 x 64 B,22,20492,1534624,0,0,0,5825667,14898049,1535492
1 x 64 B,23,20492,1540075,0,0,0,5839360,14898050,1540940
1 x 64 B,24,20492,1534198,0,0,0,5825694,14898049,1535068
1 x 64 B,25,20492,1538314,0,0,0,5826074,14898050,1539241
1 x 64 B,26,20492,1534762,0,0,0,5825728,14898049,1535651
1 x 64 B,27,20492,1535836,0,0,0,5826107,14898050,1536703
1 x 64 B,28,20492,1535717,0,0,0,5826086,14898050,1536597
1 x 64 B,29,20492,1534459,0,0,0,5826008,14898049,1535324
1 x 64 B,30,20492,1539342,0,0,0,5839371,14898050,1540202
1 x 64 B,31,20492,1534310,0,0,0,5825742,14898049,1535187
3 x 64 B,0,10763,1749788,0,0,0,6634943,12528498,1750749
3 x 64 B,1,10763,1752192,0,0,0,6640658,12528498,1753857
3 x 64 B,2,10763,1749055,0,0,0,6637474,12528497,1750272
3 x 64 B,3,10763,1756987,0,0,0,6661570,12528498,1758776
3 x 64 B,4,10763,1757504,0,0,0,6651416,12528498,1759272
3 x 64 B,5,10763,1767387,0,0,0,6647889,12528498,1763298
3 x 64 B,6,10763,1763035,0,0,0,6629153,12528497,1752004
3 x 64 B,7,10763,1755553,0,0,0,6650850,12528498,1756543
3 x 64 B,8,10763,1746678,0,0,0,6626921,12528498,1747557
3 x 64 B,9,10763,1755846,0,0,0,6660344,12528498,1756715
3 x 64 B,10,10763,1748256,0,0,0,6638510,12528497,1749118
3 x 64 B,11,10763,1756303,0,0,0,6664624,12528498,1757190
3 x 64 B,12,10763,1755617,0,0,0,6658481,12528498,1756506
3 x 64 B,13,10763,1744883,0,0,0,6617863,12528498,1745776
3 x 64 B,14,10763,1749446,0,0,0,6642155,12528497,1750291
3 x 64 B,15,10763,1749393,0,0,0,6629691,12528498,1750268
3 x 64 B,16,10763,1756114,0,0,0,6660156,12528498,1757004
3 x 64 B,17,10763,1755969,0,0,0,6661911,12528498,1756832
3 x 64 B,18,10763,1755253,0,0,0,6665728,12528497,1756109
3 x 64 B,19,10763,1755527,0,0,0,6660410,12528498,1756394
3 x 64 B,20,10763,1752943,0,0,0,6651896,12528498,1753816
3 x 64 B,21,10763,1751658,0,0,0,6646060,12528498,1752522
3 x 64 B,22,10763,1745167,0,0,0,6619984,12528498,1746035
3 x 64 B,23,10763,1754406,0,0,0,6661041,12528497,1755377
3 x 64 B,24,10763,1757373,0,0,0,6664841,12528498,1758253
3 x 64 B,25,10763,1754933,0,0,0,6652226,12528498,1756104
3 x 64 B,26,10763,1755541,0,0,0,6654996,12528498,1756916
3 x 64 B,27,10763,1755530,0,0,0,6663725,12528497,1756614
3 x 64 B,28,10763,1756093,0,0,0,6637715,12528498,1758108
3 x 64 B,29,10763,1768267,0,0,0,6661973,12528498,1764240
3 x 64 B,30,10763,1761510,0,0,0,6640905,12528498,1755858
3 x 64 B,31,10763,1749095,0,0,0,6639451,12528497,1750071
4 x 64 B,0,9894,1792423,0,0,0,6794030,12308502,1793397
4 x 64 B,1,9894,1786902,0,0,0,6777712,12308502,1787784
4 x 64 B,2,9894,1788006,0,0,0,6777306,12308502,1788936
4 x 64 B,3,9894,2165006,0,0,0,6785299,12308502,2165948
4 x 64 B,4,9894,1786889,0,0,0,6779726,12308502,1787763
4 x 64 B,5,9894,1785948,0,0,0,6782533,12308501,1786811
4 x 64 B,6,9894,1796432,0,0,0,6778733,12308502,1791391
4 x 64 B,7,9894,1788647,0,0,0,6784393,12308502,1789561
4 x 64 B,8,9894,1788003,0,0,0,6785368,12308502,1788882
4 x 64 B,9,9894,1789915,0,0,0,6792599,12308502,1790788
4 x 64 B,10,9894,1790106,0,0,0,6786517,12308501,1791027
4 x 64 B,11,9894,1785898,0,0,0,6778464,12308502,1786779
4 x 64 B,12,9894,1785862,0,0,0,6775892,12308502,1786739
4 x 64 B,13,9894,1786141,0,0,0,6778117,12308502,1787003
4 x 64 B,14,9894,1787650,0,0,0,6781961,12308502,1788534
4 x 64 B,15,9894,1785887,0,0,0,6783055,12308501,1786770
4 x 64 B,16,9894,1786453,0,0,0,6777002,12308502,1787322
4 x 64 B,17,9894,1789317,0,0,0,6788927,12308502,1790189
4 x 64 B,18,9894,1790780,0,0,0,6791795,12308502,1791645
4 x 64 B,19,9894,1787693,0,0,0,6782446,12308502,1788566
4 x 64 B,20,9894,1786687,0,0,0,6785178,12308501,1787549
4 x 64 B,21,9894,1785752,0,0,0,6776548,12308502,1786620
4 x 64 B,22,9894,1786084,0,0,0,6776351,12308502,1786959
4 x 64 B,23,9894,1784237,0,0,0,6771504,12308502,1785117
4 x 64 B,24,9894,1781994,0,0,0,6767526,12308501,1782858
4 x 64 B,25,9894,1786809,0,0,0,6778852,12308502,1787676
4 x 64 B,26,9894,1786051,0,0,0,6777165,12308502,1786927
4 x 64 B,27,9894,1787068,0,0,0,6780673,12308502,1787944
4 x 64 B,28,9894,1784194,0,0,0,6767991,12308502,1785064
4 x 64 B,29,9894,1784970,0,0,0,6778222,12308501,1785828
4 x 64 B,30,9894,1784266,0,0,0,6771048,12308502,1785138
4 x 64 B,31,9894,1785932,0,0,0,6775978,12308502,1786801
6 x 64 B,0,6602,1836380,0,0,0,6967619,11316194,1837375
6 x 64 B,1,6602,1831150,0,0,0,6948136,11316194,1832012
6 x 64 B,2,6602,1826457,0,0,0,6934990,11316193,1827420
6 x 64 B,3,6602,1846492,0,0,0,7004487,11316194,1847921
6 x 64 B,4,6602,1831824,0,0,0,6942696,11316194,1833361
6 x 64 B,5,6602,1854252,0,0,0,7032523,11316194,1855583
6 x 64 B,6,6602,1832102,0,0,0,6934278,11316194,1833626
6 x 64 B,7,6602,1846044,0,0,0,7002654,11316194,1846996
6 x 64 B,8,6602,1838663,0,0,0,6929100,11316194,1832540
6 x 64 B,9,6602,1840828,0,0,0,6987782,11316193,1841741
6 x 64 B,10,6602,1847176,0,0,0,7009205,11316194,1848099
6 x 64 B,11,6602,1839800,0,0,0,6978053,11316194,1840843
6 x 64 B,12,6602,1834851,0,0,0,6960375,11316194,1835832
6 x 64 B,13,6602,1830547,0,0,0,6941242,11316194,1831548
6 x 64 B,14,6602,1828420,0,0,0,6935646,11316194,1829380
6 x 64 B,15,6602,1828412,0,0,0,6938462,11316193,1829388
6 x 64 B,16,6602,1828526,0,0,0,6937586,11316194,1829504
6 x 64 B,17,6602,1829250,0,0,0,6939659,11316194,1830214
6 x 64 B,18,6602,1852743,0,0,0,7030691,11316194,1853709
6 x 64 B,19,6602,1836455,0,0,0,6967952,11316194,1837418
6 x 64 B,20,6602,1831054,0,0,0,6948612,11316194,1832028
6 x 64 B,21,6602,1843321,0,0,0,6998827,11316193,1844309
6 x 64 B,22,6602,1841037,0,0,0,6985863,11316194,1842014
6 x 64 B,23,6602,1842045,0,0,0,6988110,11316194,1843027
6 x 64 B,24,6602,1832812,0,0,0,6954325,11316194,1833770
6 x 64 B,25,6602,1836136,0,0,0,6965804,11316194,1837227
6 x 64 B,26,6602,1858505,0,0,0,7052306,11316194,1859492
6 x 64 B,27,6602,1853080,0,0,0,7026309,11316194,1854209
6 x 64 B,28,6602,1837260,0,0,0,6976713,11316193,1838217
6 x 64 B,29,6602,1857224,0,0,0,7042993,11316194,1858209
6 x 64 B,30,6602,1862087,0,0,0,7065335,11316194,1863066
6 x 64 B,31,6602,1861542,0,0,0,7063539,11316194,1862521
8 x 64 B,0,7863,1832546,0,0,0,6953378,11975715,1833689
8 x 64 B,1,7863,1819390,0,0,0,6899048,11975715,1820416
8 x 64 B,2,7863,1825413,0,0,0,6930441,11975714,1826401
8 x 64 B,3,7863,1830109,0,0,0,6943160,11975715,1831092
8 x 64 B,4,7863,1834737,0,0,0,6960084,11975715,1835712
8 x 64 B,5,7863,1813074,0,0,0,6880037,11975715,1814047
8 x 64 B,6,7863,1826651,0,0,0,6925201,11975715,1827695
8 x 64 B,7,7863,1819773,0,0,0,6904858,11975715,1820758
8 x 64 B,8,7863,1828992,0,0,0,6944933,11975714,1829969
8 x 64 B,9,7863,1828566,0,0,0,6937919,11975715,1829540
8 x 64 B,10,7863,1823000,0,0,0,6917954,11975715,1823970
8 x 64 B,11,7863,1838191,0,0,0,6974855,11975715,1839165
8 x 64 B,12,7863,1822266,0,0,0,6913412,11975715,1823391
8 x 64 B,13,7863,1826083,0,0,0,6923785,11975715,1827217
8 x 64 B,14,7863,1826238,0,0,0,6934276,11975714,1828295
8 x 64 B,15,7863,1842820,0,0,0,6983952,11975715,1843970
8 x 64 B,16,7863,1834219,0,0,0,6953963,11975715,1835588
8 x 64 B,17,7863,1837673,0,0,0,6961194,11975715,1839333
8 x 64 B,18,7863,1830491,0,0,0,6942401,11975715,1831565
8 x 64 B,19,7863,1819626,0,0,0,6902288,11975715,1820608
8 x 64 B,20,7863,1816278,0,0,0,6894267,11975714,1817258
8 x 64 B,21,7863,1817939,0,0,0,6897224,11975715,1818929
8 x 64 B,22,7863,1834228,0,0,0,6957040,11975715,1835230
8 x 64 B,23,7863,1824538,0,0,0,6919385,11975715,1825581
8 x 64 B,24,7863,1826624,0,0,0,6927997,11975715,1827691
8 x 64 B,25,7863,1826382,0,0,0,6924125,11975715,1827384
8 x 64 B,26,7863,1824929,0,0,0,6929478,11975714,1825900
8 x 64 B,27,7863,1829275,0,0,0,6940502,11975715,1830241
8 x 64 B,28,7863,1830070,0,0,0,6940482,11975715,1831079
8 x 64 B,29,7863,1812999,0,0,0,6877794,11975715,1813977
8 x 64 B,30,7863,1821309,0,0,0,6910636,11975715,1822290
8 x 64 B,31,7863,1830676,0,0,0,6951618,11975714,1831655
12 x 64 B,0,4705,1899315,0,0,0,7206184,11805211,1900378
12 x 64 B,1,4705,1900734,0,0,0,7210857,11805211,1901719
12 x 64 B,2,4705,1894286,0,0,0,7188648,11805211,1895281
12 x 64 B,3,4705,1894853,0,0,0,7187610,11805211,1895836
12 x 64 B,4,4705,1900837,0,0,0,7213971,11805211,1901827
12 x 64 B,5,4705,1903307,0,0,0,7220611,11805211,1904294
12 x 64 B,6,4705,1897652,0,0,0,7201735,11805211,1898641
12 x 64 B,7,4705,1895661,0,0,0,7194100,11805211,1896646
12 x 64 B,8,4705,1902346,0,0,0,7216544,11805211,1903317
12 x 64 B,9,4705,1903718,0,0,0,7221210,11805211,1904696
12 x 64 B,10,4705,1894885,0,0,0,7195809,11805210,1895901
12 x 64 B,11,4705,1891311,0,0,0,7175599,11805211,1892289
12 x 64 B,12,4705,1896765,0,0,0,7197781,11805211,1897742
12 x 64 B,13,4705,1896246,0,0,0,7194134,11805211,1897225
12 x 64 B,14,4705,1895049,0,0,0,7191361,11805211,1896034
12 x 64 B,15,4705,1890685,0,0,0,7174372,11805211,1891673
12 x 64 B,16,4705,1890755,0,0,0,7174600,11805211,1891721
12 x 64 B,17,4705,1884800,0,0,0,7148353,11805211,1885799
12 x 64 B,18,4705,1891622,0,0,0,7176645,11805211,1892591
12 x 64 B,19,4705,1888921,0,0,0,7173283,11805210,1889910
12 x 64 B,20,4705,1900818,0,0,0,7171084,11805211,1895295
12 x 64 B,21,4705,1883509,0,0,0,7144244,11805211,1884526
12 x 64 B,22,4705,1896359,0,0,0,7195480,11805211,1897376
12 x 64 B,23,4705,1895100,0,0,0,7187727,11805211,1896180
12 x 64 B,24,4705,1894910,0,0,0,7178869,11805211,1896950
12 x 64 B,25,4705,1893303,0,0,0,7172397,11805211,1894596
12 x 64 B,26,4705,1893598,0,0,0,7176175,11805211,1894897
12 x 64 B,27,4705,1889752,0,0,0,7155052,11805211,1891484
12 x 64 B,28,4705,1891537,0,0,0,7169545,11805211,1892666
12 x 64 B,29,4705,1903906,0,0,0,7176247,11805210,1896499
12 x 64 B,30,4705,1890444,0,0,0,7169391,11805211,1891455
12 x 64 B,31,4705,1887006,0,0,0,7154787,11805211,1888037
16 x 64 B,0,4276,1908358,0,0,0,7235581,11913302,1909464
16 x 64 B,1,4276,1906955,0,0,0,7232869,11913302,1907960
16 x 64 B,2,4276,1908425,0,0,0,7237494,11913302,1909415
16 x 64 B,3,4276,1909017,0,0,0,7237916,11913302,1910029
16 x 64 B,4,4276,1908386,0,0,0,7238848,11913302,1909406
16 x 64 B,5,4276,1908295,0,0,0,7241372,11913302,1909274
16 x 64 B,6,4276,2279487,0,0,0,7250438,11913302,2280522
16 x 64 B,7,4276,1911416,0,0,0,7247553,11913302,1912431
16 x 64 B,8,4276,1908872,0,0,0,7241219,11913302,1909856
16 x 64 B,9,4276,1908757,0,0,0,7241635,11913302,1909730
16 x 64 B,10,4276,1908813,0,0,0,7241269,11913302,1909787
16 x 64 B,11,4276,1908251,0,0,0,7240946,11913302,1909221
16 x 64 B,12,4276,1909299,0,0,0,7250020,11913301,1910266
16 x 64 B,13,4276,1908187,0,0,0,7241455,11913302,1909161
16 x 64 B,14,4276,1906989,0,0,0,7234372,11913302,1907961
16 x 64 B,15,4276,1909037,0,0,0,7245020,11913302,1910009
16 x 64 B,16,4276,1907436,0,0,0,7236042,11913302,1908401
16 x 64 B,17,4276,1910483,0,0,0,7247014,11913302,1911451
16 x 64 B,18,4276,1907935,0,0,0,7237577,11913302,1908909
16 x 64 B,19,4276,1910055,0,0,0,7248538,11913302,1911023
16 x 64 B,20,4276,1920212,0,0,0,7241975,11913302,1914093
16 x 64 B,21,4276,1908878,0,0,0,7240392,11913302,1909880
16 x 64 B,22,4276,1909158,0,0,0,7241183,11913302,1910130
16 x 64 B,23,4276,1908965,0,0,0,7250340,11913301,1909938
16 x 64 B,24,4276,1911169,0,0,0,7251392,11913302,1912136
16 x 64 B,25,4276,1909500,0,0,0,7243537,11913302,1910476
16 x 64 B,26,4276,1908714,0,0,0,7241076,11913302,1909693
16 x 64 B,27,4276,1912445,0,0,0,7241450,11913302,1913456
16 x 64 B,28,4276,1907578,0,0,0,7236437,11913302,1908573
16 x 64 B,29,4276,1909725,0,0,0,7246653,11913302,1910707
16 x 64 B,30,4276,1908451,0,0,0,7237937,11913302,1909447
16 x 64 B,31,4276,1911461,0,0,0,7251233,11913302,1912573
24 x 64 B,0,2932,1936606,0,0,0,7339289,11872034,1938454
24 x 64 B,1,2932,1935614,0,0,0,7336807,11872034,1937016
24 x 64 B,2,2932,1932102,0,0,0,7311901,11872034,1934118
24 x 64 B,3,2932,1939088,0,0,0,7353848,11872034,1940164
24 x 64 B,4,2932,1937378,0,0,0,7310066,11872033,1930563
24 x 64 B,5,2932,1937420,0,0,0,7343331,11872034,1938490
24 x 64 B,6,2932,1931521,0,0,0,7328444,11872034,1932536
24 x 64 B,7,2932,1933749,0,0,0,7333979,11872034,1934793
24 x 64 B,8,2932,1932499,0,0,0,7332272,11872034,1933530
24 x 64 B,9,2932,1933218,0,0,0,7333321,11872034,1934210
24 x 64 B,10,2932,1939593,0,0,0,7358817,11872034,1940586
24 x 64 B,11,2932,1935632,0,0,0,7344154,11872034,1936621
24 x 64 B,12,2932,1931380,0,0,0,7317542,11872034,1932445
24 x 64 B,13,2932,1929446,0,0,0,7321201,11872034,1930450
24 x 64 B,14,2932,1931433,0,0,0,7328743,11872034,1932423
24 x 64 B,15,2932,1937741,0,0,0,7353923,11872034,1938737
24 x 64 B,16,2932,1927277,0,0,0,7311785,11872034,1928277
24 x 64 B,17,2932,1929025,0,0,0,7319463,11872034,1930026
24 x 64 B,18,2932,1931595,0,0,0,7326752,11872034,1932590
24 x 64 B,19,2932,1928048,0,0,0,7321725,11872033,1929049
24 x 64 B,20,2932,1926729,0,0,0,7305391,11872034,1927781
24 x 64 B,21,2932,1930683,0,0,0,7324852,11872034,1931681
24 x 64 B,22,2932,1927151,0,0,0,7312898,11872034,1928162
24 x 64 B,23,2932,1931755,0,0,0,7327974,11872034,1932755
24 x 64 B,24,2932,1931455,0,0,0,7330269,11872034,1932447
24 x 64 B,25,2932,1935333,0,0,0,7343379,11872034,1936316
24 x 64 B,26,2932,1933012,0,0,0,7334449,11872034,1933990
24 x 64 B,27,2932,1931024,0,0,0,7327856,11872034,1932022
24 x 64 B,28,2932,1926464,0,0,0,7310050,11872034,1927480
24 x 64 B,29,2932,1928369,0,0,0,7316587,11872034,1929361
24 x 64 B,30,2932,1933385,0,0,0,7334344,11872034,1934368
24 x 64 B,31,2932,1934311,0,0,0,7340789,11872034,1935314
64 x 64 B,0,1139,1971938,0,0,0,7483451,11804962,1973058
64 x 64 B,1,1139,1974542,0,0,0,7491073,11804962,1975533
64 x 64 B,2,1139,1972096,0,0,0,7483997,11804962,1973087
64 x 64 B,3,1139,1972273,0,0,0,7483178,11804962,1973262
64 x 64 B,4,1139,1972115,0,0,0,7483238,11804962,1973112
64 x 64 B,5,1139,1972662,0,0,0,7484269,11804962,1973651
64 x 64 B,6,1139,1972819,0,0,0,7484405,11804962,1973872
64 x 64 B,7,1139,1973012,0,0,0,7484036,11804961,1974145
64 x 64 B,8,1139,1973008,0,0,0,7484434,11804962,1974760
64 x 64 B,9,1139,1973824,0,0,0,7483069,11804962,1975324
64 x 64 B,10,1139,1978943,0,0,0,7500731,11804962,1980993
64 x 64 B,11,1139,1986942,0,0,0,7484538,11804962,1985401
64 x 64 B,12,1139,1991942,0,0,0,7492144,11804962,1982774
64 x 64 B,13,1139,1974072,0,0,0,7484975,11804962,1975152
64 x 64 B,14,1139,1973129,0,0,0,7486717,11804962,1974130
64 x 64 B,15,1139,1973874,0,0,0,7484418,11804962,1974917
64 x 64 B,16,1139,1974269,0,0,0,7491171,11804962,1975262
64 x 64 B,17,1139,1972298,0,0,0,7483055,11804962,1973278
64 x 64 B,18,1139,2353142,0,0,0,7490910,11804963,2354155
64 x 64 B,19,1139,1973128,0,0,0,7483288,11804962,1974150
64 x 64 B,20,1139,1988573,0,0,0,7483693,11804962,1975680
64 x 64 B,21,1139,1972248,0,0,0,7483224,11804962,1973242
64 x 64 B,22,1139,1973917,0,0,0,7490404,11804962,1974918
64 x 64 B,23,1139,1972253,0,0,0,7484990,11804962,1973242
64 x 64 B,24,1139,1970047,0,0,0,7481960,11804961,1971039
64 x 64 B,25,1139,1970606,0,0,0,7482922,11804961,1971722
64 x 64 B,26,1139,1972571,0,0,0,7484434,11804962,1973564
64 x 64 B,27,1139,1974210,0,0,0,7491042,11804962,1975191
64 x 64 B,28,1139,1971786,0,0,0,7483277,11804962,1972762
64 x 64 B,29,1139,1972307,0,0,0,7484114,11804962,1973311
64 x 64 B,30,1139,1972617,0,0,0,7484355,11804962,1973625
64 x 64 B,31,1139,1973210,0,0,0,7489163,11804962,1974213
128 x 64 B,0,577,1982943,0,0,0,7523551,11810402,1984096
128 x 64 B,1,577,1985547,0,0,0,7532644,11810402,1986558
128 x 64 B,2,577,1983692,0,0,0,7529100,11810402,1984696
128 x 64 B,3,577,1985929,0,0,0,7536129,11810402,1986932
128 x 64 B,4,577,1984900,0,0,0,7531050,11810402,1985910
128 x 64 B,5,577,1985013,0,0,0,7533231,11810402,1986011
128 x 64 B,6,577,1984258,0,0,0,7530341,11810402,1985255
128 x 64 B,7,577,1984276,0,0,0,7529212,11810402,1985264
128 x 64 B,8,577,1984184,0,0,0,7529078,11810402,1985194
128 x 64 B,9,577,1984728,0,0,0,7528674,11810402,1985756
128 x 64 B,10,577,1983918,0,0,0,7529249,11810402,1984916
128 x 64 B,11,577,1983980,0,0,0,7528828,11810402,1984959
128 x 64 B,12,577,1984996,0,0,0,7532274,11810402,1985994
128 x 64 B,13,577,1984232,0,0,0,7528570,11810402,1985297
128 x 64 B,14,577,1984800,0,0,0,7528728,11810402,1985817
128 x 64 B,15,577,1988298,0,0,0,7534237,11810402,1990339
128 x 64 B,16,577,1987023,0,0,0,7533113,11810402,1988452
128 x 64 B,17,577,1994783,0,0,0,7555725,11810402,1996463
128 x 64 B,18,577,1993706,0,0,0,7559462,11810402,1994829
128 x 64 B,19,577,1991819,0,0,0,7555427,11810402,1992840
128 x 64 B,20,577,1992513,0,0,0,7558465,11810402,1993562
128 x 64 B,21,577,1992380,0,0,0,7561242,11810402,1993482
128 x 64 B,22,577,1993319,0,0,0,7562438,11810402,1994317
128 x 64 B,23,577,1992377,0,0,0,7560108,11810402,1993422
128 x 64 B,24,577,1993246,0,0,0,7557720,11810402,1994284
128 x 64 B,25,577,1994369,0,0,0,7563313,11810402,1995400
128 x 64 B,26,577,1993387,0,0,0,7560364,11810402,1994438
128 x 64 B,27,577,1992244,0,0,0,7559694,11810402,1993247
128 x 64 B,28,577,1992501,0,0,0,7560564,11810402,1993502
128 x 64 B,29,577,1991989,0,0,0,7559983,11810402,1992979
128 x 64 B,30,577,1992181,0,0,0,7559618,11810402,1993188
128 x 64 B,31,577,1991258,0,0,0,7557237,11810402,1992255
129 x 64 B,0,565,1983648,0,0,0,7525074,11900396,1984717
129 x 64 B,1,565,1985887,0,0,0,7535213,11900396,1986905
129 x 64 B,2,565,1986650,0,0,0,7539686,11900396,1987633
129 x 64 B,3,565,1984493,0,0,0,7530666,11900396,1985510
129 x 64 B,4,565,1984598,0,0,0,7530051,11900396,1985599
129 x 64 B,5,565,1985760,0,0,0,7530478,11900396,1986822
129 x 64 B,6,565,1984781,0,0,0,7532665,11900396,1985781
129 x 64 B,7,565,1986472,0,0,0,7538233,11900396,1987474
129 x 64 B,8,565,1983502,0,0,0,7526060,11900396,1984514
129 x 64 B,9,565,1983442,0,0,0,7526733,11900396,1984442
129 x 64 B,10,565,1983930,0,0,0,7529065,11900396,1984948
129 x 64 B,11,565,1984254,0,0,0,7527841,11900396,1985262
129 x 64 B,12,565,1983629,0,0,0,7528403,11900396,1984630
129 x 64 B,13,565,1985088,0,0,0,7533942,11900396,1986111
129 x 64 B,14,565,1982692,0,0,0,7524019,11900396,1983702
129 x 64 B,15,565,1985040,0,0,0,7533720,11900396,1986062
129 x 64 B,16,565,1984486,0,0,0,7529069,11900396,1985507
129 x 64 B,17,565,1982878,0,0,0,7525804,11900396,1983880
129 x 64 B,18,565,2051149,0,0,0,7534286,11900396,1990876
129 x 64 B,19,565,1984688,0,0,0,7530150,11900396,1985729
129 x 64 B,20,565,1983221,0,0,0,7525070,11900396,1984228
129 x 64 B,21,565,1986191,0,0,0,7534234,11900396,1987274
129 x 64 B,22,565,1987478,0,0,0,7536522,11900396,1988902
129 x 64 B,23,565,1987226,0,0,0,7535379,11900396,1988658
129 x 64 B,24,565,1987841,0,0,0,7531863,11900396,1989245
129 x 64 B,25,565,1995803,0,0,0,7530116,11900396,1994015
129 x 64 B,26,565,2001958,0,0,0,7534848,11900396,1993979
129 x 64 B,27,565,1987427,0,0,0,7537322,11900396,1988477
129 x 64 B,28,565,1984883,0,0,0,7532685,11900396,1985860
129 x 64 B,29,565,1984421,0,0,0,7530289,11900396,1985424
129 x 64 B,30,565,1984294,0,0,0,7528374,11900396,1985330
129 x 64 B,31,565,1985410,0,0,0,7530975,11900396,1986423
1024 x 64 B,0,72,1998293,0,0,0,7580416,11737518,1999539
1024 x 64 B,1,72,1999153,0,0,0,7582241,11737518,2000323
1024 x 64 B,2,72,1999627,0,0,0,7582622,11737518,2000728
1024 x 64 B,3,72,1998079,0,0,0,7581309,11737518,1999218
1024 x 64 B,4,72,1998360,0,0,0,7578520,11737518,1999780
1024 x 64 B,5,72,1996931,0,0,0,7577309,11737518,1997994
1024 x 64 B,6,72,1998483,0,0,0,7579361,11737518,1999599
1024 x 64 B,7,72,1997509,0,0,0,7578675,11737518,1998568
1024 x 64 B,8,72,1998731,0,0,0,7580148,11737518,1999825
1024 x 64 B,9,72,1998733,0,0,0,7583658,11737518,1999800
1024 x 64 B,10,72,1998201,0,0,0,7577944,11737518,1999260
1024 x 64 B,11,72,1996411,0,0,0,7577331,11737518,1997449
1024 x 64 B,12,72,1998721,0,0,0,7580191,11737518,1999827
1024 x 64 B,13,72,1997642,0,0,0,7580485,11737518,1998700
1024 x 64 B,14,72,1997703,0,0,0,7578173,11737518,1998743
1024 x 64 B,15,72,1998630,0,0,0,7583627,11737518,1999669
1024 x 64 B,16,72,1998043,0,0,0,7580563,11737518,1999104
1024 x 64 B,17,72,1997205,0,0,0,7577946,11737518,1998273
1024 x 64 B,18,72,1998739,0,0,0,7583129,11737518,1999779
1024 x 64 B,19,72,1997079,0,0,0,7578759,11737518,1998121
1024 x 64 B,20,72,2008929,0,0,0,7579988,11737519,2006918
1024 x 64 B,21,72,1997231,0,0,0,7577929,11737518,1998310
1024 x 64 B,22,72,1999061,0,0,0,7584230,11737518,2000093
1024 x 64 B,23,72,1998678,0,0,0,7583928,11737518,1999720
1024 x 64 B,24,72,1998035,0,0,0,7581210,11737518,1999085
1024 x 64 B,25,72,1997136,0,0,0,7579836,11737518,1998173
1024 x 64 B,26,72,1997213,0,0,0,7578931,11737518,1998263
1024 x 64 B,27,72,2000601,0,0,0,7590306,11737518,2001808
1024 x 64 B,28,72,1998385,0,0,0,7580325,11737518,1999523
1024 x 64 B,29,72,2001015,0,0,0,7586537,11737518,2002869
1024 x 64 B,30,72,1999418,0,0,0,7578733,11737518,2001001
1024 x 64 B,31,72,1999389,0,0,0,7579605,11737518,2001584
1 x 128 B,0,12699,1720434,0,0,0,6457441,16064601,1710904
1 x 128 B,1,12699,1700760,0,0,0,6452738,16064600,1701886
1 x 128 B,2,12699,1703402,0,0,0,6459445,16064601,1704388
1 x 128 B,3,12699,1705857,0,0,0,6462283,16064601,1706887
1 x 128 B,4,12699,1705359,0,0,0,6467762,16064600,1706381
1 x 128 B,5,12699,1706995,0,0,0,6474920,16064601,1708032
1 x 128 B,6,12699,1702473,0,0,0,6459272,16064601,1703435
1 x 128 B,7,12699,1691601,0,0,0,6415705,16064601,1692608
1 x 128 B,8,12699,1711694,0,0,0,6500165,16064600,1712675
1 x 128 B,9,12699,1715041,0,0,0,6500955,16064601,1716051
1 x 128 B,10,12699,1699659,0,0,0,6447694,16064601,1700658
1 x 128 B,11,12699,1706502,0,0,0,6479580,16064600,1707459
1 x 128 B,12,12699,1706376,0,0,0,6474609,16064601,1707329
1 x 128 B,13,12699,2074441,0,0,0,6444072,16064601,2075467
1 x 128 B,14,12699,1708601,0,0,0,6483183,16064601,1709565
1 x 128 B,15,12699,1709697,0,0,0,6486706,16064601,1710657
1 x 128 B,16,12699,1708649,0,0,0,6487509,16064600,1709612
1 x 128 B,17,12699,1695796,0,0,0,6433846,16064601,1696772
1 x 128 B,18,12699,1695393,0,0,0,6431272,16064601,1696347
1 x 128 B,19,12699,1699537,0,0,0,6454372,16064600,1700508
1 x 128 B,20,12699,1706848,0,0,0,6476281,16064601,1707794
1 x 128 B,21,12699,1710041,0,0,0,6489669,16064601,1711006
1 x 128 B,22,12699,1708067,0,0,0,6479301,16064601,1709025
1 x 128 B,23,12699,1702906,0,0,0,6466001,16064600,1703901
1 x 128 B,24,12699,1691741,0,0,0,6418653,16064601,1692700
1 x 128 B,25,12699,1704009,0,0,0,6464260,16064601,1704982
1 x 128 B,26,12699,1708581,0,0,0,6487524,16064600,1709538
1 x 128 B,27,12699,1692583,0,0,0,6418096,16064601,1693555
1 x 128 B,28,12699,1696512,0,0,0,6438015,16064601,1697458
1 x 128 B,29,12699,1701620,0,0,0,6461969,16064600,1702578
1 x 128 B,30,12699,1705814,0,0,0,6470550,16064601,1706768
1 x 128 B,31,12699,1704040,0,0,0,6467236,16064601,1705012
3 x 128 B,0,5983,1848930,0,0,0,7017662,12462955,1849996
3 x 128 B,1,5983,1846673,0,0,0,7006623,12462955,1847643
3 x 128 B,2,5983,1848554,0,0,0,7019975,12462954,1849514
3 x 128 B,3,5983,1850682,0,0,0,7021270,12462955,1851638
3 x 128 B,4,5983,1849494,0,0,0,7019512,12462955,1850475
3 x 128 B,5,5983,1847896,0,0,0,7010467,12462955,1848957
3 x 128 B,6,5983,1853379,0,0,0,7032356,12462955,1854346
3 x 128 B,7,5983,1849620,0,0,0,7015480,12462955,1850783
3 x 128 B,8,5983,1859314,0,0,0,7051180,12462955,1860638
3 x 128 B,9,5983,1852300,0,0,0,7028582,12462954,1854171
3 x 128 B,10,5983,1849822,0,0,0,7013285,12462955,1851006
3 x 128 B,11,5983,1855218,0,0,0,7020569,12462955,1857186
3 x 128 B,12,5983,1854136,0,0,0,7032563,12462955,1855310
3 x 128 B,13,5983,1865941,0,0,0,7024785,12462955,1859029
3 x 128 B,14,5983,1854748,0,0,0,7033721,12462955,1855811
3 x 128 B,15,5983,1849768,0,0,0,7018017,12462955,1850740
3 x 128 B,16,5983,1846359,0,0,0,7012290,12462954,1847332
3 x 128 B,17,5983,1853579,0,0,0,7033184,12462955,1854570
3 x 128 B,18,5983,1859815,0,0,0,7055324,12462955,1860782
3 x 128 B,19,5983,1854293,0,0,0,7030801,12462955,1855282
3 x 128 B,20,5983,1857622,0,0,0,7043213,12462955,1858641
3 x 128 B,21,5983,1872001,0,0,0,7048136,12462955,1863261
3 x 128 B,22,5983,1851120,0,0,0,7019021,12462955,1852130
3 x 128 B,23,5983,1853116,0,0,0,7033693,12462954,1854151
3 x 128 B,24,5983,1854245,0,0,0,7033475,12462955,1855231
3 x 128 B,25,5983,1851883,0,0,0,7026230,12462955,1852859
3 x 128 B,26,5983,1849814,0,0,0,7017795,12462955,1850778
3 x 128 B,27,5983,1850377,0,0,0,7019236,12462955,1851356
3 x 128 B,28,5983,1854003,0,0,0,7033331,12462955,1854984
3 x 128 B,29,5983,1853337,0,0,0,7019705,12462955,1854351
3 x 128 B,30,5983,1844159,0,0,0,7003679,12462954,1845117
3 x 128 B,31,5983,1849057,0,0,0,7015558,12462955,1850041
4 x 128 B,0,5479,1888227,0,0,0,7164396,12322637,1889267
4 x 128 B,1,5479,1893477,0,0,0,7184871,12322637,1894430
4 x 128 B,2,5479,1889138,0,0,0,7167605,12322637,1890111
4 x 128 B,3,5479,1892365,0,0,0,7178503,12322637,1893335
4 x 128 B,4,5479,1892298,0,0,0,7178498,12322637,1893258
4 x 128 B,5,5479,1893344,0,0,0,7185352,12322637,1894301
4 x 128 B,6,5479,1897697,0,0,0,7199173,12322637,1898666
4 x 128 B,7,5479,1896101,0,0,0,7195028,12322636,1897112
4 x 128 B,8,5479,1895949,0,0,0,7194499,12322637,1896931
4 x 128 B,9,5479,1895704,0,0,0,7191257,12322637,1896653
4 x 128 B,10,5479,1888520,0,0,0,7165434,12322637,1889482
4 x 128 B,11,5479,1883522,0,0,0,7145859,12322637,1884482
4 x 128 B,12,5479,1897146,0,0,0,7198085,12322637,1898116
4 x 128 B,13,5479,1887972,0,0,0,7162104,12322637,1888946
4 x 128 B,14,5479,1891216,0,0,0,7176109,12322637,1892179
4 x 128 B,15,5479,1895083,0,0,0,7189624,12322637,1896049
4 x 128 B,16,5479,1886392,0,0,0,7164212,12322636,1887472
4 x 128 B,17,5479,1895170,0,0,0,7186363,12322637,1896428
4 x 128 B,18,5479,1893893,0,0,0,7184995,12322637,1895987
4 x 128 B,19,5479,1900650,0,0,0,7202807,12322637,1902890
4 x 128 B,20,5479,1899580,0,0,0,7202202,12322637,1902462
4 x 128 B,21,5479,1898461,0,0,0,7157126,12322637,1896900
4 x 128 B,22,5479,1898958,0,0,0,7147019,12322637,1891342
4 x 128 B,23,5479,1897396,0,0,0,7179628,12322637,1898508
4 x 128 B,24,5479,1900388,0,0,0,7207617,12322637,1901385
4 x 128 B,25,5479,1895192,0,0,0,7185747,12322637,1896190
4 x 128 B,26,5479,1893586,0,0,0,7189942,12322636,1894560
4 x 128 B,27,5479,1897678,0,0,0,7199823,12322637,1898641
4 x 128 B,28,5479,1894395,0,0,0,7187745,12322637,1895356
4 x 128 B,29,5479,1898620,0,0,0,7201526,12322637,1899589
4 x 128 B,30,5479,1898591,0,0,0,7200423,12322637,1899584
4 x 128 B,31,5479,1894104,0,0,0,7185081,12322637,1895065
6 x 128 B,0,3638,1916189,0,0,0,7270619,11423686,1917243
6 x 128 B,1,3638,1905121,0,0,0,7228776,11423686,1906095
6 x 128 B,2,3638,1910184,0,0,0,7247354,11423686,1911137
6 x 128 B,3,3638,1913755,0,0,0,7259842,11423686,1914709
6 x 128 B,4,3638,1920712,0,0,0,7285877,11423686,1921663
6 x 128 B,5,3638,1907877,0,0,0,7244100,11423685,1908852
6 x 128 B,6,3638,1919639,0,0,0,7284090,11423686,1920610
6 x 128 B,7,3638,1923774,0,0,0,7299150,11423686,1924760
6 x 128 B,8,3638,1913401,0,0,0,7260867,11423686,1914373
6 x 128 B,9,3638,1921114,0,0,0,7288793,11423686,1922083
6 x 128 B,10,3638,1915064,0,0,0,7266747,11423686,1916041
6 x 128 B,11,3638,1908980,0,0,0,7241946,11423686,1909949
6 x 128 B,12,3638,1915831,0,0,0,7267582,11423686,1916794
6 x 128 B,13,3638,1924509,0,0,0,7302199,11423686,1925472
6 x 128 B,14,3638,1912747,0,0,0,7258316,11423686,1913711
6 x 128 B,15,3638,1929135,0,0,0,7319406,11423686,1930094
6 x 128 B,16,3638,1912056,0,0,0,7251535,11423686,1913070
6 x 128 B,17,3638,1920177,0,0,0,7292165,11423685,1921141
6 x 128 B,18,3638,1923840,0,0,0,7297537,11423686,1924816
6 x 128 B,19,3638,1910460,0,0,0,7248871,11423686,1911439
6 x 128 B,20,3638,1922099,0,0,0,7292475,11423686,1923080
6 x 128 B,21,3638,1909701,0,0,0,7246276,11423686,1910670
6 x 128 B,22,3638,1923438,0,0,0,7292976,11423686,1924457
6 x 128 B,23,3638,1917260,0,0,0,7232476,11423686,1910122
6 x 128 B,24,3638,1919524,0,0,0,7281522,11423686,1920518
6 x 128 B,25,3638,1906348,0,0,0,7232308,11423686,1907546
6 x 128 B,26,3638,1913133,0,0,0,7255986,11423686,1914422
6 x 128 B,27,3638,1911592,0,0,0,7245680,11423686,1913287
6 x 128 B,28,3638,1911009,0,0,0,7246102,11423686,1912172
6 x 128 B,29,3638,1925614,0,0,0,7294109,11423686,1927898
6 x 128 B,30,3638,1921504,0,0,0,7293403,11423685,1922833
6 x 128 B,31,3638,1934943,0,0,0,7295473,11423686,1928785
8 x 128 B,0,4337,1907565,0,0,0,7236454,12026867,1908658
8 x 128 B,1,4337,1909369,0,0,0,7241422,12026867,1910364
8 x 128 B,2,4337,1909366,0,0,0,7242573,12026867,1910383
8 x 128 B,3,4337,1910723,0,0,0,7242808,12026867,1911754
8 x 128 B,4,4337,1909393,0,0,0,7243529,12026867,1910395
8 x 128 B,5,4337,1909442,0,0,0,7242036,12026867,1910434
8 x 128 B,6,4337,1910555,0,0,0,7244958,12026867,1911697
8 x 128 B,7,4337,1910237,0,0,0,7240586,12026867,1911297
8 x 128 B,8,4337,1909636,0,0,0,7243550,12026867,1910603
8 x 128 B,9,4337,1909394,0,0,0,7241823,12026867,1910375
8 x 128 B,10,4337,1907254,0,0,0,7242846,12026866,1908226
8 x 128 B,11,4337,1909276,0,0,0,7243506,12026867,1910251
8 x 128 B,12,4337,1909278,0,0,0,7243584,12026867,1910260
8 x 128 B,13,4337,1908931,0,0,0,7242248,12026867,1909902
8 x 128 B,14,4337,1909001,0,0,0,7243903,12026867,1909966
8 x 128 B,15,4337,1909057,0,0,0,7241399,12026867,1910032
8 x 128 B,16,4337,1909567,0,0,0,7242375,12026867,1910554
8 x 128 B,17,4337,1908407,0,0,0,7240113,12026867,1909391
8 x 128 B,18,4337,1908700,0,0,0,7241925,12026867,1909667
8 x 128 B,19,4337,1908955,0,0,0,7241754,12026867,1909929
8 x 128 B,20,4337,1908828,0,0,0,7242296,12026867,1909788
8 x 128 B,21,4337,1907674,0,0,0,7243510,12026866,1908631
8 x 128 B,22,4337,1908135,0,0,0,7240385,12026867,1909115
8 x 128 B,23,4337,1909288,0,0,0,7243672,12026867,1910260
8 x 128 B,24,4337,1909384,0,0,0,7242341,12026867,1910340
8 x 128 B,25,4337,1908686,0,0,0,7241588,12026867,1909673
8 x 128 B,26,4337,1908586,0,0,0,7241284,12026867,1909562
8 x 128 B,27,4337,1909213,0,0,0,7243086,12026867,1910189
8 x 128 B,28,4337,1909067,0,0,0,7242132,12026867,1910051
8 x 128 B,29,4337,1909266,0,0,0,7243173,12026867,1910238
8 x 128 B,30,4337,1909069,0,0,0,7243984,12026867,1910042
8 x 128 B,31,4337,1909157,0,0,0,7243040,12026867,1910156
12 x 128 B,0,2555,1936670,0,0,0,7345371,11962876,1937807
12 x 128 B,1,2555,1948031,0,0,0,7383355,11962876,1949830
12 x 128 B,2,2555,1951567,0,0,0,7409217,11962875,1953689
12 x 128 B,3,2555,1947157,0,0,0,7381586,11962876,1949048
12 x 128 B,4,2555,1953124,0,0,0,7399698,11962876,1954466
12 x 128 B,5,2555,1951945,0,0,0,7351084,11962876,1943425
12 x 128 B,6,2555,1942667,0,0,0,7355809,11962876,1943909
12 x 128 B,7,2555,1946350,0,0,0,7382521,11962876,1947853
12 x 128 B,8,2555,1951803,0,0,0,7403226,11962876,1952913
12 x 128 B,9,2555,1945367,0,0,0,7380408,11962876,1946360
12 x 128 B,10,2555,1944384,0,0,0,7374011,11962876,1945368
12 x 128 B,11,2555,1940704,0,0,0,7361951,11962876,1941712
12 x 128 B,12,2555,1943600,0,0,0,7371521,11962876,1944683
12 x 128 B,13,2555,1949547,0,0,0,7387339,11962876,1951199
12 x 128 B,14,2555,1950495,0,0,0,7396771,11962876,1951675
12 x 128 B,15,2555,1957728,0,0,0,7429541,11962876,1958708
12 x 128 B,16,2555,2317439,0,0,0,7363996,11962876,2318475
12 x 128 B,17,2555,1947361,0,0,0,7384815,11962876,1949696
12 x 128 B,18,2555,1972153,0,0,0,7435490,11962876,1971092
12 x 128 B,19,2555,1958671,0,0,0,7406104,11962876,1957869
12 x 128 B,20,2555,1940366,0,0,0,7359211,11962876,1941372
12 x 128 B,21,2555,1950516,0,0,0,7397966,11962876,1951529
12 x 128 B,22,2555,1947583,0,0,0,7389015,11962876,1948559
12 x 128 B,23,2555,1944630,0,0,0,7375865,11962876,1945653
12 x 128 B,24,2555,1944192,0,0,0,7375406,11962876,1945189
12 x 128 B,25,2555,1952379,0,0,0,7407729,11962876,1953361
12 x 128 B,26,2555,1947209,0,0,0,7388220,11962876,1948179
12 x 128 B,27,2555,1942663,0,0,0,7371912,11962876,1943636
12 x 128 B,28,2555,1946449,0,0,0,7379273,11962876,1947472
12 x 128 B,29,2555,1947546,0,0,0,7389670,11962876,1948555
12 x 128 B,30,2555,1941797,0,0,0,7374250,11962875,1942809
12 x 128 B,31,2555,1932858,0,0,0,7332631,11962876,1933854
16 x 128 B,0,2270,1950159,0,0,0,7397711,11813446,1951215
16 x 128 B,1,2270,1947585,0,0,0,7389968,11813446,1948571
16 x 128 B,2,2270,1948678,0,0,0,7392361,11813446,1949646
16 x 128 B,3,2270,1950308,0,0,0,7399443,11813446,1951308
16 x 128 B,4,2270,1951105,0,0,0,7399994,11813446,1952081
16 x 128 B,5,2270,1950077,0,0,0,7398605,11813446,1951063
16 x 128 B,6,2270,1949337,0,0,0,7394357,11813446,1950308
16 x 128 B,7,2270,1948683,0,0,0,7388022,11813446,1949688
16 x 128 B,8,2270,1950262,0,0,0,7398529,11813446,1951252
16 x 128 B,9,2270,1949594,0,0,0,7396930,11813446,1950573
16 x 128 B,10,2270,1951413,0,0,0,7400566,11813446,1952478
16 x 128 B,11,2270,1949903,0,0,0,7391195,11813446,1952176
16 x 128 B,12,2270,1950556,0,0,0,7393593,11813446,1952001
16 x 128 B,13,2270,1953500,0,0,0,7400674,11813446,1955725
16 x 128 B,14,2270,1953038,0,0,0,7401669,11813446,1954639
16 x 128 B,15,2270,1961741,0,0,0,7393206,11813446,1954389
16 x 128 B,16,2270,1951179,0,0,0,7398227,11813446,1952217
16 x 128 B,17,2270,1948505,0,0,0,7393952,11813446,1949486
16 x 128 B,18,2270,1950925,0,0,0,7400208,11813446,1951895
16 x 128 B,19,2270,1947970,0,0,0,7399254,11813445,1948945
16 x 128 B,20,2270,1949282,0,0,0,7393609,11813446,1950306
16 x 128 B,21,2270,1949074,0,0,0,7394764,11813446,1950092
16 x 128 B,22,2270,1949771,0,0,0,7395482,11813446,1950771
16 x 128 B,23,2270,1950554,0,0,0,7397332,11813446,1951627
16 x 128 B,24,2270,1950916,0,0,0,7400955,11813446,1951919
16 x 128 B,25,2270,1949744,0,0,0,7400724,11813446,1950743
16 x 128 B,26,2270,1948749,0,0,0,7394083,11813446,1949735
16 x 128 B,27,2270,1947168,0,0,0,7391297,11813446,1948125
16 x 128 B,28,2270,1950670,0,0,0,7401693,11813446,1951668
16 x 128 B,29,2270,1948310,0,0,0,7393983,11813446,1949296
16 x 128 B,30,2270,1949386,0,0,0,7395725,11813446,1950359
16 x 128 B,31,2270,1949136,0,0,0,7397922,11813446,1950095
24 x 128 B,0,1542,1968311,0,0,0,7470658,11773536,1969355
24 x 128 B,1,1542,1967968,0,0,0,7468212,11773536,1968955
24 x 128 B,2,1542,1966890,0,0,0,7465112,11773536,1967853
24 x 128 B,3,1542,1967579,0,0,0,7466774,11773536,1968552
24 x 128 B,4,1542,1967095,0,0,0,7466197,11773536,1968076
24 x 128 B,5,1542,1966951,0,0,0,7464451,11773536,1967924
24 x 128 B,6,1542,1968325,0,0,0,7469721,11773536,1969319
24 x 128 B,7,1542,1968390,0,0,0,7469045,11773536,1969370
24 x 128 B,8,1542,1967924,0,0,0,7468355,11773536,1968894
24 x 128 B,9,1542,1968569,0,0,0,7470803,11773536,1969562
24 x 128 B,10,1542,1966629,0,0,0,7464374,11773536,1967605
24 x 128 B,11,1542,1967607,0,0,0,7466917,11773536,1968573
24 x 128 B,12,1542,1967114,0,0,0,7470668,11773535,1968078
24 x 128 B,13,1542,1969146,0,0,0,7474447,11773536,1970133
24 x 128 B,14,1542,1967241,0,0,0,7464458,11773536,1968226
24 x 128 B,15,1542,1968835,0,0,0,7472927,11773536,1969823
24 x 128 B,16,1542,1968207,0,0,0,7466559,11773536,1969183
24 x 128 B,17,1542,1968396,0,0,0,7469924,11773536,1969563
24 x 128 B,18,1542,1970312,0,0,0,7472229,11773536,1971369
24 x 128 B,19,1542,1973059,0,0,0,7479430,11773536,1975437
24 x 128 B,20,1542,1968549,0,0,0,7460838,11773536,1970685
24 x 128 B,21,1542,1971204,0,0,0,7466887,11773536,1973680
24 x 128 B,22,1542,1989843,0,0,0,7465602,11773536,1979977
24 x 128 B,23,1542,1984688,0,0,0,7466878,11773536,1976094
24 x 128 B,24,1542,1968627,0,0,0,7464461,11773536,1969658
24 x 128 B,25,1542,1966797,0,0,0,7462665,11773536,1967810
24 x 128 B,26,1542,1968269,0,0,0,7468393,11773536,1969250
24 x 128 B,27,1542,1968827,0,0,0,7468596,11773536,1969861
24 x 128 B,28,1542,1968117,0,0,0,7466902,11773536,1969108
24 x 128 B,29,1542,1967693,0,0,0,7465604,11773536,1968656
24 x 128 B,30,1542,1969611,0,0,0,7470641,11773536,1970655
24 x 128 B,31,1542,1967909,0,0,0,7467664,11773536,1968896
64 x 128 B,0,589,1985293,0,0,0,7534537,11656676,1986421
64 x 128 B,1,589,1987379,0,0,0,7535042,11656676,1988407
64 x 128 B,2,589,1985521,0,0,0,7534975,11656676,1986524
64 x 128 B,3,589,1984367,0,0,0,7529431,11656676,1985364
64 x 128 B,4,589,1985649,0,0,0,7534939,11656676,1986664
64 x 128 B,5,589,1985581,0,0,0,7531513,11656676,1986625
64 x 128 B,6,589,1985368,0,0,0,7534873,11656676,1986364
64 x 128 B,7,589,1986445,0,0,0,7537594,11656676,1987424
64 x 128 B,8,589,1985941,0,0,0,7536599,11656676,1986938
64 x 128 B,9,589,1985788,0,0,0,7536014,11656676,1986776
64 x 128 B,10,589,1986019,0,0,0,7536792,11656676,1987013
64 x 128 B,11,589,1984812,0,0,0,7532931,11656676,1985812
64 x 128 B,12,589,1986321,0,0,0,7538728,11656676,1987327
64 x 128 B,13,589,1985508,0,0,0,7534633,11656676,1986501
64 x 128 B,14,589,1986811,0,0,0,7536808,11656676,1987790
64 x 128 B,15,589,1985768,0,0,0,7535140,11656676,1986766
64 x 128 B,16,589,1985816,0,0,0,7536249,11656676,1986823
64 x 128 B,17,589,1984508,0,0,0,7530968,11656676,1985493
64 x 128 B,18,589,1984983,0,0,0,7533805,11656676,1985980
64 x 128 B,19,589,1986329,0,0,0,7538037,11656676,1987314
64 x 128 B,20,589,1986044,0,0,0,7537571,11656676,1987047
64 x 128 B,21,589,1985462,0,0,0,7535090,11656676,1986444
64 x 128 B,22,589,1985027,0,0,0,7533866,11656676,1986028
64 x 128 B,23,589,1986627,0,0,0,7538008,11656676,1987622
64 x 128 B,24,589,1986271,0,0,0,7537061,11656676,1987326
64 x 128 B,25,589,1988335,0,0,0,7538676,11656676,1989388
64 x 128 B,26,589,1988411,0,0,0,7538901,11656676,1989740
64 x 128 B,27,589,1986940,0,0,0,7534467,11656676,1988520
64 x 128 B,28,589,1988511,0,0,0,7538431,11656676,1989997
64 x 128 B,29,589,1996755,0,0,0,7537141,11656676,1995518
64 x 128 B,30,589,1993158,0,0,0,7539210,11656676,1992327
64 x 128 B,31,589,1987442,0,0,0,7533478,11656676,1988509
128 x 128 B,0,296,1994503,0,0,0,7565864,11614814,1995670
128 x 128 B,1,296,1993811,0,0,0,7565402,11614814,1994851
128 x 128 B,2,296,1995078,0,0,0,7569122,11614814,1996120
128 x 128 B,3,296,1994972,0,0,0,7570108,11614814,1996032
128 x 128 B,4,296,1993078,0,0,0,7562571,11614814,1994128
128 x 128 B,5,296,1993951,0,0,0,7566465,11614814,1995010
128 x 128 B,6,296,1992962,0,0,0,7554344,11614814,1994058
128 x 128 B,7,296,1994349,0,0,0,7567670,11614814,1995417
128 x 128 B,8,296,1995518,0,0,0,7568733,11614814,1996563
128 x 128 B,9,296,1997928,0,0,0,7567402,11614815,1999039
128 x 128 B,10,296,1996270,0,0,0,7571206,11614814,1997338
128 x 128 B,11,296,1996694,0,0,0,7575337,11614814,1997735
128 x 128 B,12,296,1996268,0,0,0,7573925,11614814,1997313
128 x 128 B,13,296,1994357,0,0,0,7567816,11614814,1995403
128 x 128 B,14,296,1994050,0,0,0,7562705,11614814,1995157
128 x 128 B,15,296,1995720,0,0,0,7568564,11614814,1996889
128 x 128 B,16,296,1996764,0,0,0,7573590,11614814,1998009
128 x 128 B,17,296,1996798,0,0,0,7569510,11614814,1997872
128 x 128 B,18,296,1998469,0,0,0,7581169,11614814,1999560
128 x 128 B,19,296,1998240,0,0,0,7577885,11614814,1999357
128 x 128 B,20,296,2009435,0,0,0,7590417,11614814,2005423
128 x 128 B,21,296,2001488,0,0,0,7590636,11614814,2002603
128 x 128 B,22,296,2003211,0,0,0,7598797,11614814,2004273
128 x 128 B,23,296,2004329,0,0,0,7602168,11614814,2005373
128 x 128 B,24,296,2002131,0,0,0,7597043,11614814,2003171
128 x 128 B,25,296,2002493,0,0,0,7597657,11614814,2003559
128 x 128 B,26,296,2000277,0,0,0,7590444,11614814,2001322
128 x 128 B,27,296,2001421,0,0,0,7594098,11614814,2002453
128 x 128 B,28,296,2000802,0,0,0,7592313,11614814,2001835
128 x 128 B,29,296,2001986,0,0,0,7596079,11614814,2003025
128 x 128 B,30,296,1997432,0,0,0,7578549,11614814,1998478
128 x 128 B,31,296,2001072,0,0,0,7589583,11614814,2002277
129 x 128 B,0,291,1997569,0,0,0,7572286,11726502,1999781
129 x 128 B,1,291,1999764,0,0,0,7579867,11726502,2000937
129 x 128 B,2,291,1997963,0,0,0,7571174,11726502,2000318
129 x 128 B,3,291,2008308,0,0,0,7576368,11726502,2007581
129 x 128 B,4,291,2014445,0,0,0,7597328,11726502,2008140
129 x 128 B,5,291,2003608,0,0,0,7597718,11726502,2004720
129 x 128 B,6,291,2002073,0,0,0,7593495,11726502,2003212
129 x 128 B,7,291,2001302,0,0,0,7591992,11726502,2002364
129 x 128 B,8,291,2003288,0,0,0,7596350,11726502,2004392
129 x 128 B,9,291,2002811,0,0,0,7597500,11726502,2003876
129 x 128 B,10,291,2003900,0,0,0,7597847,11726502,2004994
129 x 128 B,11,291,2001531,0,0,0,7592837,11726502,2002608
129 x 128 B,12,291,2000927,0,0,0,7592263,11726502,2001977
129 x 128 B,13,291,2001243,0,0,0,7590739,11726502,2002285
129 x 128 B,14,291,2002448,0,0,0,7596578,11726502,2003482
129 x 128 B,15,291,2006702,0,0,0,7598841,11726502,2007792
129 x 128 B,16,291,2002508,0,0,0,7597696,11726502,2003563
129 x 128 B,17,291,2002743,0,0,0,7597162,11726502,2003834
129 x 128 B,18,291,2000481,0,0,0,7590444,11726502,2001546
129 x 128 B,19,291,2013671,0,0,0,7598978,11726502,2008259
129 x 128 B,20,291,2001077,0,0,0,7588087,11726502,2002171
129 x 128 B,21,291,2001664,0,0,0,7592878,11726502,2002741
129 x 128 B,22,291,2002824,0,0,0,7599069,11726502,2003893
129 x 128 B,23,291,2001319,0,0,0,7591897,11726502,2002378
129 x 128 B,24,291,2001121,0,0,0,7590426,11726502,2002194
129 x 128 B,25,291,2001036,0,0,0,7590561,11726502,2002084
129 x 128 B,26,291,2000049,0,0,0,7588207,11726502,2001087
129 x 128 B,27,291,2001022,0,0,0,7591952,11726502,2002075
129 x 128 B,28,291,2001172,0,0,0,7591845,11726502,2002231
129 x 128 B,29,291,2001310,0,0,0,7591261,11726502,2002381
129 x 128 B,30,291,1999334,0,0,0,7586289,11726502,2000401
129 x 128 B,31,291,2000805,0,0,0,7590395,11726502,2001849
1024 x 128 B,0,37,2031463,0,0,0,7706858,11579072,2032688
1024 x 128 B,1,37,2031198,0,0,0,7705929,11579072,2032269
1024 x 128 B,2,37,2030329,0,0,0,7703797,11579072,2031401
1024 x 128 B,3,37,2031442,0,0,0,7706025,11579072,2032509
1024 x 128 B,4,37,2031995,0,0,0,7708270,11579072,2033067
1024 x 128 B,5,37,2033055,0,0,0,7712334,11579072,2034117
1024 x 128 B,6,37,2040845,0,0,0,7741817,11579072,2042112
1024 x 128 B,7,37,2062403,0,0,0,7810383,11579072,2064537
1024 x 128 B,8,37,2042213,0,0,0,7742363,11579072,2043934
1024 x 128 B,9,37,2040057,0,0,0,7733861,11579072,2042067
1024 x 128 B,10,37,2052918,0,0,0,7709618,11579073,2048483
1024 x 128 B,11,37,2042465,0,0,0,7705952,11579072,2036653
1024 x 128 B,12,37,2031098,0,0,0,7704555,11579072,2032219
1024 x 128 B,13,37,2029941,0,0,0,7701849,11579072,2031006
1024 x 128 B,14,37,2030818,0,0,0,7704303,11579072,2031930
1024 x 128 B,15,37,2030783,0,0,0,7702173,11579072,2031898
1024 x 128 B,16,37,2032247,0,0,0,7705074,11579072,2033347
1024 x 128 B,17,37,2032184,0,0,0,7704832,11579072,2033288
1024 x 128 B,18,37,2040126,0,0,0,7707660,11579072,2035520
1024 x 128 B,19,37,2030508,0,0,0,7703877,11579072,2031547
1024 x 128 B,20,37,2030352,0,0,0,7703417,11579072,2031397
1024 x 128 B,21,37,2030561,0,0,0,7704379,11579072,2031635
1024 x 128 B,22,37,2030347,0,0,0,7704318,11579072,2031387
1024 x 128 B,23,37,2030830,0,0,0,7705718,11579072,2031889
1024 x 128 B,24,37,2030528,0,0,0,7703818,11579072,2031584
1024 x 128 B,25,37,2030751,0,0,0,7704250,11579072,2031818
1024 x 128 B,26,37,2030415,0,0,0,7704229,11579072,2031472
1024 x 128 B,27,37,2030522,0,0,0,7704258,11579072,2031571
1024 x 128 B,28,37,2030071,0,0,0,7703611,11579072,2031124
1024 x 128 B,29,37,2029879,0,0,0,7701836,11579072,2030938
1024 x 128 B,30,37,2030000,0,0,0,7703204,11579072,2031067
1024 x 128 B,31,37,2029843,0,0,0,7702488,11579072,2030900
1 x 256 B,0,7292,1821496,0,0,0,6904530,16225066,1822677
1 x 256 B,1,7292,1816931,0,0,0,6894606,16225066,1817963
1 x 256 B,2,7292,1826411,0,0,0,6928121,16225066,1827376
1 x 256 B,3,7292,1818250,0,0,0,6899882,16225066,1819233
1 x 256 B,4,7292,1829143,0,0,0,6945471,16225065,1830125
1 x 256 B,5,7292,1830698,0,0,0,6944594,16225066,1831673
1 x 256 B,6,7292,1823905,0,0,0,6920030,16225066,1824896
1 x 256 B,7,7292,1824965,0,0,0,6923689,16225066,1825931
1 x 256 B,8,7292,1822996,0,0,0,6917327,16225066,1823974
1 x 256 B,9,7292,1819890,0,0,0,6903950,16225066,1820871
1 x 256 B,10,7292,1818468,0,0,0,6906563,16225065,1819438
1 x 256 B,11,7292,1826085,0,0,0,6928019,16225066,1827099
1 x 256 B,12,7292,1819613,0,0,0,6902770,16225066,1820581
1 x 256 B,13,7292,1816036,0,0,0,6886112,16225066,1817121
1 x 256 B,14,7292,1821208,0,0,0,6906655,16225066,1822708
1 x 256 B,15,7292,1820953,0,0,0,6910063,16225065,1822598
1 x 256 B,16,7292,1823412,0,0,0,6914736,16225066,1825309
1 x 256 B,17,7292,1820741,0,0,0,6899587,16225066,1823015
1 x 256 B,18,7292,1842448,0,0,0,6912997,16225066,1835753
1 x 256 B,19,7292,1842376,0,0,0,6924293,16225066,1833464
1 x 256 B,20,7292,1831130,0,0,0,6943962,16225066,1832164
1 x 256 B,21,7292,1824220,0,0,0,6927799,16225065,1825200
1 x 256 B,22,7292,1825996,0,0,0,6926887,16225066,1826978
1 x 256 B,23,7292,1821749,0,0,0,6912965,16225066,1822727
1 x 256 B,24,7292,1825150,0,0,0,6923698,16225066,1826133
1 x 256 B,25,7292,1817852,0,0,0,6895545,16225066,1818863
1 x 256 B,26,7292,1821604,0,0,0,6908419,16225066,1822585
1 x 256 B,27,7292,1819437,0,0,0,6905795,16225065,1820419
1 x 256 B,28,7292,1826614,0,0,0,6927858,16225066,1827620
1 x 256 B,29,7292,1820535,0,0,0,6907901,16225066,1821509
1 x 256 B,30,7292,2208316,0,0,0,6950359,16225066,2209352
1 x 256 B,31,7292,1829407,0,0,0,6940652,16225066,1830374
3 x 256 B,0,3224,1924452,0,0,0,7302146,12083918,1925523
3 x 256 B,1,3224,1920957,0,0,0,7287289,12083918,1921947
3 x 256 B,2,3224,1925021,0,0,0,7304743,12083918,1926006
3 x 256 B,3,3224,1919735,0,0,0,7283557,12083918,1920724
3 x 256 B,4,3224,1917350,0,0,0,7274292,12083918,1918352
3 x 256 B,5,3224,1916174,0,0,0,7268130,12083918,1917153
3 x 256 B,6,3224,1923918,0,0,0,7299674,12083918,1924888
3 x 256 B,7,3224,1924391,0,0,0,7301136,12083918,1925373
3 x 256 B,8,3224,1921884,0,0,0,7298030,12083917,1922871
3 x 256 B,9,3224,1917434,0,0,0,7275622,12083918,1918410
3 x 256 B,10,3224,1927461,0,0,0,7313452,12083918,1928470
3 x 256 B,11,3224,1916006,0,0,0,7270339,12083918,1917007
3 x 256 B,12,3224,1918148,0,0,0,7277328,12083918,1919152
3 x 256 B,13,3224,1918531,0,0,0,7279940,12083918,1919532
3 x 256 B,14,3224,1919098,0,0,0,7281605,12083918,1920100
3 x 256 B,15,3224,1918903,0,0,0,7281542,12083918,1919893
3 x 256 B,16,3224,1924109,0,0,0,7300901,12083918,1925122
3 x 256 B,17,3224,1923896,0,0,0,7300694,12083918,1924888
3 x 256 B,18,3224,1931870,0,0,0,7278003,12083918,1923817
3 x 256 B,19,3224,1923728,0,0,0,7298780,12083918,1924768
3 x 256 B,20,3224,1921117,0,0,0,7285743,12083918,1922140
3 x 256 B,21,3224,1917240,0,0,0,7281053,12083917,1918217
3 x 256 B,22,3224,1918782,0,0,0,7280322,12083918,1919782
3 x 256 B,23,3224,1923337,0,0,0,7295843,12083918,1924387
3 x 256 B,24,3224,1920513,0,0,0,7282446,12083918,1923016
3 x 256 B,25,3224,1921724,0,0,0,7283685,12083918,1923017
3 x 256 B,26,3224,1919238,0,0,0,7274516,12083918,1921199
3 x 256 B,27,3224,1921187,0,0,0,7283858,12083918,1922680
3 x 256 B,28,3224,1921855,0,0,0,7284449,12083918,1922919
3 x 256 B,29,3224,1931843,0,0,0,7282946,12083918,1924810
3 x 256 B,30,3224,1919007,0,0,0,7278320,12083918,1920026
3 x 256 B,31,3224,1917303,0,0,0,7273864,12083918,1918280
4 x 256 B,0,2962,1961051,0,0,0,7439956,12103098,1962131
4 x 256 B,1,2962,1962766,0,0,0,7442550,12103098,1963793
4 x 256 B,2,2962,1962948,0,0,0,7446706,12103098,1964009
4 x 256 B,3,2962,1963300,0,0,0,7448612,12103098,1964283
4 x 256 B,4,2962,1966590,0,0,0,7457362,12103098,1967607
4 x 256 B,5,2962,1960960,0,0,0,7447088,12103097,1961938
4 x 256 B,6,2962,1961721,0,0,0,7438210,12103098,1962732
4 x 256 B,7,2962,1962612,0,0,0,7447355,12103104,1963610
4 x 256 B,8,2962,1965727,0,0,0,7457513,12103104,1966736
4 x 256 B,9,2962,1963116,0,0,0,7449747,12103098,1964102
4 x 256 B,10,2962,1966298,0,0,0,7459069,12103098,1967289
4 x 256 B,11,2962,1979248,0,0,0,7508949,12103098,1980238
4 x 256 B,12,2962,1980781,0,0,0,7510258,12103098,1981798
4 x 256 B,13,2962,1978907,0,0,0,7508960,12103098,1979908
4 x 256 B,14,2962,1953318,0,0,0,7407858,12103098,1954335
4 x 256 B,15,2962,1955044,0,0,0,7416971,12103098,1956032
4 x 256 B,16,2962,1964520,0,0,0,7450898,12103098,1965535
4 x 256 B,17,2962,1962707,0,0,0,7447986,12103098,1963707
4 x 256 B,18,2962,1966554,0,0,0,7453689,12103098,1967617
4 x 256 B,19,2962,2028940,0,0,0,7457704,12103098,1969243
4 x 256 B,20,2962,1960763,0,0,0,7438183,12103098,1961740
4 x 256 B,21,2962,1963970,0,0,0,7453050,12103098,1964946
4 x 256 B,22,2962,1961441,0,0,0,7442454,12103098,1962408
4 x 256 B,23,2962,1960280,0,0,0,7438049,12103098,1961250
4 x 256 B,24,2962,1962329,0,0,0,7445937,12103098,1963311
4 x 256 B,25,2962,1965126,0,0,0,7457315,12103098,1966094
4 x 256 B,26,2962,1961630,0,0,0,7443784,12103098,1962603
4 x 256 B,27,2962,1960751,0,0,0,7438195,12103098,1961741
4 x 256 B,28,2962,1965986,0,0,0,7458889,12103098,1966933
4 x 256 B,29,2962,1978881,0,0,0,7508546,12103098,1979840
4 x 256 B,30,2962,1951189,0,0,0,7401634,12103098,1952242
4 x 256 B,31,2962,1936767,0,0,0,7341994,12103098,1937778
6 x 256 B,0,1928,1981150,0,0,0,7502370,11219398,1982937
6 x 256 B,1,1928,1973631,0,0,0,7478376,11219398,1975650
6 x 256 B,2,1928,1972693,0,0,0,7449021,11219398,1971356
6 x 256 B,3,1928,1947409,0,0,0,7381753,11219398,1948538
6 x 256 B,4,1928,1954138,0,0,0,7414515,11219398,1955132
6 x 256 B,5,1928,1936057,0,0,0,7348469,11219397,1937063
6 x 256 B,6,1928,1941896,0,0,0,7366225,11219398,1942907
6 x 256 B,7,1928,1958970,0,0,0,7433367,11219398,1959958
6 x 256 B,8,1928,2333276,0,0,0,7440348,11219399,2334279
6 x 256 B,9,1928,1963442,0,0,0,7448837,11219398,1964407
6 x 256 B,10,1928,1964581,0,0,0,7456325,11219398,1965534
6 x 256 B,11,1928,1964170,0,0,0,7450131,11219398,1965165
6 x 256 B,12,1928,1958121,0,0,0,7429737,11219398,1959120
6 x 256 B,13,1928,1924349,0,0,0,7307363,11219397,1925316
6 x 256 B,14,1928,1959347,0,0,0,7434546,11219398,1960315
6 x 256 B,15,1928,1964038,0,0,0,7452379,11219398,1964997
6 x 256 B,16,1928,1944903,0,0,0,7379233,11219398,1945900
6 x 256 B,17,1928,1942205,0,0,0,7369091,11219398,1943210
6 x 256 B,18,1928,1955835,0,0,0,7384724,11219398,1951095
6 x 256 B,19,1928,1926435,0,0,0,7308640,11219398,1927410
6 x 256 B,20,1928,1937231,0,0,0,7348429,11219398,1938276
6 x 256 B,21,1928,1957878,0,0,0,7428800,11219398,1958851
6 x 256 B,22,1928,1949633,0,0,0,7398121,11219398,1950604
6 x 256 B,23,1928,1947043,0,0,0,7387545,11219398,1948020
6 x 256 B,24,1928,1946796,0,0,0,7387608,11219398,1947755
6 x 256 B,25,1928,1957159,0,0,0,7426528,11219398,1958131
6 x 256 B,26,1928,1942319,0,0,0,7370479,11219398,1943293
6 x 256 B,27,1928,1950267,0,0,0,7399601,11219398,1951251
6 x 256 B,28,1928,1945249,0,0,0,7381863,11219398,1946212
6 x 256 B,29,1928,1940688,0,0,0,7363507,11219398,1941663
6 x 256 B,30,1928,1961156,0,0,0,7441838,11219398,1962121
6 x 256 B,31,1928,1949401,0,0,0,7396747,11219398,1950386
8 x 256 B,0,2300,1950141,0,0,0,7398994,11730366,1951277
8 x 256 B,1,2300,1949400,0,0,0,7397715,11730366,1950387
8 x 256 B,2,2300,1947894,0,0,0,7397453,11730365,1948871
8 x 256 B,3,2300,1949560,0,0,0,7398442,11730366,1950551
8 x 256 B,4,2300,1948878,0,0,0,7393869,11730366,1949895
8 x 256 B,5,2300,1948979,0,0,0,7394029,11730366,1950162
8 x 256 B,6,2300,1948119,0,0,0,7388402,11730366,1949199
8 x 256 B,7,2300,1947899,0,0,0,7387737,11730366,1949869
8 x 256 B,8,2300,1948834,0,0,0,7388724,11730366,1950089
8 x 256 B,9,2300,1948347,0,0,0,7387799,11730366,1950244
8 x 256 B,10,2300,1961108,0,0,0,7389529,11730366,1959678
8 x 256 B,11,2300,1963911,0,0,0,7389916,11730366,1955931
8 x 256 B,12,2300,1948275,0,0,0,7389705,11730366,1949372
8 x 256 B,13,2300,1948512,0,0,0,7389350,11730366,1949549
8 x 256 B,14,2300,1948279,0,0,0,7391412,11730366,1949275
8 x 256 B,15,2300,1950062,0,0,0,7394745,11730366,1951119
8 x 256 B,16,2300,1947008,0,0,0,7387636,11730366,1948012
8 x 256 B,17,2300,1949082,0,0,0,7390290,11730366,1950111
8 x 256 B,18,2300,1947715,0,0,0,7390521,11730366,1948707
8 x 256 B,19,2300,1948465,0,0,0,7390619,11730366,1949441
8 x 256 B,20,2300,1947841,0,0,0,7390712,11730366,1948822
8 x 256 B,21,2300,1948419,0,0,0,7391118,11730366,1949401
8 x 256 B,22,2300,1949859,0,0,0,7398476,11730366,1950835
8 x 256 B,23,2300,1946344,0,0,0,7390855,11730365,1947312
8 x 256 B,24,2300,1948982,0,0,0,7394500,11730366,1949969
8 x 256 B,25,2300,1947126,0,0,0,7387725,11730366,1948114
8 x 256 B,26,2300,1949164,0,0,0,7394879,11730366,1950128
8 x 256 B,27,2300,1949936,0,0,0,7398656,11730366,1950905
8 x 256 B,28,2300,1956380,0,0,0,7420618,11730366,1957363
8 x 256 B,29,2300,1952129,0,0,0,7406919,11730366,1953107
8 x 256 B,30,2300,1956478,0,0,0,7424181,11730366,1957459
8 x 256 B,31,2300,1955982,0,0,0,7420804,11730366,1956970
12 x 256 B,0,1325,1969992,0,0,0,7473874,11733241,1971076
12 x 256 B,1,1325,1966022,0,0,0,7459640,11733241,1966998
12 x 256 B,2,1325,1971195,0,0,0,7477990,11733241,1972216
12 x 256 B,3,1325,1963724,0,0,0,7448313,11733241,1964706
12 x 256 B,4,1325,1964103,0,0,0,7451216,11733241,1965092
12 x 256 B,5,1325,1964552,0,0,0,7454176,11733241,1965528
12 x 256 B,6,1325,1963008,0,0,0,7447483,11733241,1964000
12 x 256 B,7,1325,1964235,0,0,0,7451128,11733241,1965203
12 x 256 B,8,1325,1957107,0,0,0,7425263,11733241,1958083
12 x 256 B,9,1325,1963522,0,0,0,7451143,11733241,1964517
12 x 256 B,10,1325,1977563,0,0,0,7502820,11733241,1978532
12 x 256 B,11,1325,1965416,0,0,0,7455215,11733241,1966409
12 x 256 B,12,1325,1973227,0,0,0,7486039,11733241,1974250
12 x 256 B,13,1325,1956451,0,0,0,7423097,11733241,1957484
12 x 256 B,14,1325,1973548,0,0,0,7486083,11733241,1974797
12 x 256 B,15,1325,1968498,0,0,0,7461389,11733241,1970127
12 x 256 B,16,1325,1967729,0,0,0,7460220,11733241,1969042
12 x 256 B,17,1325,1982479,0,0,0,7503754,11733241,1984445
12 x 256 B,18,1325,1965491,0,0,0,7448310,11733241,1967052
12 x 256 B,19,1325,1970121,0,0,0,7438721,11733240,1963232
12 x 256 B,20,1325,1975827,0,0,0,7493278,11733241,1976879
12 x 256 B,21,1325,1965534,0,0,0,7457536,11733241,1966542
12 x 256 B,22,1325,1964866,0,0,0,7450871,11733241,1966035
12 x 256 B,23,1325,1964575,0,0,0,7450547,11733241,1965608
12 x 256 B,24,1325,1966901,0,0,0,7457853,11733241,1967950
12 x 256 B,25,1325,1958786,0,0,0,7430971,11733241,1959793
12 x 256 B,26,1325,1976347,0,0,0,7498387,11733241,1977359
12 x 256 B,27,1325,1971068,0,0,0,7478685,11733241,1972070
12 x 256 B,28,1325,1973777,0,0,0,7488618,11733241,1974801
12 x 256 B,29,1325,1966703,0,0,0,7462435,11733241,1967704
12 x 256 B,30,1325,1965524,0,0,0,7458332,11733241,1966538
12 x 256 B,31,1325,1973292,0,0,0,7483867,11733241,1974327
16 x 256 B,0,1180,1974936,0,0,0,7491670,11643426,1976051
16 x 256 B,1,1180,1972672,0,0,0,7486790,11643426,1973685
16 x 256 B,2,1180,1973655,0,0,0,7487790,11643426,1974651
16 x 256 B,3,1180,1974199,0,0,0,7492234,11643426,1975195
16 x 256 B,4,1180,1975744,0,0,0,7496417,11643426,1976748
16 x 256 B,5,1180,1975466,0,0,0,7496924,11643426,1976477
16 x 256 B,6,1180,1977469,0,0,0,7502293,11643426,1978482
16 x 256 B,7,1180,1980309,0,0,0,7502175,11643426,1981357
16 x 256 B,8,1180,1974544,0,0,0,7491019,11643426,1975534
16 x 256 B,9,1180,1974218,0,0,0,7491862,11643426,1975199
16 x 256 B,10,1180,1976132,0,0,0,7497322,11643426,1977132
16 x 256 B,11,1180,1975509,0,0,0,7496722,11643426,1976515
16 x 256 B,12,1180,1977865,0,0,0,7504506,11643426,1978861
16 x 256 B,13,1180,1973860,0,0,0,7491469,11643426,1974857
16 x 256 B,14,1180,1975979,0,0,0,7495523,11643426,1976968
16 x 256 B,15,1180,1975645,0,0,0,7496041,11643426,1976647
16 x 256 B,16,1180,1975972,0,0,0,7497331,11643426,1976956
16 x 256 B,17,1180,1975849,0,0,0,7497954,11643426,1976860
16 x 256 B,18,1180,1974591,0,0,0,7492055,11643426,1975591
16 x 256 B,19,1180,1975599,0,0,0,7497833,11643426,1976614
16 x 256 B,20,1180,1976885,0,0,0,7498154,11643426,1977896
16 x 256 B,21,1180,1975319,0,0,0,7492063,11643426,1976481
16 x 256 B,22,1180,1976724,0,0,0,7496819,11643426,1977803
16 x 256 B,23,1180,1976951,0,0,0,7493875,11643426,1978876
16 x 256 B,24,1180,1978577,0,0,0,7504449,11643426,1979896
16 x 256 B,25,1180,1981113,0,0,0,7491305,11643426,1983181
16 x 256 B,26,1180,1987186,0,0,0,7492778,11643426,1983252
16 x 256 B,27,1180,1986234,0,0,0,7493525,11643426,1980623
16 x 256 B,28,1180,1975622,0,0,0,7495589,11643426,1976630
16 x 256 B,29,1180,1977142,0,0,0,7503286,11643426,1978138
16 x 256 B,30,1180,1975840,0,0,0,7496882,11643426,1976856
16 x 256 B,31,1180,1975510,0,0,0,7501524,11643425,1976556
24 x 256 B,0,792,1979940,0,0,0,7514912,11590493,1981261
24 x 256 B,1,792,1980991,0,0,0,7514499,11590494,1982068
24 x 256 B,2,792,1980502,0,0,0,7514697,11590494,1981508
24 x 256 B,3,792,2363268,0,0,0,7519429,11590495,2364321
24 x 256 B,4,792,1981152,0,0,0,7518006,11590494,1982177
24 x 256 B,5,792,1981688,0,0,0,7519362,11590494,1982673
24 x 256 B,6,792,1981634,0,0,0,7520013,11590494,1982626
24 x 256 B,7,792,1981617,0,0,0,7518677,11590494,1982588
24 x 256 B,8,792,1981979,0,0,0,7519574,11590494,1983004
24 x 256 B,9,792,1981690,0,0,0,7518110,11590494,1982683
24 x 256 B,10,792,1981656,0,0,0,7519635,11590494,1982646
24 x 256 B,11,792,1981466,0,0,0,7518711,11590494,1982471
24 x 256 B,12,792,1980752,0,0,0,7516209,11590494,1981755
24 x 256 B,13,792,1981075,0,0,0,7516183,11590494,1982071
24 x 256 B,14,792,1981063,0,0,0,7518601,11590494,1982050
24 x 256 B,15,792,1981134,0,0,0,7516194,11590494,1982132
24 x 256 B,16,792,1981959,0,0,0,7520154,11590494,1982966
24 x 256 B,17,792,1982521,0,0,0,7520015,11590494,1983515
24 x 256 B,18,792,1981230,0,0,0,7518785,11590494,1982223
24 x 256 B,19,792,1981913,0,0,0,7520104,11590494,1982889
24 x 256 B,20,792,1982365,0,0,0,7520846,11590494,1983540
24 x 256 B,21,792,1981518,0,0,0,7517249,11590494,1982561
24 x 256 B,22,792,1981249,0,0,0,7520097,11590494,1982222
24 x 256 B,23,792,1982195,0,0,0,7519145,11590494,1983221
24 x 256 B,24,792,1981014,0,0,0,7519135,11590494,1982012
24 x 256 B,25,792,1981840,0,0,0,7519451,11590494,1982830
24 x 256 B,26,792,1978509,0,0,0,7514611,11590493,1979501
24 x 256 B,27,792,1980833,0,0,0,7514918,11590494,1981833
24 x 256 B,28,792,1979074,0,0,0,7509393,11590494,1980220
24 x 256 B,29,792,1983527,0,0,0,7515801,11590494,1984658
24 x 256 B,30,792,1978778,0,0,0,7506273,11590494,1981346
24 x 256 B,31,792,1980186,0,0,0,7505478,11590494,1982114
64 x 256 B,0,302,1998372,0,0,0,7573232,11618004,1999850
64 x 256 B,1,302,1998385,0,0,0,7572596,11618004,1999548
64 x 256 B,2,302,2011620,0,0,0,7575082,11618004,2003319
64 x 256 B,3,302,2000006,0,0,0,7577434,11618004,2001089
64 x 256 B,4,302,1996359,0,0,0,7574618,11618004,1997407
64 x 256 B,5,302,1997025,0,0,0,7577297,11618004,1998044
64 x 256 B,6,302,1997208,0,0,0,7577556,11618004,1998247
64 x 256 B,7,302,1996165,0,0,0,7574074,11618004,1997208
64 x 256 B,8,302,1998049,0,0,0,7578284,11618004,1999109
64 x 256 B,9,302,1999698,0,0,0,7582000,11618004,2000762
64 x 256 B,10,302,1996999,0,0,0,7576032,11618004,1998034
64 x 256 B,11,302,1998339,0,0,0,7582039,11618004,1999344
64 x 256 B,12,302,2378329,0,0,0,7582400,11618005,2379419
64 x 256 B,13,302,1999862,0,0,0,7581658,11618004,2001785
64 x 256 B,14,302,2000404,0,0,0,7583465,11618004,2001773
64 x 256 B,15,302,1997970,0,0,0,7580219,11618004,1999008
64 x 256 B,16,302,1997673,0,0,0,7577776,11618004,1998711
64 x 256 B,17,302,1996709,0,0,0,7576509,11618004,1997754
64 x 256 B,18,302,1997597,0,0,0,7579208,11618004,1998627
64 x 256 B,19,302,1997195,0,0,0,7578563,11618004,1998215
64 x 256 B,20,302,1997735,0,0,0,7580119,11618004,1998760
64 x 256 B,21,302,1997774,0,0,0,7579551,11618004,1998828
64 x 256 B,22,302,2001032,0,0,0,7577462,11618004,2003078
64 x 256 B,23,302,2006189,0,0,0,7580790,11618004,2004748
64 x 256 B,24,302,1997878,0,0,0,7573953,11618004,1999016
64 x 256 B,25,302,1997768,0,0,0,7575643,11618004,1998849
64 x 256 B,26,302,1998762,0,0,0,7578022,11618004,1999875
64 x 256 B,27,302,2006078,0,0,0,7582680,11618004,2002269
64 x 256 B,28,302,1998137,0,0,0,7581912,11618004,1999194
64 x 256 B,29,302,1997199,0,0,0,7579355,11618004,1998226
64 x 256 B,30,302,1997138,0,0,0,7576786,11618004,1998164
64 x 256 B,31,302,1996392,0,0,0,7575915,11618004,1997436
128 x 256 B,0,149,2001019,0,0,0,7592458,11414511,2002196
128 x 256 B,1,149,2002220,0,0,0,7593399,11414511,2003327
128 x 256 B,2,149,2000488,0,0,0,7588889,11414511,2001657
128 x 256 B,3,149,2001526,0,0,0,7591879,11414511,2002599
128 x 256 B,4,149,2005288,0,0,0,7602845,11414511,2007196
128 x 256 B,5,149,2006883,0,0,0,7607009,11414511,2008234
128 x 256 B,6,149,2009530,0,0,0,7609539,11414511,2011623
128 x 256 B,7,149,2007235,0,0,0,7609800,11414511,2008751
128 x 256 B,8,149,2006852,0,0,0,7608260,11414511,2007939
128 x 256 B,9,149,2004675,0,0,0,7604338,11414511,2005733
128 x 256 B,10,149,2005549,0,0,0,7610533,11414511,2006755
128 x 256 B,11,149,2005326,0,0,0,7607518,11414511,2006383
128 x 256 B,12,149,2004527,0,0,0,7606940,11414511,2005601
128 x 256 B,13,149,2005080,0,0,0,7606047,11414511,2006169
128 x 256 B,14,149,2005506,0,0,0,7609924,11414511,2006586
128 x 256 B,15,149,2006023,0,0,0,7608305,11414511,2007109
128 x 256 B,16,149,2005386,0,0,0,7606803,11414511,2006479
128 x 256 B,17,149,2006687,0,0,0,7607080,11414511,2007777
128 x 256 B,18,149,2006137,0,0,0,7608664,11414511,2007216
128 x 256 B,19,149,2005116,0,0,0,7607387,11414511,2006218
128 x 256 B,20,149,2380753,0,0,0,7606489,11414511,2381857
128 x 256 B,21,149,2005200,0,0,0,7607469,11414511,2006288
128 x 256 B,22,149,2005857,0,0,0,7608625,11414511,2006923
128 x 256 B,23,149,2005610,0,0,0,7608663,11414511,2006699
128 x 256 B,24,149,2006647,0,0,0,7611257,11414511,2007718
128 x 256 B,25,149,2005096,0,0,0,7607910,11414511,2006155
128 x 256 B,26,149,2007580,0,0,0,7610082,11414511,2008689
128 x 256 B,27,149,2007499,0,0,0,7615516,11414511,2008570
128 x 256 B,28,149,2007881,0,0,0,7609073,11414512,2008930
128 x 256 B,29,149,2004887,0,0,0,7607187,11414511,2005933
128 x 256 B,30,149,2006327,0,0,0,7610825,11414511,2007379
128 x 256 B,31,149,2006066,0,0,0,7609349,11414511,2007126
129 x 256 B,0,147,2011872,0,0,0,7630527,11537808,2013023
129 x 256 B,1,147,2011089,0,0,0,7630998,11537808,2012163
129 x 256 B,2,147,2010802,0,0,0,7628079,11537808,2011859
129 x 256 B,3,147,2011906,0,0,0,7632843,11537808,2012960
129 x 256 B,4,147,2011612,0,0,0,7631589,11537808,2012674
129 x 256 B,5,147,2011538,0,0,0,7631301,11537808,2012605
129 x 256 B,6,147,2011230,0,0,0,7628618,11537808,2012300
129 x 256 B,7,147,2012198,0,0,0,7633781,11537808,2013239
129 x 256 B,8,147,2012287,0,0,0,7633291,11537808,2013350
129 x 256 B,9,147,2011874,0,0,0,7631425,11537808,2013018
129 x 256 B,10,147,2011947,0,0,0,7630998,11537808,2013231
129 x 256 B,11,147,2012946,0,0,0,7630492,11537808,2014671
129 x 256 B,12,147,2012112,0,0,0,7626173,11537808,2013590
129 x 256 B,13,147,2012923,0,0,0,7628830,11537808,2014923
129 x 256 B,14,147,2020747,0,0,0,7629820,11537808,2019262
129 x 256 B,15,147,2012827,0,0,0,7631531,11537808,2014042
129 x 256 B,16,147,2013944,0,0,0,7632150,11537808,2015064
129 x 256 B,17,147,2012372,0,0,0,7632900,11537808,2013505
129 x 256 B,18,147,2013697,0,0,0,7634676,11537808,2014833
129 x 256 B,19,147,2012207,0,0,0,7633375,11537808,2013293
129 x 256 B,20,147,2011652,0,0,0,7628626,11537808,2012755
129 x 256 B,21,147,2012385,0,0,0,7635081,11537808,2013468
129 x 256 B,22,147,2013399,0,0,0,7635234,11537808,2014490
129 x 256 B,23,147,2011793,0,0,0,7632962,11537808,2012863
129 x 256 B,24,147,2011379,0,0,0,7628317,11537808,2012465
129 x 256 B,25,147,2011051,0,0,0,7629514,11537808,2012132
129 x 256 B,26,147,2012050,0,0,0,7630920,11537808,2013165
129 x 256 B,27,147,2013348,0,0,0,7635806,11537808,2014479
129 x 256 B,28,147,2012560,0,0,0,7636612,11537808,2013665
129 x 256 B,29,147,2012150,0,0,0,7631947,11537808,2013254
129 x 256 B,30,147,2010400,0,0,0,7628174,11537808,2011493
129 x 256 B,31,147,2011534,0,0,0,7629550,11537808,2012652
1024 x 256 B,0,19,2054559,0,0,0,7789876,11625973,2055813
1024 x 256 B,1,19,2052602,0,0,0,7789856,11625972,2053664
1024 x 256 B,2,19,2052320,0,0,0,7787981,11625972,2053374
1024 x 256 B,3,19,2052233,0,0,0,7788661,11625972,2053305
1024 x 256 B,4,19,2052310,0,0,0,7786957,11625972,2053387
1024 x 256 B,5,19,2052638,0,0,0,7789241,11625972,2053697
1024 x 256 B,6,19,2052830,0,0,0,7789009,11625972,2053893
1024 x 256 B,7,19,2053131,0,0,0,7790662,11625972,2054198
1024 x 256 B,8,19,2052850,0,0,0,7790094,11625972,2053914
1024 x 256 B,9,19,2052387,0,0,0,7789518,11625972,2053439
1024 x 256 B,10,19,2052261,0,0,0,7787911,11625972,2053315
1024 x 256 B,11,19,2052070,0,0,0,7788526,11625972,2053142
1024 x 256 B,12,19,2052960,0,0,0,7791018,11625972,2054021
1024 x 256 B,13,19,2052611,0,0,0,7790108,11625972,2053684
1024 x 256 B,14,19,2053182,0,0,0,7789548,11625972,2054263
1024 x 256 B,15,19,2060379,0,0,0,7816559,11625972,2061569
1024 x 256 B,16,19,2073043,0,0,0,7864103,11625972,2074468
1024 x 256 B,17,19,2073701,0,0,0,7855254,11625973,2075217
1024 x 256 B,18,19,2067787,0,0,0,7839817,11625972,2069086
1024 x 256 B,19,19,2071660,0,0,0,7803572,11625972,2069260
1024 x 256 B,20,19,2071376,0,0,0,7792191,11625972,2062219
1024 x 256 B,21,19,2053798,0,0,0,7790368,11625972,2054909
1024 x 256 B,22,19,2054471,0,0,0,7788174,11625972,2055596
1024 x 256 B,23,19,2054311,0,0,0,7789912,11625972,2055450
1024 x 256 B,24,19,2054296,0,0,0,7791468,11625972,2055430
1024 x 256 B,25,19,2054748,0,0,0,7791410,11625972,2055862
1024 x 256 B,26,19,2053448,0,0,0,7789172,11625972,2054510
1024 x 256 B,27,19,2052946,0,0,0,7791079,11625972,2054023
1024 x 256 B,28,19,2434625,0,0,0,7789135,11625973,2435736
1024 x 256 B,29,19,2052996,0,0,0,7789759,11625972,2054067
1024 x 256 B,30,19,2052986,0,0,0,7790548,11625972,2054043
1024 x 256 B,31,19,2052997,0,0,0,7789602,11625972,2054061
1 x 512 B,0,3999,1913568,0,0,0,7261274,16528233,1914553
1 x 512 B,1,3999,1915635,0,0,0,7269735,16528233,1916501
1 x 512 B,2,3999,1913280,0,0,0,7260648,16528233,1914150
1 x 512 B,3,3999,1913490,0,0,0,7267088,16528232,1914345
1 x 512 B,4,3999,1913070,0,0,0,7260082,16528233,1913937
1 x 512 B,5,3999,1915897,0,0,0,7269946,16528233,1916765
1 x 512 B,6,3999,1910220,0,0,0,7248135,16528233,1911098
1 x 512 B,7,3999,1915865,0,0,0,7268855,16528233,1916725
1 x 512 B,8,3999,1913539,0,0,0,7261762,16528233,1914398
1 x 512 B,9,3999,1924394,0,0,0,7261123,16528233,1918464
1 x 512 B,10,3999,1916012,0,0,0,7268508,16528233,1916902
1 x 512 B,11,3999,1912676,0,0,0,7257757,16528233,1913539
1 x 512 B,12,3999,1913013,0,0,0,7258298,16528233,1913871
1 x 512 B,13,3999,1913086,0,0,0,7258593,16528233,1913936
1 x 512 B,14,3999,1916026,0,0,0,7268858,16528260,1916894
1 x 512 B,15,3999,1911580,0,0,0,7259993,16528232,1912417
1 x 512 B,16,3999,1913348,0,0,0,7260286,16528233,1914216
1 x 512 B,17,3999,1915824,0,0,0,7270004,16528233,1916667
1 x 512 B,18,3999,1917054,0,0,0,7274885,16528233,1917907
1 x 512 B,19,3999,1910841,0,0,0,7252189,16528233,1911691
1 x 512 B,20,3999,1910417,0,0,0,7248268,16528233,1911264
1 x 512 B,21,3999,1912005,0,0,0,7254432,16528233,1912861
1 x 512 B,22,3999,1912706,0,0,0,7254729,16528233,1913754
1 x 512 B,23,3999,1914703,0,0,0,7261285,16528233,1915895
1 x 512 B,24,3999,1917671,0,0,0,7269315,16528233,1918981
1 x 512 B,25,3999,1915655,0,0,0,7261461,16528233,1916770
1 x 512 B,26,3999,1914138,0,0,0,7260080,16528232,1916338
1 x 512 B,27,3999,1914323,0,0,0,7252020,16528233,1915411
1 x 512 B,28,3999,1918201,0,0,0,7276574,16528233,1919113
1 x 512 B,29,3999,1911472,0,0,0,7251085,16528233,1912344
1 x 512 B,30,3999,1914188,0,0,0,7259288,16528233,1915080
1 x 512 B,31,3999,1913880,0,0,0,7258316,16528233,1914764
3 x 512 B,0,1674,1957969,0,0,0,7425936,11879070,1958914
3 x 512 B,1,1674,1956086,0,0,0,7420887,11879070,1956971
3 x 512 B,2,1674,1957031,0,0,0,7423531,11879070,1957938
3 x 512 B,3,1674,1956426,0,0,0,7422848,11879070,1957327
3 x 512 B,4,1674,1953471,0,0,0,7414379,11879070,1954340
3 x 512 B,5,1674,2342209,0,0,0,7444080,11879070,2343124
3 x 512 B,6,1674,1960958,0,0,0,7442813,11879070,1961829
3 x 512 B,7,1674,1954269,0,0,0,7415423,11879070,1955148
3 x 512 B,8,1674,1960871,0,0,0,7440972,11879070,1961728
3 x 512 B,9,1674,1982803,0,0,0,7428945,11879070,1967343
3 x 512 B,10,1674,1961987,0,0,0,7446299,11879070,1962865
3 x 512 B,11,1674,1958779,0,0,0,7432673,11879070,1959657
3 x 512 B,12,1674,1958490,0,0,0,7433590,11879070,1959375
3 x 512 B,13,1674,1958805,0,0,0,7432105,11879070,1959687
3 x 512 B,14,1674,1960172,0,0,0,7439981,11879070,1961048
3 x 512 B,15,1674,1960323,0,0,0,7437824,11879070,1961204
3 x 512 B,16,1674,1958405,0,0,0,7431789,11879070,1959286
3 x 512 B,17,1674,1959521,0,0,0,7434969,11879070,1960392
3 x 512 B,18,1674,1960121,0,0,0,7436150,11879070,1961017
3 x 512 B,19,1674,1961898,0,0,0,7443867,11879070,1962763
3 x 512 B,20,1674,1960449,0,0,0,7437636,11879070,1961325
3 x 512 B,21,1674,1962067,0,0,0,7440170,11879070,1962972
3 x 512 B,22,1674,1959527,0,0,0,7434227,11879070,1960406
3 x 512 B,23,1674,1958915,0,0,0,7432952,11879070,1959779
3 x 512 B,24,1674,1961632,0,0,0,7444216,11879070,1962508
3 x 512 B,25,1674,1957717,0,0,0,7434200,11879069,1958591
3 x 512 B,26,1674,1957630,0,0,0,7430075,11879070,1958500
3 x 512 B,27,1674,1960650,0,0,0,7425486,11879070,1961576
3 x 512 B,28,1674,1959226,0,0,0,7435744,11879070,1960108
3 x 512 B,29,1674,1957815,0,0,0,7428616,11879070,1958696
3 x 512 B,30,1674,1959868,0,0,0,7435688,11879070,1960884
3 x 512 B,31,1674,1959437,0,0,0,7432707,11879070,1960731
4 x 512 B,0,1504,1974573,0,0,0,7488300,11698478,1976574
4 x 512 B,1,1504,1960085,0,0,0,7412860,11698478,1961713
4 x 512 B,2,1504,1955356,0,0,0,7391626,11698478,1954224
4 x 512 B,3,1504,1942464,0,0,0,7326250,11698478,1935998
4 x 512 B,4,1504,1950862,0,0,0,7398809,11698478,1951770
4 x 512 B,5,1504,1945037,0,0,0,7379559,11698478,1945923
4 x 512 B,6,1504,1931957,0,0,0,7328992,11698478,1932845
4 x 512 B,7,1504,1944892,0,0,0,7379102,11698478,1945776
4 x 512 B,8,1504,1954671,0,0,0,7417172,11698478,1955555
4 x 512 B,9,1504,1942220,0,0,0,7367332,11698478,1943175
4 x 512 B,10,1504,1934936,0,0,0,7342301,11698478,1935810
4 x 512 B,11,1504,1942211,0,0,0,7363744,11698478,1943113
4 x 512 B,12,1504,1931330,0,0,0,7327295,11698478,1932195
4 x 512 B,13,1504,1937200,0,0,0,7349448,11698478,1938084
4 x 512 B,14,1504,1942334,0,0,0,7377579,11698477,1943210
4 x 512 B,15,1504,1944641,0,0,0,7378084,11698478,1945506
4 x 512 B,16,1504,1927824,0,0,0,7316645,11698478,1928688
4 x 512 B,17,1504,1952652,0,0,0,7408991,11698478,1953503
4 x 512 B,18,1504,1940924,0,0,0,7366276,11698478,1941785
4 x 512 B,19,1504,1939510,0,0,0,7352664,11698478,1940415
4 x 512 B,20,1504,1939401,0,0,0,7361028,11698478,1940272
4 x 512 B,21,1504,1939173,0,0,0,7357454,11698478,1940046
4 x 512 B,22,1504,1945342,0,0,0,7383927,11698478,1946207
4 x 512 B,23,1504,1950743,0,0,0,7402081,11698478,1951598
4 x 512 B,24,1504,1939821,0,0,0,7362919,11698478,1940682
4 x 512 B,25,1504,1932838,0,0,0,7333181,11698478,1933701
4 x 512 B,26,1504,1941876,0,0,0,7367351,11698478,1942728
4 x 512 B,27,1504,1946555,0,0,0,7384462,11698478,1947419
4 x 512 B,28,1504,1952733,0,0,0,7410136,11698478,1953587
4 x 512 B,29,1504,1946540,0,0,0,7383901,11698478,1947411
4 x 512 B,30,1504,1943898,0,0,0,7378437,11698478,1944762
4 x 512 B,31,1504,1935685,0,0,0,7344641,11698478,1936565
6 x 512 B,0,987,1972238,0,0,0,7484512,11049831,1973181
6 x 512 B,1,987,1958092,0,0,0,7436491,11049830,1958952
6 x 512 B,2,987,1982547,0,0,0,7523274,11049831,1983417
6 x 512 B,3,987,1983327,0,0,0,7525988,11049831,1984212
6 x 512 B,4,987,1983202,0,0,0,7524357,11049831,1984089
6 x 512 B,5,987,1984438,0,0,0,7526239,11049831,1985383
6 x 512 B,6,987,1973406,0,0,0,7483271,11049831,1974809
6 x 512 B,7,987,1984657,0,0,0,7525390,11049831,1987073
6 x 512 B,8,987,1985358,0,0,0,7525596,11049831,1986726
6 x 512 B,9,987,1988019,0,0,0,7523786,11049831,1989778
6 x 512 B,10,987,1970500,0,0,0,7448006,11049831,1968627
6 x 512 B,11,987,1972024,0,0,0,7481772,11049831,1972922
6 x 512 B,12,987,1970581,0,0,0,7473451,11049831,1971491
6 x 512 B,13,987,1976181,0,0,0,7492880,11049831,1977170
6 x 512 B,14,987,1972273,0,0,0,7483339,11049831,1973166
6 x 512 B,15,987,1975738,0,0,0,7493513,11049831,1976641
6 x 512 B,16,987,1971584,0,0,0,7481235,11049831,1972460
6 x 512 B,17,987,1962037,0,0,0,7440032,11049831,1962945
6 x 512 B,18,987,1978811,0,0,0,7508342,11049831,1979690
6 x 512 B,19,987,1986177,0,0,0,7531405,11049831,1987099
6 x 512 B,20,987,1972057,0,0,0,7479218,11049831,1972981
6 x 512 B,21,987,1978900,0,0,0,7509069,11049831,1979779
6 x 512 B,22,987,1976186,0,0,0,7500082,11049831,1977049
6 x 512 B,23,987,1966067,0,0,0,7460793,11049831,1966939
6 x 512 B,24,987,1973822,0,0,0,7481516,11049831,1974740
6 x 512 B,25,987,1983324,0,0,0,7524844,11049831,1984213
6 x 512 B,26,987,1966551,0,0,0,7463386,11049831,1967463
6 x 512 B,27,987,1965349,0,0,0,7456054,11049831,1966219
6 x 512 B,28,987,1982867,0,0,0,7525589,11049831,1983745
6 x 512 B,29,987,1984022,0,0,0,7528935,11049831,1984901
6 x 512 B,30,987,1983937,0,0,0,7528760,11049831,1984829
6 x 512 B,31,987,1978841,0,0,0,7508820,11049831,1979718
8 x 512 B,0,1189,1976811,0,0,0,7500436,11619274,1977740
8 x 512 B,1,1189,1975282,0,0,0,7495519,11619274,1976156
8 x 512 B,2,1189,1976824,0,0,0,7500703,11619274,1977709
8 x 512 B,3,1189,1975980,0,0,0,7496490,11619274,1976873
8 x 512 B,4,1189,1975132,0,0,0,7494179,11619274,1976019
8 x 512 B,5,1189,1975137,0,0,0,7495615,11619274,1976008
8 x 512 B,6,1189,1974824,0,0,0,7494100,11619274,1975704
8 x 512 B,7,1189,1974819,0,0,0,7494089,11619274,1975701
8 x 512 B,8,1189,1974917,0,0,0,7495329,11619274,1975791
8 x 512 B,9,1189,1976630,0,0,0,7500962,11619274,1977505
8 x 512 B,10,1189,1976616,0,0,0,7501812,11619274,1977522
8 x 512 B,11,1189,1975215,0,0,0,7494160,11619274,1976109
8 x 512 B,12,1189,1975118,0,0,0,7494173,11619274,1976184
8 x 512 B,13,1189,1976023,0,0,0,7494218,11619274,1977134
8 x 512 B,14,1189,1976612,0,0,0,7494730,11619274,1978442
8 x 512 B,15,1189,1976724,0,0,0,7494869,11619274,1978028
8 x 512 B,16,1189,1976443,0,0,0,7494599,11619273,1978770
8 x 512 B,17,1189,1983319,0,0,0,7495482,11619274,1982120
8 x 512 B,18,1189,1986880,0,0,0,7494896,11619274,1980658
8 x 512 B,19,1189,1975871,0,0,0,7494319,11619274,1976939
8 x 512 B,20,1189,1975700,0,0,0,7494298,11619274,1976704
8 x 512 B,21,1189,1976693,0,0,0,7494223,11619274,1977747
8 x 512 B,22,1189,1978102,0,0,0,7503729,11619274,1979083
8 x 512 B,23,1189,1976160,0,0,0,7494250,11619274,1977176
8 x 512 B,24,1189,1975581,0,0,0,7494890,11619274,1976564
8 x 512 B,25,1189,1974894,0,0,0,7494278,11619274,1975902
8 x 512 B,26,1189,1975141,0,0,0,7494347,11619274,1976122
8 x 512 B,27,1189,1975008,0,0,0,7494356,11619274,1976001
8 x 512 B,28,1189,1975127,0,0,0,7494353,11619274,1976127
8 x 512 B,29,1189,1975146,0,0,0,7494868,11619274,1976132
8 x 512 B,30,1189,1976707,0,0,0,7500251,11619274,1977705
8 x 512 B,31,1189,1975071,0,0,0,7494248,11619274,1976062
12 x 512 B,0,677,1990521,0,0,0,7553327,11657629,1991624
12 x 512 B,1,677,1989847,0,0,0,7550366,11657629,1990815
12 x 512 B,2,677,1979444,0,0,0,7510856,11657629,1980442
12 x 512 B,3,677,1982556,0,0,0,7522578,11657629,1983573
12 x 512 B,4,677,1987231,0,0,0,7539328,11657629,1988235
12 x 512 B,5,677,1993226,0,0,0,7561412,11657629,1994202
12 x 512 B,6,677,1979901,0,0,0,7513611,11657629,1980902
12 x 512 B,7,677,1990180,0,0,0,7550926,11657629,1991155
12 x 512 B,8,677,1989884,0,0,0,7550060,11657629,1990864
12 x 512 B,9,677,1989691,0,0,0,7547344,11657629,1990682
12 x 512 B,10,677,1985672,0,0,0,7533535,11657629,1986656
12 x 512 B,11,677,1991545,0,0,0,7551819,11657629,1992725
12 x 512 B,12,677,1980481,0,0,0,7514729,11657629,1981520
12 x 512 B,13,677,1981124,0,0,0,7516805,11657629,1982131
12 x 512 B,14,677,1980589,0,0,0,7517030,11657629,1981601
12 x 512 B,15,677,1983675,0,0,0,7526682,11657629,1984720
12 x 512 B,16,677,1974181,0,0,0,7492271,11657629,1975178
12 x 512 B,17,677,1986741,0,0,0,7538859,11657629,1987743
12 x 512 B,18,677,1986951,0,0,0,7533910,11657629,1988017
12 x 512 B,19,677,1972860,0,0,0,7484155,11657629,1973857
12 x 512 B,20,677,1980952,0,0,0,7515064,11657629,1982054
12 x 512 B,21,677,1990473,0,0,0,7549078,11657629,1992033
12 x 512 B,22,677,1991969,0,0,0,7551698,11657629,1993995
12 x 512 B,23,677,1990114,0,0,0,7542499,11657629,1991604
12 x 512 B,24,677,2000194,0,0,0,7536520,11657629,1998650
12 x 512 B,25,677,1993141,0,0,0,7501426,11657629,1985143
12 x 512 B,26,677,1972737,0,0,0,7482462,11657629,1973805
12 x 512 B,27,677,1979118,0,0,0,7508246,11657629,1980107
12 x 512 B,28,677,1981794,0,0,0,7519024,11657629,1982893
12 x 512 B,29,677,1975106,0,0,0,7493021,11657629,1976169
12 x 512 B,30,677,1991034,0,0,0,7549812,11657629,1992167
12 x 512 B,31,677,1979056,0,0,0,7507923,11657629,1980064
16 x 512 B,0,602,1988310,0,0,0,7544870,11565388,1989398
16 x 512 B,1,602,1988625,0,0,0,7545538,11565388,1989631
16 x 512 B,2,602,1988931,0,0,0,7546107,11565388,1989943
16 x 512 B,3,602,1987864,0,0,0,7543565,11565388,1988868
16 x 512 B,4,602,1988066,0,0,0,7545365,11565388,1989075
16 x 512 B,5,602,1987792,0,0,0,7543149,11565388,1988801
16 x 512 B,6,602,2051961,0,0,0,7545878,11565388,1992515
16 x 512 B,7,602,1989037,0,0,0,7544942,11565388,1990071
16 x 512 B,8,602,1988733,0,0,0,7546161,11565388,1989759
16 x 512 B,9,602,1988438,0,0,0,7545693,11565388,1989453
16 x 512 B,10,602,1988406,0,0,0,7544578,11565388,1989405
16 x 512 B,11,602,1988344,0,0,0,7545281,11565388,1989364
16 x 512 B,12,602,1987291,0,0,0,7541625,11565388,1988306
16 x 512 B,13,602,1986648,0,0,0,7539314,11565388,1987655
16 x 512 B,14,602,1986627,0,0,0,7539163,11565388,1987647
16 x 512 B,15,602,1989149,0,0,0,7545819,11565388,1990124
16 x 512 B,16,602,1987017,0,0,0,7540517,11565388,1988013
16 x 512 B,17,602,1987229,0,0,0,7539235,11565388,1988234
16 x 512 B,18,602,1988183,0,0,0,7543583,11565388,1989194
16 x 512 B,19,602,1987557,0,0,0,7542038,11565388,1988560
16 x 512 B,20,602,1986498,0,0,0,7538885,11565388,1987504
16 x 512 B,21,602,1987692,0,0,0,7543638,11565388,1988702
16 x 512 B,22,602,1986649,0,0,0,7538721,11565388,1987639
16 x 512 B,23,602,1986421,0,0,0,7538742,11565388,1987431
16 x 512 B,24,602,1988248,0,0,0,7545183,11565388,1989258
16 x 512 B,25,602,1986839,0,0,0,7540170,11565388,1987834
16 x 512 B,26,602,1986209,0,0,0,7533980,11565388,1987202
16 x 512 B,27,602,1986643,0,0,0,7535428,11565388,1987680
16 x 512 B,28,602,1988902,0,0,0,7535067,11565388,1990486
16 x 512 B,29,602,1987602,0,0,0,7535979,11565388,1989408
16 x 512 B,30,602,1993701,0,0,0,7537003,11565388,1996299
16 x 512 B,31,602,1994736,0,0,0,7537400,11565388,1993832
24 x 512 B,0,402,1985042,0,0,0,7527549,11517666,1986258
24 x 512 B,1,402,1988772,0,0,0,7544609,11517666,1989806
24 x 512 B,2,402,1988421,0,0,0,7543988,11517666,1989437
24 x 512 B,3,402,1988849,0,0,0,7545193,11517666,1989874
24 x 512 B,4,402,1989633,0,0,0,7548114,11517666,1990665
24 x 512 B,5,402,1990375,0,0,0,7548437,11517666,1991397
24 x 512 B,6,402,1989520,0,0,0,7545661,11517666,1990575
24 x 512 B,7,402,1989187,0,0,0,7548147,11517666,1990216
24 x 512 B,8,402,1989554,0,0,0,7548487,11517666,1990586
24 x 512 B,9,402,2365564,0,0,0,7546502,11517666,2366622
24 x 512 B,10,402,1989078,0,0,0,7548245,11517666,1990083
24 x 512 B,11,402,1988516,0,0,0,7546618,11517666,1989520
24 x 512 B,12,402,1990070,0,0,0,7548041,11517666,1991103
24 x 512 B,13,402,1988080,0,0,0,7545929,11517666,1989092
24 x 512 B,14,402,1989186,0,0,0,7546563,11517666,1990195
24 x 512 B,15,402,1989537,0,0,0,7545197,11517666,1990578
24 x 512 B,16,402,1989348,0,0,0,7548426,11517666,1990355
24 x 512 B,17,402,1988750,0,0,0,7546946,11517666,1989736
24 x 512 B,18,402,1989214,0,0,0,7547805,11517666,1990220
24 x 512 B,19,402,1988033,0,0,0,7545196,11517666,1989047
24 x 512 B,20,402,1988809,0,0,0,7545413,11517666,1989821
24 x 512 B,21,402,1987784,0,0,0,7544787,11517666,1988802
24 x 512 B,22,402,1988514,0,0,0,7545479,11517666,1989505
24 x 512 B,23,402,1987955,0,0,0,7545305,11517666,1988970
24 x 512 B,24,402,1988621,0,0,0,7544733,11517666,1989629
24 x 512 B,25,402,1988262,0,0,0,7544988,11517666,1989252
24 x 512 B,26,402,1988431,0,0,0,7543961,11517666,1989436
24 x 512 B,27,402,1987695,0,0,0,7542901,11517666,1988701
24 x 512 B,28,402,1988405,0,0,0,7543967,11517666,1989403
24 x 512 B,29,402,1987831,0,0,0,7544770,11517666,1988838
24 x 512 B,30,402,1988104,0,0,0,7543526,11517666,1989111
24 x 512 B,31,402,1987607,0,0,0,7544074,11517666,1988580
64 x 512 B,0,151,2003458,0,0,0,7599955,11452961,2004623
64 x 512 B,1,151,2003075,0,0,0,7599080,11452961,2004223
64 x 512 B,2,151,2003905,0,0,0,7595795,11452961,2005857
64 x 512 B,3,151,2004040,0,0,0,7599433,11452961,2005597
64 x 512 B,4,151,2019373,0,0,0,7597886,11452961,2012861
64 x 512 B,5,151,2003959,0,0,0,7599144,11452961,2005358
64 x 512 B,6,151,2014177,0,0,0,7598641,11452961,2008258
64 x 512 B,7,151,2003267,0,0,0,7601547,11452961,2004328
64 x 512 B,8,151,2003319,0,0,0,7599627,11452961,2004386
64 x 512 B,9,151,2003051,0,0,0,7600315,11452961,2004123
64 x 512 B,10,151,2002918,0,0,0,7600933,11452961,2003983
64 x 512 B,11,151,2003335,0,0,0,7600694,11452961,2004404
64 x 512 B,12,151,2003393,0,0,0,7600729,11452961,2004558
64 x 512 B,13,151,2003120,0,0,0,7598685,11452961,2004278
64 x 512 B,14,151,2003829,0,0,0,7599568,11452961,2004909
64 x 512 B,15,151,2002525,0,0,0,7597664,11452961,2003606
64 x 512 B,16,151,2002573,0,0,0,7598603,11452961,2003693
64 x 512 B,17,151,2372435,0,0,0,7599224,11452961,2373522
64 x 512 B,18,151,2003118,0,0,0,7599205,11452961,2004188
64 x 512 B,19,151,2002530,0,0,0,7598235,11452961,2003625
64 x 512 B,20,151,2002130,0,0,0,7597541,11452961,2003194
64 x 512 B,21,151,2002354,0,0,0,7598390,11452961,2003431
64 x 512 B,22,151,2002871,0,0,0,7600846,11452961,2003928
64 x 512 B,23,151,2002296,0,0,0,7598144,11452961,2003351
64 x 512 B,24,151,2003331,0,0,0,7600938,11452961,2004391
64 x 512 B,25,151,2002344,0,0,0,7597688,11452961,2003427
64 x 512 B,26,151,2002296,0,0,0,7598459,11452961,2003359
64 x 512 B,27,151,2002594,0,0,0,7597430,11452961,2003647
64 x 512 B,28,151,2001734,0,0,0,7597712,11452961,2002804
64 x 512 B,29,151,2002299,0,0,0,7597156,11452961,2003373
64 x 512 B,30,151,2001993,0,0,0,7598439,11452961,2003066
64 x 512 B,31,151,2002343,0,0,0,7595901,11452961,2003400
128 x 512 B,0,76,2017996,0,0,0,7656614,11503498,2019176
128 x 512 B,1,76,2017232,0,0,0,7655914,11503498,2018310
128 x 512 B,2,76,2018006,0,0,0,7655987,11503498,2019061
128 x 512 B,3,76,2025728,0,0,0,7657950,11503498,2022194
128 x 512 B,4,76,2019338,0,0,0,7655350,11503499,2020420
128 x 512 B,5,76,2016968,0,0,0,7654966,11503498,2018052
128 x 512 B,6,76,2017651,0,0,0,7653954,11503498,2018711
128 x 512 B,7,76,2017949,0,0,0,7656333,11503498,2019179
128 x 512 B,8,76,2018124,0,0,0,7654933,11503498,2019258
128 x 512 B,9,76,2019653,0,0,0,7655236,11503498,2021977
128 x 512 B,10,76,2018012,0,0,0,7653576,11503498,2019533
128 x 512 B,11,76,2032031,0,0,0,7652611,11503498,2030363
128 x 512 B,12,76,2021449,0,0,0,7655627,11503498,2022712
128 x 512 B,13,76,2030976,0,0,0,7656597,11503498,2024505
128 x 512 B,14,76,2022323,0,0,0,7655232,11503498,2023424
128 x 512 B,15,76,2017903,0,0,0,7655774,11503498,2018975
128 x 512 B,16,76,2017034,0,0,0,7650405,11503498,2018107
128 x 512 B,17,76,2017400,0,0,0,7652970,11503498,2018452
128 x 512 B,18,76,2017314,0,0,0,7653423,11503498,2018367
128 x 512 B,19,76,2016081,0,0,0,7650048,11503498,2017134
128 x 512 B,20,76,2017738,0,0,0,7654871,11503498,2018788
128 x 512 B,21,76,2017330,0,0,0,7652368,11503498,2018384
128 x 512 B,22,76,2016868,0,0,0,7652314,11503498,2017942
128 x 512 B,23,76,2016820,0,0,0,7653692,11503498,2017904
128 x 512 B,24,76,2017501,0,0,0,7654826,11503498,2018546
128 x 512 B,25,76,2018495,0,0,0,7657067,11503498,2019534
128 x 512 B,26,76,2016919,0,0,0,7652300,11503498,2017954
128 x 512 B,27,76,2017011,0,0,0,7654108,11503498,2018046
128 x 512 B,28,76,2017300,0,0,0,7653721,11503498,2018349
128 x 512 B,29,76,2016635,0,0,0,7653673,11503498,2017695
128 x 512 B,30,76,2017188,0,0,0,7652722,11503498,2018237
128 x 512 B,31,76,2016590,0,0,0,7653378,11503498,2017667
129 x 512 B,0,74,1996617,0,0,0,7574148,11463114,1997785
129 x 512 B,1,74,2010009,0,0,0,7582463,11463114,2003649
129 x 512 B,2,74,1994816,0,0,0,7569264,11463114,1995893
129 x 512 B,3,74,1996735,0,0,0,7572407,11463114,1997819
129 x 512 B,4,74,1997156,0,0,0,7579325,11463114,1998243
129 x 512 B,5,74,1998898,0,0,0,7584660,11463114,1999965
129 x 512 B,6,74,1997339,0,0,0,7575686,11463114,1998449
129 x 512 B,7,74,1996643,0,0,0,7574578,11463114,1997693
129 x 512 B,8,74,1997678,0,0,0,7579957,11463114,1998763
129 x 512 B,9,74,1996063,0,0,0,7572581,11463114,1997134
129 x 512 B,10,74,1994292,0,0,0,7568341,11463114,1995360
129 x 512 B,11,74,1993422,0,0,0,7563376,11463114,1994484
129 x 512 B,12,74,1993297,0,0,0,7564793,11463114,1994376
129 x 512 B,13,74,1993090,0,0,0,7559358,11463114,1994151
129 x 512 B,14,74,1993306,0,0,0,7563134,11463114,1994498
129 x 512 B,15,74,1994360,0,0,0,7563513,11463114,1995865
129 x 512 B,16,74,1995635,0,0,0,7564741,11463114,1997784
129 x 512 B,17,74,1995131,0,0,0,7564754,11463114,1996504
129 x 512 B,18,74,1996725,0,0,0,7565223,11463114,1998774
129 x 512 B,19,74,2000769,0,0,0,7561002,11463114,1999449
129 x 512 B,20,74,2005864,0,0,0,7567210,11463114,1999915
129 x 512 B,21,74,1993813,0,0,0,7562851,11463114,1994924
129 x 512 B,22,74,1993488,0,0,0,7563045,11463114,1994579
129 x 512 B,23,74,1995497,0,0,0,7566995,11463114,1996603
129 x 512 B,24,74,1994010,0,0,0,7563992,11463114,1995089
129 x 512 B,25,74,1994595,0,0,0,7563890,11463114,1995708
129 x 512 B,26,74,1993981,0,0,0,7562307,11463114,1995149
129 x 512 B,27,74,1994019,0,0,0,7562693,11463114,1995115
129 x 512 B,28,74,1993005,0,0,0,7562252,11463114,1994075
129 x 512 B,29,74,1992975,0,0,0,7562042,11463114,1994033
129 x 512 B,30,74,1992183,0,0,0,7559095,11463114,1993261
129 x 512 B,31,74,1992291,0,0,0,7559251,11463114,1993348
1024 x 512 B,0,10,2122297,0,0,0,8053033,12099266,2123508
1024 x 512 B,1,10,2121753,0,0,0,8052240,12099266,2122807
1024 x 512 B,2,10,2122883,0,0,0,8055425,12099266,2123918
1024 x 512 B,3,10,2121688,0,0,0,8052324,12099266,2122753
1024 x 512 B,4,10,2123996,0,0,0,8053507,12099267,2125070
1024 x 512 B,5,10,2122462,0,0,0,8053686,12099266,2123543
1024 x 512 B,6,10,2122798,0,0,0,8053340,12099266,2123854
1024 x 512 B,7,10,2122925,0,0,0,8053562,12099266,2124006
1024 x 512 B,8,10,2121881,0,0,0,8053865,12099266,2122943
1024 x 512 B,9,10,2124855,0,0,0,8056985,12099266,2125950
1024 x 512 B,10,10,2122545,0,0,0,8055644,12099266,2123618
1024 x 512 B,11,10,2122741,0,0,0,8053019,12099266,2123794
1024 x 512 B,12,10,2124024,0,0,0,8054871,12099267,2125088
1024 x 512 B,13,10,2123018,0,0,0,8054266,12099266,2124066
1024 x 512 B,14,10,2122148,0,0,0,8053255,12099266,2123233
1024 x 512 B,15,10,2124154,0,0,0,8059496,12099266,2125208
1024 x 512 B,16,10,2135674,0,0,0,8100829,12099266,2137086
1024 x 512 B,17,10,2147557,0,0,0,8145939,12099266,2148994
1024 x 512 B,18,10,2146705,0,0,0,8140726,12099266,2148186
1024 x 512 B,19,10,2141960,0,0,0,8115696,12099267,2143353
1024 x 512 B,20,10,2129677,0,0,0,8065496,12099266,2131500
1024 x 512 B,21,10,2139424,0,0,0,8054105,12099266,2130673
1024 x 512 B,22,10,2123588,0,0,0,8054861,12099266,2124877
1024 x 512 B,23,10,2122971,0,0,0,8055182,12099266,2124521
1024 x 512 B,24,10,2122833,0,0,0,8053351,12099266,2123930
1024 x 512 B,25,10,2122138,0,0,0,8054662,12099266,2123222
1024 x 512 B,26,10,2123348,0,0,0,8056319,12099266,2124416
1024 x 512 B,27,10,2124738,0,0,0,8056353,12099267,2125794
1024 x 512 B,28,10,2123867,0,0,0,8055151,12099266,2125138
1024 x 512 B,29,10,2126110,0,0,0,8053382,12099266,2127548
1024 x 512 B,30,10,2126111,0,0,0,8063246,12099266,2127273
1024 x 512 B,31,10,2126432,0,0,0,8066266,12099266,2127511
1 x 1024 B,0,1677,1586962,0,0,0,6019558,13330839,1587942
1 x 1024 B,1,1677,1585820,0,0,0,6018865,13330838,1587946
1 x 1024 B,2,1677,1600132,0,0,0,6019835,13330839,1598491
1 x 1024 B,3,1677,1592869,0,0,0,6019389,13330839,1592117
1 x 1024 B,4,1677,1585667,0,0,0,6018740,13330838,1586532
1 x 1024 B,5,1677,1587649,0,0,0,6019143,13330839,1588522
1 x 1024 B,6,1677,1586322,0,0,0,6018745,13330838,1587202
1 x 1024 B,7,1677,1586588,0,0,0,6019179,13330839,1587458
1 x 1024 B,8,1677,1585332,0,0,0,6018767,13330838,1586199
1 x 1024 B,9,1677,1586337,0,0,0,6019177,13330839,1587218
1 x 1024 B,10,1677,1967991,0,0,0,6019110,13330839,1968888
1 x 1024 B,11,1677,1587016,0,0,0,6019461,13330839,1587892
1 x 1024 B,12,1677,1585012,0,0,0,6018771,13330838,1585871
1 x 1024 B,13,1677,1587010,0,0,0,6019147,13330839,1587879
1 x 1024 B,14,1677,1586490,0,0,0,6018792,13330838,1587380
1 x 1024 B,15,1677,1587157,0,0,0,6019165,13330839,1588027
1 x 1024 B,16,1677,1586847,0,0,0,6019207,13330839,1587719
1 x 1024 B,17,1677,1585175,0,0,0,6018747,13330838,1586037
1 x 1024 B,18,1677,1586792,0,0,0,6019180,13330839,1587663
1 x 1024 B,19,1677,1585165,0,0,0,6018785,13330838,1586027
1 x 1024 B,20,1677,1586367,0,0,0,6019188,13330839,1587228
1 x 1024 B,21,1677,1585319,0,0,0,6018776,13330838,1586175
1 x 1024 B,22,1677,1586488,0,0,0,6019154,13330839,1587360
1 x 1024 B,23,1677,1586766,0,0,0,6019183,13330839,1587623
1 x 1024 B,24,1677,1585198,0,0,0,6018750,13330838,1586059
1 x 1024 B,25,1677,1587107,0,0,0,6019125,13330839,1587976
1 x 1024 B,26,1677,1585518,0,0,0,6018863,13330838,1586384
1 x 1024 B,27,1677,1586408,0,0,0,6019169,13330839,1587265
1 x 1024 B,28,1677,1587106,0,0,0,6019485,13330839,1587953
1 x 1024 B,29,1677,1585019,0,0,0,6018707,13330838,1585863
1 x 1024 B,30,1677,1586656,0,0,0,6019212,13330839,1587521
1 x 1024 B,31,1677,1585371,0,0,0,6018756,13330838,1586329
3 x 1024 B,0,847,1982676,0,0,0,7520513,11678802,1984692
3 x 1024 B,1,847,1977177,0,0,0,7495365,11678802,1978900
3 x 1024 B,2,847,1972324,0,0,0,7477424,11678802,1974803
3 x 1024 B,3,847,1987337,0,0,0,7488945,11678802,1985434
3 x 1024 B,4,847,1991611,0,0,0,7490671,11678802,1982596
3 x 1024 B,5,847,1973902,0,0,0,7487469,11678802,1974919
3 x 1024 B,6,847,1974616,0,0,0,7488167,11678802,1975650
3 x 1024 B,7,847,1973697,0,0,0,7490164,11678802,1974707
3 x 1024 B,8,847,1975115,0,0,0,7490645,11678802,1976095
3 x 1024 B,9,847,1974829,0,0,0,7492491,11678802,1975860
3 x 1024 B,10,847,1974449,0,0,0,7486653,11678802,1975464
3 x 1024 B,11,847,1975453,0,0,0,7489280,11678802,1976521
3 x 1024 B,12,847,1982815,0,0,0,7521187,11678802,1983801
3 x 1024 B,13,847,1982206,0,0,0,7520810,11678802,1983242
3 x 1024 B,14,847,1982519,0,0,0,7520764,11678802,1983498
3 x 1024 B,15,847,1975227,0,0,0,7496566,11678802,1976229
3 x 1024 B,16,847,1982038,0,0,0,7520300,11678802,1983020
3 x 1024 B,17,847,1982470,0,0,0,7520743,11678802,1983447
3 x 1024 B,18,847,1982458,0,0,0,7520798,11678802,1983434
3 x 1024 B,19,847,1981808,0,0,0,7520558,11678802,1982803
3 x 1024 B,20,847,1982038,0,0,0,7520429,11678802,1983020
3 x 1024 B,21,847,1981621,0,0,0,7520143,11678802,1982634
3 x 1024 B,22,847,1981978,0,0,0,7520632,11678802,1982964
3 x 1024 B,23,847,1981971,0,0,0,7520983,11678802,1982967
3 x 1024 B,24,847,1981925,0,0,0,7520646,11678802,1982915
3 x 1024 B,25,847,1982910,0,0,0,7520768,11678802,1983889
3 x 1024 B,26,847,1982076,0,0,0,7521074,11678802,1983084
3 x 1024 B,27,847,1981764,0,0,0,7520896,11678802,1982754
3 x 1024 B,28,847,1981918,0,0,0,7520559,11678802,1982906
3 x 1024 B,29,847,1981703,0,0,0,7520229,11678802,1982710
3 x 1024 B,30,847,1981939,0,0,0,7520742,11678802,1982920
3 x 1024 B,31,847,1982113,0,0,0,7520411,11678802,1983112
4 x 1024 B,0,766,1998697,0,0,0,7583755,11611394,1999748
4 x 1024 B,1,766,1995329,0,0,0,7569410,11611394,1996309
4 x 1024 B,2,766,1983634,0,0,0,7527417,11611394,1984632
4 x 1024 B,3,766,1972091,0,0,0,7483263,11611394,1973064
4 x 1024 B,4,766,1969912,0,0,0,7474950,11611394,1970963
4 x 1024 B,5,766,1973378,0,0,0,7485310,11611394,1974409
4 x 1024 B,6,766,1966793,0,0,0,7460414,11611394,1967918
4 x 1024 B,7,766,1959198,0,0,0,7426398,11611394,1960372
4 x 1024 B,8,766,1959591,0,0,0,7426623,11611394,1961840
4 x 1024 B,9,766,1968538,0,0,0,7460638,11611394,1969793
4 x 1024 B,10,766,1968088,0,0,0,7460221,11611394,1970151
4 x 1024 B,11,766,1967278,0,0,0,7461971,11611394,1968671
4 x 1024 B,12,766,1978083,0,0,0,7459690,11611394,1972317
4 x 1024 B,13,766,1977153,0,0,0,7497084,11611394,1978211
4 x 1024 B,14,766,1974311,0,0,0,7496728,11611393,1975275
4 x 1024 B,15,766,1975739,0,0,0,7496981,11611394,1976736
4 x 1024 B,16,766,1975968,0,0,0,7497413,11611394,1976998
4 x 1024 B,17,766,1975781,0,0,0,7496650,11611394,1976739
4 x 1024 B,18,766,1976346,0,0,0,7497831,11611394,1977402
4 x 1024 B,19,766,1976221,0,0,0,7496617,11611394,1977208
4 x 1024 B,20,766,1976167,0,0,0,7496965,11611394,1977151
4 x 1024 B,21,766,1976754,0,0,0,7497307,11611394,1977770
4 x 1024 B,22,766,1975697,0,0,0,7496939,11611394,1976668
4 x 1024 B,23,766,1976655,0,0,0,7496731,11611394,1977674
4 x 1024 B,24,766,1976234,0,0,0,7496891,11611394,1977216
4 x 1024 B,25,766,1976013,0,0,0,7496689,11611394,1976991
4 x 1024 B,26,766,1975919,0,0,0,7496814,11611394,1976900
4 x 1024 B,27,766,1976066,0,0,0,7497139,11611394,1977046
4 x 1024 B,28,766,1975477,0,0,0,7496857,11611394,1976466
4 x 1024 B,29,766,1975818,0,0,0,7497371,11611394,1976794
4 x 1024 B,30,766,1975608,0,0,0,7496808,11611394,1976564
4 x 1024 B,31,766,1976032,0,0,0,7497124,11611394,1977000
6 x 1024 B,0,500,1997082,0,0,0,7576739,10971866,1998171
6 x 1024 B,1,500,2009583,0,0,0,7577522,10971866,2002106
6 x 1024 B,2,500,1997202,0,0,0,7576391,10971866,1998230
6 x 1024 B,3,500,1996507,0,0,0,7576183,10971866,1997494
6 x 1024 B,4,500,1996859,0,0,0,7576598,10971866,1997861
6 x 1024 B,5,500,1996226,0,0,0,7575798,10971866,1997213
6 x 1024 B,6,500,1996595,0,0,0,7576341,10971866,1997562
6 x 1024 B,7,500,1996918,0,0,0,7575973,10971866,1997890
6 x 1024 B,8,500,1996786,0,0,0,7576587,10971866,1997775
6 x 1024 B,9,500,1998001,0,0,0,7576736,10971866,1999009
6 x 1024 B,10,500,1996752,0,0,0,7576358,10971866,1997752
6 x 1024 B,11,500,1996271,0,0,0,7576083,10971866,1997262
6 x 1024 B,12,500,1996487,0,0,0,7576687,10971866,1997510
6 x 1024 B,13,500,1996737,0,0,0,7576577,10971866,1997869
6 x 1024 B,14,500,1997572,0,0,0,7576091,10971866,1998566
6 x 1024 B,15,500,1998736,0,0,0,7576353,10971866,2001047
6 x 1024 B,16,500,1998314,0,0,0,7577518,10971866,1999609
6 x 1024 B,17,500,2000624,0,0,0,7576667,10971866,2002290
6 x 1024 B,18,500,2005560,0,0,0,7576619,10971866,2004326
6 x 1024 B,19,500,1998085,0,0,0,7576831,10971866,1999097
6 x 1024 B,20,500,1997501,0,0,0,7576361,10971866,1998496
6 x 1024 B,21,500,1997730,0,0,0,7576604,10971866,1998737
6 x 1024 B,22,500,1996837,0,0,0,7575966,10971866,1997812
6 x 1024 B,23,500,1997004,0,0,0,7576458,10971866,1998011
6 x 1024 B,24,500,2381883,0,0,0,7577489,10971867,2382905
6 x 1024 B,25,500,1996485,0,0,0,7576180,10971866,1997467
6 x 1024 B,26,500,1996819,0,0,0,7576662,10971866,1997795
6 x 1024 B,27,500,1997807,0,0,0,7575990,10971866,1998827
6 x 1024 B,28,500,1996934,0,0,0,7576901,10971866,1997926
6 x 1024 B,29,500,1996729,0,0,0,7576726,10971866,1997733
6 x 1024 B,30,500,1996697,0,0,0,7576393,10971866,1997674
6 x 1024 B,31,500,1996456,0,0,0,7576471,10971866,1997437
8 x 1024 B,0,603,1989432,0,0,0,7548724,11524902,1990547
8 x 1024 B,1,603,1988595,0,0,0,7544698,11524902,1989597
8 x 1024 B,2,603,1988760,0,0,0,7546664,11524902,1989758
8 x 1024 B,3,603,1987212,0,0,0,7546449,11524901,1988214
8 x 1024 B,4,603,1988508,0,0,0,7545652,11524902,1989513
8 x 1024 B,5,603,1988271,0,0,0,7545280,11524902,1989307
8 x 1024 B,6,603,1989087,0,0,0,7545704,11524902,1990077
8 x 1024 B,7,603,1988305,0,0,0,7545063,11524902,1989308
8 x 1024 B,8,603,1988013,0,0,0,7544833,11524902,1989014
8 x 1024 B,9,603,1989207,0,0,0,7546160,11524902,1990213
8 x 1024 B,10,603,1988177,0,0,0,7545585,11524902,1989174
8 x 1024 B,11,603,1989005,0,0,0,7544422,11524902,1990113
8 x 1024 B,12,603,1990079,0,0,0,7545812,11524902,1991256
8 x 1024 B,13,603,1989291,0,0,0,7546598,11524902,1990428
8 x 1024 B,14,603,1989668,0,0,0,7545973,11524902,1990718
8 x 1024 B,15,603,1988805,0,0,0,7544397,11524902,1989847
8 x 1024 B,16,603,1989880,0,0,0,7547019,11524902,1990937
8 x 1024 B,17,603,1988761,0,0,0,7545842,11524902,1989763
8 x 1024 B,18,603,1988071,0,0,0,7544856,11524902,1989056
8 x 1024 B,19,603,1988769,0,0,0,7544907,11524902,1989788
8 x 1024 B,20,603,1988426,0,0,0,7544897,11524902,1989421
8 x 1024 B,21,603,1989724,0,0,0,7544725,11524902,1990798
8 x 1024 B,22,603,1989377,0,0,0,7546165,11524902,1991469
8 x 1024 B,23,603,1990907,0,0,0,7546268,11524902,1992649
8 x 1024 B,24,603,1990430,0,0,0,7544844,11524902,1993285
8 x 1024 B,25,603,2001833,0,0,0,7546157,11524902,1999844
8 x 1024 B,26,603,2004242,0,0,0,7547356,11524902,1996581
8 x 1024 B,27,603,1989993,0,0,0,7548422,11524902,1991117
8 x 1024 B,28,603,1989718,0,0,0,7547089,11524902,1990768
8 x 1024 B,29,603,1989448,0,0,0,7546953,11524902,1990473
8 x 1024 B,30,603,1990108,0,0,0,7546052,11524902,1991180
8 x 1024 B,31,603,1989447,0,0,0,7548289,11524902,1990462
12 x 1024 B,0,341,2357630,0,0,0,7535224,11574930,2358793
12 x 1024 B,1,341,1987489,0,0,0,7541632,11574929,1988561
12 x 1024 B,2,341,1987402,0,0,0,7542527,11574929,1988447
12 x 1024 B,3,341,1987960,0,0,0,7541841,11574929,1988997
12 x 1024 B,4,341,1987298,0,0,0,7541995,11574929,1988356
12 x 1024 B,5,341,1989841,0,0,0,7537100,11574929,1990928
12 x 1024 B,6,341,1988923,0,0,0,7542582,11574929,1990001
12 x 1024 B,7,341,1987492,0,0,0,7541403,11574929,1988605
12 x 1024 B,8,341,1988062,0,0,0,7543162,11574929,1989099
12 x 1024 B,9,341,1986099,0,0,0,7536151,11574929,1987128
12 x 1024 B,10,341,1986039,0,0,0,7536300,11574929,1987060
12 x 1024 B,11,341,1985942,0,0,0,7536763,11574929,1986982
12 x 1024 B,12,341,1986149,0,0,0,7536696,11574929,1987179
12 x 1024 B,13,341,1985981,0,0,0,7536389,11574929,1986993
12 x 1024 B,14,341,1986226,0,0,0,7536357,11574929,1987232
12 x 1024 B,15,341,1986001,0,0,0,7536383,11574929,1987009
12 x 1024 B,16,341,1982944,0,0,0,7529239,11574928,1983963
12 x 1024 B,17,341,1985769,0,0,0,7536181,11574929,1986785
12 x 1024 B,18,341,1984960,0,0,0,7530408,11574929,1985979
12 x 1024 B,19,341,1984845,0,0,0,7530913,11574929,1985904
12 x 1024 B,20,341,1984612,0,0,0,7530427,11574929,1985652
12 x 1024 B,21,341,1986092,0,0,0,7537384,11574929,1987114
12 x 1024 B,22,341,1984696,0,0,0,7531294,11574929,1985713
12 x 1024 B,23,341,1983999,0,0,0,7530066,11574929,1985012
12 x 1024 B,24,341,1984410,0,0,0,7530209,11574929,1985421
12 x 1024 B,25,341,1985730,0,0,0,7536344,11574929,1986762
12 x 1024 B,26,341,1984715,0,0,0,7531770,11574929,1985771
12 x 1024 B,27,341,1984707,0,0,0,7530446,11574929,1985802
12 x 1024 B,28,341,1985640,0,0,0,7531900,11574929,1986757
12 x 1024 B,29,341,1985690,0,0,0,7529897,11574929,1987006
12 x 1024 B,30,341,1990518,0,0,0,7538893,11574929,1991920
12 x 1024 B,31,341,1986716,0,0,0,7531920,11574929,1988512
16 x 1024 B,0,304,2002188,0,0,0,7566362,11520446,2000816
16 x 1024 B,1,304,2007608,0,0,0,7567681,11520446,2000608
16 x 1024 B,2,304,1993946,0,0,0,7564958,11520446,1995008
16 x 1024 B,3,304,1994448,0,0,0,7566094,11520446,1995495
16 x 1024 B,4,304,1994124,0,0,0,7565154,11520446,1995174
16 x 1024 B,5,304,1995614,0,0,0,7566671,11520446,1996696
16 x 1024 B,6,304,1994526,0,0,0,7568313,11520446,1995560
16 x 1024 B,7,304,1995468,0,0,0,7565474,11520446,1996519
16 x 1024 B,8,304,1995217,0,0,0,7570735,11520446,1996272
16 x 1024 B,9,304,1994393,0,0,0,7567572,11520446,1995399
16 x 1024 B,10,304,1994787,0,0,0,7569232,11520446,1995817
16 x 1024 B,11,304,1994212,0,0,0,7567935,11520446,1995218
16 x 1024 B,12,304,1994147,0,0,0,7566937,11520446,1995168
16 x 1024 B,13,304,1995299,0,0,0,7569275,11520446,1996308
16 x 1024 B,14,304,1995017,0,0,0,7569376,11520446,1996045
16 x 1024 B,15,304,1993702,0,0,0,7564347,11520446,1994724
16 x 1024 B,16,304,1993971,0,0,0,7566671,11520446,1994991
16 x 1024 B,17,304,1993972,0,0,0,7565811,11520446,1994984
16 x 1024 B,18,304,1993810,0,0,0,7565648,11520446,1994822
16 x 1024 B,19,304,1994835,0,0,0,7568966,11520446,1995860
16 x 1024 B,20,304,1995067,0,0,0,7570228,11520446,1996112
16 x 1024 B,21,304,1994728,0,0,0,7567173,11520446,1995765
16 x 1024 B,22,304,1994209,0,0,0,7567456,11520446,1995255
16 x 1024 B,23,304,1994142,0,0,0,7566426,11520446,1995164
16 x 1024 B,24,304,1994218,0,0,0,7566884,11520446,1995243
16 x 1024 B,25,304,1994430,0,0,0,7567045,11520446,1995482
16 x 1024 B,26,304,1994989,0,0,0,7570715,11520446,1996016
16 x 1024 B,27,304,1994843,0,0,0,7569079,11520446,1995883
16 x 1024 B,28,304,1994791,0,0,0,7569327,11520446,1995817
16 x 1024 B,29,304,1994101,0,0,0,7566196,11520446,1995112
16 x 1024 B,30,304,2003900,0,0,0,7568040,11520446,1999605
16 x 1024 B,31,304,1996275,0,0,0,7570885,11520446,1997329
24 x 1024 B,0,203,1999305,0,0,0,7585031,11506000,2000449
24 x 1024 B,1,203,2000897,0,0,0,7582565,11506000,2002006
24 x 1024 B,2,203,1997920,0,0,0,7579671,11506000,1999096
24 x 1024 B,3,203,1998883,0,0,0,7581890,11506000,2000213
24 x 1024 B,4,203,2002333,0,0,0,7583640,11506000,2004522
24 x 1024 B,5,203,2000049,0,0,0,7583793,11506000,2001360
24 x 1024 B,6,203,2003960,0,0,0,7584679,11506000,2006233
24 x 1024 B,7,203,2005300,0,0,0,7582585,11506000,2004121
24 x 1024 B,8,203,2009867,0,0,0,7584202,11506000,2004744
24 x 1024 B,9,203,2000039,0,0,0,7587744,11506000,2001110
24 x 1024 B,10,203,1999800,0,0,0,7586923,11506000,2000843
24 x 1024 B,11,203,1998330,0,0,0,7583742,11506000,1999366
24 x 1024 B,12,203,1999390,0,0,0,7584376,11506000,2000483
24 x 1024 B,13,203,1998565,0,0,0,7582217,11506000,1999645
24 x 1024 B,14,203,1998807,0,0,0,7579146,11506000,1999910
24 x 1024 B,15,203,1999156,0,0,0,7586022,11506000,2000230
24 x 1024 B,16,203,1998945,0,0,0,7582699,11506000,2000064
24 x 1024 B,17,203,1998369,0,0,0,7583565,11506000,1999413
24 x 1024 B,18,203,1998734,0,0,0,7583442,11506000,1999838
24 x 1024 B,19,203,1998410,0,0,0,7583574,11506000,1999472
24 x 1024 B,20,203,1998577,0,0,0,7583691,11506000,1999638
24 x 1024 B,21,203,1998443,0,0,0,7584191,11506000,1999512
24 x 1024 B,22,203,1998279,0,0,0,7583424,11506000,1999346
24 x 1024 B,23,203,1998802,0,0,0,7584497,11506000,1999870
24 x 1024 B,24,203,1998166,0,0,0,7582827,11506000,1999205
24 x 1024 B,25,203,1997183,0,0,0,7578563,11506000,1998240
24 x 1024 B,26,203,1998326,0,0,0,7584210,11506000,1999382
24 x 1024 B,27,203,1999186,0,0,0,7586027,11506000,2000236
24 x 1024 B,28,203,1999103,0,0,0,7586791,11506000,2000170
24 x 1024 B,29,203,1998424,0,0,0,7583511,11506000,1999491
24 x 1024 B,30,203,2002734,0,0,0,7584192,11506000,2003787
24 x 1024 B,31,203,1998151,0,0,0,7581987,11506000,1999209
64 x 1024 B,0,76,2021742,0,0,0,7662040,11445435,2022982
64 x 1024 B,1,76,2019213,0,0,0,7658901,11445434,2020308
64 x 1024 B,2,76,2017163,0,0,0,7653992,11445434,2018228
64 x 1024 B,3,76,2016822,0,0,0,7653202,11445434,2017874
64 x 1024 B,4,76,2016177,0,0,0,7651182,11445434,2017241
64 x 1024 B,5,76,2015664,0,0,0,7648793,11445434,2016723
64 x 1024 B,6,76,2017095,0,0,0,7654545,11445434,2018184
64 x 1024 B,7,76,2017277,0,0,0,7654826,11445434,2018329
64 x 1024 B,8,76,2015864,0,0,0,7648548,11445434,2016944
64 x 1024 B,9,76,2016621,0,0,0,7651695,11445434,2017799
64 x 1024 B,10,76,2015217,0,0,0,7644326,11445434,2016387
64 x 1024 B,11,76,2016280,0,0,0,7642848,11445434,2018326
64 x 1024 B,12,76,2015575,0,0,0,7643653,11445434,2017137
64 x 1024 B,13,76,2019349,0,0,0,7645463,11445434,2021568
64 x 1024 B,14,76,2014132,0,0,0,7640091,11445434,2015605
64 x 1024 B,15,76,2018448,0,0,0,7652573,11445434,2019664
64 x 1024 B,16,76,2013907,0,0,0,7641536,11445434,2014983
64 x 1024 B,17,76,2014459,0,0,0,7639045,11445434,2015559
64 x 1024 B,18,76,2014956,0,0,0,7645386,11445434,2016024
64 x 1024 B,19,76,2014180,0,0,0,7641401,11445434,2015226
64 x 1024 B,20,76,2014658,0,0,0,7645147,11445434,2015731
64 x 1024 B,21,76,2016531,0,0,0,7650738,11445434,2017623
64 x 1024 B,22,76,2013944,0,0,0,7639644,11445434,2015020
64 x 1024 B,23,76,2015826,0,0,0,7648213,11445434,2016876
64 x 1024 B,24,76,2018141,0,0,0,7656319,11445440,2019218
64 x 1024 B,25,76,2015772,0,0,0,7648642,11445440,2016860
64 x 1024 B,26,76,2014408,0,0,0,7643409,11445434,2015494
64 x 1024 B,27,76,2019642,0,0,0,7648768,11445434,2020762
64 x 1024 B,28,76,2036017,0,0,0,7645503,11445434,2019125
64 x 1024 B,29,76,2015009,0,0,0,7646443,11445434,2016105
64 x 1024 B,30,76,2013131,0,0,0,7639247,11445434,2014181
64 x 1024 B,31,76,2015742,0,0,0,7648480,11445434,2016814
128 x 1024 B,0,38,2014634,0,0,0,7644882,11432932,2015792
128 x 1024 B,1,38,2016555,0,0,0,7647074,11432932,2017699
128 x 1024 B,2,38,2016405,0,0,0,7651926,11432932,2017476
128 x 1024 B,3,38,2013157,0,0,0,7638297,11432932,2014211
128 x 1024 B,4,38,2011633,0,0,0,7633172,11432932,2012679
128 x 1024 B,5,38,2012810,0,0,0,7636685,11432932,2013881
128 x 1024 B,6,38,2012304,0,0,0,7636186,11432932,2013363
128 x 1024 B,7,38,2013608,0,0,0,7640854,11432932,2014681
128 x 1024 B,8,38,2014856,0,0,0,7646335,11432932,2015926
128 x 1024 B,9,38,2013621,0,0,0,7641239,11432932,2014676
128 x 1024 B,10,38,2011390,0,0,0,7633088,11432932,2012456
128 x 1024 B,11,38,2012670,0,0,0,7636810,11432932,2013723
128 x 1024 B,12,38,2013116,0,0,0,7639312,11432932,2014201
128 x 1024 B,13,38,2012975,0,0,0,7637215,11432932,2014040
128 x 1024 B,14,38,2014268,0,0,0,7641279,11432932,2015380
128 x 1024 B,15,38,2014981,0,0,0,7644632,11432932,2016045
128 x 1024 B,16,38,2017846,0,0,0,7650796,11432932,2019011
128 x 1024 B,17,38,2014768,0,0,0,7639980,11432932,2016257
128 x 1024 B,18,38,2021886,0,0,0,7657698,11432932,2023607
128 x 1024 B,19,38,2017764,0,0,0,7648893,11432932,2019050
128 x 1024 B,20,38,2020475,0,0,0,7645740,11432932,2021951
128 x 1024 B,21,38,2033721,0,0,0,7640096,11432932,2024130
128 x 1024 B,22,38,2013440,0,0,0,7634264,11432932,2014542
128 x 1024 B,23,38,2014864,0,0,0,7643525,11432932,2015952
128 x 1024 B,24,38,2016446,0,0,0,7645455,11432932,2017539
128 x 1024 B,25,38,2013899,0,0,0,7640917,11432932,2014994
128 x 1024 B,26,38,2081905,0,0,0,7642491,11432932,2019498
128 x 1024 B,27,38,2014448,0,0,0,7641234,11432932,2015558
128 x 1024 B,28,38,2016557,0,0,0,7646658,11432932,2017666
128 x 1024 B,29,38,2014550,0,0,0,7642006,11432932,2015618
128 x 1024 B,30,38,2015381,0,0,0,7646104,11432932,2016440
128 x 1024 B,31,38,2016067,0,0,0,7644983,11432932,2017148
129 x 1024 B,0,38,2049197,0,0,0,7768806,11693954,2050361
129 x 1024 B,1,38,2048663,0,0,0,7771965,11693954,2049748
129 x 1024 B,2,38,2047648,0,0,0,7768268,11693954,2048704
129 x 1024 B,3,38,2048538,0,0,0,7772540,11693954,2049583
129 x 1024 B,4,38,2048679,0,0,0,7771870,11693954,2049759
129 x 1024 B,5,38,2047584,0,0,0,7768039,11693954,2048676
129 x 1024 B,6,38,2045140,0,0,0,7759896,11693954,2046208
129 x 1024 B,7,38,2049328,0,0,0,7768785,11693955,2050387
129 x 1024 B,8,38,2049644,0,0,0,7775289,11693954,2050709
129 x 1024 B,9,38,2051034,0,0,0,7781399,11693954,2052101
129 x 1024 B,10,38,2046921,0,0,0,7766736,11693954,2047971
129 x 1024 B,11,38,2046829,0,0,0,7765933,11693954,2047906
129 x 1024 B,12,38,2047717,0,0,0,7767309,11693954,2048777
129 x 1024 B,13,38,2048016,0,0,0,7769840,11693954,2049100
129 x 1024 B,14,38,2047861,0,0,0,7770826,11693954,2048935
129 x 1024 B,15,38,2048922,0,0,0,7772566,11693954,2050012
129 x 1024 B,16,38,2045343,0,0,0,7759752,11693954,2046393
129 x 1024 B,17,38,2048638,0,0,0,7772328,11693954,2049709
129 x 1024 B,18,38,2048390,0,0,0,7772346,11693954,2049461
129 x 1024 B,19,38,2050956,0,0,0,7780001,11693954,2052016
129 x 1024 B,20,38,2050076,0,0,0,7777780,11693954,2051148
129 x 1024 B,21,38,2047907,0,0,0,7767801,11693954,2049046
129 x 1024 B,22,38,2052125,0,0,0,7784442,11693954,2053632
129 x 1024 B,23,38,2047865,0,0,0,7766368,11693954,2049356
129 x 1024 B,24,38,2048062,0,0,0,7760648,11693954,2049497
129 x 1024 B,25,38,2048668,0,0,0,7769072,11693954,2050934
129 x 1024 B,26,38,2057024,0,0,0,7783951,11693954,2058814
129 x 1024 B,27,38,2052540,0,0,0,7769724,11693955,2053772
129 x 1024 B,28,38,2045066,0,0,0,7755098,11693954,2046164
129 x 1024 B,29,38,2043249,0,0,0,7752085,11693954,2044320
129 x 1024 B,30,38,2052633,0,0,0,7779657,11693954,2053729
129 x 1024 B,31,38,2045057,0,0,0,7759108,11693954,2046122
1024 x 1024 B,0,5,2112432,0,0,0,8014234,12029816,2113663
1024 x 1024 B,1,5,2110366,0,0,0,8007434,12029816,2111435
1024 x 1024 B,2,5,2110881,0,0,0,8000806,12029817,2111941
1024 x 1024 B,3,5,2112789,0,0,0,8016227,12029816,2113857
1024 x 1024 B,4,5,2108636,0,0,0,8000678,12029816,2109689
1024 x 1024 B,5,5,2108027,0,0,0,7997981,12029816,2109098
1024 x 1024 B,6,5,2112797,0,0,0,8016342,12029816,2113904
1024 x 1024 B,7,5,2110610,0,0,0,8007916,12029816,2111668
1024 x 1024 B,8,5,2110615,0,0,0,8009066,12029816,2111678
1024 x 1024 B,9,5,2109179,0,0,0,8001118,12029816,2110246
1024 x 1024 B,10,5,2108083,0,0,0,7999127,12029816,2109137
1024 x 1024 B,11,5,2112877,0,0,0,8010744,12029817,2113928
1024 x 1024 B,12,5,2111357,0,0,0,8011512,12029816,2112413
1024 x 1024 B,13,5,2110109,0,0,0,8005747,12029816,2111155
1024 x 1024 B,14,5,2111878,0,0,0,8013503,12029816,2112947
1024 x 1024 B,15,5,2110545,0,0,0,8007630,12029816,2111598
1024 x 1024 B,16,5,2109996,0,0,0,8008909,12029816,2111073
1024 x 1024 B,17,5,2112837,0,0,0,8016960,12029816,2113909
1024 x 1024 B,18,5,2111640,0,0,0,8013929,12029816,2112702
1024 x 1024 B,19,5,2114428,0,0,0,8023526,12029816,2115487
1024 x 1024 B,20,5,2117175,0,0,0,8025075,12029817,2118245
1024 x 1024 B,21,5,2113100,0,0,0,8015978,12029816,2114168
1024 x 1024 B,22,5,2112473,0,0,0,8016214,12029816,2113542
1024 x 1024 B,23,5,2113192,0,0,0,8019790,12029816,2114251
1024 x 1024 B,24,5,2112253,0,0,0,8014991,12029816,2113305
1024 x 1024 B,25,5,2113709,0,0,0,8021018,12029816,2114768
1024 x 1024 B,26,5,2117898,0,0,0,8036228,12029816,2118957
1024 x 1024 B,27,5,2131285,0,0,0,8085690,12029816,2132405
1024 x 1024 B,28,5,2152485,0,0,0,8152427,12029817,2154440
1024 x 1024 B,29,5,2120674,0,0,0,8042672,12029816,2122138
1024 x 1024 B,30,5,2124726,0,0,0,8033326,12029816,2126905
1024 x 1024 B,31,5,2127002,0,0,0,8018763,12029816,2122416
1 x 2048 B,0,1278,1936235,0,0,0,7345943,9880584,1937268
1 x 2048 B,1,1278,1936576,0,0,0,7342888,9880584,1937533
1 x 2048 B,2,1278,1936339,0,0,0,7345374,9880584,1937227
1 x 2048 B,3,1278,1937942,0,0,0,7345466,9880584,1938885
1 x 2048 B,4,1278,1934929,0,0,0,7341897,9880584,1935811
1 x 2048 B,5,1278,1935758,0,0,0,7342473,9880584,1936651
1 x 2048 B,6,1278,1935104,0,0,0,7343266,9880584,1935977
1 x 2048 B,7,1278,1937323,0,0,0,7346264,9880584,1938215
1 x 2048 B,8,1278,1934004,0,0,0,7344544,9880583,1934889
1 x 2048 B,9,1278,1935370,0,0,0,7344790,9880584,1936242
1 x 2048 B,10,1278,1935657,0,0,0,7344235,9880584,1936529
1 x 2048 B,11,1278,1935380,0,0,0,7344132,9880584,1936249
1 x 2048 B,12,1278,1936108,0,0,0,7345082,9880584,1936976
1 x 2048 B,13,1278,1935354,0,0,0,7345394,9880584,1936225
1 x 2048 B,14,1278,1935384,0,0,0,7342758,9880584,1936253
1 x 2048 B,15,1278,1935068,0,0,0,7343912,9880584,1935938
1 x 2048 B,16,1278,1934832,0,0,0,7342128,9880584,1935698
1 x 2048 B,17,1278,1936003,0,0,0,7347557,9880584,1936881
1 x 2048 B,18,1278,1935091,0,0,0,7342014,9880584,1935960
1 x 2048 B,19,1278,1937103,0,0,0,7351115,9880584,1937977
1 x 2048 B,20,1278,1937329,0,0,0,7349563,9880584,1938223
1 x 2048 B,21,1278,1940625,0,0,0,7348068,9880584,1941535
1 x 2048 B,22,1278,1936006,0,0,0,7346644,9880584,1936893
1 x 2048 B,23,1278,1936523,0,0,0,7346410,9880584,1937432
1 x 2048 B,24,1278,1933373,0,0,0,7341930,9880583,1934229
1 x 2048 B,25,1278,1935489,0,0,0,7346200,9880584,1936366
1 x 2048 B,26,1278,1937431,0,0,0,7345484,9880584,1938322
1 x 2048 B,27,1278,1936174,0,0,0,7345907,9880584,1937047
1 x 2048 B,28,1278,1936268,0,0,0,7345465,9880584,1937130
1 x 2048 B,29,1278,1933355,0,0,0,7337998,9880584,1934219
1 x 2048 B,30,1278,1933800,0,0,0,7336097,9880584,1934667
1 x 2048 B,31,1278,1934490,0,0,0,7342355,9880584,1935356
3 x 2048 B,0,439,1992996,0,0,0,7561896,10071465,1993949
3 x 2048 B,1,439,1997127,0,0,0,7573117,10071465,1998091
3 x 2048 B,2,439,1994641,0,0,0,7562151,10071465,1995764
3 x 2048 B,3,439,1994787,0,0,0,7557270,10071465,1996496
3 x 2048 B,4,439,1991253,0,0,0,7551692,10071465,1992443
3 x 2048 B,5,439,1996334,0,0,0,7565035,10071465,1998406
3 x 2048 B,6,439,2001268,0,0,0,7563346,10071465,1999750
3 x 2048 B,7,439,1993516,0,0,0,7562641,10071465,1994438
3 x 2048 B,8,439,1999419,0,0,0,7583804,10071465,2000319
3 x 2048 B,9,439,1996037,0,0,0,7573158,10071465,1996939
3 x 2048 B,10,439,1998839,0,0,0,7584086,10071465,1999726
3 x 2048 B,11,439,1998746,0,0,0,7583951,10071465,1999672
3 x 2048 B,12,439,1999249,0,0,0,7584176,10071465,2000130
3 x 2048 B,13,439,1994117,0,0,0,7562453,10071465,1995041
3 x 2048 B,14,439,2000176,0,0,0,7584009,10071465,2001109
3 x 2048 B,15,439,1995736,0,0,0,7572945,10071465,1996640
3 x 2048 B,16,439,2369014,0,0,0,7562133,10071465,2369942
3 x 2048 B,17,439,1993843,0,0,0,7565847,10071465,1994714
3 x 2048 B,18,439,1994215,0,0,0,7565698,10071465,1995107
3 x 2048 B,19,439,1994082,0,0,0,7565834,10071465,1994975
3 x 2048 B,20,439,1994045,0,0,0,7566171,10071465,1994935
3 x 2048 B,21,439,1993607,0,0,0,7565866,10071465,1994486
3 x 2048 B,22,439,1994118,0,0,0,7565612,10071465,1994995
3 x 2048 B,23,439,1994306,0,0,0,7565616,10071465,1995187
3 x 2048 B,24,439,1993739,0,0,0,7565797,10071465,1994625
3 x 2048 B,25,439,1994013,0,0,0,7565770,10071465,1994918
3 x 2048 B,26,439,1993861,0,0,0,7565741,10071465,1994738
3 x 2048 B,27,439,1994229,0,0,0,7565727,10071465,1995107
3 x 2048 B,28,439,1993748,0,0,0,7565662,10071465,1994623
3 x 2048 B,29,439,1993956,0,0,0,7565883,10071465,1994834
3 x 2048 B,30,439,1993866,0,0,0,7565684,10071465,1994747
3 x 2048 B,31,439,1994379,0,0,0,7565761,10071465,1995266
4 x 2048 B,0,329,1992594,0,0,0,7559208,10050000,1993611
4 x 2048 B,1,329,1991986,0,0,0,7557896,10050000,1992902
4 x 2048 B,2,329,1992389,0,0,0,7557704,10050000,1993297
4 x 2048 B,3,329,1991591,0,0,0,7557897,10050000,1992502
4 x 2048 B,4,329,1991860,0,0,0,7557774,10050000,1992752
4 x 2048 B,5,329,1991891,0,0,0,7557849,10050000,1992782
4 x 2048 B,6,329,1992204,0,0,0,7557727,10050000,1993091
4 x 2048 B,7,329,1991819,0,0,0,7557809,10050000,1992705
4 x 2048 B,8,329,1992649,0,0,0,7557671,10050000,1993673
4 x 2048 B,9,329,1992602,0,0,0,7557747,10050000,1993828
4 x 2048 B,10,329,1994013,0,0,0,7559875,10050000,1995333
4 x 2048 B,11,329,1992821,0,0,0,7557919,10050000,1994925
4 x 2048 B,12,329,1995861,0,0,0,7558229,10050000,1997433
4 x 2048 B,13,329,1991912,0,0,0,7557957,10050000,1992922
4 x 2048 B,14,329,1994871,0,0,0,7558092,10050000,1995874
4 x 2048 B,15,329,1991974,0,0,0,7557685,10050000,1992877
4 x 2048 B,16,329,1991503,0,0,0,7557738,10050000,1992406
4 x 2048 B,17,329,1992088,0,0,0,7557842,10050000,1993041
4 x 2048 B,18,329,1991909,0,0,0,7557916,10050000,1992797
4 x 2048 B,19,329,1991687,0,0,0,7557650,10050000,1992623
4 x 2048 B,20,329,1992162,0,0,0,7557652,10050000,1993070
4 x 2048 B,21,329,1992450,0,0,0,7557711,10050000,1993345
4 x 2048 B,22,329,1991874,0,0,0,7557775,10050000,1992769
4 x 2048 B,23,329,1993306,0,0,0,7557759,10050000,1994280
4 x 2048 B,24,329,1993820,0,0,0,7557801,10050000,1995051
4 x 2048 B,25,329,1993643,0,0,0,7558257,10050000,1995222
4 x 2048 B,26,329,1992634,0,0,0,7557761,10050000,1993698
4 x 2048 B,27,329,1991816,0,0,0,7557686,10050000,1992689
4 x 2048 B,28,329,1992031,0,0,0,7558283,10050000,1992896
4 x 2048 B,29,329,1992011,0,0,0,7557848,10050000,1992900
4 x 2048 B,30,329,1991371,0,0,0,7557774,10050000,1992252
4 x 2048 B,31,329,1991945,0,0,0,7557792,10050000,1992845
6 x 2048 B,0,220,2008236,0,0,0,7620000,10066686,2009186
6 x 2048 B,1,220,2008734,0,0,0,7621152,10066686,2010238
6 x 2048 B,2,220,2012215,0,0,0,7619269,10066686,2014043
6 x 2048 B,3,220,2017879,0,0,0,7621364,10066686,2015835
6 x 2048 B,4,220,2009730,0,0,0,7622008,10066686,2010690
6 x 2048 B,5,220,2009353,0,0,0,7620412,10066686,2010285
6 x 2048 B,6,220,2008160,0,0,0,7621472,10066686,2009086
6 x 2048 B,7,220,2009456,0,0,0,7621655,10066686,2010375
6 x 2048 B,8,220,2008389,0,0,0,7621314,10066686,2009301
6 x 2048 B,9,220,2008098,0,0,0,7619920,10066686,2009000
6 x 2048 B,10,220,2008574,0,0,0,7622232,10066686,2009482
6 x 2048 B,11,220,2009377,0,0,0,7622324,10066686,2010281
6 x 2048 B,12,220,2008292,0,0,0,7616804,10066686,2009208
6 x 2048 B,13,220,2008920,0,0,0,7622343,10066686,2009824
6 x 2048 B,14,220,2008646,0,0,0,7622197,10066686,2009539
6 x 2048 B,15,220,2008705,0,0,0,7620810,10066686,2009657
6 x 2048 B,16,220,2007129,0,0,0,7615669,10066686,2008376
6 x 2048 B,17,220,2009077,0,0,0,7616496,10066686,2010509
6 x 2048 B,18,220,2010113,0,0,0,7623047,10066686,2011680
6 x 2048 B,19,220,2011404,0,0,0,7619391,10066686,2012695
6 x 2048 B,20,220,2009706,0,0,0,7620887,10066686,2010620
6 x 2048 B,21,220,2022761,0,0,0,7618146,10066687,2016481
6 x 2048 B,22,220,2007305,0,0,0,7615588,10066686,2008220
6 x 2048 B,23,220,2007463,0,0,0,7616853,10066686,2008388
6 x 2048 B,24,220,2007105,0,0,0,7614464,10066686,2008028
6 x 2048 B,25,220,2006415,0,0,0,7615142,10066686,2007320
6 x 2048 B,26,220,2008256,0,0,0,7618720,10066686,2009156
6 x 2048 B,27,220,2008128,0,0,0,7622206,10066686,2009030
6 x 2048 B,28,220,2009974,0,0,0,7621137,10066686,2010903
6 x 2048 B,29,220,2008354,0,0,0,7622769,10066686,2009297
6 x 2048 B,30,220,2007542,0,0,0,7616889,10066686,2008468
6 x 2048 B,31,220,2008045,0,0,0,7620339,10066686,2008953
8 x 2048 B,0,165,1997617,0,0,0,7582172,10059756,1998604
8 x 2048 B,1,165,1998711,0,0,0,7583484,10059756,1999651
8 x 2048 B,2,165,1998036,0,0,0,7583603,10059756,1998979
8 x 2048 B,3,165,1998315,0,0,0,7582052,10059756,1999234
8 x 2048 B,4,165,1997700,0,0,0,7582522,10059756,1998622
8 x 2048 B,5,165,1998682,0,0,0,7583659,10059756,1999590
8 x 2048 B,6,165,1998436,0,0,0,7583371,10059756,1999366
8 x 2048 B,7,165,1998781,0,0,0,7583092,10059756,1999711
8 x 2048 B,8,165,1998269,0,0,0,7583274,10059756,1999197
8 x 2048 B,9,165,1998454,0,0,0,7583186,10059756,1999375
8 x 2048 B,10,165,1997996,0,0,0,7582868,10059756,1998920
8 x 2048 B,11,165,1998086,0,0,0,7581970,10059756,1999007
8 x 2048 B,12,165,1998123,0,0,0,7583114,10059756,1999037
8 x 2048 B,13,165,1998245,0,0,0,7583189,10059756,1999156
8 x 2048 B,14,165,1997840,0,0,0,7581749,10059756,1998760
8 x 2048 B,15,165,1998366,0,0,0,7583004,10059756,1999292
8 x 2048 B,16,165,1998195,0,0,0,7583311,10059756,1999127
8 x 2048 B,17,165,1998399,0,0,0,7583195,10059756,1999328
8 x 2048 B,18,165,1998374,0,0,0,7583445,10059756,1999296
8 x 2048 B,19,165,1998357,0,0,0,7583186,10059756,1999277
8 x 2048 B,20,165,1998398,0,0,0,7582053,10059756,1999324
8 x 2048 B,21,165,2000182,0,0,0,7583738,10059756,2001134
8 x 2048 B,22,165,1999350,0,0,0,7582411,10059756,2000696
8 x 2048 B,23,165,1999183,0,0,0,7581985,10059756,2000253
8 x 2048 B,24,165,1999942,0,0,0,7582976,10059756,2001640
8 x 2048 B,25,165,2000337,0,0,0,7582083,10059756,2001650
8 x 2048 B,26,165,2001625,0,0,0,7583539,10059756,2003294
8 x 2048 B,27,165,2006686,0,0,0,7584579,10059756,2005198
8 x 2048 B,28,165,1999108,0,0,0,7582988,10059756,2000184
8 x 2048 B,29,165,1999116,0,0,0,7582584,10059756,2000051
8 x 2048 B,30,165,1999579,0,0,0,7583198,10059756,2000537
8 x 2048 B,31,165,1998720,0,0,0,7583064,10059756,1999666
12 x 2048 B,0,110,2003019,0,0,0,7597794,10052826,2004022
12 x 2048 B,1,110,2005781,0,0,0,7612292,10052826,2006757
12 x 2048 B,2,110,2002187,0,0,0,7594829,10052826,2003121
12 x 2048 B,3,110,2002589,0,0,0,7597415,10052826,2003549
12 x 2048 B,4,110,2004139,0,0,0,7604341,10052826,2005085
12 x 2048 B,5,110,2004225,0,0,0,7603341,10052826,2005170
12 x 2048 B,6,110,2003259,0,0,0,7599083,10052826,2004217
12 x 2048 B,7,110,2004523,0,0,0,7605143,10052826,2005467
12 x 2048 B,8,110,2004863,0,0,0,7602852,10052826,2005852
12 x 2048 B,9,110,2002879,0,0,0,7599087,10052826,2003874
12 x 2048 B,10,110,2002615,0,0,0,7598791,10052826,2003557
12 x 2048 B,11,110,2004873,0,0,0,7605487,10052826,2005823
12 x 2048 B,12,110,2003960,0,0,0,7602706,10052826,2004897
12 x 2048 B,13,110,2002866,0,0,0,7600354,10052826,2003803
12 x 2048 B,14,110,2004506,0,0,0,7605127,10052826,2005445
12 x 2048 B,15,110,2003911,0,0,0,7602244,10052826,2004863
12 x 2048 B,16,110,2002617,0,0,0,7598484,10052826,2003550
12 x 2048 B,17,110,2004087,0,0,0,7604925,10052826,2005020
12 x 2048 B,18,110,2003828,0,0,0,7602497,10052826,2004772
12 x 2048 B,19,110,2002980,0,0,0,7599362,10052826,2003930
12 x 2048 B,20,110,2004344,0,0,0,7605579,10052826,2005278
12 x 2048 B,21,110,2003780,0,0,0,7602813,10052826,2004732
12 x 2048 B,22,110,2002527,0,0,0,7599016,10052826,2003476
12 x 2048 B,23,110,2003865,0,0,0,7600770,10052826,2004813
12 x 2048 B,24,110,2003885,0,0,0,7604481,10052826,2004838
12 x 2048 B,25,110,2002536,0,0,0,7598764,10052826,2003483
12 x 2048 B,26,110,2002519,0,0,0,7598802,10052826,2003457
12 x 2048 B,27,110,2004734,0,0,0,7604240,10052826,2005667
12 x 2048 B,28,110,2003466,0,0,0,7602367,10052826,2004405
12 x 2048 B,29,110,2003153,0,0,0,7599054,10052826,2004216
12 x 2048 B,30,110,2003435,0,0,0,7601204,10052826,2004478
12 x 2048 B,31,110,2005992,0,0,0,7604127,10052826,2007641
16 x 2048 B,0,83,2017629,0,0,0,7644638,10110264,2019691
16 x 2048 B,1,83,2022405,0,0,0,7642584,10110264,2021185
16 x 2048 B,2,83,2025764,0,0,0,7640485,10110264,2019614
16 x 2048 B,3,83,2014089,0,0,0,7638611,10110264,2015114
16 x 2048 B,4,83,2013834,0,0,0,7638758,10110264,2014798
16 x 2048 B,5,83,2013822,0,0,0,7639220,10110264,2014784
16 x 2048 B,6,83,2014501,0,0,0,7639448,10110264,2015461
16 x 2048 B,7,83,2013281,0,0,0,7640785,10110264,2014237
16 x 2048 B,8,83,2014452,0,0,0,7639193,10110264,2015449
16 x 2048 B,9,83,2013028,0,0,0,7638425,10110264,2014012
16 x 2048 B,10,83,2013736,0,0,0,7639640,10110264,2014694
16 x 2048 B,11,83,2012477,0,0,0,7638197,10110264,2013443
16 x 2048 B,12,83,2014158,0,0,0,7642947,10110264,2015118
16 x 2048 B,13,83,2013552,0,0,0,7640277,10110264,2014521
16 x 2048 B,14,83,2022831,0,0,0,7640291,10110264,2017854
16 x 2048 B,15,83,2013184,0,0,0,7637914,10110264,2014160
16 x 2048 B,16,83,2013184,0,0,0,7638019,10110264,2014160
16 x 2048 B,17,83,2012944,0,0,0,7639074,10110264,2013893
16 x 2048 B,18,83,2014830,0,0,0,7641052,10110264,2015826
16 x 2048 B,19,83,2013292,0,0,0,7640657,10110264,2014258
16 x 2048 B,20,83,2012636,0,0,0,7636971,10110264,2013591
16 x 2048 B,21,83,2013402,0,0,0,7639083,10110264,2014345
16 x 2048 B,22,83,2013739,0,0,0,7638878,10110264,2014700
16 x 2048 B,23,83,2013389,0,0,0,7638718,10110264,2014340
16 x 2048 B,24,83,2013457,0,0,0,7640408,10110264,2014420
16 x 2048 B,25,83,2012964,0,0,0,7637812,10110264,2013917
16 x 2048 B,26,83,2012751,0,0,0,7637720,10110264,2013694
16 x 2048 B,27,83,2012906,0,0,0,7638895,10110264,2013860
16 x 2048 B,28,83,2012474,0,0,0,7637111,10110264,2013420
16 x 2048 B,29,83,2013649,0,0,0,7638751,10110264,2014601
16 x 2048 B,30,83,2012885,0,0,0,7638335,10110264,2013827
16 x 2048 B,31,83,2012487,0,0,0,7636655,10110264,2013453
24 x 2048 B,0,55,2012520,0,0,0,7637983,10045896,2013508
24 x 2048 B,1,55,2011777,0,0,0,7632411,10045896,2012738
24 x 2048 B,2,55,2012363,0,0,0,7635653,10045896,2013309
24 x 2048 B,3,55,2013005,0,0,0,7633430,10045896,2014205
24 x 2048 B,4,55,2012665,0,0,0,7634570,10045896,2014049
24 x 2048 B,5,55,2014033,0,0,0,7636636,10045896,2015510
24 x 2048 B,6,55,2013820,0,0,0,7636750,10045896,2015529
24 x 2048 B,7,55,2016370,0,0,0,7637228,10045896,2017936
24 x 2048 B,8,55,2024470,0,0,0,7632950,10045896,2017901
24 x 2048 B,9,55,2015311,0,0,0,7643285,10045896,2016342
24 x 2048 B,10,55,2013362,0,0,0,7637976,10045896,2014360
24 x 2048 B,11,55,2013046,0,0,0,7636006,10045896,2014009
24 x 2048 B,12,55,2013982,0,0,0,7637335,10045896,2014966
24 x 2048 B,13,55,2012353,0,0,0,7631373,10045896,2013352
24 x 2048 B,14,55,2014633,0,0,0,7639927,10045896,2015608
24 x 2048 B,15,55,2011845,0,0,0,7633802,10045896,2012795
24 x 2048 B,16,55,2013430,0,0,0,7637476,10045896,2014407
24 x 2048 B,17,55,2013976,0,0,0,7639085,10045896,2014936
24 x 2048 B,18,55,2012789,0,0,0,7636222,10045896,2013749
24 x 2048 B,19,55,2012710,0,0,0,7636912,10045896,2013666
24 x 2048 B,20,55,2013996,0,0,0,7639037,10045896,2014966
24 x 2048 B,21,55,2012314,0,0,0,7633749,10045896,2013289
24 x 2048 B,22,55,2011576,0,0,0,7631133,10045896,2012530
24 x 2048 B,23,55,2012293,0,0,0,7635902,10045896,2013242
24 x 2048 B,24,55,2012799,0,0,0,7637964,10045896,2013749
24 x 2048 B,25,55,2011007,0,0,0,7631693,10045896,2011949
24 x 2048 B,26,55,2012068,0,0,0,7635513,10045896,2013020
24 x 2048 B,27,55,2011846,0,0,0,7634069,10045896,2012790
24 x 2048 B,28,55,2014316,0,0,0,7641255,10045896,2015278
24 x 2048 B,29,55,2012960,0,0,0,7638124,10045896,2013903
24 x 2048 B,30,55,2013092,0,0,0,7636371,10045896,2014036
24 x 2048 B,31,55,2013964,0,0,0,7642514,10045896,2014912
64 x 2048 B,0,21,2052443,0,0,0,7789073,10224132,2053472
64 x 2048 B,1,21,2052826,0,0,0,7789956,10224132,2053769
64 x 2048 B,2,21,2052855,0,0,0,7789866,10224132,2053789
64 x 2048 B,3,21,2053701,0,0,0,7790432,10224132,2054650
64 x 2048 B,4,21,2054425,0,0,0,7790451,10224133,2055352
64 x 2048 B,5,21,2052452,0,0,0,7788635,10224132,2053375
64 x 2048 B,6,21,2052714,0,0,0,7790406,10224132,2053631
64 x 2048 B,7,21,2056147,0,0,0,7787923,10224132,2057112
64 x 2048 B,8,21,2052260,0,0,0,7786153,10224132,2053209
64 x 2048 B,9,21,2052098,0,0,0,7786066,10224132,2053436
64 x 2048 B,10,21,2053208,0,0,0,7787404,10224132,2054444
64 x 2048 B,11,21,2084997,0,0,0,7786187,10224132,2078232
64 x 2048 B,12,21,2052795,0,0,0,7783346,10224132,2054059
64 x 2048 B,13,21,2054241,0,0,0,7784503,10224132,2056231
64 x 2048 B,14,21,2059638,0,0,0,7783908,10224132,2058508
64 x 2048 B,15,21,2052278,0,0,0,7781770,10224132,2053267
64 x 2048 B,16,21,2052358,0,0,0,7783838,10224132,2053311
64 x 2048 B,17,21,2051555,0,0,0,7782684,10224132,2052511
64 x 2048 B,18,21,2051018,0,0,0,7783032,10224132,2052027
64 x 2048 B,19,21,2051475,0,0,0,7783633,10224132,2052411
64 x 2048 B,20,21,2051078,0,0,0,7782655,10224132,2052066
64 x 2048 B,21,21,2056007,0,0,0,7789996,10224133,2056967
64 x 2048 B,22,21,2054203,0,0,0,7790958,10224132,2055166
64 x 2048 B,23,21,2053371,0,0,0,7790931,10224132,2054310
64 x 2048 B,24,21,2053331,0,0,0,7785288,10224132,2054313
64 x 2048 B,25,21,2051840,0,0,0,7785126,10224132,2052797
64 x 2048 B,26,21,2051679,0,0,0,7785248,10224132,2052606
64 x 2048 B,27,21,2051565,0,0,0,7785034,10224132,2052493
64 x 2048 B,28,21,2052203,0,0,0,7784686,10224132,2053155
64 x 2048 B,29,21,2052047,0,0,0,7785990,10224132,2052988
64 x 2048 B,30,21,2053989,0,0,0,7788971,10224132,2054987
64 x 2048 B,31,21,2053430,0,0,0,7786991,10224132,2054397
128 x 2048 B,0,11,2150106,0,0,0,8158280,10709592,2151143
128 x 2048 B,1,11,2150865,0,0,0,8158259,10709592,2151815
128 x 2048 B,2,11,2148895,0,0,0,8152833,10709592,2149868
128 x 2048 B,3,11,2149248,0,0,0,8152305,10709592,2150209
128 x 2048 B,4,11,2148244,0,0,0,8151583,10709592,2149201
128 x 2048 B,5,11,2148925,0,0,0,8152327,10709592,2149896
128 x 2048 B,6,11,2152106,0,0,0,8153743,10709593,2153068
128 x 2048 B,7,11,2148380,0,0,0,8152140,10709592,2149339
128 x 2048 B,8,11,2157007,0,0,0,8152099,10709592,2152616
128 x 2048 B,9,11,2148305,0,0,0,8152641,10709592,2149273
128 x 2048 B,10,11,2149359,0,0,0,8154234,10709592,2150315
128 x 2048 B,11,11,2149103,0,0,0,8154912,10709592,2150047
128 x 2048 B,12,11,2149635,0,0,0,8153171,10709593,2150569
128 x 2048 B,13,11,2150798,0,0,0,8160824,10709592,2151796
128 x 2048 B,14,11,2150433,0,0,0,8161669,10709592,2151440
128 x 2048 B,15,11,2152466,0,0,0,8165653,10709592,2153474
128 x 2048 B,16,11,2153709,0,0,0,8168935,10709592,2155700
128 x 2048 B,17,11,2152430,0,0,0,8163953,10709592,2153932
128 x 2048 B,18,11,2164175,0,0,0,8161906,10709592,2162186
128 x 2048 B,19,11,2167971,0,0,0,8160563,10709593,2159668
128 x 2048 B,20,11,2149048,0,0,0,8152720,10709592,2150025
128 x 2048 B,21,11,2148082,0,0,0,8152119,10709592,2149025
128 x 2048 B,22,11,2148479,0,0,0,8153408,10709592,2149514
128 x 2048 B,23,11,2148392,0,0,0,8153530,10709592,2149336
128 x 2048 B,24,11,2148273,0,0,0,8152517,10709592,2149208
128 x 2048 B,25,11,2149776,0,0,0,8153797,10709593,2150712
128 x 2048 B,26,11,2149036,0,0,0,8152889,10709592,2150014
128 x 2048 B,27,11,2148871,0,0,0,8154813,10709592,2149828
128 x 2048 B,28,11,2149759,0,0,0,8154266,10709592,2150720
128 x 2048 B,29,11,2148296,0,0,0,8152126,10709592,2149238
128 x 2048 B,30,11,2149300,0,0,0,8151648,10709592,2150295
128 x 2048 B,31,11,2148923,0,0,0,8154411,10709592,2149885
129 x 2048 B,0,11,2168340,0,0,0,8228410,10793247,2169367
129 x 2048 B,1,11,2164908,0,0,0,8217032,10793247,2165849
129 x 2048 B,2,11,2167541,0,0,0,8225924,10793247,2168473
129 x 2048 B,3,11,2169541,0,0,0,8227437,10793248,2170482
129 x 2048 B,4,11,2165394,0,0,0,8216609,10793247,2166338
129 x 2048 B,5,11,2179981,0,0,0,8217399,10793247,2169838
129 x 2048 B,6,11,2168298,0,0,0,8226505,10793247,2169258
129 x 2048 B,7,11,2166744,0,0,0,8223690,10793247,2167691
129 x 2048 B,8,11,2168264,0,0,0,8224869,10793247,2169216
129 x 2048 B,9,11,2168537,0,0,0,8224104,10793248,2169494
129 x 2048 B,10,11,2167000,0,0,0,8223381,10793247,2167937
129 x 2048 B,11,11,2166295,0,0,0,8222493,10793247,2167229
129 x 2048 B,12,11,2166740,0,0,0,8223002,10793247,2167715
129 x 2048 B,13,11,2166113,0,0,0,8220778,10793247,2167062
129 x 2048 B,14,11,2167041,0,0,0,8223987,10793247,2168000
129 x 2048 B,15,11,2167946,0,0,0,8222271,10793248,2168880
129 x 2048 B,16,11,2165605,0,0,0,8220676,10793247,2166538
129 x 2048 B,17,11,2167921,0,0,0,8224529,10793247,2168870
129 x 2048 B,18,11,2167120,0,0,0,8222773,10793247,2168257
129 x 2048 B,19,11,2167699,0,0,0,8222591,10793247,2168876
129 x 2048 B,20,11,2169455,0,0,0,8227645,10793247,2170907
129 x 2048 B,21,11,2170833,0,0,0,8223466,10793248,2172525
129 x 2048 B,22,11,2178137,0,0,0,8224574,10793247,2177054
129 x 2048 B,23,11,2182282,0,0,0,8224302,10793247,2174556
129 x 2048 B,24,11,2168608,0,0,0,8225555,10793247,2169597
129 x 2048 B,25,11,2168224,0,0,0,8225424,10793247,2169166
129 x 2048 B,26,11,2169806,0,0,0,8225025,10793248,2170747
129 x 2048 B,27,11,2167658,0,0,0,8224632,10793247,2168613
129 x 2048 B,28,11,2165566,0,0,0,8215924,10793247,2166521
129 x 2048 B,29,11,2165386,0,0,0,8218646,10793247,2166324
129 x 2048 B,30,11,2166083,0,0,0,8219585,10793247,2167037
129 x 2048 B,31,11,2165594,0,0,0,8219850,10793247,2166534
1024 x 2048 B,0,2,3111370,0,0,0,11805214,15575659,3112949
1024 x 2048 B,1,2,3116135,0,0,0,11823838,15575659,3117368
1024 x 2048 B,2,2,3118115,0,0,0,11822762,15575660,3119406
1024 x 2048 B,3,2,3115850,0,0,0,11820332,15575659,3117129
1024 x 2048 B,4,2,3117780,0,0,0,11826997,15575659,3119084
1024 x 2048 B,5,2,3115987,0,0,0,11822694,15575659,3117322
1024 x 2048 B,6,2,3115089,0,0,0,11820327,15575659,3116350
1024 x 2048 B,7,2,3117699,0,0,0,11829051,15575659,3118992
1024 x 2048 B,8,2,3116450,0,0,0,11825414,15575659,3117732
1024 x 2048 B,9,2,3116775,0,0,0,11824461,15575659,3118036
1024 x 2048 B,10,2,3115344,0,0,0,11820551,15575659,3116627
1024 x 2048 B,11,2,3121376,0,0,0,11836669,15575660,3122702
1024 x 2048 B,12,2,3115139,0,0,0,11819320,15575659,3116438
1024 x 2048 B,13,2,3115460,0,0,0,11819812,15575659,3116749
1024 x 2048 B,14,2,3122588,0,0,0,11846255,15575659,3123932
1024 x 2048 B,15,2,3139518,0,0,0,11899304,15575659,3142140
1024 x 2048 B,16,2,3150396,0,0,0,11929018,15575659,3153064
1024 x 2048 B,17,2,3121156,0,0,0,11832522,15575659,3122709
1024 x 2048 B,18,2,3117668,0,0,0,11820986,15575659,3119254
1024 x 2048 B,19,2,3118869,0,0,0,11819881,15575660,3120230
1024 x 2048 B,20,2,3112728,0,0,0,11805557,15575659,3114172
1024 x 2048 B,21,2,3107815,0,0,0,11786027,15575659,3109173
1024 x 2048 B,22,2,3111469,0,0,0,11797370,15575659,3112900
1024 x 2048 B,23,2,3107292,0,0,0,11790907,15575659,3108622
1024 x 2048 B,24,2,3104900,0,0,0,11781197,15575659,3106238
1024 x 2048 B,25,2,3109506,0,0,0,11797612,15575659,3110812
1024 x 2048 B,26,2,3106425,0,0,0,11785692,15575659,3107738
1024 x 2048 B,27,2,3106457,0,0,0,11786311,15575659,3107797
1024 x 2048 B,28,2,3108360,0,0,0,11785407,15575660,3109669
1024 x 2048 B,29,2,3105845,0,0,0,11785869,15575659,3107161
1024 x 2048 B,30,2,3105953,0,0,0,11784763,15575659,3107257
1024 x 2048 B,31,2,3106113,0,0,0,11784680,15575659,3107439
1 x 2047 B,0,1028,1991810,0,0,0,7498543,15862407,1988337
1 x 2047 B,1,1028,1978911,0,0,0,7499619,15862406,1979999
1 x 2047 B,2,1028,1976688,0,0,0,7499307,15862406,1977681
1 x 2047 B,3,1028,1976421,0,0,0,7499358,15862406,1977400
1 x 2047 B,4,1028,1976430,0,0,0,7499258,15862406,1977393
1 x 2047 B,5,1028,1976572,0,0,0,7499000,15862406,1977600
1 x 2047 B,6,1028,1976530,0,0,0,7499292,15862406,1977525
1 x 2047 B,7,1028,1976709,0,0,0,7499399,15862406,1977696
1 x 2047 B,8,1028,1976711,0,0,0,7499145,15862406,1977694
1 x 2047 B,9,1028,1976210,0,0,0,7499196,15862406,1977199
1 x 2047 B,10,1028,1976525,0,0,0,7499118,15862406,1977516
1 x 2047 B,11,1028,1976876,0,0,0,7500061,15862406,1977954
1 x 2047 B,12,1028,1977547,0,0,0,7500484,15862406,1978857
1 x 2047 B,13,1028,2047172,0,0,0,7502168,15862406,1986850
1 x 2047 B,14,1028,1980408,0,0,0,7499468,15862406,1982155
1 x 2047 B,15,1028,1978579,0,0,0,7500850,15862406,1980414
1 x 2047 B,16,1028,1977920,0,0,0,7498970,15862406,1979008
1 x 2047 B,17,1028,1977175,0,0,0,7499620,15862406,1978189
1 x 2047 B,18,1028,1977418,0,0,0,7499374,15862406,1978541
1 x 2047 B,19,1028,1976383,0,0,0,7499261,15862406,1977369
1 x 2047 B,20,1028,1977320,0,0,0,7499067,15862406,1978321
1 x 2047 B,21,1028,1976984,0,0,0,7499377,15862406,1978027
1 x 2047 B,22,1028,1976607,0,0,0,7499131,15862406,1977650
1 x 2047 B,23,1028,1977212,0,0,0,7499292,15862406,1978261
1 x 2047 B,24,1028,1976896,0,0,0,7499275,15862406,1977882
1 x 2047 B,25,1028,1976193,0,0,0,7499046,15862406,1977184
1 x 2047 B,26,1028,2351494,0,0,0,7499966,15862406,2352535
1 x 2047 B,27,1028,1975847,0,0,0,7498850,15862406,1976833
1 x 2047 B,28,1028,1976494,0,0,0,7499057,15862406,1977458
1 x 2047 B,29,1028,1975815,0,0,0,7498781,15862406,1976801
1 x 2047 B,30,1028,1976721,0,0,0,7499439,15862406,1977697
1 x 2047 B,31,1028,1976251,0,0,0,7499209,15862406,1977236
3 x 2047 B,0,346,1988776,0,0,0,7547630,15929514,1989824
3 x 2047 B,1,346,1991746,0,0,0,7556946,15929514,1992738
3 x 2047 B,2,346,1990836,0,0,0,7555976,15929514,1991819
3 x 2047 B,3,346,1991113,0,0,0,7554307,15929514,1992099
3 x 2047 B,4,346,1991605,0,0,0,7558742,15929514,1992603
3 x 2047 B,5,346,1991389,0,0,0,7554165,15929514,1992372
3 x 2047 B,6,346,1990261,0,0,0,7552037,15929514,1991255
3 x 2047 B,7,346,1990596,0,0,0,7552697,15929514,1991565
3 x 2047 B,8,346,1991787,0,0,0,7559436,15929514,1992786
3 x 2047 B,9,346,1990515,0,0,0,7552231,15929514,1991505
3 x 2047 B,10,346,1991827,0,0,0,7559141,15929514,1992820
3 x 2047 B,11,346,1991601,0,0,0,7554810,15929514,1992581
3 x 2047 B,12,346,2003071,0,0,0,7561760,15929514,1997975
3 x 2047 B,13,346,1992564,0,0,0,7559665,15929514,1993557
3 x 2047 B,14,346,1992999,0,0,0,7559924,15929514,1994032
3 x 2047 B,15,346,1992580,0,0,0,7560691,15929514,1993572
3 x 2047 B,16,346,1992494,0,0,0,7561302,15929514,1993492
3 x 2047 B,17,346,1993211,0,0,0,7561063,15929514,1994199
3 x 2047 B,18,346,1992974,0,0,0,7560583,15929514,1994217
3 x 2047 B,19,346,1993054,0,0,0,7560965,15929514,1994312
3 x 2047 B,20,346,1996195,0,0,0,7562184,15929514,1998138
3 x 2047 B,21,346,1993670,0,0,0,7560927,15929514,1995278
3 x 2047 B,22,346,1997782,0,0,0,7560728,15929514,1999857
3 x 2047 B,23,346,1993487,0,0,0,7561239,15929514,1995027
3 x 2047 B,24,346,1992763,0,0,0,7560645,15929514,1993905
3 x 2047 B,25,346,1992833,0,0,0,7560762,15929514,1993823
3 x 2047 B,26,346,1992277,0,0,0,7560282,15929514,1993279
3 x 2047 B,27,346,1992832,0,0,0,7561153,15929514,1993832
3 x 2047 B,28,346,1992144,0,0,0,7559661,15929514,1993194
3 x 2047 B,29,346,1991599,0,0,0,7556950,15929514,1992594
3 x 2047 B,30,346,1993331,0,0,0,7560452,15929514,1994336
3 x 2047 B,31,346,1993971,0,0,0,7560922,15929514,1994977
4 x 2047 B,0,260,1994961,0,0,0,7569154,15949286,1996044
4 x 2047 B,1,260,2369392,0,0,0,7569643,15949286,2370454
4 x 2047 B,2,260,1994104,0,0,0,7565781,15949286,1995117
4 x 2047 B,3,260,1994547,0,0,0,7566947,15949286,1995558
4 x 2047 B,4,260,1991762,0,0,0,7557200,15949286,1992762
4 x 2047 B,5,260,1992276,0,0,0,7558522,15949286,1993287
4 x 2047 B,6,260,1993361,0,0,0,7561121,15949286,1994361
4 x 2047 B,7,260,1990703,0,0,0,7550629,15949286,1991747
4 x 2047 B,8,260,1991660,0,0,0,7555259,15949286,1992657
4 x 2047 B,9,260,1994617,0,0,0,7569334,15949286,1995663
4 x 2047 B,10,260,2369332,0,0,0,7562010,15949286,2370413
4 x 2047 B,11,260,2001439,0,0,0,7562888,15949286,1997617
4 x 2047 B,12,260,1995416,0,0,0,7569609,15949286,1996412
4 x 2047 B,13,260,1992492,0,0,0,7563146,15949286,1993469
4 x 2047 B,14,260,1993560,0,0,0,7564561,15949286,1994557
4 x 2047 B,15,260,1993298,0,0,0,7563428,15949286,1994285
4 x 2047 B,16,260,1994514,0,0,0,7565754,15949286,1995505
4 x 2047 B,17,260,1992628,0,0,0,7562757,15949286,1993662
4 x 2047 B,18,260,1994721,0,0,0,7568652,15949286,1995734
4 x 2047 B,19,260,1990682,0,0,0,7555259,15949286,1991688
4 x 2047 B,20,260,1993147,0,0,0,7561833,15949286,1994140
4 x 2047 B,21,260,1994279,0,0,0,7569297,15949286,1995282
4 x 2047 B,22,260,1993589,0,0,0,7562456,15949286,1994625
4 x 2047 B,23,260,1993882,0,0,0,7562881,15949286,1994949
4 x 2047 B,24,260,1995364,0,0,0,7569846,15949286,1996369
4 x 2047 B,25,260,1993300,0,0,0,7562200,15949286,1994446
4 x 2047 B,26,260,2372180,0,0,0,7558582,15949287,2374797
4 x 2047 B,27,260,1996848,0,0,0,7569232,15949286,1998434
4 x 2047 B,28,260,1997433,0,0,0,7569945,15949286,1999920
4 x 2047 B,29,260,1996693,0,0,0,7567599,15949286,1997815
4 x 2047 B,30,260,1993756,0,0,0,7562174,15949286,1994775
4 x 2047 B,31,260,1994165,0,0,0,7562847,15949286,1995203
6 x 2047 B,0,175,2011111,0,0,0,7611704,16091616,2012277
6 x 2047 B,1,175,2006665,0,0,0,7611912,16091616,2007706
6 x 2047 B,2,175,2006047,0,0,0,7610525,16091616,2007040
6 x 2047 B,3,175,2005891,0,0,0,7611123,16091616,2006890
6 x 2047 B,4,175,2005361,0,0,0,7609857,16091616,2006366
6 x 2047 B,5,175,2007335,0,0,0,7610052,16091616,2008397
6 x 2047 B,6,175,2005971,0,0,0,7610575,16091616,2006976
6 x 2047 B,7,175,2005985,0,0,0,7611640,16091616,2006994
6 x 2047 B,8,175,2005349,0,0,0,7610747,16091616,2006349
6 x 2047 B,9,175,2007467,0,0,0,7610546,16091616,2008508
6 x 2047 B,10,175,2006352,0,0,0,7610674,16091616,2007381
6 x 2047 B,11,175,2007501,0,0,0,7611035,16091616,2008595
6 x 2047 B,12,175,2005605,0,0,0,7611252,16091616,2006634
6 x 2047 B,13,175,2006031,0,0,0,7610751,16091616,2007034
6 x 2047 B,14,175,2005551,0,0,0,7610961,16091616,2006586
6 x 2047 B,15,175,2010778,0,0,0,7612037,16091616,2011840
6 x 2047 B,16,175,2005390,0,0,0,7610983,16091616,2006398
6 x 2047 B,17,175,2006404,0,0,0,7610956,16091616,2007416
6 x 2047 B,18,175,2006044,0,0,0,7612094,16091616,2007048
6 x 2047 B,19,175,2006404,0,0,0,7610673,16091616,2007419
6 x 2047 B,20,175,2005232,0,0,0,7610446,16091616,2006244
6 x 2047 B,21,175,2006203,0,0,0,7611249,16091616,2007207
6 x 2047 B,22,175,2006258,0,0,0,7610323,16091616,2007303
6 x 2047 B,23,175,2007353,0,0,0,7611602,16091616,2008423
6 x 2047 B,24,175,2006948,0,0,0,7616259,16091616,2007968
6 x 2047 B,25,175,2008013,0,0,0,7611689,16091616,2009059
6 x 2047 B,26,175,2006170,0,0,0,7611298,16091616,2007198
6 x 2047 B,27,175,2006218,0,0,0,7611077,16091616,2007220
6 x 2047 B,28,175,2005496,0,0,0,7610508,16091616,2006501
6 x 2047 B,29,175,2005613,0,0,0,7609739,16091616,2006635
6 x 2047 B,30,175,2006067,0,0,0,7609306,16091616,2007129
6 x 2047 B,31,175,2006114,0,0,0,7610618,16091616,2007194
8 x 2047 B,0,131,2002891,0,0,0,7596357,16055464,2004359
8 x 2047 B,1,131,2004430,0,0,0,7596170,16055464,2006272
8 x 2047 B,2,131,2004004,0,0,0,7595550,16055464,2005721
8 x 2047 B,3,131,2018521,0,0,0,7597891,16055464,2016253
8 x 2047 B,4,131,2009484,0,0,0,7599058,16055464,2008560
8 x 2047 B,5,131,2002636,0,0,0,7596517,16055464,2003721
8 x 2047 B,6,131,2002595,0,0,0,7596967,16055464,2003645
8 x 2047 B,7,131,2003044,0,0,0,7595753,16055464,2004124
8 x 2047 B,8,131,2013042,0,0,0,7596789,16055464,2005893
8 x 2047 B,9,131,2002797,0,0,0,7596691,16055464,2003845
8 x 2047 B,10,131,2002984,0,0,0,7596468,16055464,2004012
8 x 2047 B,11,131,2004254,0,0,0,7603767,16055464,2005487
8 x 2047 B,12,131,2004904,0,0,0,7606521,16055464,2005936
8 x 2047 B,13,131,2003973,0,0,0,7604592,16055464,2005013
8 x 2047 B,14,131,2004143,0,0,0,7604839,16055464,2005155
8 x 2047 B,15,131,2003415,0,0,0,7602271,16055464,2004436
8 x 2047 B,16,131,2004102,0,0,0,7604729,16055464,2005129
8 x 2047 B,17,131,2003987,0,0,0,7603582,16055464,2005020
8 x 2047 B,18,131,2003723,0,0,0,7603156,16055464,2004750
8 x 2047 B,19,131,2003732,0,0,0,7603545,16055464,2004742
8 x 2047 B,20,131,2004420,0,0,0,7605801,16055464,2005431
8 x 2047 B,21,131,2003523,0,0,0,7603583,16055464,2004551
8 x 2047 B,22,131,2004077,0,0,0,7603528,16055464,2005117
8 x 2047 B,23,131,2002687,0,0,0,7601037,16055464,2003716
8 x 2047 B,24,131,2008023,0,0,0,7606842,16055464,2009135
8 x 2047 B,25,131,2004269,0,0,0,7603633,16055464,2005312
8 x 2047 B,26,131,2004639,0,0,0,7604312,16055464,2005675
8 x 2047 B,27,131,2003210,0,0,0,7601304,16055464,2004237
8 x 2047 B,28,131,2003314,0,0,0,7599952,16055464,2004367
8 x 2047 B,29,131,2003552,0,0,0,7602880,16055464,2004581
8 x 2047 B,30,131,2003630,0,0,0,7600249,16055464,2004659
8 x 2047 B,31,131,2003094,0,0,0,7602361,16055464,2004135
12 x 2047 B,0,88,2013041,0,0,0,7637481,16172478,2014309
12 x 2047 B,1,88,2014359,0,0,0,7640177,16172478,2015478
12 x 2047 B,2,88,2015007,0,0,0,7641691,16172478,2017201
12 x 2047 B,3,88,2016029,0,0,0,7640483,16172478,2017698
12 x 2047 B,4,88,2014495,0,0,0,7638533,16172478,2016435
12 x 2047 B,5,88,2031646,0,0,0,7641198,16172479,2027801
12 x 2047 B,6,88,2028239,0,0,0,7640282,16172478,2019578
12 x 2047 B,7,88,2014288,0,0,0,7640820,16172478,2015520
12 x 2047 B,8,88,2016389,0,0,0,7640943,16172478,2017903
12 x 2047 B,9,88,2014335,0,0,0,7639222,16172478,2015465
12 x 2047 B,10,88,2014023,0,0,0,7640998,16172478,2015065
12 x 2047 B,11,88,2013387,0,0,0,7640429,16172478,2014440
12 x 2047 B,12,88,2013794,0,0,0,7640955,16172478,2014832
12 x 2047 B,13,88,2013997,0,0,0,7641101,16172478,2015158
12 x 2047 B,14,88,2016829,0,0,0,7640689,16172478,2018313
12 x 2047 B,15,88,2016399,0,0,0,7641676,16172478,2017666
12 x 2047 B,16,88,2014044,0,0,0,7639998,16172478,2015109
12 x 2047 B,17,88,2014585,0,0,0,7641358,16172478,2015664
12 x 2047 B,18,88,2017103,0,0,0,7652454,16172478,2018164
12 x 2047 B,19,88,2017673,0,0,0,7653400,16172478,2018781
12 x 2047 B,20,88,2020462,0,0,0,7654640,16172478,2022643
12 x 2047 B,21,88,2017110,0,0,0,7650411,16172478,2018242
12 x 2047 B,22,88,2014132,0,0,0,7640040,16172478,2015206
12 x 2047 B,23,88,2014794,0,0,0,7641210,16172478,2015888
12 x 2047 B,24,88,2013858,0,0,0,7640196,16172478,2014939
12 x 2047 B,25,88,2015696,0,0,0,7642832,16172478,2016776
12 x 2047 B,26,88,2013934,0,0,0,7640320,16172478,2014988
12 x 2047 B,27,88,2014465,0,0,0,7640823,16172478,2015536
12 x 2047 B,28,88,2013593,0,0,0,7640316,16172478,2014640
12 x 2047 B,29,88,2014001,0,0,0,7640751,16172478,2015056
12 x 2047 B,30,88,2013956,0,0,0,7639912,16172478,2015025
12 x 2047 B,31,88,2013867,0,0,0,7640670,16172478,2014903
16 x 2047 B,0,66,2013509,0,0,0,7639115,16169706,2014634
16 x 2047 B,1,66,2013832,0,0,0,7641380,16169706,2014916
16 x 2047 B,2,66,2014283,0,0,0,7642420,16169706,2015347
16 x 2047 B,3,66,2012190,0,0,0,7635998,16169706,2013245
16 x 2047 B,4,66,2013131,0,0,0,7639009,16169706,2014190
16 x 2047 B,5,66,2012765,0,0,0,7637937,16169706,2013831
16 x 2047 B,6,66,2012035,0,0,0,7635000,16169706,2013082
16 x 2047 B,7,66,2012169,0,0,0,7636143,16169706,2013225
16 x 2047 B,8,66,2013470,0,0,0,7638693,16169706,2014523
16 x 2047 B,9,66,2012958,0,0,0,7638748,16169706,2014028
16 x 2047 B,10,66,2013481,0,0,0,7636905,16169706,2014541
16 x 2047 B,11,66,2014359,0,0,0,7643213,16169706,2015439
16 x 2047 B,12,66,2013002,0,0,0,7637041,16169706,2014306
16 x 2047 B,13,66,2013464,0,0,0,7637839,16169706,2014901
16 x 2047 B,14,66,2016056,0,0,0,7637679,16169706,2018117
16 x 2047 B,15,66,2015597,0,0,0,7640820,16169706,2016927
16 x 2047 B,16,66,2016488,0,0,0,7638816,16169706,2018767
16 x 2047 B,17,66,2022464,0,0,0,7643825,16169706,2020968
16 x 2047 B,18,66,2014954,0,0,0,7639336,16169706,2016093
16 x 2047 B,19,66,2013592,0,0,0,7637522,16169706,2014701
16 x 2047 B,20,66,2013439,0,0,0,7640633,16169706,2014490
16 x 2047 B,21,66,2013446,0,0,0,7639828,16169706,2014547
16 x 2047 B,22,66,2013981,0,0,0,7640404,16169706,2015038
16 x 2047 B,23,66,2015504,0,0,0,7644872,16169706,2016574
16 x 2047 B,24,66,2014349,0,0,0,7639374,16169706,2015433
16 x 2047 B,25,66,2013134,0,0,0,7637612,16169706,2014179
16 x 2047 B,26,66,2016717,0,0,0,7648540,16169706,2017845
16 x 2047 B,27,66,2015375,0,0,0,7645245,16169706,2016439
16 x 2047 B,28,66,2014334,0,0,0,7637275,16169707,2015368
16 x 2047 B,29,66,2012887,0,0,0,7637699,16169706,2013926
16 x 2047 B,30,66,2013848,0,0,0,7639757,16169706,2014910
16 x 2047 B,31,66,2014463,0,0,0,7643476,16169706,2015506
24 x 2047 B,0,44,2012238,0,0,0,7635035,16166934,2013352
24 x 2047 B,1,44,2012745,0,0,0,7637863,16166934,2013811
24 x 2047 B,2,44,2012192,0,0,0,7635007,16166934,2013240
24 x 2047 B,3,44,2013617,0,0,0,7638665,16166934,2014671
24 x 2047 B,4,44,2013423,0,0,0,7638218,16166934,2014469
24 x 2047 B,5,44,2014624,0,0,0,7639940,16166934,2015720
24 x 2047 B,6,44,2013077,0,0,0,7638385,16166934,2014115
24 x 2047 B,7,44,2012399,0,0,0,7636762,16166934,2013480
24 x 2047 B,8,44,2012756,0,0,0,7636927,16166934,2013797
24 x 2047 B,9,44,2012520,0,0,0,7637003,16166934,2013557
24 x 2047 B,10,44,2011806,0,0,0,7633628,16166934,2012859
24 x 2047 B,11,44,2012506,0,0,0,7634901,16166934,2013548
24 x 2047 B,12,44,2012306,0,0,0,7634019,16166934,2013345
24 x 2047 B,13,44,2011785,0,0,0,7634238,16166934,2012823
24 x 2047 B,14,44,2011791,0,0,0,7633397,16166934,2012841
24 x 2047 B,15,44,2013205,0,0,0,7636773,16166934,2014318
24 x 2047 B,16,44,2012551,0,0,0,7635087,16166934,2013629
24 x 2047 B,17,44,2015782,0,0,0,7644311,16166934,2016920
24 x 2047 B,18,44,2016685,0,0,0,7648367,16166934,2017821
24 x 2047 B,19,44,2017537,0,0,0,7647258,16166934,2018949
24 x 2047 B,20,44,2016913,0,0,0,7648315,16166934,2017998
24 x 2047 B,21,44,2018862,0,0,0,7648300,16166934,2020585
24 x 2047 B,22,44,2017255,0,0,0,7647413,16166934,2018591
24 x 2047 B,23,44,2032778,0,0,0,7650591,16166934,2035537
24 x 2047 B,24,44,2029221,0,0,0,7648620,16166934,2025364
24 x 2047 B,25,44,2029098,0,0,0,7639655,16166934,2020271
24 x 2047 B,26,44,2013181,0,0,0,7636414,16166934,2014256
24 x 2047 B,27,44,2011818,0,0,0,7634748,16166934,2012881
24 x 2047 B,28,44,2016348,0,0,0,7638631,16166934,2017456
24 x 2047 B,29,44,2012454,0,0,0,7635698,16166934,2013515
24 x 2047 B,30,44,2012920,0,0,0,7635030,16166934,2013978
24 x 2047 B,31,44,2012644,0,0,0,7635704,16166934,2013712
64 x 2047 B,0,17,2073910,0,0,0,7869976,16653260,2075049
64 x 2047 B,1,17,2438293,0,0,0,7864489,16653261,2439408
64 x 2047 B,2,17,2071049,0,0,0,7859020,16653260,2072074
64 x 2047 B,3,17,2083912,0,0,0,7864201,16653260,2076964
64 x 2047 B,4,17,2071698,0,0,0,7858723,16653260,2072787
64 x 2047 B,5,17,2071792,0,0,0,7862684,16653260,2072842
64 x 2047 B,6,17,2071040,0,0,0,7858591,16653260,2072096
64 x 2047 B,7,17,2072594,0,0,0,7864833,16653260,2073631
64 x 2047 B,8,17,2074399,0,0,0,7871866,16653260,2075453
64 x 2047 B,9,17,2074170,0,0,0,7865062,16653261,2075221
64 x 2047 B,10,17,2071809,0,0,0,7861687,16653260,2072844
64 x 2047 B,11,17,2071367,0,0,0,7860489,16653260,2072404
64 x 2047 B,12,17,2071515,0,0,0,7860459,16653260,2072555
64 x 2047 B,13,17,2071357,0,0,0,7860460,16653260,2072404
64 x 2047 B,14,17,2073841,0,0,0,7869370,16653260,2074888
64 x 2047 B,15,17,2072093,0,0,0,7862115,16653260,2073135
64 x 2047 B,16,17,2072372,0,0,0,7862063,16653260,2073405
64 x 2047 B,17,17,2071708,0,0,0,7861915,16653260,2072738
64 x 2047 B,18,17,2071911,0,0,0,7862337,16653260,2072947
64 x 2047 B,19,17,2071806,0,0,0,7862021,16653260,2072837
64 x 2047 B,20,17,2072136,0,0,0,7861637,16653260,2073183
64 x 2047 B,21,17,2072046,0,0,0,7862249,16653260,2073080
64 x 2047 B,22,17,2073613,0,0,0,7862477,16653261,2074647
64 x 2047 B,23,17,2072053,0,0,0,7861754,16653260,2073090
64 x 2047 B,24,17,2072274,0,0,0,7861771,16653260,2073324
64 x 2047 B,25,17,2072851,0,0,0,7863412,16653260,2073938
64 x 2047 B,26,17,2073721,0,0,0,7865152,16653260,2074971
64 x 2047 B,27,17,2074138,0,0,0,7863490,16653260,2076063
64 x 2047 B,28,17,2074750,0,0,0,7865919,16653260,2076557
64 x 2047 B,29,17,2083906,0,0,0,7863705,16653260,2082672
64 x 2047 B,30,17,2087775,0,0,0,7862321,16653260,2080411
64 x 2047 B,31,17,2072745,0,0,0,7861839,16653260,2073819
128 x 2047 B,0,9,2189209,0,0,0,8306050,17631708,2190367
128 x 2047 B,1,9,2190032,0,0,0,8306290,17631708,2191112
128 x 2047 B,2,9,2189309,0,0,0,8307647,17631708,2190338
128 x 2047 B,3,9,2188722,0,0,0,8307391,17631708,2189790
128 x 2047 B,4,9,2191992,0,0,0,8308190,17631709,2193038
128 x 2047 B,5,9,2189850,0,0,0,8306505,17631708,2190908
128 x 2047 B,6,9,2188762,0,0,0,8305605,17631708,2189783
128 x 2047 B,7,9,2189824,0,0,0,8308053,17631708,2190862
128 x 2047 B,8,9,2188717,0,0,0,8306326,17631708,2189749
128 x 2047 B,9,9,2190976,0,0,0,8306589,17631709,2191994
128 x 2047 B,10,9,2188488,0,0,0,8306284,17631708,2189554
128 x 2047 B,11,9,2191275,0,0,0,8307701,17631708,2192376
128 x 2047 B,12,9,2188537,0,0,0,8306152,17631708,2189596
128 x 2047 B,13,9,2189004,0,0,0,8306133,17631708,2190041
128 x 2047 B,14,9,2190530,0,0,0,8307530,17631709,2191563
128 x 2047 B,15,9,2189194,0,0,0,8307271,17631708,2190243
128 x 2047 B,16,9,2189363,0,0,0,8308186,17631708,2190414
128 x 2047 B,17,9,2189175,0,0,0,8306435,17631708,2190212
128 x 2047 B,18,9,2190011,0,0,0,8308356,17631708,2191049
128 x 2047 B,19,9,2191757,0,0,0,8310504,17631709,2192787
128 x 2047 B,20,9,2190604,0,0,0,8309002,17631708,2191686
128 x 2047 B,21,9,2189607,0,0,0,8307707,17631708,2190645
128 x 2047 B,22,9,2190061,0,0,0,8307447,17631708,2191139
128 x 2047 B,23,9,2189307,0,0,0,8307345,17631708,2190375
128 x 2047 B,24,9,2188455,0,0,0,8304976,17631708,2189502
128 x 2047 B,25,9,2190505,0,0,0,8308033,17631709,2191545
128 x 2047 B,26,9,2189311,0,0,0,8307821,17631708,2190355
128 x 2047 B,27,9,2196630,0,0,0,8309344,17631708,2195499
128 x 2047 B,28,9,2190335,0,0,0,8308898,17631708,2191621
128 x 2047 B,29,9,2191048,0,0,0,8309741,17631708,2192455
128 x 2047 B,30,9,2207709,0,0,0,8308251,17631709,2200743
128 x 2047 B,31,9,2191283,0,0,0,8306401,17631708,2192752
129 x 2047 B,0,9,2219265,0,0,0,8381025,17769445,2217916
129 x 2047 B,1,9,2208820,0,0,0,8376732,17769444,2209889
129 x 2047 B,2,9,2208540,0,0,0,8377917,17769444,2209596
129 x 2047 B,3,9,2208549,0,0,0,8377739,17769444,2209650
129 x 2047 B,4,9,2207977,0,0,0,8377019,17769444,2209006
129 x 2047 B,5,9,2585810,0,0,0,8378667,17769445,2586880
129 x 2047 B,6,9,2207291,0,0,0,8377215,17769444,2208322
129 x 2047 B,7,9,2207854,0,0,0,8378490,17769444,2208891
129 x 2047 B,8,9,2211841,0,0,0,8382554,17769445,2212904
129 x 2047 B,9,9,2208602,0,0,0,8378760,17769444,2209657
129 x 2047 B,10,9,2207438,0,0,0,8378318,17769444,2208496
129 x 2047 B,11,9,2207465,0,0,0,8376340,17769444,2208494
129 x 2047 B,12,9,2210806,0,0,0,8377432,17769444,2211870
129 x 2047 B,13,9,2209181,0,0,0,8377126,17769445,2210260
129 x 2047 B,14,9,2207664,0,0,0,8377730,17769444,2208705
129 x 2047 B,15,9,2207462,0,0,0,8378009,17769444,2208519
129 x 2047 B,16,9,2207975,0,0,0,8378272,17769444,2209024
129 x 2047 B,17,9,2209302,0,0,0,8378803,17769445,2210358
129 x 2047 B,18,9,2207373,0,0,0,8376727,17769444,2208416
129 x 2047 B,19,9,2207860,0,0,0,8376549,17769444,2208907
129 x 2047 B,20,9,2208475,0,0,0,8379614,17769444,2209509
129 x 2047 B,21,9,2207906,0,0,0,8379513,17769444,2208948
129 x 2047 B,22,9,2209635,0,0,0,8378582,17769445,2210677
129 x 2047 B,23,9,2207967,0,0,0,8379120,17769444,2209022
129 x 2047 B,24,9,2207442,0,0,0,8376600,17769444,2208497
129 x 2047 B,25,9,2217271,0,0,0,8377938,17769444,2213939
129 x 2047 B,26,9,2208219,0,0,0,8377983,17769444,2209313
129 x 2047 B,27,9,2210350,0,0,0,8380007,17769445,2211397
129 x 2047 B,28,9,2207827,0,0,0,8378666,17769444,2208891
129 x 2047 B,29,9,2207821,0,0,0,8378210,17769444,2208866
129 x 2047 B,30,9,2207493,0,0,0,8376922,17769444,2208574
129 x 2047 B,31,9,2207495,0,0,0,8376659,17769444,2208686
1024 x 2047 B,0,2,3919071,0,0,0,14793215,31343212,3916982
1024 x 2047 B,1,2,3914743,0,0,0,14781302,31343212,3905825
1024 x 2047 B,2,2,3897545,0,0,0,14780261,31343212,3899096
1024 x 2047 B,3,2,3897569,0,0,0,14779705,31343212,3899107
1024 x 2047 B,4,2,3897435,0,0,0,14781004,31343212,3898931
1024 x 2047 B,5,2,3894359,0,0,0,14780336,31343211,3895749
1024 x 2047 B,6,2,3896387,0,0,0,14780181,31343212,3897793
1024 x 2047 B,7,2,3896567,0,0,0,14780706,31343212,3898064
1024 x 2047 B,8,2,3895951,0,0,0,14780742,31343212,3897379
1024 x 2047 B,9,2,3896521,0,0,0,14781227,31343212,3897909
1024 x 2047 B,10,2,3896106,0,0,0,14779562,31343212,3897496
1024 x 2047 B,11,2,3916180,0,0,0,14809985,31343212,3910994
1024 x 2047 B,12,2,3904266,0,0,0,14810747,31343212,3905681
1024 x 2047 B,13,2,3896842,0,0,0,14783460,31343212,3898207
1024 x 2047 B,14,2,3897238,0,0,0,14785211,31343212,3898691
1024 x 2047 B,15,2,3896845,0,0,0,14784535,31343212,3898255
1024 x 2047 B,16,2,3895150,0,0,0,14782965,31343211,3896524
1024 x 2047 B,17,2,3897310,0,0,0,14783889,31343212,3898685
1024 x 2047 B,18,2,3897741,0,0,0,14783818,31343212,3899148
1024 x 2047 B,19,2,3902768,0,0,0,14792848,31343212,3905129
1024 x 2047 B,20,2,3906177,0,0,0,14797930,31343212,3909163
1024 x 2047 B,21,2,3913110,0,0,0,14785744,31343212,3910646
1024 x 2047 B,22,2,3898645,0,0,0,14788975,31343212,3900060
1024 x 2047 B,23,2,3899184,0,0,0,14788512,31343212,3900683
1024 x 2047 B,24,2,3899613,0,0,0,14787737,31343212,3901117
1024 x 2047 B,25,2,3898757,0,0,0,14785261,31343212,3900257
1024 x 2047 B,26,2,3895234,0,0,0,14783605,31343211,3896685
1024 x 2047 B,27,2,3898887,0,0,0,14784704,31343212,3900433
1024 x 2047 B,28,2,3897310,0,0,0,14784705,31343212,3898769
1024 x 2047 B,29,2,3897922,0,0,0,14786398,31343212,3899439
1024 x 2047 B,30,2,3897368,0,0,0,14785449,31343212,3898770
1024 x 2047 B,31,2,3897583,0,0,0,14786037,31343212,3899040
1 x 2049 B,0,1197,1981163,0,0,0,7515200,10717107,1982479
1 x 2049 B,1,1197,1983750,0,0,0,7508821,10717107,1985016
1 x 2049 B,2,1197,1973250,0,0,0,7487634,10717107,1974242
1 x 2049 B,3,1197,1972562,0,0,0,7487848,10717107,1973572
1 x 2049 B,4,1197,1973570,0,0,0,7487960,10717107,1974555
1 x 2049 B,5,1197,1970998,0,0,0,7481578,10717107,1971992
1 x 2049 B,6,1197,1968670,0,0,0,7470754,10717107,1969647
1 x 2049 B,7,1197,1971419,0,0,0,7482761,10717107,1972403
1 x 2049 B,8,1197,1973502,0,0,0,7487839,10717107,1974485
1 x 2049 B,9,1197,1972943,0,0,0,7487808,10717107,1973935
1 x 2049 B,10,1197,1970586,0,0,0,7477244,10717107,1971569
1 x 2049 B,11,1197,1968753,0,0,0,7470810,10717107,1969797
1 x 2049 B,12,1197,1969870,0,0,0,7473544,10717107,1971248
1 x 2049 B,13,1197,1978639,0,0,0,7503994,10717107,1980051
1 x 2049 B,14,1197,1970237,0,0,0,7473587,10717107,1971703
1 x 2049 B,15,1197,1975774,0,0,0,7489859,10717107,1977268
1 x 2049 B,16,1197,1975526,0,0,0,7487920,10717107,1977377
1 x 2049 B,17,1197,1976006,0,0,0,7491063,10717107,1977756
1 x 2049 B,18,1197,1973620,0,0,0,7487429,10717107,1974606
1 x 2049 B,19,1197,1971954,0,0,0,7487306,10717106,1973095
1 x 2049 B,20,1197,1974084,0,0,0,7486992,10717107,1975070
1 x 2049 B,21,1197,1976046,0,0,0,7497758,10717107,1977034
1 x 2049 B,22,1197,1997594,0,0,0,7512259,10717107,1988080
1 x 2049 B,23,1197,1979753,0,0,0,7511525,10717107,1980771
1 x 2049 B,24,1197,1975718,0,0,0,7496768,10717107,1976747
1 x 2049 B,25,1197,1976382,0,0,0,7496417,10717107,1977387
1 x 2049 B,26,1197,1980862,0,0,0,7511527,10717107,1981853
1 x 2049 B,27,1197,1980235,0,0,0,7511612,10717113,1981235
1 x 2049 B,28,1197,1976206,0,0,0,7495869,10717113,1977243
1 x 2049 B,29,1197,1980399,0,0,0,7512096,10717107,1981419
1 x 2049 B,30,1197,1982687,0,0,0,7508062,10717107,1983686
1 x 2049 B,31,1197,1979039,0,0,0,7507630,10717107,1980031
3 x 2049 B,0,401,1989879,0,0,0,7549415,10669773,1990947
3 x 2049 B,1,401,1990683,0,0,0,7549430,10669773,1991721
3 x 2049 B,2,401,1989643,0,0,0,7549096,10669773,1990640
3 x 2049 B,3,401,1989381,0,0,0,7549014,10669773,1990352
3 x 2049 B,4,401,1989668,0,0,0,7549441,10669773,1990673
3 x 2049 B,5,401,1989384,0,0,0,7549271,10669773,1990377
3 x 2049 B,6,401,1989677,0,0,0,7549219,10669773,1990661
3 x 2049 B,7,401,1989620,0,0,0,7549362,10669773,1990614
3 x 2049 B,8,401,1989991,0,0,0,7549141,10669773,1990974
3 x 2049 B,9,401,1989774,0,0,0,7549213,10669773,1990769
3 x 2049 B,10,401,1989659,0,0,0,7549243,10669773,1990645
3 x 2049 B,11,401,1989220,0,0,0,7548931,10669773,1990207
3 x 2049 B,12,401,1989549,0,0,0,7548978,10669773,1990532
3 x 2049 B,13,401,1989265,0,0,0,7549103,10669773,1990236
3 x 2049 B,14,401,1989277,0,0,0,7549250,10669773,1990282
3 x 2049 B,15,401,1989546,0,0,0,7549137,10669773,1990529
3 x 2049 B,16,401,1989401,0,0,0,7548991,10669773,1990384
3 x 2049 B,17,401,1989509,0,0,0,7549138,10669773,1990502
3 x 2049 B,18,401,1989877,0,0,0,7549775,10669773,1990886
3 x 2049 B,19,401,1990018,0,0,0,7548866,10669773,1991010
3 x 2049 B,20,401,1990894,0,0,0,7549249,10669773,1991958
3 x 2049 B,21,401,1999724,0,0,0,7549466,10669773,1995369
3 x 2049 B,22,401,1991227,0,0,0,7549464,10669773,1993119
3 x 2049 B,23,401,1997076,0,0,0,7549892,10669773,1998662
3 x 2049 B,24,401,1992484,0,0,0,7550653,10669773,1994137
3 x 2049 B,25,401,1990112,0,0,0,7549211,10669773,1991204
3 x 2049 B,26,401,1991182,0,0,0,7549056,10669773,1992210
3 x 2049 B,27,401,1989972,0,0,0,7548963,10669773,1990974
3 x 2049 B,28,401,1991125,0,0,0,7549110,10669773,1992160
3 x 2049 B,29,401,1990225,0,0,0,7548831,10669773,1991228
3 x 2049 B,30,401,1990748,0,0,0,7549216,10669773,1991788
3 x 2049 B,31,401,1989635,0,0,0,7549082,10669773,1990615
4 x 2049 B,0,301,1999155,0,0,0,7582922,10666000,2000318
4 x 2049 B,1,301,1996429,0,0,0,7575267,10666000,1997428
4 x 2049 B,2,301,1997490,0,0,0,7575565,10666000,1998529
4 x 2049 B,3,301,1997526,0,0,0,7579190,10666000,1998535
4 x 2049 B,4,301,1998013,0,0,0,7576326,10666000,1999068
4 x 2049 B,5,301,1997235,0,0,0,7577453,10666000,1998234
4 x 2049 B,6,301,1996680,0,0,0,7576733,10666000,1997670
4 x 2049 B,7,301,1997612,0,0,0,7579251,10666000,1998617
4 x 2049 B,8,301,1996545,0,0,0,7576974,10666000,1997533
4 x 2049 B,9,301,1996268,0,0,0,7574934,10666000,1997282
4 x 2049 B,10,301,1997486,0,0,0,7580776,10666000,1998467
4 x 2049 B,11,301,1998006,0,0,0,7579112,10666000,1999003
4 x 2049 B,12,301,1996833,0,0,0,7577614,10666000,1997820
4 x 2049 B,13,301,1997926,0,0,0,7579028,10666000,1998918
4 x 2049 B,14,301,1998237,0,0,0,7581153,10666000,1999228
4 x 2049 B,15,301,1998003,0,0,0,7581133,10666000,1998991
4 x 2049 B,16,301,1997675,0,0,0,7581301,10666000,1998669
4 x 2049 B,17,301,1998284,0,0,0,7582670,10666000,1999285
4 x 2049 B,18,301,1997114,0,0,0,7579147,10666000,1998093
4 x 2049 B,19,301,1997510,0,0,0,7579105,10666000,1998510
4 x 2049 B,20,301,2061693,0,0,0,7578811,10666000,2001784
4 x 2049 B,21,301,1998525,0,0,0,7581584,10666000,1999552
4 x 2049 B,22,301,1996681,0,0,0,7576165,10666000,1997670
4 x 2049 B,23,301,1997655,0,0,0,7580324,10666000,1998659
4 x 2049 B,24,301,1997033,0,0,0,7578698,10666000,1998019
4 x 2049 B,25,301,1997989,0,0,0,7581761,10666000,1998990
4 x 2049 B,26,301,1998125,0,0,0,7581813,10666000,1999112
4 x 2049 B,27,301,1998100,0,0,0,7578996,10666000,1999266
4 x 2049 B,28,301,1997508,0,0,0,7577510,10666000,1998769
4 x 2049 B,29,301,1998093,0,0,0,7576418,10666000,1999750
4 x 2049 B,30,301,1997797,0,0,0,7575235,10666000,1999392
4 x 2049 B,31,301,2001826,0,0,0,7578910,10666000,2003974
6 x 2049 B,0,201,2011221,0,0,0,7585786,10671054,2004822
6 x 2049 B,1,201,1997937,0,0,0,7575281,10671054,1999002
6 x 2049 B,2,201,1998309,0,0,0,7578344,10671054,1999340
6 x 2049 B,3,201,1995648,0,0,0,7571071,10671054,1996683
6 x 2049 B,4,201,1997464,0,0,0,7578342,10671054,1998486
6 x 2049 B,5,201,2382598,0,0,0,7579318,10671055,2383654
6 x 2049 B,6,201,1998411,0,0,0,7584456,10671054,1999443
6 x 2049 B,7,201,1996608,0,0,0,7575967,10671054,1997611
6 x 2049 B,8,201,1995255,0,0,0,7571311,10671054,1996262
6 x 2049 B,9,201,1994292,0,0,0,7567717,10671054,1995310
6 x 2049 B,10,201,1996982,0,0,0,7578008,10671054,1997988
6 x 2049 B,11,201,1998516,0,0,0,7583487,10671054,1999515
6 x 2049 B,12,201,1996821,0,0,0,7577427,10671054,1997840
6 x 2049 B,13,201,1998678,0,0,0,7583386,10671054,1999686
6 x 2049 B,14,201,1996180,0,0,0,7574981,10671054,1997189
6 x 2049 B,15,201,1995364,0,0,0,7571902,10671054,1996359
6 x 2049 B,16,201,1993970,0,0,0,7566293,10671054,1994959
6 x 2049 B,17,201,1998000,0,0,0,7576429,10671054,1999061
6 x 2049 B,18,201,1996784,0,0,0,7577748,10671054,1997811
6 x 2049 B,19,201,1996974,0,0,0,7576098,10671054,1997994
6 x 2049 B,20,201,1998103,0,0,0,7579539,10671054,1999104
6 x 2049 B,21,201,1997018,0,0,0,7577651,10671054,1998024
6 x 2049 B,22,201,1996730,0,0,0,7577030,10671054,1997757
6 x 2049 B,23,201,1998445,0,0,0,7583976,10671054,1999451
6 x 2049 B,24,201,1995348,0,0,0,7571870,10671054,1996369
6 x 2049 B,25,201,1994579,0,0,0,7567305,10671054,1995593
6 x 2049 B,26,201,1996692,0,0,0,7577148,10671054,1997720
6 x 2049 B,27,201,1996735,0,0,0,7577458,10671054,1997736
6 x 2049 B,28,201,1996795,0,0,0,7577268,10671054,1997824
6 x 2049 B,29,201,1996997,0,0,0,7576638,10671054,1998004
6 x 2049 B,30,201,1998313,0,0,0,7584028,10671054,1999316
6 x 2049 B,31,201,1994232,0,0,0,7566897,10671054,1995248
8 x 2049 B,0,151,1998555,0,0,0,7580796,10682408,1999719
8 x 2049 B,1,151,1997606,0,0,0,7579137,10682408,1998838
8 x 2049 B,2,151,1998569,0,0,0,7578771,10682408,1999735
8 x 2049 B,3,151,1999204,0,0,0,7579169,10682408,2000790
8 x 2049 B,4,151,1998581,0,0,0,7577390,10682408,2000026
8 x 2049 B,5,151,2000390,0,0,0,7577970,10682408,2002133
8 x 2049 B,6,151,2010470,0,0,0,7575788,10682408,2003733
8 x 2049 B,7,151,1998895,0,0,0,7580377,10682408,1999964
8 x 2049 B,8,151,1998040,0,0,0,7578985,10682408,1999092
8 x 2049 B,9,151,1998163,0,0,0,7579046,10682408,1999210
8 x 2049 B,10,151,1999038,0,0,0,7579332,10682408,2000106
8 x 2049 B,11,151,1997552,0,0,0,7580310,10682408,1998602
8 x 2049 B,12,151,1998713,0,0,0,7580194,10682408,1999799
8 x 2049 B,13,151,1997464,0,0,0,7579248,10682408,1998505
8 x 2049 B,14,151,1997827,0,0,0,7579437,10682408,1998843
8 x 2049 B,15,151,1997413,0,0,0,7579486,10682408,1998467
8 x 2049 B,16,151,1998997,0,0,0,7582901,10682408,2000030
8 x 2049 B,17,151,1997205,0,0,0,7579590,10682408,1998264
8 x 2049 B,18,151,1997673,0,0,0,7579419,10682408,1998705
8 x 2049 B,19,151,1997707,0,0,0,7579784,10682408,1998721
8 x 2049 B,20,151,1998182,0,0,0,7579132,10682408,1999198
8 x 2049 B,21,151,1997530,0,0,0,7580191,10682408,1998575
8 x 2049 B,22,151,1997857,0,0,0,7579388,10682408,1998888
8 x 2049 B,23,151,1994802,0,0,0,7569641,10682408,1995841
8 x 2049 B,24,151,1995346,0,0,0,7571565,10682408,1996345
8 x 2049 B,25,151,1995387,0,0,0,7571895,10682408,1996421
8 x 2049 B,26,151,1995153,0,0,0,7570793,10682408,1996178
8 x 2049 B,27,151,1995081,0,0,0,7569378,10682408,1996100
8 x 2049 B,28,151,1996538,0,0,0,7573366,10682408,1997558
8 x 2049 B,29,151,1994863,0,0,0,7569289,10682408,1995876
8 x 2049 B,30,151,2001398,0,0,0,7575023,10682408,2002443
8 x 2049 B,31,151,1995667,0,0,0,7572680,10682408,1996717
12 x 2049 B,0,101,2005150,0,0,0,7609645,10711416,2006274
12 x 2049 B,1,101,2006718,0,0,0,7614531,10711416,2007749
12 x 2049 B,2,101,2007901,0,0,0,7619767,10711416,2008940
12 x 2049 B,3,101,2006611,0,0,0,7614153,10711416,2007642
12 x 2049 B,4,101,2006683,0,0,0,7612210,10711416,2007735
12 x 2049 B,5,101,2004549,0,0,0,7605512,10711416,2005575
12 x 2049 B,6,101,2005781,0,0,0,7611901,10711416,2006812
12 x 2049 B,7,101,2003771,0,0,0,7602064,10711416,2004817
12 x 2049 B,8,101,2005842,0,0,0,7606728,10711416,2007086
12 x 2049 B,9,101,2007171,0,0,0,7611270,10711416,2008295
12 x 2049 B,10,101,2009947,0,0,0,7614323,10711416,2011856
12 x 2049 B,11,101,2006748,0,0,0,7609626,10711416,2007969
12 x 2049 B,12,101,2014148,0,0,0,7622722,10711416,2016424
12 x 2049 B,13,101,2019884,0,0,0,7617855,10711416,2016440
12 x 2049 B,14,101,2017171,0,0,0,7610796,10711416,2011441
12 x 2049 B,15,101,2007051,0,0,0,7609414,10711416,2008113
12 x 2049 B,16,101,2003421,0,0,0,7601700,10711416,2004447
12 x 2049 B,17,101,2007373,0,0,0,7615105,10711416,2008443
12 x 2049 B,18,101,2007647,0,0,0,7616951,10711416,2008707
12 x 2049 B,19,101,2007131,0,0,0,7610357,10711416,2008228
12 x 2049 B,20,101,2005641,0,0,0,7610986,10711416,2006672
12 x 2049 B,21,101,2006365,0,0,0,7608995,10711416,2007416
12 x 2049 B,22,101,2005848,0,0,0,7606431,10711416,2006987
12 x 2049 B,23,101,2007134,0,0,0,7613749,10711416,2008178
12 x 2049 B,24,101,2003052,0,0,0,7601911,10711416,2004079
12 x 2049 B,25,101,2001728,0,0,0,7594206,10711416,2002754
12 x 2049 B,26,101,2003762,0,0,0,7604439,10711416,2004825
12 x 2049 B,27,101,2005055,0,0,0,7607408,10711416,2006075
12 x 2049 B,28,101,2005628,0,0,0,7610394,10711416,2006648
12 x 2049 B,29,101,2003956,0,0,0,7602098,10711416,2004976
12 x 2049 B,30,101,2004567,0,0,0,7607876,10711416,2005608
12 x 2049 B,31,101,2005875,0,0,0,7610620,10711416,2006907
16 x 2049 B,0,76,2007763,0,0,0,7617672,10743574,2008894
16 x 2049 B,1,76,2008591,0,0,0,7621561,10743574,2009629
16 x 2049 B,2,76,2008788,0,0,0,7618506,10743574,2009832
16 x 2049 B,3,76,2009364,0,0,0,7626109,10743574,2010409
16 x 2049 B,4,76,2010851,0,0,0,7629909,10743574,2011876
16 x 2049 B,5,76,2009125,0,0,0,7624314,10743574,2010175
16 x 2049 B,6,76,2011151,0,0,0,7630342,10743574,2012170
16 x 2049 B,7,76,2011351,0,0,0,7630347,10743574,2012507
16 x 2049 B,8,76,2012831,0,0,0,7637418,10743574,2013880
16 x 2049 B,9,76,2010983,0,0,0,7631751,10743574,2012017
16 x 2049 B,10,76,2011215,0,0,0,7631498,10743574,2012246
16 x 2049 B,11,76,2013596,0,0,0,7641033,10743574,2014617
16 x 2049 B,12,76,2013209,0,0,0,7639503,10743574,2014248
16 x 2049 B,13,76,2013679,0,0,0,7641282,10743574,2014723
16 x 2049 B,14,76,2013309,0,0,0,7638648,10743574,2014379
16 x 2049 B,15,76,2011141,0,0,0,7630085,10743574,2012268
16 x 2049 B,16,76,2024272,0,0,0,7631437,10743574,2018737
16 x 2049 B,17,76,2013857,0,0,0,7630811,10743574,2015319
16 x 2049 B,18,76,2012517,0,0,0,7631925,10743574,2014550
16 x 2049 B,19,76,2017240,0,0,0,7634948,10743574,2018951
16 x 2049 B,20,76,2024263,0,0,0,7641676,10743574,2023089
16 x 2049 B,21,76,2026101,0,0,0,7639966,10743574,2019301
16 x 2049 B,22,76,2012876,0,0,0,7637042,10743574,2013926
16 x 2049 B,23,76,2014358,0,0,0,7641956,10743574,2015389
16 x 2049 B,24,76,2014576,0,0,0,7644080,10743574,2015628
16 x 2049 B,25,76,2013590,0,0,0,7640958,10743574,2014675
16 x 2049 B,26,76,2009936,0,0,0,7625290,10743574,2011017
16 x 2049 B,27,76,2013173,0,0,0,7637389,10743574,2014239
16 x 2049 B,28,76,2016726,0,0,0,7642515,10743574,2017809
16 x 2049 B,29,76,2014568,0,0,0,7642478,10743574,2015704
16 x 2049 B,30,76,2014319,0,0,0,7640542,10743574,2015363
16 x 2049 B,31,76,2018527,0,0,0,7643972,10743575,2020425
24 x 2049 B,0,51,2027193,0,0,0,7691599,10811040,2028286
24 x 2049 B,1,51,2026320,0,0,0,7687817,10811040,2027354
24 x 2049 B,2,51,2026865,0,0,0,7691804,10811040,2027982
24 x 2049 B,3,51,2027565,0,0,0,7693650,10811040,2028619
24 x 2049 B,4,51,2026542,0,0,0,7691466,10811040,2027570
24 x 2049 B,5,51,2026828,0,0,0,7691673,10811040,2027864
24 x 2049 B,6,51,2027372,0,0,0,7691893,10811040,2028411
24 x 2049 B,7,51,2027685,0,0,0,7691259,10811040,2028958
24 x 2049 B,8,51,2038218,0,0,0,7684438,10811040,2037055
24 x 2049 B,9,51,2030179,0,0,0,7678491,10811040,2029330
24 x 2049 B,10,51,2026955,0,0,0,7687335,10811040,2028108
24 x 2049 B,11,51,2024929,0,0,0,7678880,10811040,2026009
24 x 2049 B,12,51,2025894,0,0,0,7679921,10811040,2027006
24 x 2049 B,13,51,2025024,0,0,0,7679044,10811040,2026102
24 x 2049 B,14,51,2033364,0,0,0,7680587,10811040,2029103
24 x 2049 B,15,51,2023892,0,0,0,7676756,10811040,2025016
24 x 2049 B,16,51,2022502,0,0,0,7672695,10811040,2023540
24 x 2049 B,17,51,2024239,0,0,0,7675840,10811040,2025328
24 x 2049 B,18,51,2024463,0,0,0,7678802,10811040,2025521
24 x 2049 B,19,51,2024382,0,0,0,7682139,10811040,2025441
24 x 2049 B,20,51,2024143,0,0,0,7679398,10811040,2025191
24 x 2049 B,21,51,2024740,0,0,0,7682108,10811040,2025786
24 x 2049 B,22,51,2024558,0,0,0,7679421,10811040,2025674
24 x 2049 B,23,51,2023973,0,0,0,7678192,10811040,2025787
24 x 2049 B,24,51,2024520,0,0,0,7672719,10811040,2026499
24 x 2049 B,25,51,2024964,0,0,0,7678503,10811040,2027252
24 x 2049 B,26,51,2037855,0,0,0,7679552,10811040,2035580
24 x 2049 B,27,51,2042080,0,0,0,7682050,10811040,2032966
24 x 2049 B,28,51,2027810,0,0,0,7686680,10811040,2028900
24 x 2049 B,29,51,2026518,0,0,0,7686446,10811040,2027611
24 x 2049 B,30,51,2027592,0,0,0,7687776,10811041,2028657
24 x 2049 B,31,51,2026617,0,0,0,7690093,10811040,2027719
64 x 2049 B,0,19,2009173,0,0,0,7623735,10736392,2010325
64 x 2049 B,1,19,2009980,0,0,0,7624780,10736392,2011045
64 x 2049 B,2,19,2009449,0,0,0,7623780,10736392,2010499
64 x 2049 B,3,19,2011467,0,0,0,7627423,10736392,2012560
64 x 2049 B,4,19,2009596,0,0,0,7622959,10736392,2010650
64 x 2049 B,5,19,2010605,0,0,0,7623084,10736392,2011684
64 x 2049 B,6,19,2009067,0,0,0,7622318,10736392,2010112
64 x 2049 B,7,19,2009062,0,0,0,7622483,10736392,2010105
64 x 2049 B,8,19,2008445,0,0,0,7622491,10736392,2009500
64 x 2049 B,9,19,2009070,0,0,0,7622391,10736392,2010132
64 x 2049 B,10,19,2008468,0,0,0,7622358,10736392,2009528
64 x 2049 B,11,19,2009022,0,0,0,7622798,10736392,2010046
64 x 2049 B,12,19,2009149,0,0,0,7623538,10736392,2010189
64 x 2049 B,13,19,2009702,0,0,0,7623753,10736392,2010732
64 x 2049 B,14,19,2008670,0,0,0,7621949,10736392,2009699
64 x 2049 B,15,19,2009968,0,0,0,7622956,10736392,2011022
64 x 2049 B,16,19,2009186,0,0,0,7625182,10736392,2010228
64 x 2049 B,17,19,2009844,0,0,0,7625482,10736392,2010878
64 x 2049 B,18,19,2008597,0,0,0,7622855,10736392,2009642
64 x 2049 B,19,19,2008871,0,0,0,7621675,10736392,2009908
64 x 2049 B,20,19,2008917,0,0,0,7621551,10736392,2009956
64 x 2049 B,21,19,2009443,0,0,0,7622276,10736392,2010480
64 x 2049 B,22,19,2008378,0,0,0,7621853,10736392,2009429
64 x 2049 B,23,19,2009928,0,0,0,7626210,10736392,2010957
64 x 2049 B,24,19,2010035,0,0,0,7628307,10736392,2011092
64 x 2049 B,25,19,2009980,0,0,0,7625759,10736392,2011006
64 x 2049 B,26,19,2009234,0,0,0,7625591,10736392,2010320
64 x 2049 B,27,19,2010395,0,0,0,7626391,10736392,2011413
64 x 2049 B,28,19,2011476,0,0,0,7630586,10736392,2012921
64 x 2049 B,29,19,2012193,0,0,0,7632566,10736392,2013396
64 x 2049 B,30,19,2016429,0,0,0,7645150,10736392,2018295
64 x 2049 B,31,19,2014667,0,0,0,7636781,10736392,2015888
128 x 2049 B,0,10,2122130,0,0,0,8029896,11300186,2121485
128 x 2049 B,1,10,2116502,0,0,0,8028026,11300186,2117578
128 x 2049 B,2,10,2117310,0,0,0,8029653,11300186,2118391
128 x 2049 B,3,10,2115647,0,0,0,8027258,11300186,2116708
128 x 2049 B,4,10,2115267,0,0,0,8027972,11300186,2116324
128 x 2049 B,5,10,2501263,0,0,0,8028162,11300187,2502347
128 x 2049 B,6,10,2115708,0,0,0,8029093,11300186,2116760
128 x 2049 B,7,10,2116366,0,0,0,8029477,11300186,2117434
128 x 2049 B,8,10,2118203,0,0,0,8029150,11300186,2119331
128 x 2049 B,9,10,2117009,0,0,0,8033617,11300186,2118099
128 x 2049 B,10,10,2118032,0,0,0,8036076,11300186,2119114
128 x 2049 B,11,10,2117698,0,0,0,8034083,11300186,2118746
128 x 2049 B,12,10,2118229,0,0,0,8034146,11300186,2119329
128 x 2049 B,13,10,2119121,0,0,0,8034455,11300187,2120158
128 x 2049 B,14,10,2116580,0,0,0,8033046,11300186,2117621
128 x 2049 B,15,10,2116947,0,0,0,8033582,11300186,2117988
128 x 2049 B,16,10,2116669,0,0,0,8033136,11300186,2117717
128 x 2049 B,17,10,2117072,0,0,0,8032823,11300186,2118089
128 x 2049 B,18,10,2117061,0,0,0,8033553,11300186,2118087
128 x 2049 B,19,10,2117268,0,0,0,8034198,11300186,2118295
128 x 2049 B,20,10,2117185,0,0,0,8034033,11300186,2118222
128 x 2049 B,21,10,2118976,0,0,0,8034031,11300187,2120032
128 x 2049 B,22,10,2117308,0,0,0,8033243,11300186,2118352
128 x 2049 B,23,10,2116306,0,0,0,8033120,11300186,2117361
128 x 2049 B,24,10,2116952,0,0,0,8033325,11300186,2118001
128 x 2049 B,25,10,2116627,0,0,0,8033581,11300186,2117679
128 x 2049 B,26,10,2117195,0,0,0,8032913,11300186,2118231
128 x 2049 B,27,10,2117148,0,0,0,8033985,11300186,2118193
128 x 2049 B,28,10,2117507,0,0,0,8033562,11300186,2118536
128 x 2049 B,29,10,2116613,0,0,0,8033001,11300186,2117653
128 x 2049 B,30,10,2119048,0,0,0,8034135,11300187,2120081
128 x 2049 B,31,10,2117140,0,0,0,8033896,11300186,2118177
129 x 2049 B,0,10,2134768,0,0,0,8097769,11388456,2135946
129 x 2049 B,1,10,2136015,0,0,0,8100831,11388456,2137975
129 x 2049 B,2,10,2138697,0,0,0,8098825,11388457,2140244
129 x 2049 B,3,10,2135540,0,0,0,8095454,11388456,2138077
129 x 2049 B,4,10,2140168,0,0,0,8094224,11388456,2139515
129 x 2049 B,5,10,2145761,0,0,0,8096983,11388456,2139182
129 x 2049 B,6,10,2134001,0,0,0,8097474,11388456,2135060
129 x 2049 B,7,10,2133852,0,0,0,8097289,11388456,2134914
129 x 2049 B,8,10,2134043,0,0,0,8095324,11388456,2135118
129 x 2049 B,9,10,2135649,0,0,0,8095764,11388457,2136729
129 x 2049 B,10,10,2133558,0,0,0,8096203,11388456,2134620
129 x 2049 B,11,10,2509682,0,0,0,8096284,11388456,2510735
129 x 2049 B,12,10,2133223,0,0,0,8096106,11388456,2134270
129 x 2049 B,13,10,2133062,0,0,0,8096169,11388456,2134124
129 x 2049 B,14,10,2134871,0,0,0,8096919,11388457,2135904
129 x 2049 B,15,10,2133386,0,0,0,8096800,11388456,2134421
129 x 2049 B,16,10,2133314,0,0,0,8096758,11388456,2134353
129 x 2049 B,17,10,2133306,0,0,0,8096314,11388456,2134346
129 x 2049 B,18,10,2133142,0,0,0,8096275,11388456,2134177
129 x 2049 B,19,10,2133299,0,0,0,8096210,11388456,2134338
129 x 2049 B,20,10,2132992,0,0,0,8096063,11388456,2134038
129 x 2049 B,21,10,2135234,0,0,0,8096342,11388457,2136289
129 x 2049 B,22,10,2132831,0,0,0,8095920,11388456,2133863
129 x 2049 B,23,10,2133582,0,0,0,8096239,11388456,2134611
129 x 2049 B,24,10,2133314,0,0,0,8096478,11388456,2134344
129 x 2049 B,25,10,2133586,0,0,0,8095722,11388456,2134613
129 x 2049 B,26,10,2133454,0,0,0,8096743,11388456,2134498
129 x 2049 B,27,10,2133803,0,0,0,8096195,11388456,2134853
129 x 2049 B,28,10,2133194,0,0,0,8097455,11388456,2134242
129 x 2049 B,29,10,2135378,0,0,0,8096649,11388457,2136401
129 x 2049 B,30,10,2133299,0,0,0,8096416,11388456,2134338
129 x 2049 B,31,10,2132930,0,0,0,8095986,11388456,2133977
1024 x 2049 B,0,2,3387863,0,0,0,12855135,18078315,3389682
1024 x 2049 B,1,2,3389976,0,0,0,12861888,18078315,3391418
1024 x 2049 B,2,2,3418581,0,0,0,12899872,18078316,3413957
1024 x 2049 B,3,2,3409184,0,0,0,12929417,18078315,3413430
1024 x 2049 B,4,2,3428253,0,0,0,12881001,18078316,3415458
1024 x 2049 B,5,2,3389914,0,0,0,12854575,18078315,3391540
1024 x 2049 B,6,2,3389016,0,0,0,12855875,18078315,3390672
1024 x 2049 B,7,2,3391838,0,0,0,12855954,18078316,3393391
1024 x 2049 B,8,2,3390414,0,0,0,12856076,18078315,3392094
1024 x 2049 B,9,2,3391446,0,0,0,12861333,18078316,3393303
1024 x 2049 B,10,2,3388400,0,0,0,12856675,18078315,3389844
1024 x 2049 B,11,2,3387914,0,0,0,12854531,18078315,3389498
1024 x 2049 B,12,2,3393777,0,0,0,12865273,18078316,3395208
1024 x 2049 B,13,2,3389552,0,0,0,12854357,18078315,3391343
1024 x 2049 B,14,2,3396353,0,0,0,12875632,18078316,3397885
1024 x 2049 B,15,2,3395858,0,0,0,12885788,18078315,3397221
1024 x 2049 B,16,2,3396741,0,0,0,12887696,18078315,3398154
1024 x 2049 B,17,2,3397210,0,0,0,12886497,18078316,3398662
1024 x 2049 B,18,2,3395804,0,0,0,12885300,18078315,3397362
1024 x 2049 B,19,2,3397694,0,0,0,12888092,18078316,3399253
1024 x 2049 B,20,2,3411596,0,0,0,12884408,18078315,3402218
1024 x 2049 B,21,2,3399133,0,0,0,12890618,18078315,3400996
1024 x 2049 B,22,2,3397539,0,0,0,12886734,18078316,3398950
1024 x 2049 B,23,2,3395354,0,0,0,12886217,18078315,3396790
1024 x 2049 B,24,2,3403070,0,0,0,12889527,18078316,3404695
1024 x 2049 B,25,2,3401269,0,0,0,12902860,18078315,3403317
1024 x 2049 B,26,2,3414160,0,0,0,12944453,18078315,3417358
1024 x 2049 B,27,2,3418368,0,0,0,12951239,18078316,3420832
1024 x 2049 B,28,2,3397481,0,0,0,12884511,18078315,3399112
1024 x 2049 B,29,2,3398297,0,0,0,12883067,18078316,3400048
1024 x 2049 B,30,2,3395685,0,0,0,12883040,18078315,3397230
1024 x 2049 B,31,2,3395856,0,0,0,12882853,18078315,3397357
