round,position,contender,size_bytes,iterations,wall_ns,p_cycles,p_instructions,p_time_ns,e_cycles,e_instructions,e_time_ns,use_case,duo_ns,copy0_ns,copy0_p_cycles,copy0_p_instructions,copy0_p_time_ns,copy0_e_cycles,copy0_e_instructions,copy0_e_time_ns,copy1_ns,copy1_p_cycles,copy1_p_instructions,copy1_p_time_ns,copy1_e_cycles,copy1_e_instructions,copy1_e_time_ns,scenario
0,0,sha256,64,14922,963801,4601477,9282634,965370,0,0,0,ContinuousMessages,973684,954893,4599269,9284148,955606,0,0,0,973684,4607273,9284149,968492,0,0,0,solo and shared
0,1,blake3-servil-mt,64,2048,188403,694664,757832,190271,0,0,0,ContinuousMessages,500330,492180,917101,1223524,481281,0,0,0,500330,948883,1169709,334906,0,0,0,solo and shared
0,2,sha256,1024,2048,978087,4739623,6544510,979560,0,0,0,ContinuousMessages,970820,963580,4705788,6545115,964161,0,0,0,970820,4729149,6545300,972122,0,0,0,solo and shared
0,3,blake3-servil-mt,1024,3366,571232,2101757,1665322,496845,0,0,0,ContinuousMessages,1033327,1033327,2189993,2197744,954262,0,0,0,1033276,2218309,2213935,967927,0,0,0,solo and shared
0,4,sha256,16384,139,1003375,4764029,5903368,1004136,0,0,0,ContinuousMessages,985875,980961,4740830,5904109,981641,0,0,0,985875,4768119,5904109,986508,0,0,0,solo and shared
0,5,blake3-servil-mt,16384,238,389846,1148842,284300,387845,0,0,0,ContinuousMessages,935242,908321,2474413,329119,905333,0,0,0,935242,2500417,329291,933928,0,0,0,solo and shared
0,6,sha256,65536,34,993121,4843933,5727226,994525,0,0,0,ContinuousMessages,988445,981872,4728594,5727928,982505,0,0,0,988445,4736828,5727935,989041,0,0,0,solo and shared
0,7,blake3-servil-mt,65536,72,270249,994470,88556,262710,0,0,0,ContinuousMessages,601433,601433,1311117,109001,592123,0,0,0,590008,1291777,109576,580246,0,0,0,solo and shared
0,8,sha256,1048576,2,964914,4609727,5379420,965817,0,0,0,ContinuousMessages,986652,946795,4483697,5380252,951163,0,0,0,986652,4634262,5380253,983050,0,0,0,solo and shared
0,9,blake3-servil-mt,1048576,15,802530,3128367,256532,789734,0,0,0,ContinuousMessages,1080734,1053045,3858643,273287,1045000,0,0,0,1080734,4158785,276673,1050206,0,0,0,solo and shared
0,15,sha256,64,14557,923427,4469213,9113831,924858,0,0,0,LentMessages,917882,913619,4471107,9113831,914169,0,0,0,917882,4484663,9113831,919218,0,0,0,solo and shared
0,16,blake3-servil-st,64,21585,982669,4800239,15585519,984014,0,0,0,LentMessages,982852,982852,4812434,15585519,983407,0,0,0,973471,4761413,15585519,974781,0,0,0,solo and shared
0,17,blake3-servil-mt,64,22345,1006589,4907104,16201274,1007943,0,0,0,LentMessages,1005741,1005741,4906064,16201274,1007034,0,0,0,1003394,4904617,16201274,1004698,0,0,0,solo and shared
0,18,sha256,1024,2052,990415,4715269,6565498,955521,0,0,0,LentMessages,996107,964512,4711453,6565497,965944,0,0,0,996107,4730308,6565497,997441,0,0,0,solo and shared
0,19,blake3-servil-st,1024,1335,965515,4808803,10719864,966828,0,0,0,LentMessages,988354,985262,4811117,10719864,986646,0,0,0,988354,4827874,10719864,989685,0,0,0,solo and shared
0,20,blake3-servil-mt,1024,1359,983471,4903577,10916637,984123,0,0,0,LentMessages,1051741,1002957,4907181,10916637,1003809,0,0,0,1051741,4915698,10916638,1012394,0,0,0,solo and shared
0,21,sha256,16384,141,988526,4831171,5988855,989906,0,0,0,LentMessages,987413,984759,4809638,5988855,986132,0,0,0,987413,4819179,5988855,988766,0,0,0,solo and shared
0,22,blake3-servil-st,16384,312,978546,4733541,13125429,979185,0,0,0,LentMessages,968556,960200,4696925,13125429,961042,0,0,0,968556,4729241,13125429,969881,0,0,0,solo and shared
0,23,blake3-servil-mt,16384,323,1000506,4893995,13589113,1001181,0,0,0,LentMessages,1002044,995400,4867402,13589113,996234,0,0,0,1002044,4896399,13589113,1003401,0,0,0,solo and shared
0,24,sha256,65536,35,976468,4856985,5895779,977085,0,0,0,LentMessages,1022250,1022250,4861766,5895779,1023169,0,0,0,997641,4863546,5895779,999107,0,0,0,solo and shared
0,25,blake3-servil-st,65536,74,930635,4622982,12228835,931330,0,0,0,LentMessages,953536,949589,4631552,12228836,950435,0,0,0,953536,4640197,12228837,954930,0,0,0,solo and shared
0,26,blake3-servil-mt,65536,79,1008943,4939420,13055267,1009699,0,0,0,LentMessages,1015013,1011250,4947835,13055267,1012080,0,0,0,1015013,4960557,13055267,1016460,0,0,0,solo and shared
0,27,sha256,1048576,2,981422,4801489,5376065,982309,0,0,0,LentMessages,1318643,1293913,4960522,5377057,1282291,0,0,0,1318643,5082389,5376964,1317489,0,0,0,solo and shared
0,28,blake3-servil-st,1048576,5,1158572,5670654,13144744,1159903,0,0,0,LentMessages,1130159,1126389,5492851,13144746,1127704,0,0,0,1130159,5479193,13144747,1131744,0,0,0,solo and shared
0,29,blake3-servil-mt,1048576,10,829244,3886243,4071068,830310,0,0,0,LentMessages,971264,970981,4440455,4751300,967048,0,0,0,971264,4481568,4732924,973214,0,0,0,solo and shared
1,0,blake3-servil-mt,1024,3366,493134,1774153,1568954,465302,0,0,0,ContinuousMessages,650545,646855,2081689,1612324,556697,0,0,0,650545,1897979,1579141,545097,0,0,0,solo and shared
1,1,sha256,1024,2048,1069053,5040419,6544511,1064453,0,0,0,ContinuousMessages,994574,985442,4717572,6544510,986367,0,0,0,994574,4729250,6544511,992135,0,0,0,solo and shared
1,2,blake3-servil-mt,16384,238,488008,1391337,284985,485127,0,0,0,ContinuousMessages,907061,907061,3051752,308504,895165,0,0,0,876193,3018198,308080,869921,0,0,0,solo and shared
1,3,sha256,16384,139,1014961,4775545,5903369,1010377,0,0,0,ContinuousMessages,990433,990433,4764064,5903368,991426,0,0,0,990222,4765865,5903368,995657,0,0,0,solo and shared
1,4,blake3-servil-mt,65536,72,302314,1139091,88127,294531,0,0,0,ContinuousMessages,423432,423432,1603613,90973,409992,0,0,0,410986,1444492,90822,401269,0,0,0,solo and shared
1,5,sha256,65536,34,969619,4723171,5727226,970595,0,0,0,ContinuousMessages,999837,999837,4733302,5727226,1001275,0,0,0,965465,4724291,5727226,966321,0,0,0,solo and shared
1,6,blake3-servil-mt,1048576,15,1014673,3463567,260732,920304,0,0,0,ContinuousMessages,1083679,1077751,4092045,264647,1065175,0,0,0,1083679,4286493,268743,1073320,0,0,0,solo and shared
1,7,sha256,1048576,2,926181,4517605,5379420,928729,0,0,0,ContinuousMessages,946908,923062,4508334,5379420,924553,0,0,0,946908,4486637,5379420,948610,0,0,0,solo and shared
1,12,blake3-servil-st,64,21585,998582,4798154,15585519,999956,0,0,0,LentMessages,977280,977065,4772838,15585519,978353,0,0,0,977280,4775339,15585519,978594,0,0,0,solo and shared
1,13,blake3-servil-mt,64,22345,1010089,4929796,16201274,1011558,0,0,0,LentMessages,1010393,1010393,4908627,16201274,1011653,0,0,0,1004447,4908164,16201274,1005761,0,0,0,solo and shared
1,14,sha256,64,14557,915686,4472705,9113831,917087,0,0,0,LentMessages,916672,916672,4481910,9113831,917931,0,0,0,916172,4477187,9113831,917470,0,0,0,solo and shared
1,15,blake3-servil-st,1024,1335,987619,4824636,10719864,989096,0,0,0,LentMessages,988045,986137,4819521,10719864,987383,0,0,0,988045,4825289,10719864,989386,0,0,0,solo and shared
1,16,blake3-servil-mt,1024,1359,1041058,4906494,10916638,1002446,0,0,0,LentMessages,1012913,1002389,4901055,10916637,1003727,0,0,0,1012913,4911416,10916637,1014297,0,0,0,solo and shared
1,17,sha256,1024,2052,965834,4711657,6565497,967213,0,0,0,LentMessages,966869,963955,4710415,6565497,965236,0,0,0,966869,4727798,6565497,967453,0,0,0,solo and shared
1,18,blake3-servil-st,16384,312,968865,4731469,13125429,970237,0,0,0,LentMessages,968587,960038,4696471,13125429,960676,0,0,0,968587,4733480,13125429,969971,0,0,0,solo and shared
1,19,blake3-servil-mt,16384,323,1002037,4894589,13589113,1003444,0,0,0,LentMessages,1002338,997650,4875054,13589113,998972,0,0,0,1002338,4894660,13589113,1003711,0,0,0,solo and shared
1,20,sha256,16384,141,962687,4816539,5988854,965146,0,0,0,LentMessages,986393,984069,4806197,5988855,985382,0,0,0,986393,4816973,5988855,987715,0,0,0,solo and shared
1,21,blake3-servil-st,65536,74,933341,4640478,12228835,934781,0,0,0,LentMessages,952309,949078,4636312,12228835,950455,0,0,0,952309,4652111,12228835,953758,0,0,0,solo and shared
1,22,blake3-servil-mt,65536,79,1002551,4953497,13055267,1003976,0,0,0,LentMessages,1014706,1014091,4951257,13055267,1015490,0,0,0,1014706,4953821,13055267,1016144,0,0,0,solo and shared
1,23,sha256,65536,35,973403,4845456,5895779,974020,0,0,0,LentMessages,995459,993698,4854308,5895779,995049,0,0,0,995459,4861046,5895779,996801,0,0,0,solo and shared
1,24,blake3-servil-st,1048576,5,1187851,5818558,13144744,1189422,0,0,0,LentMessages,1206556,1206556,5783564,13144744,1208011,0,0,0,1183829,5758800,13144744,1185358,0,0,0,solo and shared
1,25,blake3-servil-mt,1048576,10,865368,4024679,4378591,867030,0,0,0,LentMessages,1713890,1713890,7816497,15716325,1685166,0,0,0,1502350,7025387,13203138,1504061,0,0,0,solo and shared
1,26,sha256,1048576,2,986582,4623079,5376065,988465,0,0,0,LentMessages,985333,979218,4590561,5376065,980055,0,0,0,985333,4618264,5376065,986110,0,0,0,solo and shared
1,18,blake3-servil-mt,64,2048,140634,544006,705489,141434,0,0,0,ContinuousMessages,207678,197336,585355,707866,198247,0,0,0,207678,622564,708452,190857,0,0,0,solo and shared
1,19,sha256,64,14922,954612,4587612,9282634,956046,0,0,0,ContinuousMessages,942350,940648,4578743,9282634,941945,0,0,0,942350,4582168,9282634,942969,0,0,0,solo and shared
2,0,sha256,16384,139,976883,4749818,5903368,978211,0,0,0,ContinuousMessages,974244,973169,4738031,5903368,974444,0,0,0,974244,4749074,5903368,974873,0,0,0,solo and shared
2,1,blake3-servil-mt,16384,238,377118,1158549,284235,375445,0,0,0,ContinuousMessages,745666,745666,2954558,301097,744296,0,0,0,741018,2656207,296467,739096,0,0,0,solo and shared
2,2,sha256,65536,34,969524,4719436,5727226,970949,0,0,0,ContinuousMessages,968235,968020,4715665,5727226,969398,0,0,0,968235,4717520,5727226,969650,0,0,0,solo and shared
2,3,blake3-servil-mt,65536,72,287329,928475,88505,281129,0,0,0,ContinuousMessages,354839,354839,1271761,97184,333179,0,0,0,353103,1194674,96125,334545,0,0,0,solo and shared
2,4,sha256,1048576,2,926459,4501940,5379420,927944,0,0,0,ContinuousMessages,923129,919984,4486636,5379420,921424,0,0,0,923129,4504310,5379420,923942,0,0,0,solo and shared
2,5,blake3-servil-mt,1048576,15,890890,3098053,255582,793120,0,0,0,ContinuousMessages,1111815,1111815,4143531,273422,1066892,0,0,0,1068352,4053403,268480,1056087,0,0,0,solo and shared
2,9,blake3-servil-mt,64,22345,994698,4914078,16201274,996051,0,0,0,LentMessages,1005546,1005546,4907369,16201274,1006830,0,0,0,1004979,4906925,16201274,1006268,0,0,0,solo and shared
2,10,sha256,64,14557,902868,4466918,9113831,903472,0,0,0,LentMessages,916615,915868,4475400,9113831,917136,0,0,0,916615,4480290,9113831,917899,0,0,0,solo and shared
2,11,blake3-servil-st,64,21585,956515,4760039,15585519,957124,0,0,0,LentMessages,1006943,1006943,4792531,15585519,1008228,0,0,0,980447,4791611,15585519,981751,0,0,0,solo and shared
2,12,blake3-servil-mt,1024,1359,993642,4897611,10916637,994204,0,0,0,LentMessages,1007078,1004105,4903648,10916637,1005383,0,0,0,1007078,4920555,10916637,1008349,0,0,0,solo and shared
2,13,sha256,1024,2052,945814,4705577,6565497,946387,0,0,0,LentMessages,968591,964715,4710664,6565497,966004,0,0,0,968591,4730233,6565497,969950,0,0,0,solo and shared
2,14,blake3-servil-st,1024,1335,971797,4808701,10719864,972394,0,0,0,LentMessages,987148,984382,4812161,10719864,985691,0,0,0,987148,4826151,10719864,988450,0,0,0,solo and shared
2,15,blake3-servil-mt,16384,323,1030099,4898299,13589113,1030725,0,0,0,LentMessages,1014528,1011436,4869487,13589113,1012047,0,0,0,1014528,4901330,13589113,1015199,0,0,0,solo and shared
2,16,sha256,16384,141,983014,4813722,5988855,983622,0,0,0,LentMessages,989116,986897,4805719,5988855,988237,0,0,0,989116,4819398,5988855,990436,0,0,0,solo and shared
2,17,blake3-servil-st,16384,312,967101,4735404,13125429,967707,0,0,0,LentMessages,971109,966353,4717667,13125429,967270,0,0,0,971109,4733490,13125429,972658,0,0,0,solo and shared
2,18,blake3-servil-mt,65536,79,1017102,4961301,13055267,1018903,0,0,0,LentMessages,1041973,1041973,4968608,13055267,1043385,0,0,0,1016933,4971999,13055267,1018345,0,0,0,solo and shared
2,19,sha256,65536,35,1020835,5006715,5895779,1022054,0,0,0,LentMessages,995821,994223,4856647,5895779,995627,0,0,0,995821,4864043,5895779,997226,0,0,0,solo and shared
2,20,blake3-servil-st,65536,74,1411709,6792346,12228836,1414314,0,0,0,LentMessages,966545,951014,4639986,12228835,952491,0,0,0,966545,4643225,12228835,968009,0,0,0,solo and shared
2,21,blake3-servil-mt,1048576,10,1058499,4944312,5550561,1060325,0,0,0,LentMessages,1121691,1051911,4897503,4581265,1053884,0,0,0,1121691,5160354,4094673,1123924,0,0,0,solo and shared
2,22,sha256,1048576,2,1058216,4903193,5376066,1052550,0,0,0,LentMessages,1008583,991221,4641823,5376065,992353,0,0,0,1008583,4689213,5376066,1004944,0,0,0,solo and shared
2,23,blake3-servil-st,1048576,5,1237601,5682449,13144750,1233955,0,0,0,LentMessages,1210330,1152673,5387559,13144744,1154511,0,0,0,1210330,5534292,13144744,1211491,0,0,0,solo and shared
2,16,sha256,64,14922,948123,4586431,9282638,940319,0,0,0,ContinuousMessages,946124,946124,4583960,9282634,947602,0,0,0,936716,4576794,9282634,937535,0,0,0,solo and shared
2,17,blake3-servil-mt,64,2048,146439,529258,768404,147235,0,0,0,ContinuousMessages,314447,314447,668772,827510,222996,0,0,0,310813,955705,897335,287982,0,0,0,solo and shared
2,18,sha256,1024,2048,975159,4705572,6544510,975837,0,0,0,ContinuousMessages,977414,974550,4708311,6544510,975209,0,0,0,977414,4724320,6544510,978336,0,0,0,solo and shared
2,19,blake3-servil-mt,1024,3366,485066,1831187,1614777,457232,0,0,0,ContinuousMessages,648660,648660,1785650,1551710,531974,0,0,0,645004,1879072,1569450,550560,0,0,0,solo and shared
3,0,blake3-servil-mt,65536,72,314016,1085673,88519,305784,0,0,0,ContinuousMessages,360988,360988,1312942,90447,346668,0,0,0,357426,1414629,91133,347925,0,0,0,solo and shared
3,1,sha256,65536,34,968540,4721787,5727226,972196,0,0,0,ContinuousMessages,982452,977257,4726393,5727226,978633,0,0,0,982452,4726794,5727226,983902,0,0,0,solo and shared
3,2,blake3-servil-mt,1048576,15,876009,3269466,255999,861256,0,0,0,ContinuousMessages,1281220,1281220,4010322,266048,1130026,0,0,0,1233481,4124757,269145,1098701,0,0,0,solo and shared
3,3,sha256,1048576,2,921271,4488892,5379420,922083,0,0,0,ContinuousMessages,922821,922821,4503754,5379420,924351,0,0,0,916855,4484151,5379420,921768,0,0,0,solo and shared
3,6,blake3-servil-mt,64,22345,1003922,4905953,16201274,1005286,0,0,0,LentMessages,1004937,1004937,4906430,16201274,1006201,0,0,0,1002912,4905162,16201274,1003480,0,0,0,solo and shared
3,7,blake3-servil-st,64,21585,984048,4811591,15585519,985420,0,0,0,LentMessages,982650,982650,4797425,15585519,983916,0,0,0,980712,4784437,15585519,982029,0,0,0,solo and shared
3,8,sha256,64,14557,916677,4481481,9113831,918015,0,0,0,LentMessages,921711,914576,4468797,9113831,915905,0,0,0,921711,4489039,9113831,923060,0,0,0,solo and shared
3,9,blake3-servil-mt,1024,1359,1034053,4913303,10916638,994437,0,0,0,LentMessages,1005993,1004498,4906667,10916637,1005795,0,0,0,1005993,4916580,10916637,1007325,0,0,0,solo and shared
3,10,blake3-servil-st,1024,1335,971951,4818189,10719864,973343,0,0,0,LentMessages,988306,986722,4820288,10719864,987968,0,0,0,988306,4825906,10719864,989630,0,0,0,solo and shared
3,11,sha256,1024,2052,944481,4709711,6565497,945774,0,0,0,LentMessages,968550,964593,4710412,6565497,965871,0,0,0,968550,4729743,6565497,969905,0,0,0,solo and shared
3,12,blake3-servil-mt,16384,323,1000977,4894542,13589113,1002359,0,0,0,LentMessages,1022276,1022276,4868817,13589113,1023606,0,0,0,1008057,4909008,13589113,1008665,0,0,0,solo and shared
3,13,blake3-servil-st,16384,312,967374,4723286,13125429,968758,0,0,0,LentMessages,968996,963161,4701903,13125429,964471,0,0,0,968996,4728894,13125429,970357,0,0,0,solo and shared
3,14,sha256,16384,141,971995,4831655,5988855,973345,0,0,0,LentMessages,986064,983093,4805956,5988855,984403,0,0,0,986064,4817338,5988855,987387,0,0,0,solo and shared
3,15,blake3-servil-mt,65536,79,1006285,4951335,13055267,1007715,0,0,0,LentMessages,1014274,1013796,4953463,13055267,1015159,0,0,0,1014274,4953633,13055267,1015694,0,0,0,solo and shared
3,16,blake3-servil-st,65536,74,948002,4630066,12228835,949430,0,0,0,LentMessages,948631,946049,4630134,12228835,946645,0,0,0,948631,4636958,12228835,950024,0,0,0,solo and shared
3,17,sha256,65536,35,992757,4851754,5895779,994193,0,0,0,LentMessages,992583,989916,4845923,5895779,990505,0,0,0,992583,4852923,5895779,993974,0,0,0,solo and shared
3,18,blake3-servil-mt,1048576,10,883231,4133175,4445948,884929,0,0,0,LentMessages,1116080,1115220,5135746,4081584,1107010,0,0,0,1116080,5205350,4225975,1118059,0,0,0,solo and shared
3,19,blake3-servil-st,1048576,5,1145563,5375812,13144744,1147249,0,0,0,LentMessages,1161046,1149043,5387933,13144744,1150219,0,0,0,1161046,5401057,13144744,1161927,0,0,0,solo and shared
3,20,sha256,1048576,2,979294,4593267,5376065,980234,0,0,0,LentMessages,979974,979736,4591563,5376065,980835,0,0,0,979974,4589118,5376065,981549,0,0,0,solo and shared
3,14,blake3-servil-mt,64,2048,127964,445121,706033,118191,0,0,0,ContinuousMessages,250031,250031,511369,708335,141201,0,0,0,241255,745783,715843,203484,0,0,0,solo and shared
3,15,sha256,64,14922,957688,4582046,9282634,958550,0,0,0,ContinuousMessages,956963,956963,4581432,9282634,957888,0,0,0,956877,4578816,9282634,957472,0,0,0,solo and shared
3,16,blake3-servil-mt,1024,3366,428349,1547950,1547106,396380,0,0,0,ContinuousMessages,639692,639692,1749679,1562034,528112,0,0,0,638498,1826610,1561377,524471,0,0,0,solo and shared
3,17,sha256,1024,2048,981376,4707679,6544510,982741,0,0,0,ContinuousMessages,999451,978094,4709258,6544510,979379,0,0,0,999451,4723304,6544510,1000846,0,0,0,solo and shared
3,18,blake3-servil-mt,16384,238,398455,1210394,284956,396681,0,0,0,ContinuousMessages,722075,713792,2706231,299601,707572,0,0,0,722075,2676656,298458,720066,0,0,0,solo and shared
3,19,sha256,16384,139,975544,4751595,5903368,977764,0,0,0,ContinuousMessages,972319,970364,4739236,5903368,971679,0,0,0,972319,4750799,5903368,973651,0,0,0,solo and shared
4,0,sha256,1048576,2,928396,4533735,5379420,929861,0,0,0,ContinuousMessages,930127,918946,4486220,5379420,920414,0,0,0,930127,4540328,5379420,931573,0,0,0,solo and shared
4,1,blake3-servil-mt,1048576,15,870848,3257223,255587,862765,0,0,0,ContinuousMessages,925406,925406,3612926,258206,838789,0,0,0,923549,3756849,257666,872815,0,0,0,solo and shared
4,3,sha256,64,14557,919912,4482052,9113831,921684,0,0,0,LentMessages,918704,917179,4476141,9113831,918473,0,0,0,918704,4485666,9113831,920055,0,0,0,solo and shared
4,4,blake3-servil-mt,64,22345,1045012,4915743,16201275,1007185,0,0,0,LentMessages,1005019,1005019,4911328,16201274,1006326,0,0,0,1004268,4906139,16201274,1005582,0,0,0,solo and shared
4,5,blake3-servil-st,64,21585,965269,4801005,15585519,966626,0,0,0,LentMessages,985269,981301,4793449,15585525,982586,0,0,0,985269,4814245,15585525,986604,0,0,0,solo and shared
4,6,sha256,1024,2052,957402,4710650,6565503,958736,0,0,0,LentMessages,968927,964737,4710493,6565497,966052,0,0,0,968927,4730816,6565497,970257,0,0,0,solo and shared
4,7,blake3-servil-mt,1024,1359,1003613,4906457,10916637,1004964,0,0,0,LentMessages,1006446,1004928,4912629,10916637,1006399,0,0,0,1006446,4916999,10916637,1007842,0,0,0,solo and shared
4,8,blake3-servil-st,1024,1335,997388,4818279,10719864,998879,0,0,0,LentMessages,989872,987032,4816468,10719864,988286,0,0,0,989872,4831026,10719864,991261,0,0,0,solo and shared
4,9,sha256,16384,141,986962,4822362,5988855,987656,0,0,0,LentMessages,1000251,1000251,4809210,5988855,1001898,0,0,0,996599,4831004,5988855,998221,0,0,0,solo and shared
4,10,blake3-servil-mt,16384,323,1029917,5003725,13589113,1031802,0,0,0,LentMessages,1057505,1013278,4933963,13589113,1014637,0,0,0,1057505,5007041,13589113,1058876,0,0,0,solo and shared
4,11,blake3-servil-st,16384,312,1007255,4746258,13125429,1008900,0,0,0,LentMessages,998534,998534,4727762,13125429,999293,0,0,0,968258,4738696,13125428,969659,0,0,0,solo and shared
4,12,sha256,65536,35,1015159,4946336,5895779,1017347,0,0,0,LentMessages,1006859,1003440,4904015,5895779,1005281,0,0,0,1006859,4917287,5895779,1008468,0,0,0,solo and shared
4,13,blake3-servil-mt,65536,79,1016557,4949816,13055267,1017976,0,0,0,LentMessages,1081124,1015583,4953374,13055267,1016895,0,0,0,1081124,4970599,13055268,1039138,0,0,0,solo and shared
4,14,blake3-servil-st,65536,74,963908,4640734,12228835,955820,0,0,0,LentMessages,948274,946540,4633447,12228835,947494,0,0,0,948274,4635519,12228835,949692,0,0,0,solo and shared
4,15,sha256,1048576,2,1000005,4887973,5376065,1000996,0,0,0,LentMessages,1038460,999748,4889960,5376065,1000953,0,0,0,1038460,5070073,5376065,1040047,0,0,0,solo and shared
4,16,blake3-servil-mt,1048576,10,860579,3818674,4196316,852979,0,0,0,LentMessages,916318,914866,4227378,4267918,910683,0,0,0,916318,4279619,4328252,917469,0,0,0,solo and shared
4,17,blake3-servil-st,1048576,5,1150290,5391784,13144744,1151284,0,0,0,LentMessages,1159276,1151058,5399411,13144744,1152625,0,0,0,1159276,5440604,13144744,1160142,0,0,0,solo and shared
4,12,sha256,64,14922,974710,4575878,9282634,975386,0,0,0,ContinuousMessages,966192,963664,4585275,9282634,964271,0,0,0,966192,4598273,9282634,966948,0,0,0,solo and shared
4,13,blake3-servil-mt,64,2048,116596,544183,705938,118076,0,0,0,ContinuousMessages,247210,247210,700281,714365,201811,0,0,0,243629,658690,711120,191375,0,0,0,solo and shared
4,14,sha256,1024,2048,964921,4705342,6544510,965681,0,0,0,ContinuousMessages,966653,963756,4707967,6544510,965016,0,0,0,966653,4723491,6544510,967936,0,0,0,solo and shared
4,15,blake3-servil-mt,1024,3366,420457,1546797,1541333,376669,0,0,0,ContinuousMessages,667564,650360,1991448,1562512,523691,0,0,0,667564,2051934,1572413,545173,0,0,0,solo and shared
4,16,sha256,16384,139,976575,4765453,5903368,977987,0,0,0,ContinuousMessages,976360,976360,4740099,5903369,972322,0,0,0,973404,4751847,5903368,974800,0,0,0,solo and shared
4,17,blake3-servil-mt,16384,238,269211,1174711,288127,267566,0,0,0,ContinuousMessages,542236,542236,1652912,303974,387561,0,0,0,538890,1866391,309007,434949,0,0,0,solo and shared
4,18,sha256,65536,34,968179,4720733,5727226,968950,0,0,0,ContinuousMessages,987722,987722,4721767,5727226,989108,0,0,0,983854,4716128,5727226,985698,0,0,0,solo and shared
4,19,blake3-servil-mt,65536,72,257020,1075491,88770,245180,0,0,0,ContinuousMessages,321151,321151,1220313,88853,287948,0,0,0,313467,1143423,89257,282815,0,0,0,solo and shared
5,0,blake3-servil-st,64,21585,984793,4810383,15585519,986293,0,0,0,LentMessages,974725,974725,4778393,15585518,975627,0,0,0,971803,4763724,15585518,972370,0,0,0,solo and shared
5,1,sha256,64,14557,910917,4465421,9113830,911604,0,0,0,LentMessages,918208,918208,4492908,9113831,919099,0,0,0,913185,4467719,9113831,913753,0,0,0,solo and shared
5,2,blake3-servil-mt,64,22345,1001336,4900354,16201274,1001931,0,0,0,LentMessages,1005136,1002917,4906862,16201274,1003748,0,0,0,1005136,4906301,16201274,1006454,0,0,0,solo and shared
5,3,blake3-servil-st,1024,1335,984004,4817439,10719864,984660,0,0,0,LentMessages,988922,983625,4813807,10719864,984446,0,0,0,988922,4832722,10719864,990231,0,0,0,solo and shared
5,4,sha256,1024,2052,961665,4707065,6565497,962309,0,0,0,LentMessages,967740,963690,4711879,6565497,964522,0,0,0,967740,4729231,6565497,969113,0,0,0,solo and shared
5,5,blake3-servil-mt,1024,1359,1004435,4906736,10916637,1005065,0,0,0,LentMessages,1008473,1001936,4904399,10916637,1002754,0,0,0,1008473,4923050,10916637,1009797,0,0,0,solo and shared
5,6,blake3-servil-st,16384,312,977453,4734227,13125429,978074,0,0,0,LentMessages,980762,959640,4697236,13125429,960467,0,0,0,980762,4738057,13125429,982086,0,0,0,solo and shared
5,7,sha256,16384,141,983407,4815419,5988855,984074,0,0,0,LentMessages,982455,979713,4802782,5988854,980534,0,0,0,982455,4816360,5988854,983760,0,0,0,solo and shared
5,8,blake3-servil-mt,16384,323,1031406,4898697,13589113,1033481,0,0,0,LentMessages,1000992,994883,4864674,13589113,995718,0,0,0,1000992,4891464,13589113,1002354,0,0,0,solo and shared
5,9,blake3-servil-st,65536,74,946429,4630649,12228835,947184,0,0,0,LentMessages,984360,947151,4634717,12228835,947979,0,0,0,984360,4647485,12228835,985811,0,0,0,solo and shared
5,10,sha256,65536,35,994782,4859887,5895779,996191,0,0,0,LentMessages,1004746,1004746,4855524,5895779,1006373,0,0,0,994427,4853026,5895779,995817,0,0,0,solo and shared
5,11,blake3-servil-mt,65536,79,1009622,4943774,13055267,1010320,0,0,0,LentMessages,1013956,1011255,4946162,13055267,1012145,0,0,0,1013956,4950015,13055267,1015426,0,0,0,solo and shared
5,12,blake3-servil-st,1048576,5,1151783,5581302,13144744,1152661,0,0,0,LentMessages,1151518,1129337,5462404,13144744,1130687,0,0,0,1151518,5622180,13144744,1153028,0,0,0,solo and shared
5,13,sha256,1048576,2,941307,4600845,5376065,942216,0,0,0,LentMessages,940926,939778,4597969,5376065,940858,0,0,0,940926,4593438,5376065,942477,0,0,0,solo and shared
5,14,blake3-servil-mt,1048576,10,837664,3918484,4610233,838598,0,0,0,LentMessages,921328,921328,4299682,4415163,922640,0,0,0,919842,4252623,4124139,916817,0,0,0,solo and shared
5,10,blake3-servil-mt,64,2048,92556,424207,704987,93278,0,0,0,ContinuousMessages,121923,114172,478281,709984,107003,0,0,0,121923,508299,714436,117991,0,0,0,solo and shared
5,11,sha256,64,14922,978888,4594872,9282634,979710,0,0,0,ContinuousMessages,978733,975812,4581286,9282634,976733,0,0,0,978733,4591286,9282634,979408,0,0,0,solo and shared
5,12,blake3-servil-mt,1024,3366,406120,1597396,1566666,379482,0,0,0,ContinuousMessages,595947,595947,1571607,1543220,372239,0,0,0,490378,1686654,1556978,435290,0,0,0,solo and shared
5,13,sha256,1024,2048,991692,4705171,6544510,992361,0,0,0,ContinuousMessages,996481,994062,4708444,6544510,994938,0,0,0,996481,4719913,6544510,997091,0,0,0,solo and shared
5,14,blake3-servil-mt,16384,238,237489,998548,283924,236067,0,0,0,ContinuousMessages,433726,427938,1781538,288550,426605,0,0,0,433726,1931259,288999,430168,0,0,0,solo and shared
5,15,sha256,16384,139,973443,4751547,5903368,974878,0,0,0,ContinuousMessages,974213,972029,4738549,5903368,973386,0,0,0,974213,4750945,5903368,975561,0,0,0,solo and shared
5,16,blake3-servil-mt,65536,72,250436,991763,94221,236994,0,0,0,ContinuousMessages,311209,311209,1065313,89564,263101,0,0,0,310743,1050521,90009,262561,0,0,0,solo and shared
5,17,sha256,65536,34,969037,4717898,5727226,970506,0,0,0,ContinuousMessages,1035359,1035359,4728712,5727227,978365,0,0,0,969473,4719072,5727226,970910,0,0,0,solo and shared
5,18,blake3-servil-mt,1048576,15,705819,3200948,255776,698686,0,0,0,ContinuousMessages,922043,920636,3856854,259806,868981,0,0,0,922043,3897467,256683,878093,0,0,0,solo and shared
5,19,sha256,1048576,2,932850,4510457,5379420,934412,0,0,0,ContinuousMessages,926718,924986,4515789,5379420,926540,0,0,0,926718,4518598,5379420,928314,0,0,0,solo and shared
6,0,sha256,1024,2052,963659,4710829,6565497,964955,0,0,0,LentMessages,969428,965374,4710653,6565497,966675,0,0,0,969428,4731485,6565497,970818,0,0,0,solo and shared
6,1,blake3-servil-st,1024,1335,985282,4816888,10719864,986678,0,0,0,LentMessages,988803,985111,4811667,10719864,986532,0,0,0,988803,4828546,10719864,990160,0,0,0,solo and shared
6,2,blake3-servil-mt,1024,1359,1006163,4902386,10916638,1007559,0,0,0,LentMessages,1018047,1018047,4901141,10916637,1019331,0,0,0,1006884,4917885,10916637,1008212,0,0,0,solo and shared
6,3,sha256,16384,141,989730,4834349,5988855,991098,0,0,0,LentMessages,990648,987586,4813522,5988855,988944,0,0,0,990648,4826091,5988855,992116,0,0,0,solo and shared
6,4,blake3-servil-st,16384,312,988800,4736247,13125429,990345,0,0,0,LentMessages,995732,989132,4831419,13125429,990782,0,0,0,995732,4857982,13125429,997301,0,0,0,solo and shared
6,5,blake3-servil-mt,16384,323,1001334,4892920,13589113,1002828,0,0,0,LentMessages,1089023,1013960,4905358,13589113,1014944,0,0,0,1089023,5225864,13589114,1076715,0,0,0,solo and shared
6,6,sha256,65536,35,1008504,4912561,5895780,1010046,0,0,0,LentMessages,1031028,1031028,5026632,5895779,1032562,0,0,0,1026707,5004313,5895779,1028179,0,0,0,solo and shared
6,7,blake3-servil-st,65536,74,1046198,5007746,12228841,1047208,0,0,0,LentMessages,1016325,953815,4641701,12228835,955207,0,0,0,1016325,4972044,12228835,1017289,0,0,0,solo and shared
6,8,blake3-servil-mt,65536,79,1080083,5286920,13055267,1080769,0,0,0,LentMessages,1086757,1039175,4954944,13055267,1040521,0,0,0,1086757,5312095,13055267,1087660,0,0,0,solo and shared
6,9,sha256,1048576,2,989917,4927347,5376065,991071,0,0,0,LentMessages,1038246,1038246,5067362,5376065,1039689,0,0,0,1029701,5032240,5376065,1031057,0,0,0,solo and shared
6,10,blake3-servil-st,1048576,5,1141811,5688307,13144744,1142879,0,0,0,LentMessages,1183462,1105024,5456669,13144745,1121031,0,0,0,1183462,5722743,13144745,1184628,0,0,0,solo and shared
6,11,blake3-servil-mt,1048576,10,884479,4157602,4023621,885547,0,0,0,LentMessages,971873,971873,4555629,3925578,973131,0,0,0,970275,4516597,4393395,971994,0,0,0,solo and shared
6,8,sha256,64,14922,981891,4604006,9282634,983379,0,0,0,ContinuousMessages,979221,979221,4589734,9282634,979877,0,0,0,975003,4574179,9282634,975653,0,0,0,solo and shared
6,9,blake3-servil-mt,64,2048,121329,554087,706072,122156,0,0,0,ContinuousMessages,147157,135884,544372,706349,123214,0,0,0,147157,536340,713452,126630,0,0,0,solo and shared
6,10,sha256,1024,2048,1003293,4706945,6544510,1004145,0,0,0,ContinuousMessages,1006660,1003874,4705426,6544510,1004478,0,0,0,1006660,4722552,6544510,1007553,0,0,0,solo and shared
6,11,blake3-servil-mt,1024,3366,402452,1456443,1545158,358077,0,0,0,ContinuousMessages,663566,663566,1913013,1558298,440171,0,0,0,560780,1860406,1551726,492909,0,0,0,solo and shared
6,12,sha256,16384,139,977200,4767519,5903368,978019,0,0,0,ContinuousMessages,989289,989289,4739185,5903368,990605,0,0,0,975108,4766131,5903368,975992,0,0,0,solo and shared
6,13,blake3-servil-mt,16384,238,283169,1100561,282853,280809,0,0,0,ContinuousMessages,460254,460254,2072160,286981,458618,0,0,0,456279,2043611,289058,453034,0,0,0,solo and shared
6,14,sha256,65536,34,974505,4732550,5727226,975984,0,0,0,ContinuousMessages,970001,966662,4719315,5727226,968008,0,0,0,970001,4727985,5727226,971404,0,0,0,solo and shared
6,15,blake3-servil-mt,65536,72,249352,1044936,88151,240075,0,0,0,ContinuousMessages,375893,375893,1339528,88355,309917,0,0,0,336336,1166115,89105,306010,0,0,0,solo and shared
6,16,sha256,1048576,2,936564,4568238,5379420,937420,0,0,0,ContinuousMessages,942340,929506,4523952,5379420,930948,0,0,0,942340,4592298,5379420,943867,0,0,0,solo and shared
6,17,blake3-servil-mt,1048576,15,745788,3210270,256076,707072,0,0,0,ContinuousMessages,904587,903795,3625330,258145,846444,0,0,0,904587,3720106,257541,850851,0,0,0,solo and shared
6,27,sha256,64,14557,916680,4468120,9113831,918285,0,0,0,LentMessages,917148,917148,4483159,9113831,918438,0,0,0,916266,4479671,9113831,917584,0,0,0,solo and shared
6,28,blake3-servil-st,64,21585,977647,4786287,15585519,978192,0,0,0,LentMessages,978826,978826,4783066,15585519,980094,0,0,0,976139,4773974,15585519,977442,0,0,0,solo and shared
6,29,blake3-servil-mt,64,22345,1003694,4908018,16201274,1005025,0,0,0,LentMessages,1004499,1004499,4908463,16201274,1005744,0,0,0,1003490,4905465,16201274,1004824,0,0,0,solo and shared
7,0,blake3-servil-st,16384,312,1053136,4750154,13125430,1017535,0,0,0,LentMessages,986352,963823,4709597,13125429,965160,0,0,0,986352,4726293,13125429,987874,0,0,0,solo and shared
7,1,blake3-servil-mt,16384,323,1001680,4893110,13589113,1003107,0,0,0,LentMessages,1000916,997488,4872984,13589113,998788,0,0,0,1000916,4889283,13589113,1002284,0,0,0,solo and shared
7,2,sha256,16384,141,982337,4815704,5988854,983689,0,0,0,LentMessages,986857,984528,4807161,5988855,985865,0,0,0,986857,4817250,5988855,988223,0,0,0,solo and shared
7,3,blake3-servil-st,65536,74,949154,4633112,12228835,950557,0,0,0,LentMessages,968178,968178,4645812,12228835,969544,0,0,0,950816,4639939,12228835,952232,0,0,0,solo and shared
7,4,blake3-servil-mt,65536,79,1012005,4945029,13055267,1013437,0,0,0,LentMessages,1038796,1013255,4952689,13055267,1014614,0,0,0,1038796,4948954,13055267,1039387,0,0,0,solo and shared
7,5,sha256,65536,35,995136,4861315,5895779,996565,0,0,0,LentMessages,995410,995410,4853137,5895779,996777,0,0,0,995235,4853361,5895779,996662,0,0,0,solo and shared
7,6,blake3-servil-st,1048576,5,1146313,5478046,13144744,1147161,0,0,0,LentMessages,1132520,1129962,5515990,13144744,1131481,0,0,0,1132520,5529699,13144744,1134102,0,0,0,solo and shared
7,7,blake3-servil-mt,1048576,10,834539,3893775,3882389,836300,0,0,0,LentMessages,914666,914666,4260717,4475200,916272,0,0,0,913626,4234147,4267641,910508,0,0,0,solo and shared
7,8,sha256,1048576,2,992447,4624135,5376066,989454,0,0,0,LentMessages,1219769,1219769,5655124,5376067,1211553,0,0,0,1203472,5644457,5376065,1204457,0,0,0,solo and shared
7,6,blake3-servil-mt,64,2048,92536,427096,704789,93227,0,0,0,ContinuousMessages,128396,128396,576884,724422,126322,0,0,0,109859,452644,706555,102568,0,0,0,solo and shared
7,7,sha256,64,14922,974236,4573281,9282634,974894,0,0,0,ContinuousMessages,976369,975644,4577715,9282634,976468,0,0,0,976369,4577250,9282634,977762,0,0,0,solo and shared
7,8,blake3-servil-mt,1024,3366,428930,1539660,1542859,385688,0,0,0,ContinuousMessages,674874,674874,1500784,1547013,375508,0,0,0,515325,1566188,1549189,440508,0,0,0,solo and shared
7,9,sha256,1024,2048,964533,4708991,6544510,965900,0,0,0,ContinuousMessages,966103,962254,4706382,6544510,962833,0,0,0,966103,4722625,6544510,967448,0,0,0,solo and shared
7,10,blake3-servil-mt,16384,238,253859,1136181,284157,252125,0,0,0,ContinuousMessages,406749,405721,1843783,287764,404417,0,0,0,406749,1834798,287041,404075,0,0,0,solo and shared
7,11,sha256,16384,139,978756,4750044,5903368,980281,0,0,0,ContinuousMessages,973229,973056,4739176,5903368,974339,0,0,0,973229,4746746,5903368,973821,0,0,0,solo and shared
7,12,blake3-servil-mt,65536,72,243235,987469,88466,230097,0,0,0,ContinuousMessages,339542,337232,1023422,89406,253828,0,0,0,339542,988016,90201,250073,0,0,0,solo and shared
7,13,sha256,65536,34,980761,4720059,5727226,982208,0,0,0,ContinuousMessages,970232,970232,4734725,5727226,971610,0,0,0,967853,4721830,5727226,969265,0,0,0,solo and shared
7,14,blake3-servil-mt,1048576,15,723345,3262335,255796,714355,0,0,0,ContinuousMessages,908475,908475,3699795,257145,843638,0,0,0,906313,3736838,256594,848253,0,0,0,solo and shared
7,15,sha256,1048576,2,918973,4481090,5379420,920577,0,0,0,ContinuousMessages,925604,925604,4503004,5379420,927184,0,0,0,922977,4492206,5379420,924445,0,0,0,solo and shared
7,24,blake3-servil-st,64,21585,981016,4787256,15585519,982469,0,0,0,LentMessages,980501,980501,4784723,15585519,981849,0,0,0,978364,4776357,15585519,979663,0,0,0,solo and shared
7,25,blake3-servil-mt,64,22345,1004011,4906726,16201274,1005332,0,0,0,LentMessages,1059929,1013495,4938097,16201274,1014930,0,0,0,1059929,4926537,16201275,1018619,0,0,0,solo and shared
7,26,sha256,64,14557,917040,4477328,9113831,918497,0,0,0,LentMessages,925835,925835,4489476,9113831,927279,0,0,0,923021,4478627,9113831,924355,0,0,0,solo and shared
7,27,blake3-servil-st,1024,1335,998699,4830454,10719864,1001562,0,0,0,LentMessages,1006324,1006054,4826944,10719864,1008277,0,0,0,1006324,4833171,10719864,1008051,0,0,0,solo and shared
7,28,blake3-servil-mt,1024,1359,1022822,4910874,10916637,1024470,0,0,0,LentMessages,1008926,1007482,4909196,10916637,1008966,0,0,0,1008926,4916255,10916637,1010672,0,0,0,solo and shared
7,29,sha256,1024,2052,968776,4716455,6565497,971134,0,0,0,LentMessages,975829,975534,4722576,6565497,977217,0,0,0,975829,4735112,6565497,977566,0,0,0,solo and shared
8,0,blake3-servil-mt,65536,79,1044869,5058831,13055267,1046859,0,0,0,LentMessages,1045988,1026331,5002247,13055267,1028007,0,0,0,1045988,5014261,13055267,1047621,0,0,0,solo and shared
8,1,sha256,65536,35,993786,4856225,5895779,995202,0,0,0,LentMessages,996070,996070,4858598,5895779,997533,0,0,0,994963,4853623,5895779,996415,0,0,0,solo and shared
8,2,blake3-servil-st,65536,74,958311,4638223,12228835,959720,0,0,0,LentMessages,953073,953073,4645635,12228835,954540,0,0,0,949974,4635636,12228835,951390,0,0,0,solo and shared
8,3,blake3-servil-mt,1048576,10,918068,4179194,3798113,911984,0,0,0,LentMessages,1000672,1000672,4627892,4374494,997351,0,0,0,999854,4543683,3888833,1001533,0,0,0,solo and shared
8,4,sha256,1048576,2,980166,4597923,5376065,981623,0,0,0,LentMessages,984404,984214,4618049,5376065,985349,0,0,0,984404,4617140,5376065,985282,0,0,0,solo and shared
8,5,blake3-servil-st,1048576,5,1189949,5574235,13144745,1190869,0,0,0,LentMessages,1207633,1207633,5683372,13144744,1208779,0,0,0,1143883,5375000,13144744,1145459,0,0,0,solo and shared
8,4,sha256,64,14922,946506,4583070,9282635,947205,0,0,0,ContinuousMessages,939912,936652,4580384,9282634,937478,0,0,0,939912,4588744,9282634,941252,0,0,0,solo and shared
8,5,blake3-servil-mt,64,2048,179092,632812,784679,179789,0,0,0,ContinuousMessages,205920,205920,496532,705996,122099,0,0,0,134732,511842,710223,124173,0,0,0,solo and shared
8,6,sha256,1024,2048,964253,4707692,6544510,965611,0,0,0,ContinuousMessages,967621,964303,4707727,6544510,965594,0,0,0,967621,4722890,6544510,968947,0,0,0,solo and shared
8,7,blake3-servil-mt,1024,3366,440354,1773486,1555611,418057,0,0,0,ContinuousMessages,652819,652819,1870613,1561241,509641,0,0,0,650613,1942125,1569284,529964,0,0,0,solo and shared
8,8,sha256,16384,139,970479,4751045,5903368,971644,0,0,0,ContinuousMessages,972241,968824,4740189,5903368,969748,0,0,0,972241,4751535,5903368,973602,0,0,0,solo and shared
8,9,blake3-servil-mt,16384,238,306637,1331027,284336,297803,0,0,0,ContinuousMessages,430371,430371,1953776,287598,428829,0,0,0,428901,1941560,287079,424911,0,0,0,solo and shared
8,10,sha256,65536,34,967614,4719852,5727226,968963,0,0,0,ContinuousMessages,967964,967964,4723413,5727226,969376,0,0,0,967631,4722663,5727226,969027,0,0,0,solo and shared
8,11,blake3-servil-mt,65536,72,266134,1111859,88189,255361,0,0,0,ContinuousMessages,350292,350292,1321939,88762,313186,0,0,0,342051,1262366,89410,300683,0,0,0,solo and shared
8,12,sha256,1048576,2,940456,4568215,5379420,942601,0,0,0,ContinuousMessages,950917,942563,4576191,5379420,946543,0,0,0,950917,4612888,5379420,952520,0,0,0,solo and shared
8,13,blake3-servil-mt,1048576,15,747603,3282793,255762,720713,0,0,0,ContinuousMessages,919379,910287,3618411,258014,822871,0,0,0,919379,3662421,256224,834608,0,0,0,solo and shared
8,21,blake3-servil-mt,64,22345,1005169,4904368,16201274,1006055,0,0,0,LentMessages,1004319,1004319,4905286,16201274,1005577,0,0,0,1004066,4905585,16201274,1005358,0,0,0,solo and shared
8,22,sha256,64,14557,915553,4470098,9113831,916954,0,0,0,LentMessages,917579,914320,4471442,9113831,915622,0,0,0,917579,4485533,9113831,918894,0,0,0,solo and shared
8,23,blake3-servil-st,64,21585,976492,4770944,15585519,977834,0,0,0,LentMessages,981042,978242,4782112,15585519,979509,0,0,0,981042,4793122,15585519,982409,0,0,0,solo and shared
8,24,blake3-servil-mt,1024,1359,1003747,4903180,10916637,1005078,0,0,0,LentMessages,1006315,1001940,4900057,10916637,1003210,0,0,0,1006315,4917939,10916637,1007628,0,0,0,solo and shared
8,25,sha256,1024,2052,963786,4710989,6565497,965126,0,0,0,LentMessages,968010,963821,4710835,6565497,965079,0,0,0,968010,4730620,6565497,969335,0,0,0,solo and shared
8,26,blake3-servil-st,1024,1335,1005916,4816568,10719864,1007280,0,0,0,LentMessages,988942,984745,4815741,10719864,986004,0,0,0,988942,4833103,10719864,990265,0,0,0,solo and shared
8,27,blake3-servil-mt,16384,323,1001376,4894453,13589113,1002785,0,0,0,LentMessages,1013811,1013811,4874208,13589113,1014464,0,0,0,1011826,4903572,13589113,1013112,0,0,0,solo and shared
8,28,sha256,16384,141,985976,4817788,5988855,987335,0,0,0,LentMessages,985416,980883,4801799,5988855,981511,0,0,0,985416,4817463,5988855,986744,0,0,0,solo and shared
8,29,blake3-servil-st,16384,312,967448,4729331,13125429,968835,0,0,0,LentMessages,968264,963134,4706060,13125429,964449,0,0,0,968264,4729724,13125429,969597,0,0,0,solo and shared
9,0,blake3-servil-mt,1048576,10,868150,4016847,4241296,869039,0,0,0,LentMessages,952969,952461,4265342,4123866,949316,0,0,0,952969,4394901,4246743,950126,0,0,0,solo and shared
9,1,blake3-servil-st,1048576,5,1143561,5363213,13144744,1144519,0,0,0,LentMessages,1153561,1147922,5382582,13144744,1148720,0,0,0,1153561,5411798,13144744,1154629,0,0,0,solo and shared
9,2,sha256,1048576,2,977442,4579033,5376065,979029,0,0,0,LentMessages,964308,950562,4581513,5376065,951415,0,0,0,964308,4609686,5376066,961260,0,0,0,solo and shared
9,2,blake3-servil-mt,64,2048,268087,1078879,815075,263814,0,0,0,ContinuousMessages,281989,228663,781502,733261,189437,0,0,0,281989,630874,713487,173507,0,0,0,solo and shared
9,3,sha256,64,14922,939894,4591807,9282634,941230,0,0,0,ContinuousMessages,940639,940035,4579356,9282634,941340,0,0,0,940639,4582538,9282634,942461,0,0,0,solo and shared
9,4,blake3-servil-mt,1024,3366,457027,1701102,1567031,413458,0,0,0,ContinuousMessages,690640,690640,1633790,1559621,382019,0,0,0,537693,1773429,1558550,446259,0,0,0,solo and shared
9,5,sha256,1024,2048,952519,4707929,6544510,953892,0,0,0,ContinuousMessages,967220,964253,4707463,6544510,965525,0,0,0,967220,4722046,6544510,968527,0,0,0,solo and shared
9,6,blake3-servil-mt,16384,238,269215,1178865,288250,266999,0,0,0,ContinuousMessages,446479,446479,2018599,288900,445121,0,0,0,444045,1956133,287883,434963,0,0,0,solo and shared
9,7,sha256,16384,139,986844,4748629,5903368,988218,0,0,0,ContinuousMessages,974108,971838,4739499,5903368,973141,0,0,0,974108,4751137,5903368,975463,0,0,0,solo and shared
9,8,blake3-servil-mt,65536,72,245362,982036,88692,232524,0,0,0,ContinuousMessages,302390,302390,1075743,89246,265308,0,0,0,300738,1053823,89496,258859,0,0,0,solo and shared
9,9,sha256,65536,34,966015,4720355,5727225,966732,0,0,0,ContinuousMessages,986860,986772,4786576,5727226,988170,0,0,0,986860,4788018,5727226,988385,0,0,0,solo and shared
9,10,blake3-servil-mt,1048576,15,715751,3224304,255949,703585,0,0,0,ContinuousMessages,903309,895894,3629702,256718,820044,0,0,0,903309,3686737,256764,847525,0,0,0,solo and shared
9,11,sha256,1048576,2,920031,4477592,5379420,921634,0,0,0,ContinuousMessages,936435,925037,4483021,5379420,926488,0,0,0,936435,4483907,5379421,928031,0,0,0,solo and shared
9,18,blake3-servil-mt,64,22345,1004277,4907668,16201274,1005648,0,0,0,LentMessages,1024162,1024162,4907888,16201274,1025448,0,0,0,1023817,4906502,16201274,1025153,0,0,0,solo and shared
9,19,blake3-servil-st,64,21585,986019,4812985,15585519,987408,0,0,0,LentMessages,1003853,1003853,4810002,15585519,1005348,0,0,0,1000218,4792878,15585519,1001677,0,0,0,solo and shared
9,20,sha256,64,14557,968071,4482456,9113832,925604,0,0,0,LentMessages,934765,934765,4472646,9113831,936117,0,0,0,934286,4473962,9113831,935595,0,0,0,solo and shared
9,21,blake3-servil-mt,1024,1359,1011538,4896486,10916637,1012959,0,0,0,LentMessages,1046149,1025806,4908519,10916637,1027299,0,0,0,1046149,4919154,10916638,1047733,0,0,0,solo and shared
9,22,blake3-servil-st,1024,1335,1008679,4823464,10719864,1010127,0,0,0,LentMessages,1010240,1005712,4811166,10719864,1007288,0,0,0,1010240,4828605,10719864,1011683,0,0,0,solo and shared
9,23,sha256,1024,2052,995216,4714028,6565497,996805,0,0,0,LentMessages,999101,991904,4722746,6565497,993337,0,0,0,999101,4746835,6565497,1000678,0,0,0,solo and shared
9,24,blake3-servil-mt,16384,323,1017828,4913887,13589113,1015882,0,0,0,LentMessages,1043501,1019509,4896826,13589113,1020969,0,0,0,1043501,5060007,13589113,1045262,0,0,0,solo and shared
9,25,blake3-servil-st,16384,312,983002,4727853,13125429,984412,0,0,0,LentMessages,976697,965943,4700463,13125429,967528,0,0,0,976697,4743457,13125429,978012,0,0,0,solo and shared
9,26,sha256,16384,141,988210,4818437,5988855,989657,0,0,0,LentMessages,985517,985228,4805820,5988855,986534,0,0,0,985517,4814926,5988855,986143,0,0,0,solo and shared
9,27,blake3-servil-mt,65536,79,1015648,4962226,13055267,1017049,0,0,0,LentMessages,1072072,1072072,5075360,13055267,1073490,0,0,0,1018578,4973027,13055267,1019204,0,0,0,solo and shared
9,28,blake3-servil-st,65536,74,947924,4631466,12228835,949358,0,0,0,LentMessages,971883,971883,4648056,12228835,973252,0,0,0,965489,4629352,12228835,966066,0,0,0,solo and shared
9,29,sha256,65536,35,994784,4860238,5895779,995438,0,0,0,LentMessages,996102,996102,4862685,5895779,997485,0,0,0,994849,4856367,5895779,996292,0,0,0,solo and shared
10,0,sha256,64,14922,949097,4574778,9282634,950375,0,0,0,ContinuousMessages,952027,952027,4580828,9282635,947126,0,0,0,947431,4600127,9282634,948790,0,0,0,solo and shared
10,1,blake3-servil-mt,64,2048,125411,472866,706432,105654,0,0,0,ContinuousMessages,301314,301314,607328,724004,172019,0,0,0,258186,509795,706553,145555,0,0,0,solo and shared
10,2,sha256,1024,2048,964701,4707899,6544510,966038,0,0,0,ContinuousMessages,967458,964065,4706993,6544510,964675,0,0,0,967458,4724863,6544510,968100,0,0,0,solo and shared
10,3,blake3-servil-mt,1024,3366,467368,1731024,1570149,423823,0,0,0,ContinuousMessages,713666,603190,1658086,1537900,371656,0,0,0,713666,1900178,1588692,448923,0,0,0,solo and shared
10,4,sha256,16384,139,973119,4752328,5903368,974503,0,0,0,ContinuousMessages,976363,969927,4738399,5903368,971234,0,0,0,976363,4761816,5903368,977104,0,0,0,solo and shared
10,5,blake3-servil-mt,16384,238,260861,1162509,283132,259101,0,0,0,ContinuousMessages,474053,473467,2016165,287076,449557,0,0,0,474053,2122034,287632,469492,0,0,0,solo and shared
10,6,sha256,65536,34,981756,4723640,5727226,983224,0,0,0,ContinuousMessages,986280,986048,4715751,5727226,987454,0,0,0,986280,4715153,5727226,987703,0,0,0,solo and shared
10,7,blake3-servil-mt,65536,72,275951,1064368,88278,269571,0,0,0,ContinuousMessages,359501,359501,1307160,89463,334845,0,0,0,347657,1353876,88515,323223,0,0,0,solo and shared
10,8,sha256,1048576,2,944799,4611128,5379420,946410,0,0,0,ContinuousMessages,953014,922044,4502057,5379420,923506,0,0,0,953014,4655134,5379420,954441,0,0,0,solo and shared
10,9,blake3-servil-mt,1048576,15,723649,3300947,256441,718133,0,0,0,ContinuousMessages,903218,893462,3707353,258931,849596,0,0,0,903218,3685482,256503,865631,0,0,0,solo and shared
10,15,sha256,64,14557,924728,4483952,9113831,925483,0,0,0,LentMessages,915774,915774,4471945,9113831,917093,0,0,0,915657,4479377,9113831,916256,0,0,0,solo and shared
10,16,blake3-servil-mt,64,22345,1008981,4925752,16201274,1010443,0,0,0,LentMessages,1004935,1004935,4910534,16201274,1006274,0,0,0,1002804,4905208,16201274,1004105,0,0,0,solo and shared
10,17,blake3-servil-st,64,21585,1013531,4815401,15585519,1015000,0,0,0,LentMessages,981282,978798,4784647,15585520,979424,0,0,0,981282,4806379,15585519,981861,0,0,0,solo and shared
10,18,sha256,1024,2052,1004831,4718799,6565498,956586,0,0,0,LentMessages,966881,963360,4711123,6565497,964706,0,0,0,966881,4730034,6565497,968204,0,0,0,solo and shared
10,19,blake3-servil-mt,1024,1359,986852,4898908,10916637,988198,0,0,0,LentMessages,1028759,1028759,4911961,10916637,1030052,0,0,0,1005729,4918244,10916637,1007045,0,0,0,solo and shared
10,20,blake3-servil-st,1024,1335,965313,4819218,10719863,966630,0,0,0,LentMessages,988772,987272,4820048,10719864,988587,0,0,0,988772,4825578,10719864,990102,0,0,0,solo and shared
10,21,sha256,16384,141,989427,4830462,5988855,990865,0,0,0,LentMessages,987153,983686,4806632,5988855,985032,0,0,0,987153,4829457,5988855,987761,0,0,0,solo and shared
10,22,blake3-servil-mt,16384,323,1006866,4897604,13589113,1008285,0,0,0,LentMessages,1014496,997592,4869294,13589113,998953,0,0,0,1014496,4903211,13589113,1015848,0,0,0,solo and shared
10,23,blake3-servil-st,16384,312,966285,4723214,13125429,967686,0,0,0,LentMessages,968301,961982,4701841,13125429,963332,0,0,0,968301,4728105,13125429,969654,0,0,0,solo and shared
10,24,sha256,65536,35,977801,4852666,5895779,979210,0,0,0,LentMessages,994184,993106,4854087,5895779,994475,0,0,0,994184,4853992,5895779,995593,0,0,0,solo and shared
10,25,blake3-servil-mt,65536,79,1005518,4941557,13055267,1006148,0,0,0,LentMessages,1043968,1043968,4954248,13055267,1045380,0,0,0,1014186,4950265,13055267,1015612,0,0,0,solo and shared
10,26,blake3-servil-st,65536,74,942997,4628923,12228835,944423,0,0,0,LentMessages,968657,948684,4636709,12228835,950075,0,0,0,968657,4642994,12228835,970041,0,0,0,solo and shared
10,27,sha256,1048576,2,977729,4827554,5376065,979264,0,0,0,LentMessages,1089246,1089246,5093870,5376066,1049786,0,0,0,1042173,5088999,5376065,1043667,0,0,0,solo and shared
10,28,blake3-servil-mt,1048576,10,901111,4179744,4567548,902767,0,0,0,LentMessages,908003,907229,4186669,4289073,903751,0,0,0,908003,4237599,4334065,909680,0,0,0,solo and shared
10,29,blake3-servil-st,1048576,5,1146683,5381579,13144744,1148299,0,0,0,LentMessages,1163539,1149704,5368525,13144744,1150531,0,0,0,1163539,5414512,13144744,1164411,0,0,0,solo and shared
11,0,blake3-servil-mt,1024,3366,494694,1829904,1602447,414109,0,0,0,ContinuousMessages,612283,609736,1807093,1572693,495548,0,0,0,612283,1669325,1558815,474757,0,0,0,solo and shared
11,1,sha256,1024,2048,965832,4708483,6544510,967199,0,0,0,ContinuousMessages,967674,964216,4709904,6544510,965511,0,0,0,967674,4724012,6544510,969009,0,0,0,solo and shared
11,2,blake3-servil-mt,16384,238,301026,1270939,284157,299061,0,0,0,ContinuousMessages,407801,407801,1857458,287995,406398,0,0,0,395180,1796447,288113,393159,0,0,0,solo and shared
11,3,sha256,16384,139,974116,4749773,5903368,975531,0,0,0,ContinuousMessages,972667,970906,4741030,5903368,972215,0,0,0,972667,4751401,5903368,974018,0,0,0,solo and shared
11,4,blake3-servil-mt,65536,72,242250,977341,88430,226360,0,0,0,ContinuousMessages,328060,324734,1022480,90156,259991,0,0,0,328060,1032344,90768,269473,0,0,0,solo and shared
11,5,sha256,65536,34,984469,4724944,5727226,985986,0,0,0,ContinuousMessages,985999,985696,4720011,5727226,987100,0,0,0,985999,4719458,5727226,987449,0,0,0,solo and shared
11,6,blake3-servil-mt,1048576,15,818289,3256585,257067,731600,0,0,0,ContinuousMessages,965819,957893,3656397,263257,861913,0,0,0,965819,3798459,258125,875065,0,0,0,solo and shared
11,7,sha256,1048576,2,938928,4492142,5379420,940427,0,0,0,ContinuousMessages,933840,932202,4469688,5379420,932936,0,0,0,933840,4476756,5379420,934612,0,0,0,solo and shared
11,12,blake3-servil-st,64,21585,1008369,4821217,15585519,1010100,0,0,0,LentMessages,982466,979306,4774216,15585519,980051,0,0,0,982466,4784021,15585519,983907,0,0,0,solo and shared
11,13,sha256,64,14557,939313,4486215,9113831,940785,0,0,0,LentMessages,918939,916598,4469161,9113831,917242,0,0,0,918939,4480541,9113831,919530,0,0,0,solo and shared
11,14,blake3-servil-mt,64,22345,1003883,4911039,16201274,1005727,0,0,0,LentMessages,1004746,1003715,4910438,16201274,1004781,0,0,0,1004746,4908396,16201274,1006269,0,0,0,solo and shared
11,15,blake3-servil-st,1024,1335,987761,4817980,10719864,989306,0,0,0,LentMessages,1001071,995916,4839998,10719864,997101,0,0,0,1001071,4859190,10719864,1002689,0,0,0,solo and shared
11,16,sha256,1024,2052,949987,4715318,6565497,951553,0,0,0,LentMessages,969955,963215,4711165,6565497,964667,0,0,0,969955,4730810,6565497,971473,0,0,0,solo and shared
11,17,blake3-servil-mt,1024,1359,1003972,4902720,10916637,1005305,0,0,0,LentMessages,1010111,1006020,4901316,10916637,1007302,0,0,0,1010111,4913650,10916637,1011465,0,0,0,solo and shared
11,18,blake3-servil-st,16384,312,978622,4737755,13125429,980063,0,0,0,LentMessages,983320,983320,4704007,13125429,984658,0,0,0,970244,4737052,13125429,971615,0,0,0,solo and shared
11,19,sha256,16384,141,986659,4817455,5988855,988073,0,0,0,LentMessages,987984,986756,4805839,5988855,988117,0,0,0,987984,4820270,5988855,989380,0,0,0,solo and shared
11,20,blake3-servil-mt,16384,323,993295,4891240,13589113,994693,0,0,0,LentMessages,1007967,996642,4864972,13589113,997999,0,0,0,1007967,4894908,13589113,1009332,0,0,0,solo and shared
11,21,blake3-servil-st,65536,74,942022,4643769,12228835,943449,0,0,0,LentMessages,953371,953371,4653460,12228835,954767,0,0,0,952729,4656413,12228835,954159,0,0,0,solo and shared
11,22,sha256,65536,35,987942,4851288,5895779,989327,0,0,0,LentMessages,1382734,1369965,4862303,5895781,1031109,0,0,0,1382734,4854940,5895780,1384191,0,0,0,solo and shared
11,23,blake3-servil-mt,65536,79,1012044,4943108,13055267,1013463,0,0,0,LentMessages,1014158,1013244,4950470,13055267,1014606,0,0,0,1014158,4953615,13055267,1015615,0,0,0,solo and shared
11,24,blake3-servil-st,1048576,5,1167522,5715768,13144744,1169055,0,0,0,LentMessages,1201298,1201298,5874208,13144744,1202821,0,0,0,1194209,5824666,13144745,1195778,0,0,0,solo and shared
11,25,sha256,1048576,2,943908,4616547,5376065,945439,0,0,0,LentMessages,943284,943284,4597130,5376065,944745,0,0,0,942243,4593715,5376065,943808,0,0,0,solo and shared
11,26,blake3-servil-mt,1048576,10,921389,4153393,4319802,923241,0,0,0,LentMessages,1127695,1126104,5171761,4038405,1118602,0,0,0,1127695,5262171,4207108,1129772,0,0,0,solo and shared
11,18,blake3-servil-mt,64,2048,96061,444766,704992,97508,0,0,0,ContinuousMessages,129521,128966,518520,714439,119049,0,0,0,129521,567924,708034,126511,0,0,0,solo and shared
11,19,sha256,64,14922,980831,4596761,9282634,981476,0,0,0,ContinuousMessages,976676,976676,4579814,9282634,977282,0,0,0,976393,4578261,9282634,977075,0,0,0,solo and shared
12,0,sha256,16384,139,1014341,4759525,5903368,1014956,0,0,0,ContinuousMessages,995957,988806,4735824,5903368,989404,0,0,0,995957,4762847,5903368,997335,0,0,0,solo and shared
12,1,blake3-servil-mt,16384,238,261962,1125564,284148,260360,0,0,0,ContinuousMessages,380186,376478,1704986,287334,375081,0,0,0,380186,1716875,287271,378261,0,0,0,solo and shared
12,2,sha256,65536,34,987954,4721182,5727226,989515,0,0,0,ContinuousMessages,981855,981855,4718804,5727227,975948,0,0,0,968992,4711881,5727226,969602,0,0,0,solo and shared
12,3,blake3-servil-mt,65536,72,247993,1047433,88223,236384,0,0,0,ContinuousMessages,336490,335905,1238589,89688,302137,0,0,0,336490,1208026,89402,297959,0,0,0,solo and shared
12,4,sha256,1048576,2,924622,4503154,5379420,926125,0,0,0,ContinuousMessages,946952,945682,4489930,5379420,947180,0,0,0,946952,4526532,5379420,948446,0,0,0,solo and shared
12,5,blake3-servil-mt,1048576,15,722885,3235012,256158,706663,0,0,0,ContinuousMessages,892055,892055,3419884,257702,790223,0,0,0,887004,3481579,256933,805140,0,0,0,solo and shared
12,9,sha256,64,14557,902716,4471003,9113831,905804,0,0,0,LentMessages,917608,915864,4472936,9113831,917154,0,0,0,917608,4479966,9113831,918941,0,0,0,solo and shared
12,10,blake3-servil-st,64,21585,970098,4808178,15585519,971447,0,0,0,LentMessages,979963,979963,4790406,15585519,981252,0,0,0,975569,4767114,15585519,976880,0,0,0,solo and shared
12,11,blake3-servil-mt,64,22345,1010904,4906491,16201274,1012237,0,0,0,LentMessages,1005093,1005093,4910566,16201274,1006397,0,0,0,1004241,4905747,16201274,1005569,0,0,0,solo and shared
12,12,sha256,1024,2052,943018,4708896,6565496,944305,0,0,0,LentMessages,995730,960585,4709136,6565496,961849,0,0,0,995730,4731025,6565497,997019,0,0,0,solo and shared
12,13,blake3-servil-st,1024,1335,987760,4820456,10719864,989112,0,0,0,LentMessages,990115,985807,4815745,10719864,987087,0,0,0,990115,4834419,10719864,991455,0,0,0,solo and shared
12,14,blake3-servil-mt,1024,1359,984344,4896389,10916637,985679,0,0,0,LentMessages,1005917,1002682,4897555,10916637,1003968,0,0,0,1005917,4912986,10916637,1007246,0,0,0,solo and shared
12,15,sha256,16384,141,988199,4830657,5988855,989605,0,0,0,LentMessages,988423,981903,4804449,5988855,982494,0,0,0,988423,4829766,5988855,989769,0,0,0,solo and shared
12,16,blake3-servil-st,16384,312,974264,4733008,13125429,974871,0,0,0,LentMessages,982541,982541,4706449,13125429,983861,0,0,0,973407,4737884,13125429,974784,0,0,0,solo and shared
12,17,blake3-servil-mt,16384,323,990471,4890933,13589113,991899,0,0,0,LentMessages,1044635,1044635,4873167,13589114,1003938,0,0,0,1002574,4894462,13589113,1003950,0,0,0,solo and shared
12,18,sha256,65536,35,994668,4861922,5895779,996109,0,0,0,LentMessages,993975,993612,4853706,5895779,994962,0,0,0,993975,4854134,5895779,995378,0,0,0,solo and shared
12,19,blake3-servil-st,65536,74,978858,4638033,12228835,980281,0,0,0,LentMessages,952252,952252,4645767,12228835,953609,0,0,0,949589,4638479,12228835,951022,0,0,0,solo and shared
12,20,blake3-servil-mt,65536,79,1011553,4940702,13055267,1013008,0,0,0,LentMessages,1014271,1012404,4947251,13055267,1013745,0,0,0,1014271,4954097,13055267,1015666,0,0,0,solo and shared
12,21,sha256,1048576,2,956028,4669617,5376065,957580,0,0,0,LentMessages,954903,954903,4662976,5376065,956400,0,0,0,954654,4659550,5376065,956168,0,0,0,solo and shared
12,22,blake3-servil-st,1048576,5,1103705,5394400,13144744,1105288,0,0,0,LentMessages,1103367,1098004,5371898,13144744,1098833,0,0,0,1103367,5390042,13144744,1104951,0,0,0,solo and shared
12,23,blake3-servil-mt,1048576,10,843083,3913790,4277384,844738,0,0,0,LentMessages,915764,915764,4266714,4691562,917371,0,0,0,915234,4227473,4227612,911510,0,0,0,solo and shared
12,16,sha256,64,14922,978684,4587982,9282634,979467,0,0,0,ContinuousMessages,985278,976766,4583282,9282634,978179,0,0,0,985278,4591094,9282635,981576,0,0,0,solo and shared
12,17,blake3-servil-mt,64,2048,190058,461209,705884,107959,0,0,0,ContinuousMessages,140435,140435,496054,716444,128490,0,0,0,139138,536465,706301,123081,0,0,0,solo and shared
12,18,sha256,1024,2048,1014207,4708497,6544510,1015789,0,0,0,ContinuousMessages,1009570,1005658,4710545,6544510,1006703,0,0,0,1009570,4730298,6544510,1011861,0,0,0,solo and shared
12,19,blake3-servil-mt,1024,3366,454614,1830231,1567915,424613,0,0,0,ContinuousMessages,859172,566932,1980368,1554447,496383,0,0,0,859172,2071742,1603613,478322,0,0,0,solo and shared
13,0,blake3-servil-mt,65536,72,314726,1002409,87703,237008,0,0,0,ContinuousMessages,331540,303554,1146572,89072,275301,0,0,0,331540,1097520,88699,255743,0,0,0,solo and shared
13,1,sha256,65536,34,1021909,4868008,5727226,1023660,0,0,0,ContinuousMessages,1001747,1001717,4729892,5727226,1003181,0,0,0,1001747,4733398,5727226,1002485,0,0,0,solo and shared
13,2,blake3-servil-mt,1048576,15,1194853,5461487,255129,1186995,0,0,0,ContinuousMessages,969349,944449,3911685,256523,899877,0,0,0,969349,4058225,258493,918439,0,0,0,solo and shared
13,3,sha256,1048576,2,954773,4510397,5379420,955854,0,0,0,ContinuousMessages,927482,924534,4512812,5379420,925683,0,0,0,927482,4522041,5379420,929055,0,0,0,solo and shared
13,6,blake3-servil-st,64,21585,980752,4777803,15585519,982255,0,0,0,LentMessages,1034117,995103,4829841,15585520,990832,0,0,0,1034117,5008867,15585520,1029193,0,0,0,solo and shared
13,7,blake3-servil-mt,64,22345,992696,4908491,16201274,994321,0,0,0,LentMessages,1037947,1037947,5067463,16201274,1039420,0,0,0,1003646,4906019,16201274,1004948,0,0,0,solo and shared
13,8,sha256,64,14557,902754,4476834,9113831,904088,0,0,0,LentMessages,926563,918057,4485754,9113831,919344,0,0,0,926563,4473749,9113831,927867,0,0,0,solo and shared
13,9,blake3-servil-st,1024,1335,985891,4815304,10719864,987239,0,0,0,LentMessages,986794,986794,4822293,10719864,988029,0,0,0,986325,4820474,10719864,987648,0,0,0,solo and shared
13,10,blake3-servil-mt,1024,1359,1028830,4903512,10916637,1030189,0,0,0,LentMessages,1010233,1006919,4912819,10916637,1008273,0,0,0,1010233,4923081,10916637,1011525,0,0,0,solo and shared
13,11,sha256,1024,2052,960566,4708977,6565496,961916,0,0,0,LentMessages,978580,978580,4710794,6565497,979845,0,0,0,964194,4726382,6565496,964785,0,0,0,solo and shared
13,12,blake3-servil-st,16384,312,947816,4731281,13125428,949187,0,0,0,LentMessages,991544,962999,4703186,13125429,964409,0,0,0,991544,4738126,13125429,992861,0,0,0,solo and shared
13,13,blake3-servil-mt,16384,323,1063637,5204672,13589113,1064468,0,0,0,LentMessages,1001287,996286,4865168,13589113,997633,0,0,0,1001287,4893651,13589113,1002660,0,0,0,solo and shared
13,14,sha256,16384,141,970635,4831244,5988855,972005,0,0,0,LentMessages,985565,984313,4806876,5988855,985647,0,0,0,985565,4817390,5988855,986914,0,0,0,solo and shared
13,15,blake3-servil-st,65536,74,983597,4660023,12228835,985040,0,0,0,LentMessages,981759,981759,4661056,12228835,983154,0,0,0,966208,4659116,12228835,966851,0,0,0,solo and shared
13,16,blake3-servil-mt,65536,79,1004143,4941428,13055267,1005562,0,0,0,LentMessages,1014041,1014041,4948192,13055267,1015424,0,0,0,1012859,4948574,13055267,1014285,0,0,0,solo and shared
13,17,sha256,65536,35,984951,4851921,5895779,986374,0,0,0,LentMessages,993054,993054,4852483,5895779,994427,0,0,0,992903,4853027,5895779,994330,0,0,0,solo and shared
13,18,blake3-servil-st,1048576,5,1149602,5720651,13144744,1151151,0,0,0,LentMessages,1217757,1204821,5888154,13144744,1206295,0,0,0,1217757,5797438,13144745,1219224,0,0,0,solo and shared
13,19,blake3-servil-mt,1048576,10,880928,4123605,4803275,882743,0,0,0,LentMessages,937534,937534,4367630,4456549,939239,0,0,0,936906,4380665,4372119,938616,0,0,0,solo and shared
13,20,sha256,1048576,2,984265,4613461,5376065,985700,0,0,0,LentMessages,984853,984853,4619796,5376065,986098,0,0,0,983709,4614190,5376065,984522,0,0,0,solo and shared
13,14,blake3-servil-mt,64,2048,94189,435807,707165,94873,0,0,0,ContinuousMessages,151338,151338,554615,710087,142036,0,0,0,148776,461263,706877,118846,0,0,0,solo and shared
13,15,sha256,64,14922,985800,4575344,9282634,986779,0,0,0,ContinuousMessages,977849,977849,4581612,9282634,979229,0,0,0,977402,4576487,9282634,978775,0,0,0,solo and shared
13,16,blake3-servil-mt,1024,3366,412635,1588976,1541236,378703,0,0,0,ContinuousMessages,644232,641247,1894377,1572385,515458,0,0,0,644232,1813620,1564378,515970,0,0,0,solo and shared
13,17,sha256,1024,2048,986282,4708824,6544510,987718,0,0,0,ContinuousMessages,988486,986529,4708955,6544510,987876,0,0,0,988486,4723226,6544510,989824,0,0,0,solo and shared
13,18,blake3-servil-mt,16384,238,268080,1201111,283640,266073,0,0,0,ContinuousMessages,455463,445620,2008706,287337,443484,0,0,0,455463,1939591,286750,454001,0,0,0,solo and shared
13,19,sha256,16384,139,1017954,4760833,5903369,978935,0,0,0,ContinuousMessages,973364,969773,4738745,5903368,971081,0,0,0,973364,4750859,5903368,974709,0,0,0,solo and shared
14,0,sha256,1048576,2,941695,4522126,5379420,943114,0,0,0,ContinuousMessages,928075,919582,4491003,5379420,921038,0,0,0,928075,4527262,5379420,929524,0,0,0,solo and shared
14,1,blake3-servil-mt,1048576,15,759335,3416167,255869,746833,0,0,0,ContinuousMessages,936846,936846,3801030,256534,881982,0,0,0,904246,3774622,256454,855846,0,0,0,solo and shared
14,3,blake3-servil-mt,64,22345,1005514,4906184,16201274,1006623,0,0,0,LentMessages,1005759,1003089,4904458,16201274,1004358,0,0,0,1005759,4915999,16201274,1007074,0,0,0,solo and shared
14,4,sha256,64,14557,916770,4478495,9113831,918096,0,0,0,LentMessages,942610,918200,4488304,9113831,919484,0,0,0,942610,4467190,9113831,943931,0,0,0,solo and shared
14,5,blake3-servil-st,64,21585,980879,4792712,15585519,982225,0,0,0,LentMessages,979841,979841,4788968,15585519,981139,0,0,0,977773,4777775,15585519,979111,0,0,0,solo and shared
14,6,blake3-servil-mt,1024,1359,1004078,4905026,10916637,1005452,0,0,0,LentMessages,1005592,1004169,4908773,10916637,1005488,0,0,0,1005592,4916743,10916637,1006912,0,0,0,solo and shared
14,7,sha256,1024,2052,964340,4710645,6565497,965671,0,0,0,LentMessages,989928,989928,4710826,6565497,991202,0,0,0,967853,4730104,6565497,969174,0,0,0,solo and shared
14,8,blake3-servil-st,1024,1335,985233,4813137,10719864,986582,0,0,0,LentMessages,987699,986144,4819967,10719864,987461,0,0,0,987699,4830808,10719864,988996,0,0,0,solo and shared
14,9,blake3-servil-mt,16384,323,1010382,4891100,13589113,1011730,0,0,0,LentMessages,1012275,993852,4862891,13589113,994502,0,0,0,1012275,4895780,13589113,1012919,0,0,0,solo and shared
14,10,sha256,16384,141,1039639,4822654,5988856,997900,0,0,0,LentMessages,984903,982694,4803550,5988855,983307,0,0,0,984903,4814458,5988855,985505,0,0,0,solo and shared
14,11,blake3-servil-st,16384,312,961485,4726232,13125429,962890,0,0,0,LentMessages,977230,977230,4712079,13125429,978589,0,0,0,967937,4729395,13125429,969342,0,0,0,solo and shared
14,12,blake3-servil-mt,65536,79,1025574,4958744,13055267,1026948,0,0,0,LentMessages,1048087,1014600,4958647,13055267,1015979,0,0,0,1048087,4965073,13055267,1049513,0,0,0,solo and shared
14,13,sha256,65536,35,976402,4851089,5895779,977807,0,0,0,LentMessages,993808,993323,4853002,5895779,994676,0,0,0,993808,4853111,5895779,995236,0,0,0,solo and shared
14,14,blake3-servil-st,65536,74,942176,4630098,12228835,943611,0,0,0,LentMessages,950278,950278,4639976,12228835,951667,0,0,0,949359,4635083,12228835,950735,0,0,0,solo and shared
14,15,blake3-servil-mt,1048576,10,888577,4157651,4242895,890269,0,0,0,LentMessages,999636,998306,4664558,5634822,1000395,0,0,0,999636,4623382,4460655,998032,0,0,0,solo and shared
14,16,sha256,1048576,2,983122,4609108,5376065,984797,0,0,0,LentMessages,996911,996911,4674841,5376065,998279,0,0,0,983601,4611056,5376065,984891,0,0,0,solo and shared
14,17,blake3-servil-st,1048576,5,1150830,5401095,13144744,1151843,0,0,0,LentMessages,1421790,1421790,6772099,13144745,1423174,0,0,0,1168243,5419716,13144744,1169801,0,0,0,solo and shared
14,12,sha256,64,14922,947053,4586396,9282634,948973,0,0,0,ContinuousMessages,1130888,1130888,5487150,9282634,1132287,0,0,0,943136,4574396,9282634,944487,0,0,0,solo and shared
14,13,blake3-servil-mt,64,2048,141695,636635,705212,143731,0,0,0,ContinuousMessages,157926,157926,565905,706847,137396,0,0,0,156785,577601,717010,138729,0,0,0,solo and shared
14,14,sha256,1024,2048,1038595,4946385,6544510,1041235,0,0,0,ContinuousMessages,1009713,1005601,4711732,6544510,1006646,0,0,0,1009713,4731522,6544510,1011196,0,0,0,solo and shared
14,15,blake3-servil-mt,1024,3366,554755,2267992,1539593,524968,0,0,0,ContinuousMessages,675957,675957,1926574,1568896,549038,0,0,0,674167,1951867,1570220,531066,0,0,0,solo and shared
14,16,sha256,16384,139,1008830,4842738,5903368,1010087,0,0,0,ContinuousMessages,988024,988024,4752993,5903368,989389,0,0,0,984045,4760251,5903368,985612,0,0,0,solo and shared
14,17,blake3-servil-mt,16384,238,316955,1408133,284031,314987,0,0,0,ContinuousMessages,342920,260248,1168591,283475,258159,0,0,0,342920,1511761,283993,338007,0,0,0,solo and shared
14,18,sha256,65536,34,1011744,4901853,5727226,1013567,0,0,0,ContinuousMessages,978728,977223,4746586,5727226,978724,0,0,0,978728,4778855,5727226,980330,0,0,0,solo and shared
14,19,blake3-servil-mt,65536,72,281148,1073906,88173,271130,0,0,0,ContinuousMessages,376665,376493,1315160,89403,338343,0,0,0,376665,1422932,89480,331873,0,0,0,solo and shared
15,0,blake3-servil-mt,64,22345,1026202,4906933,16201274,1027542,0,0,0,LentMessages,1019916,1019916,4907184,16201274,1010914,0,0,0,1005581,4911510,16201274,1006223,0,0,0,solo and shared
15,1,blake3-servil-st,64,21585,986319,4799630,15585519,987652,0,0,0,LentMessages,995263,995263,4782606,15585519,996571,0,0,0,978238,4777040,15585519,978844,0,0,0,solo and shared
15,2,sha256,64,14557,913545,4466639,9113831,914862,0,0,0,LentMessages,948094,923789,4471141,9113831,925080,0,0,0,948094,4592739,9113831,949556,0,0,0,solo and shared
15,3,blake3-servil-mt,1024,1359,1004693,4902539,10916637,1006049,0,0,0,LentMessages,1004482,1004482,4906994,10916637,1005764,0,0,0,1003500,4910028,10916637,1004119,0,0,0,solo and shared
15,4,blake3-servil-st,1024,1335,986890,4820101,10719864,988242,0,0,0,LentMessages,989514,986854,4821174,10719864,988119,0,0,0,989514,4826884,10719864,990947,0,0,0,solo and shared
15,5,sha256,1024,2052,965635,4709725,6565497,967010,0,0,0,LentMessages,967341,963415,4709787,6565497,964706,0,0,0,967341,4728746,6565497,967937,0,0,0,solo and shared
15,6,blake3-servil-mt,16384,323,1009619,4901549,13589113,1011062,0,0,0,LentMessages,1094216,1040283,4876404,13589113,1040906,0,0,0,1094216,5089743,13589113,1096107,0,0,0,solo and shared
15,7,blake3-servil-st,16384,312,986005,4728180,13125429,987412,0,0,0,LentMessages,976015,967930,4697994,13125429,968552,0,0,0,976015,4733880,13125429,977389,0,0,0,solo and shared
15,8,sha256,16384,141,1033416,4824977,5988856,994152,0,0,0,LentMessages,1007181,1003751,4806172,5988855,1005100,0,0,0,1007181,4824229,5988855,1008643,0,0,0,solo and shared
15,9,blake3-servil-mt,65536,79,1013774,4951486,13055267,1014440,0,0,0,LentMessages,1034070,1034070,4958561,13055267,1035523,0,0,0,1028827,4961041,13055267,1029453,0,0,0,solo and shared
15,10,blake3-servil-st,65536,74,977229,4638844,12228835,978688,0,0,0,LentMessages,1052484,948781,4639317,12228835,950133,0,0,0,1052484,5153035,12228835,1054249,0,0,0,solo and shared
15,11,sha256,65536,35,999460,4850797,5895779,1000890,0,0,0,LentMessages,1044038,1020451,4859387,5895779,1022153,0,0,0,1044038,4864909,5895779,1045891,0,0,0,solo and shared
15,12,blake3-servil-mt,1048576,10,831316,3887846,3421430,832974,0,0,0,LentMessages,970443,969999,4537004,4226668,971793,0,0,0,970443,4510401,4037818,967388,0,0,0,solo and shared
15,13,blake3-servil-st,1048576,5,1156772,5412090,13144745,1158474,0,0,0,LentMessages,1149112,1149112,5387602,13144744,1149959,0,0,0,1146959,5377069,13144744,1147769,0,0,0,solo and shared
15,14,sha256,1048576,2,975711,4594322,5376065,976598,0,0,0,LentMessages,962844,961554,4590229,5376065,962404,0,0,0,962844,4592344,5376065,964364,0,0,0,solo and shared
15,10,blake3-servil-mt,64,2048,129221,514552,705778,127280,0,0,0,ContinuousMessages,258929,258929,596089,709403,156649,0,0,0,186536,504546,713442,144297,0,0,0,solo and shared
15,11,sha256,64,14922,956113,4571579,9282634,957481,0,0,0,ContinuousMessages,975380,964066,4579128,9282634,965393,0,0,0,975380,4590857,9282635,971085,0,0,0,solo and shared
15,12,blake3-servil-mt,1024,3366,964981,2029915,1588988,484709,0,0,0,ContinuousMessages,681440,658411,2063014,1577833,539302,0,0,0,681440,1760269,1553849,520528,0,0,0,solo and shared
15,13,sha256,1024,2048,971385,4707949,6544510,972791,0,0,0,ContinuousMessages,975404,975404,4713253,6544511,970570,0,0,0,967259,4723318,6544510,968647,0,0,0,solo and shared
15,14,blake3-servil-mt,16384,238,271342,1190484,283304,269275,0,0,0,ContinuousMessages,444873,444873,2020707,286708,443601,0,0,0,432333,1953187,289238,429054,0,0,0,solo and shared
15,15,sha256,16384,139,980547,4753098,5903369,977525,0,0,0,ContinuousMessages,982236,979362,4739311,5903368,980666,0,0,0,982236,4751421,5903368,983549,0,0,0,solo and shared
15,16,blake3-servil-mt,65536,72,265472,1020446,88561,242056,0,0,0,ContinuousMessages,340564,340564,1161353,90078,288037,0,0,0,339056,1123472,91079,283027,0,0,0,solo and shared
15,17,sha256,65536,34,971467,4718595,5727226,972780,0,0,0,ContinuousMessages,968102,968102,4722741,5727226,969445,0,0,0,966479,4718933,5727226,967097,0,0,0,solo and shared
15,18,blake3-servil-mt,1048576,15,763515,3452471,256372,755458,0,0,0,ContinuousMessages,934753,934753,3642933,259190,853466,0,0,0,931045,3637621,261295,846618,0,0,0,solo and shared
15,19,sha256,1048576,2,926388,4487405,5379420,927371,0,0,0,ContinuousMessages,921415,921415,4499667,5379420,922878,0,0,0,920909,4496708,5379420,922355,0,0,0,solo and shared
16,0,sha256,1024,2052,964199,4711406,6565497,965516,0,0,0,LentMessages,968946,965208,4711214,6565497,966506,0,0,0,968946,4730296,6565497,970247,0,0,0,solo and shared
16,1,blake3-servil-mt,1024,1359,1003587,4903467,10916637,1004952,0,0,0,LentMessages,1004125,1003838,4907128,10916637,1005106,0,0,0,1004125,4907421,10916637,1005425,0,0,0,solo and shared
16,2,blake3-servil-st,1024,1335,986255,4820700,10719864,987619,0,0,0,LentMessages,985973,984272,4813252,10719864,985548,0,0,0,985973,4821724,10719864,987281,0,0,0,solo and shared
16,3,sha256,16384,141,1049422,4837213,5988856,980115,0,0,0,LentMessages,987573,983159,4806804,5988855,984494,0,0,0,987573,4824317,5988855,989029,0,0,0,solo and shared
16,4,blake3-servil-mt,16384,323,1019376,4929676,13589114,1020847,0,0,0,LentMessages,1057430,1057430,4885475,13589114,1018081,0,0,0,1001562,4894711,13589113,1002861,0,0,0,solo and shared
16,5,blake3-servil-st,16384,312,967542,4723764,13125429,968926,0,0,0,LentMessages,972646,972646,4697432,13125429,974091,0,0,0,965634,4722801,13125429,966234,0,0,0,solo and shared
16,6,sha256,65536,35,990530,4849175,5895779,991137,0,0,0,LentMessages,993528,993528,4854368,5895779,994831,0,0,0,992513,4858617,5895779,993185,0,0,0,solo and shared
16,7,blake3-servil-mt,65536,79,1030481,4943186,13055267,1031861,0,0,0,LentMessages,1046604,1020261,4949601,13055267,1021658,0,0,0,1046604,4951441,13055267,1047204,0,0,0,solo and shared
16,8,blake3-servil-st,65536,74,948345,4631002,12228835,949772,0,0,0,LentMessages,978415,978415,4774683,12228835,979787,0,0,0,967662,4727951,12228835,968406,0,0,0,solo and shared
16,9,sha256,1048576,2,990976,4839180,5376065,992544,0,0,0,LentMessages,1076983,1076983,5262425,5376065,1078613,0,0,0,1064125,5205434,5376065,1065301,0,0,0,solo and shared
16,10,blake3-servil-mt,1048576,10,852642,3975396,3966213,854399,0,0,0,LentMessages,943108,942021,4387620,4544112,943828,0,0,0,943108,4364037,4334312,938994,0,0,0,solo and shared
16,11,blake3-servil-st,1048576,5,1159608,5440611,13144744,1160599,0,0,0,LentMessages,1199476,1199476,5552251,13144744,1200422,0,0,0,1171797,5561655,13144744,1172966,0,0,0,solo and shared
16,8,sha256,64,14922,971295,4606092,9282635,973377,0,0,0,ContinuousMessages,958186,955656,4572408,9282634,957066,0,0,0,958186,4584859,9282634,959922,0,0,0,solo and shared
16,9,blake3-servil-mt,64,2048,119964,554221,706957,120829,0,0,0,ContinuousMessages,195009,195009,668557,713640,165557,0,0,0,193336,650150,722164,159355,0,0,0,solo and shared
16,10,sha256,1024,2048,983060,4787861,6544510,984124,0,0,0,ContinuousMessages,975041,971431,4712919,6544510,973376,0,0,0,975041,4737225,6544510,976094,0,0,0,solo and shared
16,11,blake3-servil-mt,1024,3366,466750,1781592,1542902,424532,0,0,0,ContinuousMessages,692866,692866,2348243,1548061,597950,0,0,0,682467,2315581,1554190,592635,0,0,0,solo and shared
16,12,sha256,16384,139,1024964,4788418,5903374,1025775,0,0,0,ContinuousMessages,1001037,1001037,4741520,5903368,1002404,0,0,0,977745,4767146,5903368,978700,0,0,0,solo and shared
16,13,blake3-servil-mt,16384,238,266832,1135501,283861,264921,0,0,0,ContinuousMessages,438661,438661,1986506,286893,437695,0,0,0,436393,1976430,286747,435561,0,0,0,solo and shared
16,14,sha256,65536,34,990686,4724419,5727226,991970,0,0,0,ContinuousMessages,988413,984373,4719622,5727226,985258,0,0,0,988413,4731867,5727226,989855,0,0,0,solo and shared
16,15,blake3-servil-mt,65536,72,234991,1009745,88034,224379,0,0,0,ContinuousMessages,331420,331420,1208092,89658,289483,0,0,0,330576,1156026,89775,282626,0,0,0,solo and shared
16,16,sha256,1048576,2,955451,4639722,5379420,956432,0,0,0,ContinuousMessages,968402,937683,4495720,5379420,938749,0,0,0,968402,4636848,5379420,971058,0,0,0,solo and shared
16,17,blake3-servil-mt,1048576,15,728308,3243631,255949,721215,0,0,0,ContinuousMessages,953872,949041,3623844,260311,838663,0,0,0,953872,3647344,258167,853418,0,0,0,solo and shared
16,27,sha256,64,14557,946932,4623546,9113831,947768,0,0,0,LentMessages,917635,915514,4476632,9113831,916451,0,0,0,917635,4481455,9113831,918926,0,0,0,solo and shared
16,28,blake3-servil-mt,64,22345,1003339,4922885,16201275,998947,0,0,0,LentMessages,1005195,1005195,4907968,16201274,1006464,0,0,0,1003147,4907967,16201274,1006690,0,0,0,solo and shared
16,29,blake3-servil-st,64,21585,978308,4779703,15585519,979448,0,0,0,LentMessages,980578,980578,4797988,15585519,981471,0,0,0,978651,4782969,15585519,979968,0,0,0,solo and shared
17,0,blake3-servil-st,16384,312,998836,4732662,13125429,999494,0,0,0,LentMessages,981497,960934,4702809,13125429,961750,0,0,0,981497,4732403,13125429,982901,0,0,0,solo and shared
17,1,sha256,16384,141,986443,4817581,5988855,987881,0,0,0,LentMessages,985905,982859,4806409,5988855,984201,0,0,0,985905,4817604,5988855,987286,0,0,0,solo and shared
17,2,blake3-servil-mt,16384,323,999852,4894352,13589113,1000513,0,0,0,LentMessages,1000993,992360,4859963,13589113,993216,0,0,0,1000993,4894230,13589113,1002384,0,0,0,solo and shared
17,3,blake3-servil-st,65536,74,1328791,4633036,12228836,1329440,0,0,0,LentMessages,950256,950256,4646776,12228835,951130,0,0,0,948692,4639571,12228835,950101,0,0,0,solo and shared
17,4,sha256,65536,35,990167,4845404,5895779,990791,0,0,0,LentMessages,995062,990712,4848718,5895779,991588,0,0,0,995062,4860366,5895779,996468,0,0,0,solo and shared
17,5,blake3-servil-mt,65536,79,1009032,4938356,13055267,1009681,0,0,0,LentMessages,1043528,1010555,4948589,13055267,1011401,0,0,0,1043528,4951700,13055267,1044131,0,0,0,solo and shared
17,6,blake3-servil-st,1048576,5,1159315,5659818,13144744,1160864,0,0,0,LentMessages,1192726,1153808,5639255,13144744,1155541,0,0,0,1192726,5823596,13144744,1194216,0,0,0,solo and shared
17,7,sha256,1048576,2,941938,4598705,5376065,943535,0,0,0,LentMessages,940489,940489,4595109,5376065,942150,0,0,0,938020,4581548,5376065,939501,0,0,0,solo and shared
17,8,blake3-servil-mt,1048576,10,870099,4002454,4571365,871193,0,0,0,LentMessages,924054,924054,4312900,4434332,925249,0,0,0,923974,4268268,4179733,921073,0,0,0,solo and shared
17,6,blake3-servil-mt,64,2048,92487,427834,705052,93988,0,0,0,ContinuousMessages,159311,159311,596266,706545,142006,0,0,0,156411,577565,711254,139926,0,0,0,solo and shared
17,7,sha256,64,14922,977674,4588270,9282634,978307,0,0,0,ContinuousMessages,978273,978273,4591443,9282634,978937,0,0,0,977843,4584208,9282634,979231,0,0,0,solo and shared
17,8,blake3-servil-mt,1024,3366,414450,1669278,1572520,386758,0,0,0,ContinuousMessages,599665,597913,1589739,1554945,463065,0,0,0,599665,1665342,1567169,479484,0,0,0,solo and shared
17,9,sha256,1024,2048,966353,4706591,6544510,966975,0,0,0,ContinuousMessages,967308,964255,4708806,6544510,965541,0,0,0,967308,4722728,6544510,968679,0,0,0,solo and shared
17,10,blake3-servil-mt,16384,238,295210,1258299,283318,293607,0,0,0,ContinuousMessages,409554,409554,1844839,286598,407929,0,0,0,404195,1798649,286743,402977,0,0,0,solo and shared
17,11,sha256,16384,139,1000537,4750607,5903369,996332,0,0,0,ContinuousMessages,1003300,1000295,4738804,5903368,1001668,0,0,0,1003300,4750545,5903368,1004692,0,0,0,solo and shared
17,12,blake3-servil-mt,65536,72,244201,1006931,88425,233459,0,0,0,ContinuousMessages,327588,321819,1054854,90430,263961,0,0,0,327588,1053908,90419,274155,0,0,0,solo and shared
17,13,sha256,65536,34,968707,4721491,5727226,969636,0,0,0,ContinuousMessages,969378,969378,4721488,5727226,970747,0,0,0,969376,4723004,5727226,970811,0,0,0,solo and shared
17,14,blake3-servil-mt,1048576,15,753667,3293414,255960,722547,0,0,0,ContinuousMessages,897778,894842,3504239,258367,829154,0,0,0,897778,3568927,258187,828658,0,0,0,solo and shared
17,15,sha256,1048576,2,920704,4475191,5379420,922176,0,0,0,ContinuousMessages,923670,923670,4513000,5379420,925166,0,0,0,918462,4486549,5379420,919964,0,0,0,solo and shared
17,24,blake3-servil-st,64,21585,961920,4784896,15585519,963273,0,0,0,LentMessages,982840,982840,4804395,15585519,984095,0,0,0,979274,4783338,15585519,980590,0,0,0,solo and shared
17,25,sha256,64,14557,899018,4475633,9113831,900332,0,0,0,LentMessages,918329,916818,4478666,9113831,918083,0,0,0,918329,4484597,9113831,919665,0,0,0,solo and shared
17,26,blake3-servil-mt,64,22345,986348,4907273,16201274,988795,0,0,0,LentMessages,1005589,1005192,4906273,16201274,1006492,0,0,0,1005589,4909770,16201274,1006889,0,0,0,solo and shared
17,27,blake3-servil-st,1024,1335,988643,4824451,10719864,990028,0,0,0,LentMessages,989552,986916,4820209,10719864,988178,0,0,0,989552,4831834,10719864,990863,0,0,0,solo and shared
17,28,sha256,1024,2052,943227,4709548,6565496,948715,0,0,0,LentMessages,968857,964879,4709673,6565497,966146,0,0,0,968857,4730889,6565497,970201,0,0,0,solo and shared
17,29,blake3-servil-mt,1024,1359,1002667,4902089,10916637,1004054,0,0,0,LentMessages,1004186,1001554,4902531,10916637,1002147,0,0,0,1004186,4915370,10916637,1004837,0,0,0,solo and shared
18,0,sha256,65536,35,978626,4863421,5895779,979349,0,0,0,LentMessages,1023725,1010393,4853171,5895779,1011736,0,0,0,1023725,4855247,5895779,1025154,0,0,0,solo and shared
18,1,blake3-servil-st,65536,74,961255,4631830,12228835,962708,0,0,0,LentMessages,950266,950266,4640375,12228835,951626,0,0,0,949281,4639591,12228835,950727,0,0,0,solo and shared
18,2,blake3-servil-mt,65536,79,1012154,4943729,13055267,1013601,0,0,0,LentMessages,1013943,1013943,4949442,13055267,1015328,0,0,0,1013780,4949406,13055267,1015172,0,0,0,solo and shared
18,3,sha256,1048576,2,973844,4757782,5376065,975389,0,0,0,LentMessages,987358,987358,4819787,5376065,989006,0,0,0,983706,4801349,5376065,985215,0,0,0,solo and shared
18,4,blake3-servil-st,1048576,5,1130085,5523562,13144744,1131819,0,0,0,LentMessages,1147729,1147729,5517315,13144744,1149535,0,0,0,1141097,5464844,13144744,1142857,0,0,0,solo and shared
18,5,blake3-servil-mt,1048576,10,908772,4211881,5105592,910513,0,0,0,LentMessages,936959,936959,4365230,4582159,938751,0,0,0,936079,4377647,4562656,937995,0,0,0,solo and shared
18,4,sha256,64,14922,980200,4598779,9282634,981699,0,0,0,ContinuousMessages,983421,983421,4596938,9282634,984362,0,0,0,983217,4594090,9282634,984305,0,0,0,solo and shared
18,5,blake3-servil-mt,64,2048,146820,677370,705175,147699,0,0,0,ContinuousMessages,162196,160876,675459,707597,151737,0,0,0,162196,627635,710430,160378,0,0,0,solo and shared
18,6,sha256,1024,2048,1006425,4717786,6544510,1007592,0,0,0,ContinuousMessages,1006984,1003388,4709477,6544510,1004932,0,0,0,1006984,4726456,6544510,1007851,0,0,0,solo and shared
18,7,blake3-servil-mt,1024,3366,451832,1873935,1598286,430898,0,0,0,ContinuousMessages,653223,653223,2412877,1574695,556028,0,0,0,610656,1766262,1537084,388429,0,0,0,solo and shared
18,8,sha256,16384,139,994271,4795817,5903368,995675,0,0,0,ContinuousMessages,995644,993437,4756312,5903368,995357,0,0,0,995644,4767144,5903368,997346,0,0,0,solo and shared
18,9,blake3-servil-mt,16384,238,324109,1385030,284714,308960,0,0,0,ContinuousMessages,446672,446672,2033621,288195,445255,0,0,0,443408,2001143,288080,441578,0,0,0,solo and shared
18,10,sha256,65536,34,973191,4745739,5727226,974441,0,0,0,ContinuousMessages,984911,984911,4810126,5727226,985617,0,0,0,982905,4800534,5727226,984369,0,0,0,solo and shared
18,11,blake3-servil-mt,65536,72,253539,1031276,88359,246527,0,0,0,ContinuousMessages,345759,342213,1176960,89802,293885,0,0,0,345759,1179844,90192,294218,0,0,0,solo and shared
18,12,sha256,1048576,2,955416,4601366,5379420,956995,0,0,0,ContinuousMessages,953288,925592,4505016,5379420,927123,0,0,0,953288,4657851,5379420,954784,0,0,0,solo and shared
18,13,blake3-servil-mt,1048576,15,766571,3281318,256455,730493,0,0,0,ContinuousMessages,917682,907608,3693410,259721,839477,0,0,0,917682,3878263,256438,874246,0,0,0,solo and shared
18,21,sha256,64,14557,908525,4480986,9113831,909328,0,0,0,LentMessages,922934,917301,4479286,9113831,918587,0,0,0,922934,4477787,9113832,919034,0,0,0,solo and shared
18,22,blake3-servil-st,64,21585,966967,4783718,15585519,968407,0,0,0,LentMessages,980872,980872,4791514,15585519,982126,0,0,0,978649,4779123,15585519,979947,0,0,0,solo and shared
18,23,blake3-servil-mt,64,22345,1006321,4906565,16201274,1007711,0,0,0,LentMessages,1003992,1003451,4905902,16201274,1004726,0,0,0,1003992,4906649,16201274,1005314,0,0,0,solo and shared
18,24,sha256,1024,2052,969361,4709335,6565497,970872,0,0,0,LentMessages,993111,964147,4712141,6565497,965436,0,0,0,993111,4730235,6565497,994449,0,0,0,solo and shared
18,25,blake3-servil-st,1024,1335,968400,4809230,10719864,969755,0,0,0,LentMessages,988743,987185,4820564,10719864,988451,0,0,0,988743,4827298,10719864,990048,0,0,0,solo and shared
18,26,blake3-servil-mt,1024,1359,988644,4908721,10916637,990008,0,0,0,LentMessages,1016692,1016692,4903414,10916637,1017973,0,0,0,1005610,4909915,10916637,1006967,0,0,0,solo and shared
18,27,sha256,16384,141,987839,4819999,5988855,989250,0,0,0,LentMessages,1059146,1059146,4815106,5988856,989972,0,0,0,986199,4819564,5988855,987563,0,0,0,solo and shared
18,28,blake3-servil-st,16384,312,992293,4732372,13125429,993666,0,0,0,LentMessages,969385,969385,4706247,13125429,970694,0,0,0,968775,4736188,13125429,970139,0,0,0,solo and shared
18,29,blake3-servil-mt,16384,323,1001584,4895408,13589113,1002960,0,0,0,LentMessages,1380595,995420,4862463,13589113,996043,0,0,0,1380595,4895105,13589114,1381975,0,0,0,solo and shared
19,0,blake3-servil-st,1048576,5,1141630,5576855,13144744,1143110,0,0,0,LentMessages,1202963,1186957,5795817,13144744,1188489,0,0,0,1202963,5874402,13144744,1204478,0,0,0,solo and shared
19,1,blake3-servil-mt,1048576,10,828664,3844970,3993787,830276,0,0,0,LentMessages,920519,920519,4290658,4224683,922202,0,0,0,919920,4295777,4412417,921612,0,0,0,solo and shared
19,2,sha256,1048576,2,984211,4609178,5376065,985882,0,0,0,LentMessages,984879,982658,4608405,5376065,983532,0,0,0,984879,4621671,5376065,985783,0,0,0,solo and shared
19,2,blake3-servil-mt,64,2048,92583,431129,704971,93227,0,0,0,ContinuousMessages,115692,114229,476257,707492,107742,0,0,0,115692,539125,704569,116469,0,0,0,solo and shared
19,3,sha256,64,14922,961790,4578041,9282634,962399,0,0,0,ContinuousMessages,978060,977812,4583551,9282634,979176,0,0,0,978060,4583809,9282634,979432,0,0,0,solo and shared
19,4,blake3-servil-mt,1024,3366,398224,1532160,1546854,361983,0,0,0,ContinuousMessages,685020,685020,1899260,1568313,551569,0,0,0,684786,1983548,1565303,551176,0,0,0,solo and shared
19,5,sha256,1024,2048,970847,4708458,6544510,972222,0,0,0,ContinuousMessages,968951,965819,4708556,6544510,967160,0,0,0,968951,4723416,6544510,970306,0,0,0,solo and shared
19,6,blake3-servil-mt,16384,238,256446,1141402,283956,254509,0,0,0,ContinuousMessages,407980,407980,1850734,286414,406326,0,0,0,389629,1772026,286846,387486,0,0,0,solo and shared
19,7,sha256,16384,139,1049829,4755528,5903369,981494,0,0,0,ContinuousMessages,992460,990000,4739062,5903368,991344,0,0,0,992460,4750598,5903368,993825,0,0,0,solo and shared
19,8,blake3-servil-mt,65536,72,233200,987679,88119,224746,0,0,0,ContinuousMessages,319762,317816,1062961,89657,266894,0,0,0,319762,972661,89885,258187,0,0,0,solo and shared
19,9,sha256,65536,34,982197,4724243,5727226,983554,0,0,0,ContinuousMessages,995208,995208,4737555,5727227,991005,0,0,0,980057,4721765,5727226,980727,0,0,0,solo and shared
19,10,blake3-servil-mt,1048576,15,725060,3226064,255737,704369,0,0,0,ContinuousMessages,918830,916189,3550502,259032,841844,0,0,0,918830,3632911,257430,830830,0,0,0,solo and shared
19,11,sha256,1048576,2,920369,4485437,5379420,921971,0,0,0,ContinuousMessages,920267,919857,4490661,5379420,921323,0,0,0,920267,4489918,5379420,921785,0,0,0,solo and shared
19,18,blake3-servil-st,64,21585,979186,4785668,15585519,980585,0,0,0,LentMessages,981788,978770,4784513,15585519,980021,0,0,0,981788,4800459,15585519,983105,0,0,0,solo and shared
19,19,blake3-servil-mt,64,22345,1004513,4906961,16201274,1005861,0,0,0,LentMessages,1004000,1002034,4902188,16201274,1002623,0,0,0,1004000,4906175,16201274,1005308,0,0,0,solo and shared
19,20,sha256,64,14557,915216,4468265,9113831,916554,0,0,0,LentMessages,941220,941220,4467470,9113831,942466,0,0,0,917202,4476099,9113831,918500,0,0,0,solo and shared
19,21,blake3-servil-st,1024,1335,985342,4817069,10719864,986695,0,0,0,LentMessages,1016166,986818,4818746,10719864,988099,0,0,0,1016166,4832294,10719864,1017468,0,0,0,solo and shared
19,22,blake3-servil-mt,1024,1359,1004520,4905008,10916637,1005862,0,0,0,LentMessages,1006935,1005086,4907793,10916637,1006377,0,0,0,1006935,4917679,10916637,1008247,0,0,0,solo and shared
19,23,sha256,1024,2052,962243,4708223,6565497,962901,0,0,0,LentMessages,965417,963340,4711238,6565497,964611,0,0,0,965417,4727002,6565497,965996,0,0,0,solo and shared
19,24,blake3-servil-st,16384,312,995047,4733500,13125429,996441,0,0,0,LentMessages,1038215,962684,4704267,13125429,963975,0,0,0,1038215,4758137,13125430,1006112,0,0,0,solo and shared
19,25,blake3-servil-mt,16384,323,998840,4887416,13589113,999965,0,0,0,LentMessages,1000836,995950,4862978,13589113,997244,0,0,0,1000836,4892286,13589113,1001762,0,0,0,solo and shared
19,26,sha256,16384,141,984955,4821614,5988855,986316,0,0,0,LentMessages,989573,981731,4801996,5988855,982346,0,0,0,989573,4837628,5988855,990429,0,0,0,solo and shared
19,27,blake3-servil-st,65536,74,977864,4643759,12228836,978477,0,0,0,LentMessages,978438,978438,4642687,12228835,979040,0,0,0,947785,4638982,12228835,948802,0,0,0,solo and shared
19,28,blake3-servil-mt,65536,79,1011197,4942894,13055267,1012677,0,0,0,LentMessages,1014251,1013276,4952600,13055267,1014769,0,0,0,1014251,4954304,13055267,1015722,0,0,0,solo and shared
19,29,sha256,65536,35,994034,4866098,5895779,994832,0,0,0,LentMessages,993002,993002,4854589,5895779,994532,0,0,0,992893,4858819,5895779,993782,0,0,0,solo and shared
20,0,sha256,64,14922,939914,4598999,9282634,940521,0,0,0,ContinuousMessages,938042,937469,4579516,9282634,938795,0,0,0,938042,4594452,9282634,938888,0,0,0,solo and shared
20,1,blake3-servil-mt,64,2048,294877,888719,770018,200425,0,0,0,ContinuousMessages,266618,266618,614559,718225,151233,0,0,0,202949,538108,712132,127813,0,0,0,solo and shared
20,2,sha256,1024,2048,986810,4715287,6544510,988468,0,0,0,ContinuousMessages,986324,984550,4715578,6544510,985498,0,0,0,986324,4724278,6544510,987913,0,0,0,solo and shared
20,3,blake3-servil-mt,1024,3366,1009124,1609741,1538198,381069,0,0,0,ContinuousMessages,705149,596518,1790548,1543608,437356,0,0,0,705149,2002719,1573471,464872,0,0,0,solo and shared
20,4,sha256,16384,139,972995,4769924,5903367,974499,0,0,0,ContinuousMessages,1042300,974302,4749072,5903368,975779,0,0,0,1042300,4773847,5903369,1043999,0,0,0,solo and shared
20,5,blake3-servil-mt,16384,238,299421,1277397,284924,301162,0,0,0,ContinuousMessages,490787,479690,2175594,287440,476867,0,0,0,490787,2124518,291147,486310,0,0,0,solo and shared
20,6,sha256,65536,34,1003749,4790539,5727226,1005559,0,0,0,ContinuousMessages,998953,998953,4733603,5727226,996468,0,0,0,985869,4724917,5727226,986505,0,0,0,solo and shared
20,7,blake3-servil-mt,65536,72,350158,1117103,88519,255941,0,0,0,ContinuousMessages,311688,311548,1196554,88645,280482,0,0,0,311688,1116994,89380,269449,0,0,0,solo and shared
20,8,sha256,1048576,2,961950,4633098,5379420,962863,0,0,0,ContinuousMessages,954405,931406,4536310,5379420,932876,0,0,0,954405,4648330,5379420,955838,0,0,0,solo and shared
20,9,blake3-servil-mt,1048576,15,763361,3258654,257058,716319,0,0,0,ContinuousMessages,908173,903693,3671078,258147,833043,0,0,0,908173,3708772,258082,852726,0,0,0,solo and shared
20,15,blake3-servil-mt,64,22345,1007990,4907145,16201274,1009369,0,0,0,LentMessages,1003711,1002512,4904973,16201274,1003094,0,0,0,1003711,4904976,16201274,1005001,0,0,0,solo and shared
20,16,sha256,64,14557,916239,4476787,9113831,917593,0,0,0,LentMessages,942506,917853,4482403,9113831,919145,0,0,0,942506,4470737,9113831,943825,0,0,0,solo and shared
20,17,blake3-servil-st,64,21585,979261,4785833,15585519,980627,0,0,0,LentMessages,981174,978730,4778795,15585519,980009,0,0,0,981174,4789583,15585519,982463,0,0,0,solo and shared
20,18,blake3-servil-mt,1024,1359,1002502,4899840,10916637,1003859,0,0,0,LentMessages,1006631,1005248,4906695,10916637,1006487,0,0,0,1006631,4913498,10916637,1007937,0,0,0,solo and shared
20,19,sha256,1024,2052,964009,4710605,6565497,965375,0,0,0,LentMessages,975990,965064,4711114,6565497,966325,0,0,0,975990,4731065,6565498,977325,0,0,0,solo and shared
20,20,blake3-servil-st,1024,1335,1010852,4816310,10719864,1012294,0,0,0,LentMessages,989931,988314,4821725,10719864,989589,0,0,0,989931,4830027,10719864,991228,0,0,0,solo and shared
20,21,blake3-servil-mt,16384,323,1001520,4892669,13589113,1002943,0,0,0,LentMessages,1018907,1018907,4880512,13589113,1020195,0,0,0,1015065,4899279,13589113,1016416,0,0,0,solo and shared
20,22,sha256,16384,141,983608,4814465,5988855,984223,0,0,0,LentMessages,984216,983356,4805578,5988855,984654,0,0,0,984216,4814656,5988855,984834,0,0,0,solo and shared
20,23,blake3-servil-st,16384,312,958157,4732335,13125430,954191,0,0,0,LentMessages,964804,958964,4700946,13125428,960295,0,0,0,964804,4729828,13125428,966162,0,0,0,solo and shared
20,24,blake3-servil-mt,65536,79,993470,4943205,13055267,994877,0,0,0,LentMessages,1395197,1014285,4954938,13055267,1015653,0,0,0,1395197,4965642,13055267,1396645,0,0,0,solo and shared
20,25,sha256,65536,35,999279,4851345,5895779,1000698,0,0,0,LentMessages,994963,994963,4860163,5895779,996319,0,0,0,994286,4853137,5895779,995704,0,0,0,solo and shared
20,26,blake3-servil-st,65536,74,930643,4627905,12228835,932040,0,0,0,LentMessages,956393,956393,4642157,12228835,957793,0,0,0,949226,4634297,12228835,950628,0,0,0,solo and shared
20,27,blake3-servil-mt,1048576,10,875094,4099476,3860079,877842,0,0,0,LentMessages,970581,969151,4471331,4105432,965438,0,0,0,970581,4536282,4327377,972313,0,0,0,solo and shared
20,28,sha256,1048576,2,979823,4591400,5376065,980795,0,0,0,LentMessages,992713,980624,4600555,5376065,981484,0,0,0,992713,4620983,5376066,988350,0,0,0,solo and shared
20,29,blake3-servil-st,1048576,5,1131322,5355476,13144744,1132196,0,0,0,LentMessages,1997882,1997882,9691688,13144745,1998975,0,0,0,1997020,9688059,13144745,1998606,0,0,0,solo and shared
21,0,blake3-servil-mt,1024,3366,439061,1674557,1549266,404135,0,0,0,ContinuousMessages,647055,647043,2090179,1558188,558217,0,0,0,647055,1982348,1549238,544904,0,0,0,solo and shared
21,1,sha256,1024,2048,972969,4707676,6544510,974416,0,0,0,ContinuousMessages,1489366,1489296,7249466,6544511,1491006,0,0,0,1489366,7248563,6544511,1490958,0,0,0,solo and shared
21,2,blake3-servil-mt,16384,238,273021,1188133,284038,271191,0,0,0,ContinuousMessages,434494,433169,1812803,289740,426777,0,0,0,434494,1915488,286443,433080,0,0,0,solo and shared
21,3,sha256,16384,139,975789,4749896,5903368,977246,0,0,0,ContinuousMessages,979686,978211,4742974,5903368,979633,0,0,0,979686,4751680,5903368,981063,0,0,0,solo and shared
21,4,blake3-servil-mt,65536,72,256206,1104338,88045,247213,0,0,0,ContinuousMessages,462712,462712,2018236,88043,444796,0,0,0,460001,1988571,88431,445524,0,0,0,solo and shared
21,5,sha256,65536,34,973389,4730611,5727226,975167,0,0,0,ContinuousMessages,1507539,1507024,7318065,5727227,1507935,0,0,0,1507539,7319087,5727227,1508537,0,0,0,solo and shared
21,6,blake3-servil-mt,1048576,15,782019,3544815,255443,776309,0,0,0,ContinuousMessages,1456292,1442245,6628125,255331,1437810,0,0,0,1456292,6617810,256507,1446903,0,0,0,solo and shared
21,7,sha256,1048576,2,933490,4539637,5379420,936273,0,0,0,ContinuousMessages,1033420,1019243,4980115,5379420,1020418,0,0,0,1033420,4990149,5379421,1027659,0,0,0,solo and shared
21,12,blake3-servil-mt,64,22345,1008058,4929534,16201274,1009141,0,0,0,LentMessages,1019857,1019857,4925159,16201274,1021290,0,0,0,1010389,4934038,16201274,1011443,0,0,0,solo and shared
21,13,blake3-servil-st,64,21585,1022150,4877564,15585520,1011281,0,0,0,LentMessages,994342,994342,4805773,15585520,988819,0,0,0,990321,4836944,15585519,991938,0,0,0,solo and shared
21,14,sha256,64,14557,915789,4489259,9113830,917246,0,0,0,LentMessages,918557,917394,4481544,9113831,918685,0,0,0,918557,4488856,9113831,920073,0,0,0,solo and shared
21,15,blake3-servil-mt,1024,1359,1004145,4904763,10916637,1005553,0,0,0,LentMessages,1008639,1003504,4907509,10916637,1004764,0,0,0,1008639,4915094,10916637,1009368,0,0,0,solo and shared
21,16,blake3-servil-st,1024,1335,988341,4807894,10719864,989693,0,0,0,LentMessages,993265,993265,4821857,10719864,994548,0,0,0,988195,4828964,10719864,989680,0,0,0,solo and shared
21,17,sha256,1024,2052,964580,4710555,6565497,965949,0,0,0,LentMessages,969641,965182,4710212,6565497,966461,0,0,0,969641,4737512,6565497,971088,0,0,0,solo and shared
21,18,blake3-servil-mt,16384,323,1033810,4905368,13589113,1035316,0,0,0,LentMessages,1033575,1000921,4878383,13589113,1002339,0,0,0,1033575,4932999,13589113,1035041,0,0,0,solo and shared
21,19,blake3-servil-st,16384,312,970601,4736786,13125429,972108,0,0,0,LentMessages,972261,965623,4706524,13125429,966970,0,0,0,972261,4748914,13125429,973691,0,0,0,solo and shared
21,20,sha256,16384,141,990533,4831197,5988855,991943,0,0,0,LentMessages,1009834,1009834,4811370,5988856,1001795,0,0,0,1001017,4826987,5988855,1002551,0,0,0,solo and shared
21,21,blake3-servil-mt,65536,79,1075154,4975585,13055268,1025751,0,0,0,LentMessages,1044521,1044277,4968233,13055267,1045642,0,0,0,1044521,5094032,13055267,1046033,0,0,0,solo and shared
21,22,blake3-servil-st,65536,74,951772,4645248,12228835,953433,0,0,0,LentMessages,1004518,998111,4858443,12228835,1000014,0,0,0,1004518,4901456,12228835,1006036,0,0,0,solo and shared
21,23,sha256,65536,35,995175,4855825,5895779,996674,0,0,0,LentMessages,1017715,995221,4860316,5895779,996863,0,0,0,1017715,4970742,5895779,1019251,0,0,0,solo and shared
21,24,blake3-servil-mt,1048576,10,990504,4627971,3738822,992378,0,0,0,LentMessages,1141946,1141946,5317030,5606458,1144112,0,0,0,1018299,4752050,4038194,1019360,0,0,0,solo and shared
21,25,blake3-servil-st,1048576,5,1202244,5635311,13144744,1206939,0,0,0,LentMessages,1199671,1175075,5492850,13144744,1176073,0,0,0,1199671,5612593,13144744,1200756,0,0,0,solo and shared
21,26,sha256,1048576,2,996463,4731210,5376065,997460,0,0,0,LentMessages,990378,973084,4624613,5376065,974089,0,0,0,990378,4654298,5376066,984004,0,0,0,solo and shared
21,18,blake3-servil-mt,64,2048,122138,499266,706951,123611,0,0,0,ContinuousMessages,218781,218781,622288,715052,168264,0,0,0,217097,671209,714117,182461,0,0,0,solo and shared
21,19,sha256,64,14922,943894,4574912,9282634,944553,0,0,0,ContinuousMessages,958580,958580,4589434,9282634,959889,0,0,0,956081,4580875,9282634,956686,0,0,0,solo and shared
22,0,sha256,16384,139,973416,4749057,5903368,974124,0,0,0,ContinuousMessages,973725,973366,4740483,5903368,974666,0,0,0,973725,4749288,5903368,974414,0,0,0,solo and shared
22,1,blake3-servil-mt,16384,238,287729,1278202,283882,286007,0,0,0,ContinuousMessages,401743,401743,1803042,286645,399626,0,0,0,399453,1817027,286668,397573,0,0,0,solo and shared
22,2,sha256,65536,34,969178,4723123,5727226,970785,0,0,0,ContinuousMessages,976970,976970,4734115,5727227,971061,0,0,0,967834,4725063,5727226,969224,0,0,0,solo and shared
22,3,blake3-servil-mt,65536,72,257170,1116581,88435,252243,0,0,0,ContinuousMessages,353907,351591,1330405,88565,315268,0,0,0,353907,1272897,89019,313665,0,0,0,solo and shared
22,4,sha256,1048576,2,945288,4537488,5379421,941024,0,0,0,ContinuousMessages,931200,916272,4484414,5379420,916990,0,0,0,931200,4550920,5379420,932686,0,0,0,solo and shared
22,5,blake3-servil-mt,1048576,15,830286,3161573,256063,697596,0,0,0,ContinuousMessages,894282,894282,3453920,257975,817252,0,0,0,894082,3565076,257171,819325,0,0,0,solo and shared
22,9,sha256,64,14557,914332,4470047,9113830,915740,0,0,0,LentMessages,916259,916192,4481037,9113830,916783,0,0,0,916259,4481474,9113830,917563,0,0,0,solo and shared
22,10,blake3-servil-mt,64,22345,1004094,4907220,16201274,1005452,0,0,0,LentMessages,1006682,1006682,4917111,16201274,1008016,0,0,0,1004431,4906271,16201274,1005729,0,0,0,solo and shared
22,11,blake3-servil-st,64,21585,983150,4796129,15585519,984546,0,0,0,LentMessages,979353,977042,4775778,15585519,978304,0,0,0,979353,4785409,15585519,980728,0,0,0,solo and shared
22,12,sha256,1024,2052,965343,4709821,6565497,966698,0,0,0,LentMessages,969049,965431,4711052,6565497,966736,0,0,0,969049,4730242,6565497,970352,0,0,0,solo and shared
22,13,blake3-servil-mt,1024,1359,1003670,4903292,10916637,1005019,0,0,0,LentMessages,1004106,1004106,4904009,10916637,1005405,0,0,0,1003964,4907024,10916637,1005274,0,0,0,solo and shared
22,14,blake3-servil-st,1024,1335,986687,4819787,10719864,988012,0,0,0,LentMessages,988136,984879,4811251,10719864,986174,0,0,0,988136,4827029,10719864,989438,0,0,0,solo and shared
22,15,sha256,16384,141,988269,4830924,5988855,989631,0,0,0,LentMessages,988887,988887,4806689,5988855,990209,0,0,0,987159,4830890,5988855,987775,0,0,0,solo and shared
22,16,blake3-servil-mt,16384,323,1032489,4902900,13589113,1033851,0,0,0,LentMessages,1013065,996404,4870261,13589113,997015,0,0,0,1013065,4898765,13589113,1014397,0,0,0,solo and shared
22,17,blake3-servil-st,16384,312,1009917,4733826,13125430,972065,0,0,0,LentMessages,967847,960987,4704574,13125429,961582,0,0,0,967847,4730191,13125429,969206,0,0,0,solo and shared
22,18,sha256,65536,35,984925,4852618,5895779,986343,0,0,0,LentMessages,993519,993519,4853450,5895779,994851,0,0,0,993460,4854408,5895779,994865,0,0,0,solo and shared
22,19,blake3-servil-mt,65536,79,997191,4945391,13055267,998602,0,0,0,LentMessages,1015042,1015042,4954572,13055267,1016460,0,0,0,1014290,4951486,13055267,1015684,0,0,0,solo and shared
22,20,blake3-servil-st,65536,74,939078,4640505,12228835,940534,0,0,0,LentMessages,979979,950626,4641959,12228835,951989,0,0,0,979979,4641877,12228835,981363,0,0,0,solo and shared
22,21,sha256,1048576,2,956872,4695083,5376065,958401,0,0,0,LentMessages,959789,957646,4671679,5376065,959073,0,0,0,959789,4686561,5376065,961337,0,0,0,solo and shared
22,22,blake3-servil-mt,1048576,10,873484,4019579,4364021,875144,0,0,0,LentMessages,913433,912177,4254208,4372518,913970,0,0,0,913433,4188123,4162857,904361,0,0,0,solo and shared
22,23,blake3-servil-st,1048576,5,1147665,5385683,13144744,1149218,0,0,0,LentMessages,1151493,1146202,5373360,13144744,1146950,0,0,0,1151493,5375544,13144745,1148995,0,0,0,solo and shared
22,16,sha256,64,14922,979853,4594086,9282634,980663,0,0,0,ContinuousMessages,963028,962043,4585322,9282634,963409,0,0,0,963028,4591893,9282634,963625,0,0,0,solo and shared
22,17,blake3-servil-mt,64,2048,131059,534399,705024,132619,0,0,0,ContinuousMessages,226636,225137,610796,715782,179163,0,0,0,226636,608898,714440,176363,0,0,0,solo and shared
22,18,sha256,1024,2048,964804,4708982,6544510,966214,0,0,0,ContinuousMessages,987714,984522,4708868,6544510,985845,0,0,0,987714,4723285,6544510,989078,0,0,0,solo and shared
22,19,blake3-servil-mt,1024,3366,414206,1536767,1543255,376051,0,0,0,ContinuousMessages,667407,647247,2069357,1572314,528240,0,0,0,667407,1969306,1560133,507777,0,0,0,solo and shared
23,0,blake3-servil-mt,65536,72,229203,932940,88443,222325,0,0,0,ContinuousMessages,334766,334329,996396,89006,249391,0,0,0,334766,981771,89333,240758,0,0,0,solo and shared
23,1,sha256,65536,34,996218,4850349,5727226,998132,0,0,0,ContinuousMessages,986850,986677,4717739,5727226,988099,0,0,0,986850,4716859,5727226,988306,0,0,0,solo and shared
23,2,blake3-servil-mt,1048576,15,720979,3204459,256112,705480,0,0,0,ContinuousMessages,884515,884515,3571556,257383,815734,0,0,0,878177,3516474,257966,805169,0,0,0,solo and shared
23,3,sha256,1048576,2,919993,4484986,5379420,921457,0,0,0,ContinuousMessages,918647,918647,4489407,5379420,920224,0,0,0,917701,4481739,5379420,919228,0,0,0,solo and shared
23,6,blake3-servil-st,64,21585,983097,4801760,15585519,984419,0,0,0,LentMessages,988181,988181,4829671,15585519,989600,0,0,0,980386,4790073,15585519,981755,0,0,0,solo and shared
23,7,sha256,64,14557,914139,4467233,9113831,915446,0,0,0,LentMessages,917742,917742,4482064,9113831,919128,0,0,0,917429,4484195,9113831,918797,0,0,0,solo and shared
23,8,blake3-servil-mt,64,22345,1003706,4906566,16201274,1005037,0,0,0,LentMessages,1262233,1262233,5889821,16201276,1223975,0,0,0,1005379,4912488,16201275,1006012,0,0,0,solo and shared
23,9,blake3-servil-st,1024,1335,985585,4812872,10719864,986995,0,0,0,LentMessages,1038616,1038616,5069650,10719864,1040036,0,0,0,988274,4827026,10719864,989586,0,0,0,solo and shared
23,10,sha256,1024,2052,965230,4710425,6565497,966727,0,0,0,LentMessages,1009299,1009299,4931386,6565497,1010960,0,0,0,970241,4732723,6565497,971615,0,0,0,solo and shared
23,11,blake3-servil-mt,1024,1359,1011275,4899292,10916637,1012674,0,0,0,LentMessages,1101001,1101001,5382894,10916637,1102449,0,0,0,1018099,4912656,10916637,1019406,0,0,0,solo and shared
23,12,blake3-servil-st,16384,312,970767,4744937,13125429,972243,0,0,0,LentMessages,1004045,1004045,4719282,13125429,1005373,0,0,0,981569,4751182,13125429,982999,0,0,0,solo and shared
23,13,sha256,16384,141,989714,4832156,5988855,991339,0,0,0,LentMessages,985938,983217,4806887,5988855,984523,0,0,0,985938,4819043,5988855,987359,0,0,0,solo and shared
23,14,blake3-servil-mt,16384,323,1028610,4921555,13589113,1030416,0,0,0,LentMessages,1012129,1001338,4874656,13589113,1002897,0,0,0,1012129,4906891,13589113,1013470,0,0,0,solo and shared
23,15,blake3-servil-st,65536,74,972925,4753555,12228835,975322,0,0,0,LentMessages,993025,961839,4690911,12228835,963776,0,0,0,993025,4844313,12228835,994864,0,0,0,solo and shared
23,16,sha256,65536,35,1018881,4978546,5895779,1020287,0,0,0,LentMessages,995332,994852,4860867,5895779,996314,0,0,0,995332,4863774,5895779,996812,0,0,0,solo and shared
23,17,blake3-servil-mt,65536,79,1013390,4950586,13055267,1014854,0,0,0,LentMessages,1111378,1111378,4970281,13055268,1072344,0,0,0,1014109,4950861,13055267,1015562,0,0,0,solo and shared
23,18,blake3-servil-st,1048576,5,1167979,5702775,13144744,1169468,0,0,0,LentMessages,1245283,1245283,6034358,13144745,1246897,0,0,0,1186995,5800982,13144744,1188565,0,0,0,solo and shared
23,19,sha256,1048576,2,942674,4601419,5376065,944227,0,0,0,LentMessages,944119,943644,4608024,5376065,945110,0,0,0,944119,4608133,5376065,945666,0,0,0,solo and shared
23,20,blake3-servil-mt,1048576,10,953337,4473836,5524396,955056,0,0,0,LentMessages,929375,929375,4279107,4265841,925865,0,0,0,928680,4339642,4411207,930347,0,0,0,solo and shared
23,14,blake3-servil-mt,64,2048,94127,435066,704954,94960,0,0,0,ContinuousMessages,186294,186294,614893,714779,158617,0,0,0,158815,600171,713153,141861,0,0,0,solo and shared
23,15,sha256,64,14922,974197,4571477,9282634,974848,0,0,0,ContinuousMessages,987607,976955,4581924,9282634,977582,0,0,0,987607,4586376,9282635,984085,0,0,0,solo and shared
23,16,blake3-servil-mt,1024,3366,394700,1521431,1545909,363181,0,0,0,ContinuousMessages,644277,485313,1650345,1551815,425889,0,0,0,644277,1828814,1584517,422528,0,0,0,solo and shared
23,17,sha256,1024,2048,964965,4706703,6544510,965589,0,0,0,ContinuousMessages,966917,966383,4709101,6544510,967689,0,0,0,966917,4719450,6544510,967489,0,0,0,solo and shared
23,18,blake3-servil-mt,16384,238,282728,1130013,284625,280908,0,0,0,ContinuousMessages,409096,405490,1845931,286817,404096,0,0,0,409096,1876440,287003,407673,0,0,0,solo and shared
23,19,sha256,16384,139,975812,4750039,5903368,976589,0,0,0,ContinuousMessages,992465,989489,4740088,5903368,990748,0,0,0,992465,4752276,5903368,993829,0,0,0,solo and shared
