point,sample,calls,wall_ns,p_cycles,p_instructions,p_ns,e_cycles,e_instructions,e_ns
1 x 64 B,0,28604,1293448,6331414,20795473,1294044,0,0,0
1 x 64 B,1,28604,1292493,6330503,20795473,1293013,0,0,0
1 x 64 B,2,28604,1290700,6312226,20795474,1291196,0,0,0
1 x 64 B,3,28604,1294712,6340965,20795473,1295246,0,0,0
1 x 64 B,4,28604,1692349,6341629,20795474,1692888,0,0,0
1 x 64 B,5,28604,1291738,6327351,20795473,1292235,0,0,0
1 x 64 B,6,28604,1291727,6326203,20795473,1292236,0,0,0
1 x 64 B,7,28604,1294933,6319831,20795473,1295463,0,0,0
1 x 64 B,8,28604,1292152,6325621,20795474,1292687,0,0,0
1 x 64 B,9,28604,1294786,6333545,20795473,1295292,0,0,0
1 x 64 B,10,28604,1291609,6326278,20795473,1292142,0,0,0
1 x 64 B,11,28604,1304985,6354611,20795474,1305527,0,0,0
1 x 64 B,12,28604,1287872,6307872,20795473,1288414,0,0,0
1 x 64 B,13,28604,1292528,6331260,20795473,1293051,0,0,0
1 x 64 B,14,28604,1288429,6310730,20795473,1288933,0,0,0
1 x 64 B,15,28604,1295412,6340891,20795474,1295919,0,0,0
1 x 64 B,16,28604,1291141,6324403,20795473,1291657,0,0,0
1 x 64 B,17,28604,1290118,6318582,20795473,1290638,0,0,0
1 x 64 B,18,28604,1293017,6328062,20795474,1293531,0,0,0
1 x 64 B,19,28604,1291975,6328774,20795473,1292486,0,0,0
1 x 64 B,20,28604,1292010,6328745,20795473,1292497,0,0,0
1 x 64 B,21,28604,1304398,6354732,20795474,1304928,0,0,0
1 x 64 B,22,28604,1312052,6337294,20795473,1312612,0,0,0
1 x 64 B,23,28604,1320638,6340502,20795473,1321180,0,0,0
1 x 64 B,24,28604,1293194,6317295,20795473,1293717,0,0,0
1 x 64 B,25,28604,1297298,6319189,20795474,1295284,0,0,0
1 x 64 B,26,28604,1290293,6318500,20795473,1290792,0,0,0
1 x 64 B,27,28604,1292034,6327188,20795473,1292557,0,0,0
1 x 64 B,28,28604,1291056,6319243,20795474,1291563,0,0,0
1 x 64 B,29,28604,1292417,6330189,20795473,1292920,0,0,0
1 x 64 B,30,28604,1292194,6328401,20795473,1292697,0,0,0
1 x 64 B,31,28604,1294663,6337449,20795474,1295177,0,0,0
3 x 64 B,0,17893,1566222,7669346,20827817,1566755,0,0,0
3 x 64 B,1,17893,1565033,7660649,20827818,1565541,0,0,0
3 x 64 B,2,17893,1568676,7683973,20827817,1569197,0,0,0
3 x 64 B,3,17893,1566355,7668608,20827818,1566905,0,0,0
3 x 64 B,4,17893,1568073,7649323,20827817,1564151,0,0,0
3 x 64 B,5,17893,1563653,7655415,20827818,1564150,0,0,0
3 x 64 B,6,17893,1563312,7653677,20827818,1563813,0,0,0
3 x 64 B,7,17893,1565935,7670673,20827817,1566432,0,0,0
3 x 64 B,8,17893,1565792,7663292,20827818,1566299,0,0,0
3 x 64 B,9,17893,1561901,7640269,20827817,1562384,0,0,0
3 x 64 B,10,17893,1567574,7671840,20827818,1568079,0,0,0
3 x 64 B,11,17893,1577852,7684931,20827817,1578350,0,0,0
3 x 64 B,12,17893,1567466,7668303,20827818,1568244,0,0,0
3 x 64 B,13,17893,1563822,7645116,20827817,1564408,0,0,0
3 x 64 B,14,17893,1565778,7659465,20827818,1566503,0,0,0
3 x 64 B,15,17893,1574912,7704061,20827818,1575556,0,0,0
3 x 64 B,16,17893,1567731,7676823,20827817,1568404,0,0,0
3 x 64 B,17,17893,1573864,7691037,20827818,1574856,0,0,0
3 x 64 B,18,17893,1570344,7683872,20827817,1570983,0,0,0
3 x 64 B,19,17893,1580065,7702308,20827818,1578358,0,0,0
3 x 64 B,20,17893,1575716,7657893,20827818,1567873,0,0,0
3 x 64 B,21,17893,1573870,7690122,20827817,1574370,0,0,0
3 x 64 B,22,17893,1570721,7684942,20827818,1571235,0,0,0
3 x 64 B,23,17893,1563634,7659152,20827817,1564115,0,0,0
3 x 64 B,24,17893,1578820,7707749,20827818,1579315,0,0,0
3 x 64 B,25,17893,1569543,7687349,20827817,1570055,0,0,0
3 x 64 B,26,17893,1562932,7650253,20827818,1563430,0,0,0
3 x 64 B,27,17893,1571371,7689719,20827818,1571881,0,0,0
3 x 64 B,28,17893,1948092,7681799,20827817,1948581,0,0,0
3 x 64 B,29,17893,1572188,7696513,20827818,1572701,0,0,0
3 x 64 B,30,17893,1563253,7651855,20827818,1563750,0,0,0
3 x 64 B,31,17893,1567051,7676511,20827817,1567542,0,0,0
4 x 64 B,0,22730,1641222,8036475,28276486,1641747,0,0,0
4 x 64 B,1,22730,1666456,8021274,28276485,1666963,0,0,0
4 x 64 B,2,22730,1636939,8011501,28276486,1637462,0,0,0
4 x 64 B,3,22730,1640972,8031787,28276486,1641465,0,0,0
4 x 64 B,4,22730,1639352,8030867,28276485,1639850,0,0,0
4 x 64 B,5,22730,1637048,8015688,28276486,1637551,0,0,0
4 x 64 B,6,22730,1640813,8032243,28276486,1641311,0,0,0
4 x 64 B,7,22730,1633074,8000490,28276485,1633558,0,0,0
4 x 64 B,8,22730,1639548,8026441,28276486,1640089,0,0,0
4 x 64 B,9,22730,1637896,8015529,28276486,1638404,0,0,0
4 x 64 B,10,22730,1636706,8018304,28276485,1637212,0,0,0
4 x 64 B,11,22730,1642482,8040424,28276486,1642970,0,0,0
4 x 64 B,12,22730,1636148,8011644,28276486,1636644,0,0,0
4 x 64 B,13,22730,1636312,8015612,28276485,1636864,0,0,0
4 x 64 B,14,22730,1638877,8023901,28276486,1639363,0,0,0
4 x 64 B,15,22730,1639803,8029731,28276485,1640298,0,0,0
4 x 64 B,16,22730,1641633,8033892,28276486,1642152,0,0,0
4 x 64 B,17,22730,1636703,8014043,28276486,1637201,0,0,0
4 x 64 B,18,22730,1638508,8026413,28276485,1639006,0,0,0
4 x 64 B,19,22730,1639570,8026813,28276486,1640065,0,0,0
4 x 64 B,20,22730,1638843,8023095,28276486,1639343,0,0,0
4 x 64 B,21,22730,1637327,8020643,28276485,1637829,0,0,0
4 x 64 B,22,22730,1639728,8024124,28276486,1640237,0,0,0
4 x 64 B,23,22730,1640300,8029134,28276486,1640802,0,0,0
4 x 64 B,24,22730,1634457,8007249,28276485,1634940,0,0,0
4 x 64 B,25,22730,1639651,8027904,28276486,1640167,0,0,0
4 x 64 B,26,22730,1636616,8017063,28276485,1637174,0,0,0
4 x 64 B,27,22730,1637063,8014446,28276486,1637616,0,0,0
4 x 64 B,28,22730,1640625,8025836,28276486,1641687,0,0,0
4 x 64 B,29,22730,1639413,8022690,28276485,1639931,0,0,0
4 x 64 B,30,22730,1644516,8043087,28276486,1645265,0,0,0
4 x 64 B,31,22730,1637802,8013983,28276486,1638404,0,0,0
6 x 64 B,0,14832,1779939,8661430,25422413,1777862,0,0,0
6 x 64 B,1,14832,1769518,8656630,25422414,1770076,0,0,0
6 x 64 B,2,14832,1768646,8656616,25422414,1769156,0,0,0
6 x 64 B,3,14832,1785025,8660855,25422414,1785539,0,0,0
6 x 64 B,4,14832,1767598,8650274,25422414,1768093,0,0,0
6 x 64 B,5,14832,1764761,8643874,25422413,1765257,0,0,0
6 x 64 B,6,14832,1796825,8657316,25422414,1797322,0,0,0
6 x 64 B,7,14832,1768779,8659445,25422414,1769278,0,0,0
6 x 64 B,8,14832,1768220,8652608,25422414,1768731,0,0,0
6 x 64 B,9,14832,1766653,8654337,25422413,1767145,0,0,0
6 x 64 B,10,14832,1768469,8659916,25422414,1768966,0,0,0
6 x 64 B,11,14832,2132015,8646171,25422414,2132524,0,0,0
6 x 64 B,12,14832,1766969,8652358,25422414,1767465,0,0,0
6 x 64 B,13,14832,1769032,8661169,25422414,1769550,0,0,0
6 x 64 B,14,14832,1765218,8643359,25422414,1765716,0,0,0
6 x 64 B,15,14832,1789018,8644572,25422413,1767553,0,0,0
6 x 64 B,16,14832,1768777,8659030,25422414,1769279,0,0,0
6 x 64 B,17,14832,1767215,8652912,25422414,1767718,0,0,0
6 x 64 B,18,14832,1769660,8659228,25422414,1770269,0,0,0
6 x 64 B,19,14832,1766968,8651161,25422414,1767503,0,0,0
6 x 64 B,20,14832,1764568,8641833,25422413,1765069,0,0,0
6 x 64 B,21,14832,1766650,8650818,25422414,1767146,0,0,0
6 x 64 B,22,14832,1795995,8666892,25422414,1796494,0,0,0
6 x 64 B,23,14832,1768487,8658665,25422414,1768985,0,0,0
6 x 64 B,24,14832,1766764,8655154,25422413,1767262,0,0,0
6 x 64 B,25,14832,1767958,8635738,25422414,1768451,0,0,0
6 x 64 B,26,14832,1769794,8665537,25422414,1770327,0,0,0
6 x 64 B,27,14832,1796509,8648065,25422414,1797017,0,0,0
6 x 64 B,28,14832,1765942,8652215,25422413,1766454,0,0,0
6 x 64 B,29,14832,1766910,8647949,25422414,1767404,0,0,0
6 x 64 B,30,14832,1767309,8653276,25422414,1767799,0,0,0
6 x 64 B,31,14832,1769949,8665881,25422414,1770441,0,0,0
8 x 64 B,0,17319,1766085,8646108,26377203,1766641,0,0,0
8 x 64 B,1,17319,1762965,8636855,26377202,1763461,0,0,0
8 x 64 B,2,17319,1766412,8645949,26377203,1766930,0,0,0
8 x 64 B,3,17319,1763659,8635530,26377203,1764176,0,0,0
8 x 64 B,4,17319,1764814,8640899,26377203,1765318,0,0,0
8 x 64 B,5,17319,1761460,8628032,26377202,1761999,0,0,0
8 x 64 B,6,17319,1763289,8634121,26377203,1763798,0,0,0
8 x 64 B,7,17319,1764419,8636214,26377203,1765097,0,0,0
8 x 64 B,8,17319,1763743,8633216,26377203,1764270,0,0,0
8 x 64 B,9,17319,1764139,8638364,26377202,1764889,0,0,0
8 x 64 B,10,17319,1766691,8643264,26377203,1767281,0,0,0
8 x 64 B,11,17319,1768007,8653443,26377203,1768637,0,0,0
8 x 64 B,12,17319,1771360,8654570,26377203,1772278,0,0,0
8 x 64 B,13,17319,1769903,8632570,26377203,1768288,0,0,0
8 x 64 B,14,17319,1773503,8639303,26377202,1767443,0,0,0
8 x 64 B,15,17319,1763298,8631735,26377203,1763830,0,0,0
8 x 64 B,16,17319,1765698,8644583,26377203,1766204,0,0,0
8 x 64 B,17,17319,1761837,8626723,26377203,1762345,0,0,0
8 x 64 B,18,17319,1763466,8638868,26377202,1763985,0,0,0
8 x 64 B,19,17319,1767181,8635517,26377203,1767723,0,0,0
8 x 64 B,20,17319,1767622,8646973,26377203,1768129,0,0,0
8 x 64 B,21,17319,1766592,8642778,26377203,1767098,0,0,0
8 x 64 B,22,17319,1763058,8634528,26377202,1763577,0,0,0
8 x 64 B,23,17319,1766721,8648714,26377203,1767230,0,0,0
8 x 64 B,24,17319,1762022,8628021,26377203,1762521,0,0,0
8 x 64 B,25,17319,2150545,8649849,26377203,2151055,0,0,0
8 x 64 B,26,17319,1764510,8640235,26377203,1765011,0,0,0
8 x 64 B,27,17319,1766013,8642863,26377203,1766512,0,0,0
8 x 64 B,28,17319,1762232,8633619,26377202,1762716,0,0,0
8 x 64 B,29,17319,1765841,8645826,26377203,1766350,0,0,0
8 x 64 B,30,17319,1764962,8641652,26377203,1765468,0,0,0
8 x 64 B,31,17319,1766705,8642649,26377203,1767201,0,0,0
12 x 64 B,0,11183,1812768,8872209,28058513,1813288,0,0,0
12 x 64 B,1,11183,1808600,8857550,28058512,1809107,0,0,0
12 x 64 B,2,11183,1809864,8862615,28058513,1810394,0,0,0
12 x 64 B,3,11183,1812384,8874205,28058513,1812883,0,0,0
12 x 64 B,4,11183,1810001,8863025,28058513,1810499,0,0,0
12 x 64 B,5,11183,1812222,8872596,28058513,1812721,0,0,0
12 x 64 B,6,11183,1808138,8858801,28058512,1808610,0,0,0
12 x 64 B,7,11183,1812920,8872487,28058513,1813407,0,0,0
12 x 64 B,8,11183,1811886,8871637,28058513,1812376,0,0,0
12 x 64 B,9,11183,1814266,8883279,28058513,1814761,0,0,0
12 x 64 B,10,11183,1810662,8865726,28058513,1811149,0,0,0
12 x 64 B,11,11183,1807991,8858118,28058512,1808478,0,0,0
12 x 64 B,12,11183,1813367,8878054,28058513,1813850,0,0,0
12 x 64 B,13,11183,1809437,8859975,28058513,1809934,0,0,0
12 x 64 B,14,11183,1812354,8869731,28058513,1812860,0,0,0
12 x 64 B,15,11183,1810200,8864422,28058513,1810695,0,0,0
12 x 64 B,16,11183,1811767,8869841,28058513,1812255,0,0,0
12 x 64 B,17,11183,1807842,8856749,28058512,1808326,0,0,0
12 x 64 B,18,11183,1812218,8871878,28058513,1812915,0,0,0
12 x 64 B,19,11183,1811859,8868980,28058513,1812361,0,0,0
12 x 64 B,20,11183,1813454,8871768,28058513,1814160,0,0,0
12 x 64 B,21,11183,1813784,8875617,28058513,1814333,0,0,0
12 x 64 B,22,11183,1810592,8867094,28058512,1811252,0,0,0
12 x 64 B,23,11183,1816236,8878918,28058513,1816890,0,0,0
12 x 64 B,24,11183,1813525,8866333,28058513,1814094,0,0,0
12 x 64 B,25,11183,1819682,8862280,28058513,1814241,0,0,0
12 x 64 B,26,11183,1810957,8863875,28058513,1811466,0,0,0
12 x 64 B,27,11183,1810338,8867425,28058512,1810835,0,0,0
12 x 64 B,28,11183,1811360,8868474,28058513,1811845,0,0,0
12 x 64 B,29,11183,1813948,8881603,28058513,1814448,0,0,0
12 x 64 B,30,11183,1810214,8863351,28058513,1810734,0,0,0
12 x 64 B,31,11183,1812599,8875448,28058513,1813097,0,0,0
16 x 64 B,0,9654,1873605,9170807,26896410,1874157,0,0,0
16 x 64 B,1,9654,1869726,9159565,26896409,1870260,0,0,0
16 x 64 B,2,9654,1871563,9163230,26896410,1872062,0,0,0
16 x 64 B,3,9654,1870795,9159377,26896410,1871287,0,0,0
16 x 64 B,4,9654,1871109,9162364,26896410,1871611,0,0,0
16 x 64 B,5,9654,2246710,9167569,26896410,2247244,0,0,0
16 x 64 B,6,9654,1870558,9157485,26896410,1871050,0,0,0
16 x 64 B,7,9654,1871580,9162416,26896410,1872070,0,0,0
16 x 64 B,8,9654,1870014,9157389,26896410,1870521,0,0,0
16 x 64 B,9,9654,1871189,9162185,26896410,1871694,0,0,0
16 x 64 B,10,9654,1868836,9151939,26896410,1869329,0,0,0
16 x 64 B,11,9654,1872972,9170694,26896410,1873517,0,0,0
16 x 64 B,12,9654,1867929,9151679,26896409,1868410,0,0,0
16 x 64 B,13,9654,1872476,9165598,26896410,1872963,0,0,0
16 x 64 B,14,9654,1870536,9159515,26896410,1871022,0,0,0
16 x 64 B,15,9654,1871529,9163859,26896410,1872033,0,0,0
16 x 64 B,16,9654,1870770,9161117,26896410,1871252,0,0,0
16 x 64 B,17,9654,1869545,9154175,26896410,1870049,0,0,0
16 x 64 B,18,9654,1871103,9162020,26896416,1871636,0,0,0
16 x 64 B,19,9654,1870290,9158087,26896416,1870799,0,0,0
16 x 64 B,20,9654,1868198,9152455,26896409,1868709,0,0,0
16 x 64 B,21,9654,1872118,9164979,26896410,1872627,0,0,0
16 x 64 B,22,9654,1886462,9162006,26896410,1876493,0,0,0
16 x 64 B,23,9654,1871543,9162260,26896410,1872042,0,0,0
16 x 64 B,24,9654,1870081,9156685,26896410,1870579,0,0,0
16 x 64 B,25,9654,1869368,9154179,26896410,1869863,0,0,0
16 x 64 B,26,9654,1870037,9155470,26896410,1870527,0,0,0
16 x 64 B,27,9654,1870396,9158219,26896410,1870890,0,0,0
16 x 64 B,28,9654,1869892,9159991,26896409,1870427,0,0,0
16 x 64 B,29,9654,1873843,9165360,26896410,1874355,0,0,0
16 x 64 B,30,9654,1872941,9167893,26896410,1873595,0,0,0
16 x 64 B,31,9654,1872577,9159698,26896410,1873297,0,0,0
24 x 64 B,0,6662,1909657,9298620,26974804,1907798,0,0,0
24 x 64 B,1,6662,1903540,9295724,26974804,1904144,0,0,0
24 x 64 B,2,6662,1900121,9300272,26974804,1900624,0,0,0
24 x 64 B,3,6662,1899108,9291511,26974804,1899644,0,0,0
24 x 64 B,4,6662,1898803,9295820,26974804,1899312,0,0,0
24 x 64 B,5,6662,1897827,9297859,26974803,1898341,0,0,0
24 x 64 B,6,6662,1899446,9298502,26974804,1899942,0,0,0
24 x 64 B,7,6662,1895429,9281085,26974804,1895921,0,0,0
24 x 64 B,8,6662,1899733,9301446,26974804,1900277,0,0,0
24 x 64 B,9,6662,1899636,9299085,26974804,1900134,0,0,0
24 x 64 B,10,6662,1899268,9295148,26974804,1899782,0,0,0
24 x 64 B,11,6662,1897816,9293120,26974804,1898314,0,0,0
24 x 64 B,12,6662,1899730,9302224,26974804,1900241,0,0,0
24 x 64 B,13,6662,1897921,9294308,26974804,1898431,0,0,0
24 x 64 B,14,6662,1897535,9292658,26974804,1898029,0,0,0
24 x 64 B,15,6662,1896129,9289787,26974803,1896611,0,0,0
24 x 64 B,16,6662,1899842,9302702,26974804,1900335,0,0,0
24 x 64 B,17,6662,1899665,9296829,26974804,1900149,0,0,0
24 x 64 B,18,6662,1896821,9288918,26974804,1897309,0,0,0
24 x 64 B,19,6662,1897003,9290097,26974804,1897494,0,0,0
24 x 64 B,20,6662,1897654,9292331,26974804,1898141,0,0,0
24 x 64 B,21,6662,1899363,9299970,26974804,1899899,0,0,0
24 x 64 B,22,6662,1904991,9294651,26974804,1901220,0,0,0
24 x 64 B,23,6662,1900073,9301855,26974804,1900573,0,0,0
24 x 64 B,24,6662,1898152,9294332,26974804,1898644,0,0,0
24 x 64 B,25,6662,1897127,9294597,26974803,1897627,0,0,0
24 x 64 B,26,6662,1899945,9301277,26974804,1900460,0,0,0
24 x 64 B,27,6662,1900933,9297733,26974804,1900550,0,0,0
24 x 64 B,28,6662,1897093,9290036,26974804,1897596,0,0,0
24 x 64 B,29,6662,1899436,9300304,26974804,1899932,0,0,0
24 x 64 B,30,6662,1898980,9296603,26974804,1899490,0,0,0
24 x 64 B,31,6662,1896886,9289446,26974804,1897385,0,0,0
64 x 64 B,0,2633,1965770,9623287,27288778,1966314,0,0,0
64 x 64 B,1,2633,1961093,9603832,27288778,1961598,0,0,0
64 x 64 B,2,2633,1962219,9608096,27288778,1962728,0,0,0
64 x 64 B,3,2633,1961928,9607289,27288778,1962428,0,0,0
64 x 64 B,4,2633,1964518,9617573,27288778,1965178,0,0,0
64 x 64 B,5,2633,1964411,9614316,27288778,1964925,0,0,0
64 x 64 B,6,2633,1971489,9622332,27288778,1972282,0,0,0
64 x 64 B,7,2633,1962776,9606303,27288778,1963431,0,0,0
64 x 64 B,8,2633,1967705,9619745,27288778,1968653,0,0,0
64 x 64 B,9,2633,1966522,9620059,27288778,1967234,0,0,0
64 x 64 B,10,2633,1964523,9619440,27288777,1965063,0,0,0
64 x 64 B,11,2633,1974165,9618545,27288778,1968373,0,0,0
64 x 64 B,12,2633,1966036,9609834,27288778,1966545,0,0,0
64 x 64 B,13,2633,1963692,9614249,27288778,1964185,0,0,0
64 x 64 B,14,2633,1962990,9610201,27288778,1963502,0,0,0
64 x 64 B,15,2633,1963459,9613695,27288778,1963954,0,0,0
64 x 64 B,16,2633,1962869,9609133,27288778,1963366,0,0,0
64 x 64 B,17,2633,2350502,9642106,27288779,2351011,0,0,0
64 x 64 B,18,2633,1961276,9604742,27288778,1961787,0,0,0
64 x 64 B,19,2633,1963389,9614377,27288778,1963891,0,0,0
64 x 64 B,20,2633,1964571,9619643,27288778,1965073,0,0,0
64 x 64 B,21,2633,1959139,9598997,27288777,1959632,0,0,0
64 x 64 B,22,2633,1970888,9614553,27288778,1965583,0,0,0
64 x 64 B,23,2633,1964342,9616370,27288778,1964838,0,0,0
64 x 64 B,24,2633,1966149,9622289,27288778,1966656,0,0,0
64 x 64 B,25,2633,1964496,9619762,27288778,1964992,0,0,0
64 x 64 B,26,2633,1963893,9617760,27288778,1964382,0,0,0
64 x 64 B,27,2633,1965342,9624933,27288778,1965830,0,0,0
64 x 64 B,28,2633,1964557,9620125,27288778,1965062,0,0,0
64 x 64 B,29,2633,1965278,9622595,27288778,1965767,0,0,0
64 x 64 B,30,2633,1964949,9621913,27288778,1965459,0,0,0
64 x 64 B,31,2633,1961427,9602272,27288778,1961960,0,0,0
128 x 64 B,0,1328,1977182,9680420,27181870,1977715,0,0,0
128 x 64 B,1,1328,1975876,9676400,27181870,1976384,0,0,0
128 x 64 B,2,1328,1977407,9683609,27181870,1977914,0,0,0
128 x 64 B,3,1328,1977893,9685296,27181870,1978394,0,0,0
128 x 64 B,4,1328,1977468,9683631,27181870,1977971,0,0,0
128 x 64 B,5,1328,1977061,9682089,27181870,1977555,0,0,0
128 x 64 B,6,1328,1977097,9682335,27181870,1977631,0,0,0
128 x 64 B,7,1328,1978549,9685792,27181870,1979057,0,0,0
128 x 64 B,8,1328,1978492,9687260,27181870,1978986,0,0,0
128 x 64 B,9,1328,1977443,9683969,27181870,1977940,0,0,0
128 x 64 B,10,1328,1978071,9685056,27181870,1978582,0,0,0
128 x 64 B,11,1328,1976538,9677449,27181870,1977490,0,0,0
128 x 64 B,12,1328,1979046,9676956,27181870,1979587,0,0,0
128 x 64 B,13,1328,1977083,9678694,27181870,1977865,0,0,0
128 x 64 B,14,1328,1979591,9686082,27181870,1980376,0,0,0
128 x 64 B,15,1328,1979912,9688226,27181870,1980653,0,0,0
128 x 64 B,16,1328,2016004,9678276,27181870,2014434,0,0,0
128 x 64 B,17,1328,1987428,9676609,27181870,1981633,0,0,0
128 x 64 B,18,1328,1977608,9682646,27181870,1978115,0,0,0
128 x 64 B,19,1328,1976776,9679375,27181870,1977276,0,0,0
128 x 64 B,20,1328,1978150,9680883,27181870,1978653,0,0,0
128 x 64 B,21,1328,1978552,9682732,27181870,1979058,0,0,0
128 x 64 B,22,1328,1978387,9685522,27181870,1978887,0,0,0
128 x 64 B,23,1328,1978974,9684969,27181870,1979506,0,0,0
128 x 64 B,24,1328,1980273,9690365,27181870,1980781,0,0,0
128 x 64 B,25,1328,1976618,9678359,27181870,1977121,0,0,0
128 x 64 B,26,1328,2371664,9684223,27181870,2372187,0,0,0
128 x 64 B,27,1328,1977515,9683048,27181870,1978014,0,0,0
128 x 64 B,28,1328,1979699,9689059,27181870,1980208,0,0,0
128 x 64 B,29,1328,1979452,9687864,27181870,1979951,0,0,0
128 x 64 B,30,1328,1977467,9682622,27181870,1977972,0,0,0
128 x 64 B,31,1328,1977603,9684114,27181870,1978106,0,0,0
129 x 64 B,0,1269,1950042,9548354,26728044,1950607,0,0,0
129 x 64 B,1,1269,1953559,9565157,26728044,1954064,0,0,0
129 x 64 B,2,1269,1950796,9552574,26728044,1951315,0,0,0
129 x 64 B,3,1269,1951862,9551399,26728044,1952441,0,0,0
129 x 64 B,4,1269,1954509,9559460,26728044,1955037,0,0,0
129 x 64 B,5,1269,1952960,9562539,26728044,1953480,0,0,0
129 x 64 B,6,1269,1949676,9546946,26728044,1950185,0,0,0
129 x 64 B,7,1269,1951918,9553291,26728044,1952422,0,0,0
129 x 64 B,8,1269,1949763,9547199,26728044,1950264,0,0,0
129 x 64 B,9,1269,1949362,9549888,26728043,1949872,0,0,0
129 x 64 B,10,1269,1950042,9549220,26728044,1950548,0,0,0
129 x 64 B,11,1269,1952850,9560507,26728044,1953358,0,0,0
129 x 64 B,12,1269,1951109,9550904,26728044,1951617,0,0,0
129 x 64 B,13,1269,1952251,9559234,26728044,1952764,0,0,0
129 x 64 B,14,1269,1952905,9562465,26728044,1953435,0,0,0
129 x 64 B,15,1269,1951911,9554950,26728044,1952421,0,0,0
129 x 64 B,16,1269,1951338,9551943,26728044,1951835,0,0,0
129 x 64 B,17,1269,1952676,9560407,26728044,1953181,0,0,0
129 x 64 B,18,1269,1951444,9554744,26728044,1952025,0,0,0
129 x 64 B,19,1269,1949949,9543808,26728044,1950645,0,0,0
129 x 64 B,20,1269,1953758,9556802,26728044,1954298,0,0,0
129 x 64 B,21,1269,1953466,9557780,26728044,1954187,0,0,0
129 x 64 B,22,1269,1950847,9543298,26728044,1951504,0,0,0
129 x 64 B,23,1269,1957389,9567625,26728044,1958485,0,0,0
129 x 64 B,24,1269,1950248,9541708,26728044,1950867,0,0,0
129 x 64 B,25,1269,1951479,9547651,26728044,1952027,0,0,0
129 x 64 B,26,1269,1977243,9561700,26728044,1973878,0,0,0
129 x 64 B,27,1269,1949973,9547076,26728044,1950481,0,0,0
129 x 64 B,28,1269,1949896,9549285,26728044,1950400,0,0,0
129 x 64 B,29,1269,1949085,9544318,26728044,1949581,0,0,0
129 x 64 B,30,1269,1951518,9552720,26728044,1952081,0,0,0
129 x 64 B,31,1269,1951176,9557770,26728043,1951681,0,0,0
1024 x 64 B,0,166,2006637,9825902,27061022,2007178,0,0,0
1024 x 64 B,1,166,2005390,9820905,27061022,2005884,0,0,0
1024 x 64 B,2,166,2006709,9826152,27061022,2007205,0,0,0
1024 x 64 B,3,166,2005985,9823931,27061022,2006501,0,0,0
1024 x 64 B,4,166,2007421,9831267,27061022,2007923,0,0,0
1024 x 64 B,5,166,2008052,9828182,27061022,2008543,0,0,0
1024 x 64 B,6,166,2009044,9837946,27061022,2009549,0,0,0
1024 x 64 B,7,166,2008787,9838083,27061022,2009289,0,0,0
1024 x 64 B,8,166,2007426,9830983,27061022,2007959,0,0,0
1024 x 64 B,9,166,2005712,9822862,27061022,2006218,0,0,0
1024 x 64 B,10,166,2008740,9836159,27061022,2009246,0,0,0
1024 x 64 B,11,166,2009050,9834291,27061022,2009576,0,0,0
1024 x 64 B,12,166,2008981,9837564,27061022,2009506,0,0,0
1024 x 64 B,13,166,2003611,9812746,27061022,2004127,0,0,0
1024 x 64 B,14,166,2009931,9842274,27061022,2010424,0,0,0
1024 x 64 B,15,166,2006689,9827637,27061022,2007206,0,0,0
1024 x 64 B,16,166,2007438,9831331,27061022,2007946,0,0,0
1024 x 64 B,17,166,2005839,9823639,27061022,2006350,0,0,0
1024 x 64 B,18,166,2008746,9833884,27061022,2009254,0,0,0
1024 x 64 B,19,166,2010002,9837202,27061022,2010500,0,0,0
1024 x 64 B,20,166,2069606,9833608,27061022,2010370,0,0,0
1024 x 64 B,21,166,2009781,9839279,27061022,2010292,0,0,0
1024 x 64 B,22,166,2009772,9840421,27061022,2010293,0,0,0
1024 x 64 B,23,166,2012189,9834803,27061022,2012711,0,0,0
1024 x 64 B,24,166,2008206,9833184,27061022,2008709,0,0,0
1024 x 64 B,25,166,2005513,9820019,27061022,2006021,0,0,0
1024 x 64 B,26,166,2009176,9836090,27061022,2009908,0,0,0
1024 x 64 B,27,166,2009184,9835234,27061022,2009694,0,0,0
1024 x 64 B,28,166,2012332,9846796,27061022,2012993,0,0,0
1024 x 64 B,29,166,2007484,9826792,27061022,2008313,0,0,0
1024 x 64 B,30,166,2012859,9846255,27061022,2013527,0,0,0
1024 x 64 B,31,166,2016932,9832876,27061022,2015090,0,0,0
1 x 128 B,0,17286,1591221,7790392,21867156,1591809,0,0,0
1 x 128 B,1,17286,1590697,7792020,21867155,1591228,0,0,0
1 x 128 B,2,17286,1591165,7788648,21867156,1591676,0,0,0
1 x 128 B,3,17286,1591022,7794451,21867155,1591540,0,0,0
1 x 128 B,4,17286,1592159,7793707,21867156,1592674,0,0,0
1 x 128 B,5,17286,1586962,7774583,21867155,1587439,0,0,0
1 x 128 B,6,17286,1593729,7794278,21867157,1594251,0,0,0
1 x 128 B,7,17286,1592205,7794850,21867156,1592786,0,0,0
1 x 128 B,8,17286,1593254,7804120,21867155,1593777,0,0,0
1 x 128 B,9,17286,1590275,7785533,21867156,1590799,0,0,0
1 x 128 B,10,17286,1589262,7783088,21867155,1589770,0,0,0
1 x 128 B,11,17286,1591974,7790147,21867156,1592501,0,0,0
1 x 128 B,12,17286,1591120,7789259,21867156,1591638,0,0,0
1 x 128 B,13,17286,1590520,7792476,21867155,1591036,0,0,0
1 x 128 B,14,17286,1955081,7794141,21867156,1955599,0,0,0
1 x 128 B,15,17286,1591568,7791830,21867156,1592111,0,0,0
1 x 128 B,16,17286,1589766,7787663,21867155,1590275,0,0,0
1 x 128 B,17,17286,1590698,7788304,21867156,1591213,0,0,0
1 x 128 B,18,17286,1591967,7788166,21867156,1592490,0,0,0
1 x 128 B,19,17286,1590214,7785227,21867155,1590745,0,0,0
1 x 128 B,20,17286,1591555,7792694,21867156,1592071,0,0,0
1 x 128 B,21,17286,1590454,7787334,21867155,1590957,0,0,0
1 x 128 B,22,17286,1591534,7788432,21867156,1592048,0,0,0
1 x 128 B,23,17286,1592183,7794776,21867156,1592707,0,0,0
1 x 128 B,24,17286,1589110,7784753,21867155,1589621,0,0,0
1 x 128 B,25,17286,1591123,7790692,21867156,1591644,0,0,0
1 x 128 B,26,17286,1590970,7793847,21867155,1591483,0,0,0
1 x 128 B,27,17286,1590534,7787041,21867156,1591046,0,0,0
1 x 128 B,28,17286,1590508,7792070,21867155,1591031,0,0,0
1 x 128 B,29,17286,1591412,7791897,21867156,1591930,0,0,0
1 x 128 B,30,17286,1591131,7790831,21867156,1591639,0,0,0
1 x 128 B,31,17286,1589699,7787452,21867155,1590221,0,0,0
3 x 128 B,0,12934,1760111,8619075,31352382,1760630,0,0,0
3 x 128 B,1,12934,1759908,8617419,31352382,1760394,0,0,0
3 x 128 B,2,12934,1759838,8616720,31352382,1760334,0,0,0
3 x 128 B,3,12934,1761073,8627986,31352381,1761563,0,0,0
3 x 128 B,4,12934,1760578,8621409,31352382,1761067,0,0,0
3 x 128 B,5,12934,1761264,8623430,31352382,1761786,0,0,0
3 x 128 B,6,12934,1762154,8628170,31352382,1762695,0,0,0
3 x 128 B,7,12934,1762318,8629715,31352381,1763115,0,0,0
3 x 128 B,8,12934,1763097,8631117,31352382,1763623,0,0,0
3 x 128 B,9,12934,1758908,8609705,31352382,1759503,0,0,0
3 x 128 B,10,12934,1764944,8635979,31352382,1765690,0,0,0
3 x 128 B,11,12934,1762987,8633722,31352381,1763569,0,0,0
3 x 128 B,12,12934,1769760,8655278,31352382,1770724,0,0,0
3 x 128 B,13,12934,1765164,8632429,31352382,1765790,0,0,0
3 x 128 B,14,12934,1762006,8624481,31352382,1762503,0,0,0
3 x 128 B,15,12934,1759172,8617514,31352381,1759656,0,0,0
3 x 128 B,16,12934,1760855,8618634,31352382,1761391,0,0,0
3 x 128 B,17,12934,1761916,8622490,31352382,1762413,0,0,0
3 x 128 B,18,12934,1760696,8621553,31352382,1761181,0,0,0
3 x 128 B,19,12934,1761368,8624597,31352382,1761855,0,0,0
3 x 128 B,20,12934,2153958,8619092,31352382,2154468,0,0,0
3 x 128 B,21,12934,1757042,8607424,31352381,1757537,0,0,0
3 x 128 B,22,12934,1764971,8642890,31352382,1765464,0,0,0
3 x 128 B,23,12934,1761400,8625360,31352382,1761909,0,0,0
3 x 128 B,24,12934,1758747,8607916,31352382,1759244,0,0,0
3 x 128 B,25,12934,1761151,8622262,31352381,1761650,0,0,0
3 x 128 B,26,12934,1763310,8634239,31352382,1763800,0,0,0
3 x 128 B,27,12934,1763070,8630561,31352382,1763553,0,0,0
3 x 128 B,28,12934,1768937,8617690,31352382,1761989,0,0,0
3 x 128 B,29,12934,1762316,8629339,31352382,1762809,0,0,0
3 x 128 B,30,12934,1759815,8621298,31352381,1760303,0,0,0
3 x 128 B,31,12934,1760778,8622360,31352382,1761272,0,0,0
4 x 128 B,0,13412,1760540,8621251,30418782,1761061,0,0,0
4 x 128 B,1,13412,1761923,8622521,30418782,1762433,0,0,0
4 x 128 B,2,13412,1757731,8611774,30418781,1758212,0,0,0
4 x 128 B,3,13412,1761832,8626710,30418782,1762322,0,0,0
4 x 128 B,4,13412,1759768,8616931,30418782,1760252,0,0,0
4 x 128 B,5,13412,1760108,8617631,30418782,1760604,0,0,0
4 x 128 B,6,13412,1758421,8614572,30418781,1758921,0,0,0
4 x 128 B,7,13412,1760531,8621258,30418782,1761032,0,0,0
4 x 128 B,8,13412,1761783,8624305,30418782,1762292,0,0,0
4 x 128 B,9,13412,1759624,8615882,30418782,1760110,0,0,0
4 x 128 B,10,13412,1758113,8612027,30418781,1758605,0,0,0
4 x 128 B,11,13412,1759517,8614561,30418782,1760008,0,0,0
4 x 128 B,12,13412,1760456,8620447,30418782,1760947,0,0,0
4 x 128 B,13,13412,1759840,8617578,30418782,1760330,0,0,0
4 x 128 B,14,13412,1758681,8616290,30418781,1759176,0,0,0
4 x 128 B,15,13412,1761735,8626108,30418782,1762228,0,0,0
4 x 128 B,16,13412,1759950,8618353,30418782,1760450,0,0,0
4 x 128 B,17,13412,1759461,8615889,30418782,1759955,0,0,0
4 x 128 B,18,13412,1760210,8617741,30418782,1760763,0,0,0
4 x 128 B,19,13412,1759881,8618206,30418781,1760376,0,0,0
4 x 128 B,20,13412,1761228,8623643,30418782,1761760,0,0,0
4 x 128 B,21,13412,1763844,8632018,30418782,1764335,0,0,0
4 x 128 B,22,13412,1764673,8634850,30418782,1765400,0,0,0
4 x 128 B,23,13412,1762264,8630472,30418781,1763068,0,0,0
4 x 128 B,24,13412,1767020,8639019,30418782,1767988,0,0,0
4 x 128 B,25,13412,1802822,8645405,30418782,1801288,0,0,0
4 x 128 B,26,13412,1773585,8620838,30418782,1766788,0,0,0
4 x 128 B,27,13412,1758400,8613265,30418781,1758872,0,0,0
4 x 128 B,28,13412,1765281,8623408,30418782,1765777,0,0,0
4 x 128 B,29,13412,1761101,8620224,30418782,1761582,0,0,0
4 x 128 B,30,13412,1762312,8621680,30418782,1762796,0,0,0
4 x 128 B,31,13412,1760032,8617105,30418782,1760531,0,0,0
6 x 128 B,0,8287,1839410,9010331,26178998,1839941,0,0,0
6 x 128 B,1,8287,2210179,9011913,26179000,2210697,0,0,0
6 x 128 B,2,8287,1836117,8995655,26178998,1836616,0,0,0
6 x 128 B,3,8287,1838811,9002625,26178999,1839359,0,0,0
6 x 128 B,4,8287,1837428,8992452,26178999,1837920,0,0,0
6 x 128 B,5,8287,1838199,9001407,26178999,1838693,0,0,0
6 x 128 B,6,8287,1838796,9004423,26178999,1839281,0,0,0
6 x 128 B,7,8287,1837577,8998482,26178999,1838069,0,0,0
6 x 128 B,8,8287,1835977,8994488,26178998,1836470,0,0,0
6 x 128 B,9,8287,1837088,8995632,26178999,1837578,0,0,0
6 x 128 B,10,8287,1838340,8999873,26178999,1838892,0,0,0
6 x 128 B,11,8287,1835521,8988010,26178999,1836195,0,0,0
6 x 128 B,12,8287,1840395,9006699,26178999,1840889,0,0,0
6 x 128 B,13,8287,1845592,9012367,26178999,1846163,0,0,0
6 x 128 B,14,8287,1839422,9006532,26178998,1840083,0,0,0
6 x 128 B,15,8287,1843232,9019613,26178999,1843868,0,0,0
6 x 128 B,16,8287,1871733,9015868,26178999,1873172,0,0,0
6 x 128 B,17,8287,1843747,9018425,26178999,1844350,0,0,0
6 x 128 B,18,8287,1844770,8988169,26178999,1840037,0,0,0
6 x 128 B,19,8287,1840239,9011521,26178999,1840741,0,0,0
6 x 128 B,20,8287,1837506,8996809,26178999,1838015,0,0,0
6 x 128 B,21,8287,1836806,8998426,26178998,1837296,0,0,0
6 x 128 B,22,8287,1841995,9011091,26178999,1842512,0,0,0
6 x 128 B,23,8287,1841067,9013515,26178999,1841558,0,0,0
6 x 128 B,24,8287,1840377,9011866,26178999,1840869,0,0,0
6 x 128 B,25,8287,1842896,9019327,26178999,1843406,0,0,0
6 x 128 B,26,8287,1840555,9008729,26178999,1841047,0,0,0
6 x 128 B,27,8287,1838074,9004411,26178998,1838588,0,0,0
6 x 128 B,28,8287,2236230,9000536,26179000,2236747,0,0,0
6 x 128 B,29,8287,1839872,9006768,26178999,1840423,0,0,0
6 x 128 B,30,8287,1835132,8989968,26178998,1835738,0,0,0
6 x 128 B,31,8287,1839455,9004076,26178999,1840095,0,0,0
8 x 128 B,0,9733,1813075,8872790,27174902,1813985,0,0,0
8 x 128 B,1,9733,1813608,8873116,27174902,1814291,0,0,0
8 x 128 B,2,9733,1822578,8867875,27174902,1820471,0,0,0
8 x 128 B,3,9733,1810621,8869230,27174901,1811184,0,0,0
8 x 128 B,4,9733,1820640,8866581,27174902,1816151,0,0,0
8 x 128 B,5,9733,1812790,8871706,27174902,1813299,0,0,0
8 x 128 B,6,9733,1810770,8866360,27174902,1811315,0,0,0
8 x 128 B,7,9733,1811874,8871381,27174902,1812368,0,0,0
8 x 128 B,8,9733,1810406,8862412,27174902,1810917,0,0,0
8 x 128 B,9,9733,1809905,8866826,27174901,1810425,0,0,0
8 x 128 B,10,9733,1813067,8872922,27174902,1813573,0,0,0
8 x 128 B,11,9733,1811455,8870337,27174902,1811958,0,0,0
8 x 128 B,12,9733,1811982,8871190,27174902,1812477,0,0,0
8 x 128 B,13,9733,1810507,8865247,27174902,1811007,0,0,0
8 x 128 B,14,9733,1809477,8864783,27174901,1809976,0,0,0
8 x 128 B,15,9733,1810372,8864533,27174902,1810881,0,0,0
8 x 128 B,16,9733,1813435,8879386,27174902,1813933,0,0,0
8 x 128 B,17,9733,1811331,8866664,27174902,1811829,0,0,0
8 x 128 B,18,9733,1811898,8869254,27174902,1812391,0,0,0
8 x 128 B,19,9733,1809780,8866121,27174901,1810302,0,0,0
8 x 128 B,20,9733,1811851,8872564,27174902,1812354,0,0,0
8 x 128 B,21,9733,1812161,8872308,27174902,1812659,0,0,0
8 x 128 B,22,9733,1809881,8863145,27174902,1810385,0,0,0
8 x 128 B,23,9733,1812042,8872462,27174902,1812538,0,0,0
8 x 128 B,24,9733,1810733,8867097,27174902,1811234,0,0,0
8 x 128 B,25,9733,1808880,8861285,27174901,1809376,0,0,0
8 x 128 B,26,9733,1812509,8868742,27174902,1813019,0,0,0
8 x 128 B,27,9733,1811831,8871838,27174902,1812340,0,0,0
8 x 128 B,28,9733,1810659,8865790,27174902,1811145,0,0,0
8 x 128 B,29,9733,1843645,8885791,27174902,1844203,0,0,0
8 x 128 B,30,9733,1809900,8863779,27174901,1810414,0,0,0
8 x 128 B,31,9733,1810141,8868401,27174901,1812007,0,0,0
12 x 128 B,0,6199,1907310,9339940,29141865,1907864,0,0,0
12 x 128 B,1,6199,1912404,9333099,29141865,1908973,0,0,0
12 x 128 B,2,6199,1906754,9337502,29141865,1907246,0,0,0
12 x 128 B,3,6199,1908845,9345636,29141865,1909335,0,0,0
12 x 128 B,4,6199,1905907,9333510,29141865,1906409,0,0,0
12 x 128 B,5,6199,1908414,9344811,29141865,1908914,0,0,0
12 x 128 B,6,6199,1907020,9335182,29141865,1907514,0,0,0
12 x 128 B,7,6199,1916197,9342943,29141865,1916703,0,0,0
12 x 128 B,8,6199,1907605,9339050,29141865,1908459,0,0,0
12 x 128 B,9,6199,1905912,9336362,29141864,1906448,0,0,0
12 x 128 B,10,6199,1925110,9338921,29141865,1925751,0,0,0
12 x 128 B,11,6199,1960078,9343432,29141865,1960702,0,0,0
12 x 128 B,12,6199,1933593,9347160,29141865,1934259,0,0,0
12 x 128 B,13,6199,1928619,9360100,29141865,1925947,0,0,0
12 x 128 B,14,6199,1920780,9346295,29141865,1919369,0,0,0
12 x 128 B,15,6199,1917248,9330188,29141865,1910962,0,0,0
12 x 128 B,16,6199,1909793,9347530,29141865,1910350,0,0,0
12 x 128 B,17,6199,1907524,9337907,29141865,1908024,0,0,0
12 x 128 B,18,6199,1909070,9345373,29141865,1909579,0,0,0
12 x 128 B,19,6199,1913450,9343845,29141865,1913951,0,0,0
12 x 128 B,20,6199,1908858,9345426,29141865,1909350,0,0,0
12 x 128 B,21,6199,1907114,9342928,29141864,1907612,0,0,0
12 x 128 B,22,6199,1907535,9335823,29141865,1908028,0,0,0
12 x 128 B,23,6199,1908753,9345937,29141865,1909253,0,0,0
12 x 128 B,24,6199,2312103,9352307,29141866,2312615,0,0,0
12 x 128 B,25,6199,1906912,9337862,29141865,1907404,0,0,0
12 x 128 B,26,6199,1906026,9338329,29141864,1906524,0,0,0
12 x 128 B,27,6199,1908618,9345840,29141865,1909107,0,0,0
12 x 128 B,28,6199,1909444,9348275,29141865,1909940,0,0,0
12 x 128 B,29,6199,1909309,9344240,29141865,1909805,0,0,0
12 x 128 B,30,6199,1907099,9337691,29141865,1907606,0,0,0
12 x 128 B,31,6199,1909201,9348554,29141865,1909700,0,0,0
16 x 128 B,0,5253,1921299,9407302,27436785,1921839,0,0,0
16 x 128 B,1,5253,1928549,9404955,27436785,1924227,0,0,0
16 x 128 B,2,5253,1922179,9409966,27436785,1922694,0,0,0
16 x 128 B,3,5253,1921288,9407344,27436785,1921845,0,0,0
16 x 128 B,4,5253,1923343,9417561,27436785,1923849,0,0,0
16 x 128 B,5,5253,1921323,9403091,27436785,1921840,0,0,0
16 x 128 B,6,5253,1917817,9395521,27436784,1918326,0,0,0
16 x 128 B,7,5253,1920441,9403334,27436785,1920947,0,0,0
16 x 128 B,8,5253,1921929,9410141,27436785,1922447,0,0,0
16 x 128 B,9,5253,1920663,9401504,27436785,1921163,0,0,0
16 x 128 B,10,5253,1921609,9407559,27436785,1922119,0,0,0
16 x 128 B,11,5253,1921419,9407765,27436785,1921925,0,0,0
16 x 128 B,12,5253,1921273,9408138,27436785,1921780,0,0,0
16 x 128 B,13,5253,1921198,9404390,27436785,1921731,0,0,0
16 x 128 B,14,5253,1921244,9403317,27436785,1921760,0,0,0
16 x 128 B,15,5253,1920877,9404756,27436785,1921385,0,0,0
16 x 128 B,16,5253,1921569,9405730,27436785,1922122,0,0,0
16 x 128 B,17,5253,1921484,9406936,27436785,1922529,0,0,0
16 x 128 B,18,5253,1926469,9412186,27436785,1927147,0,0,0
16 x 128 B,19,5253,1919738,9398961,27436784,1920565,0,0,0
16 x 128 B,20,5253,1923246,9410694,27436785,1923868,0,0,0
16 x 128 B,21,5253,1926500,9406830,27436785,1927461,0,0,0
16 x 128 B,22,5253,1925128,9413895,27436785,1925636,0,0,0
16 x 128 B,23,5253,1920997,9398865,27436785,1921529,0,0,0
16 x 128 B,24,5253,1927252,9399788,27436785,1922527,0,0,0
16 x 128 B,25,5253,1920403,9404590,27436785,1920917,0,0,0
16 x 128 B,26,5253,1920312,9403768,27436785,1920966,0,0,0
16 x 128 B,27,5253,1919309,9399322,27436785,1919824,0,0,0
16 x 128 B,28,5253,1921020,9405667,27436785,1921528,0,0,0
16 x 128 B,29,5253,1920988,9400739,27436785,1921563,0,0,0
16 x 128 B,30,5253,1921069,9406564,27436785,1921577,0,0,0
16 x 128 B,31,5253,1918710,9394923,27436785,1919221,0,0,0
24 x 128 B,0,3578,1941128,9510419,27386377,1941640,0,0,0
24 x 128 B,1,3578,2360691,9528703,27386379,2332978,0,0,0
24 x 128 B,2,3578,1943488,9517308,27386378,1943997,0,0,0
24 x 128 B,3,3578,1945495,9525551,27386378,1946004,0,0,0
24 x 128 B,4,3578,1943566,9517660,27386378,1944077,0,0,0
24 x 128 B,5,3578,1943437,9515682,27386378,1943947,0,0,0
24 x 128 B,6,3578,1942346,9511502,27386378,1942853,0,0,0
24 x 128 B,7,3578,1942073,9511110,27386377,1942594,0,0,0
24 x 128 B,8,3578,1944027,9516913,27386378,1944560,0,0,0
24 x 128 B,9,3578,1943207,9515881,27386378,1943715,0,0,0
24 x 128 B,10,3578,1943694,9517876,27386378,1944179,0,0,0
24 x 128 B,11,3578,1945777,9528102,27386378,1946307,0,0,0
24 x 128 B,12,3578,1944177,9520699,27386378,1944668,0,0,0
24 x 128 B,13,3578,1944461,9522156,27386378,1944955,0,0,0
24 x 128 B,14,3578,1943508,9517462,27386378,1943988,0,0,0
24 x 128 B,15,3578,1944160,9517761,27386378,1944666,0,0,0
24 x 128 B,16,3578,1943466,9516898,27386378,1943953,0,0,0
24 x 128 B,17,3578,1943851,9519081,27386378,1944344,0,0,0
24 x 128 B,18,3578,1944483,9522853,27386378,1944981,0,0,0
24 x 128 B,19,3578,1944241,9521033,27386378,1944744,0,0,0
24 x 128 B,20,3578,1943792,9518640,27386378,1944282,0,0,0
24 x 128 B,21,3578,1943509,9517714,27386378,1943995,0,0,0
24 x 128 B,22,3578,1944153,9521024,27386378,1944643,0,0,0
24 x 128 B,23,3578,1944448,9519135,27386378,1944945,0,0,0
24 x 128 B,24,3578,1944537,9521480,27386378,1945024,0,0,0
24 x 128 B,25,3578,1944405,9519081,27386378,1945050,0,0,0
24 x 128 B,26,3578,1943189,9518933,27386377,1943758,0,0,0
24 x 128 B,27,3578,1946322,9523121,27386378,1947527,0,0,0
24 x 128 B,28,3578,1947584,9529102,27386378,1948890,0,0,0
24 x 128 B,29,3578,1949058,9524883,27386378,1949803,0,0,0
24 x 128 B,30,3578,1946683,9523887,27386378,1947371,0,0,0
24 x 128 B,31,3578,1943886,9516513,27386378,1944437,0,0,0
64 x 128 B,0,1373,1972163,9653820,27198123,1972891,0,0,0
64 x 128 B,1,1373,1970173,9649006,27198123,1970681,0,0,0
64 x 128 B,2,1373,1970985,9651161,27198123,1971487,0,0,0
64 x 128 B,3,1373,1972515,9658300,27198123,1973023,0,0,0
64 x 128 B,4,1373,1972413,9656456,27198123,1972912,0,0,0
64 x 128 B,5,1373,1971320,9654292,27198123,1971834,0,0,0
64 x 128 B,6,1373,1971358,9650968,27198123,1971860,0,0,0
64 x 128 B,7,1373,1972094,9655333,27198123,1972579,0,0,0
64 x 128 B,8,1373,1972306,9656943,27198123,1972798,0,0,0
64 x 128 B,9,1373,1971865,9651156,27198123,1972363,0,0,0
64 x 128 B,10,1373,1971993,9655910,27198123,1972491,0,0,0
64 x 128 B,11,1373,2367194,9663801,27198123,2367696,0,0,0
64 x 128 B,12,1373,1971918,9656031,27198123,1972410,0,0,0
64 x 128 B,13,1373,1971688,9650976,27198123,1972179,0,0,0
64 x 128 B,14,1373,1972707,9656476,27198123,1973208,0,0,0
64 x 128 B,15,1373,1972415,9657882,27198123,1972906,0,0,0
64 x 128 B,16,1373,1971674,9654639,27198123,1972169,0,0,0
64 x 128 B,17,1373,1971496,9655355,27198123,1972015,0,0,0
64 x 128 B,18,1373,1973174,9659369,27198123,1973706,0,0,0
64 x 128 B,19,1373,1973641,9659527,27198123,1974182,0,0,0
64 x 128 B,20,1373,1972549,9654002,27198123,1973108,0,0,0
64 x 128 B,21,1373,1973182,9655803,27198123,1973776,0,0,0
64 x 128 B,22,1373,1972622,9652852,27198123,1973549,0,0,0
64 x 128 B,23,1373,1973575,9661555,27198123,1974087,0,0,0
64 x 128 B,24,1373,1974289,9658431,27198123,1974806,0,0,0
64 x 128 B,25,1373,1972898,9650530,27198123,1973406,0,0,0
64 x 128 B,26,1373,1971838,9649693,27198123,1972339,0,0,0
64 x 128 B,27,1373,1972345,9655215,27198123,1972848,0,0,0
64 x 128 B,28,1373,1972865,9659610,27198123,1973358,0,0,0
64 x 128 B,29,1373,1972057,9656690,27198123,1972553,0,0,0
64 x 128 B,30,1373,1971431,9651673,27198123,1971925,0,0,0
64 x 128 B,31,1373,1972274,9653443,27198123,1972770,0,0,0
128 x 128 B,0,696,1998376,9739006,27323238,1993616,0,0,0
128 x 128 B,1,696,1990430,9738477,27323238,1991219,0,0,0
128 x 128 B,2,696,1992616,9748180,27323238,1993365,0,0,0
128 x 128 B,3,696,1990068,9740359,27323238,1990664,0,0,0
128 x 128 B,4,696,2002117,9745706,27323238,2000140,0,0,0
128 x 128 B,5,696,1988224,9734195,27323238,1988836,0,0,0
128 x 128 B,6,696,1993532,9740981,27323238,1994052,0,0,0
128 x 128 B,7,696,1989798,9741114,27323238,1990302,0,0,0
128 x 128 B,8,696,1990916,9743816,27323238,1991435,0,0,0
128 x 128 B,9,696,1988680,9735808,27323238,1989198,0,0,0
128 x 128 B,10,696,1990393,9742899,27323238,1990898,0,0,0
128 x 128 B,11,696,1988958,9738527,27323238,1989455,0,0,0
128 x 128 B,12,696,1989422,9738643,27323238,1989925,0,0,0
128 x 128 B,13,696,1987482,9731471,27323238,1987990,0,0,0
128 x 128 B,14,696,1989452,9738521,27323238,1989964,0,0,0
128 x 128 B,15,696,1990369,9740510,27323238,1990875,0,0,0
128 x 128 B,16,696,1988331,9733441,27323238,1988835,0,0,0
128 x 128 B,17,696,1989558,9741661,27323238,1990054,0,0,0
128 x 128 B,18,696,1989754,9739174,27323238,1990257,0,0,0
128 x 128 B,19,696,1989017,9739071,27323238,1989518,0,0,0
128 x 128 B,20,696,1989919,9741363,27323238,1990424,0,0,0
128 x 128 B,21,696,1987591,9732389,27323238,1988093,0,0,0
128 x 128 B,22,696,1988999,9733568,27323238,1989501,0,0,0
128 x 128 B,23,696,1988084,9734329,27323238,1988615,0,0,0
128 x 128 B,24,696,1990520,9744369,27323238,1991022,0,0,0
128 x 128 B,25,696,1989009,9739594,27323238,1989565,0,0,0
128 x 128 B,26,696,1988822,9733104,27323238,1989313,0,0,0
128 x 128 B,27,696,1989266,9740505,27323238,1989767,0,0,0
128 x 128 B,28,696,1990202,9742254,27323238,1990708,0,0,0
128 x 128 B,29,696,1988334,9736313,27323238,1988889,0,0,0
128 x 128 B,30,696,1986595,9732632,27323237,1987157,0,0,0
128 x 128 B,31,696,1988883,9735682,27323238,1989383,0,0,0
129 x 128 B,0,675,1992316,9753489,27225816,1992845,0,0,0
129 x 128 B,1,675,1989315,9741245,27225816,1989866,0,0,0
129 x 128 B,2,675,1992527,9753617,27225816,1993019,0,0,0
129 x 128 B,3,675,1990254,9745314,27225816,1990758,0,0,0
129 x 128 B,4,675,1990194,9742690,27225816,1990695,0,0,0
129 x 128 B,5,675,1990158,9744462,27225816,1990665,0,0,0
129 x 128 B,6,675,1990876,9745214,27225816,1991396,0,0,0
129 x 128 B,7,675,1991494,9750148,27225816,1992181,0,0,0
129 x 128 B,8,675,1991886,9749970,27225816,1992535,0,0,0
129 x 128 B,9,675,1992507,9751671,27225816,1993228,0,0,0
129 x 128 B,10,675,1992996,9752777,27225816,1993631,0,0,0
129 x 128 B,11,675,1994338,9754253,27225816,1995413,0,0,0
129 x 128 B,12,675,1996760,9740895,27225816,1995099,0,0,0
129 x 128 B,13,675,1997350,9738284,27225816,1993200,0,0,0
129 x 128 B,14,675,1993021,9754069,27225816,1993521,0,0,0
129 x 128 B,15,675,1990224,9742780,27225816,1990720,0,0,0
129 x 128 B,16,675,1991057,9744492,27225822,1991580,0,0,0
129 x 128 B,17,675,1989265,9738059,27225822,1989762,0,0,0
129 x 128 B,18,675,1991183,9748492,27225816,1991681,0,0,0
129 x 128 B,19,675,1990706,9747593,27225816,1991202,0,0,0
129 x 128 B,20,675,2388669,9759775,27225817,2389179,0,0,0
129 x 128 B,21,675,1990547,9742542,27225816,1991056,0,0,0
129 x 128 B,22,675,1990978,9748521,27225816,1991471,0,0,0
129 x 128 B,23,675,1990054,9744268,27225816,1990554,0,0,0
129 x 128 B,24,675,1989581,9740320,27225816,1990088,0,0,0
129 x 128 B,25,675,1990363,9746296,27225816,1990855,0,0,0
129 x 128 B,26,675,1989988,9741560,27225816,1990498,0,0,0
129 x 128 B,27,675,1991429,9751312,27225816,1991932,0,0,0
129 x 128 B,28,675,1990824,9747879,27225816,1991325,0,0,0
129 x 128 B,29,675,1991013,9745703,27225816,1991531,0,0,0
129 x 128 B,30,675,1990670,9745058,27225816,1991182,0,0,0
129 x 128 B,31,675,1996848,9738093,27225816,1992786,0,0,0
1024 x 128 B,0,87,2012316,9850805,27239196,2012875,0,0,0
1024 x 128 B,1,87,2011767,9847653,27239196,2012263,0,0,0
1024 x 128 B,2,87,2011162,9847798,27239196,2011675,0,0,0
1024 x 128 B,3,87,2010440,9844705,27239196,2010928,0,0,0
1024 x 128 B,4,87,2010599,9845603,27239196,2011093,0,0,0
1024 x 128 B,5,87,2011702,9848270,27239196,2012209,0,0,0
1024 x 128 B,6,87,2011659,9850278,27239196,2012178,0,0,0
1024 x 128 B,7,87,2010768,9846533,27239196,2011258,0,0,0
1024 x 128 B,8,87,2010938,9847085,27239196,2011454,0,0,0
1024 x 128 B,9,87,2010675,9845186,27239196,2011171,0,0,0
1024 x 128 B,10,87,2011223,9846767,27239196,2011721,0,0,0
1024 x 128 B,11,87,2009819,9842234,27239196,2010325,0,0,0
1024 x 128 B,12,87,2010986,9843082,27239196,2011483,0,0,0
1024 x 128 B,13,87,2013234,9856379,27239196,2013733,0,0,0
1024 x 128 B,14,87,2032828,9921061,27239197,2031376,0,0,0
1024 x 128 B,15,87,2030231,9937033,27239196,2030873,0,0,0
1024 x 128 B,16,87,2023935,9897785,27239196,2024633,0,0,0
1024 x 128 B,17,87,2020541,9863228,27239196,2021337,0,0,0
1024 x 128 B,18,87,2025744,9859596,27239196,2024152,0,0,0
1024 x 128 B,19,87,2040766,9851390,27239196,2039796,0,0,0
1024 x 128 B,20,87,2015278,9858152,27239196,2015882,0,0,0
1024 x 128 B,21,87,2010227,9842278,27239196,2010731,0,0,0
1024 x 128 B,22,87,2013569,9849268,27239196,2014086,0,0,0
1024 x 128 B,23,87,2010988,9842714,27239196,2011509,0,0,0
1024 x 128 B,24,87,2013101,9855530,27239196,2013651,0,0,0
1024 x 128 B,25,87,2012109,9849045,27239196,2012642,0,0,0
1024 x 128 B,26,87,2011122,9841072,27239196,2011613,0,0,0
1024 x 128 B,27,87,2012633,9854403,27239196,2013147,0,0,0
1024 x 128 B,28,87,2409663,9849773,27239197,2410196,0,0,0
1024 x 128 B,29,87,2010778,9842658,27239196,2011333,0,0,0
1024 x 128 B,30,87,2011188,9844942,27239196,2011699,0,0,0
1024 x 128 B,31,87,2010006,9842099,27239196,2010511,0,0,0
1 x 256 B,0,9683,1778432,8704061,21545041,1778988,0,0,0
1 x 256 B,1,9683,1777224,8703424,21545040,1777740,0,0,0
1 x 256 B,2,9683,1776995,8700157,21545041,1777523,0,0,0
1 x 256 B,3,9683,1778930,8709409,21545041,1779468,0,0,0
1 x 256 B,4,9683,1777185,8700879,21545041,1777709,0,0,0
1 x 256 B,5,9683,1776703,8700596,21545040,1777227,0,0,0
1 x 256 B,6,9683,1777300,8698315,21545041,1777822,0,0,0
1 x 256 B,7,9683,1776532,8697738,21545041,1777054,0,0,0
1 x 256 B,8,9683,1778148,8705611,21545041,1778671,0,0,0
1 x 256 B,9,9683,1777861,8702141,21545041,1778393,0,0,0
1 x 256 B,10,9683,1776902,8701972,21545040,1777430,0,0,0
1 x 256 B,11,9683,1776604,8698216,21545041,1777152,0,0,0
1 x 256 B,12,9683,1776165,8696235,21545041,1776702,0,0,0
1 x 256 B,13,9683,1776551,8697825,21545041,1777073,0,0,0
1 x 256 B,14,9683,1776218,8699227,21545040,1776745,0,0,0
1 x 256 B,15,9683,1776616,8695769,21545041,1777137,0,0,0
1 x 256 B,16,9683,1777791,8703592,21545041,1778314,0,0,0
1 x 256 B,17,9683,1777037,8700896,21545041,1777559,0,0,0
1 x 256 B,18,9683,1776521,8695350,21545041,1777041,0,0,0
1 x 256 B,19,9683,1776126,8699198,21545040,1776645,0,0,0
1 x 256 B,20,9683,1776774,8698924,21545041,1777298,0,0,0
1 x 256 B,21,9683,1777214,8698840,21545041,1777739,0,0,0
1 x 256 B,22,9683,1777407,8700293,21545041,1777931,0,0,0
1 x 256 B,23,9683,1776283,8696566,21545040,1777051,0,0,0
1 x 256 B,24,9683,1779678,8706032,21545041,1780271,0,0,0
1 x 256 B,25,9683,1778238,8699092,21545041,1778923,0,0,0
1 x 256 B,26,9683,1777895,8698896,21545041,1778678,0,0,0
1 x 256 B,27,9683,1780056,8707429,21545041,1781896,0,0,0
1 x 256 B,28,9683,1780886,8716271,21545040,1782020,0,0,0
1 x 256 B,29,9683,1783720,8696656,21545041,1782184,0,0,0
1 x 256 B,30,9683,1786116,8701363,21545041,1780839,0,0,0
1 x 256 B,31,9683,1778369,8704494,21545041,1778907,0,0,0
3 x 256 B,0,7360,1860831,9108899,31295086,1861353,0,0,0
3 x 256 B,1,7360,1858189,9101627,31295085,1858745,0,0,0
3 x 256 B,2,7360,1859457,9104249,31295086,1859962,0,0,0
3 x 256 B,3,7360,1859045,9099811,31295086,1859554,0,0,0
3 x 256 B,4,7360,1862312,9111988,31295086,1862873,0,0,0
3 x 256 B,5,7360,1860612,9105192,31295086,1861137,0,0,0
3 x 256 B,6,7360,1860162,9107056,31295086,1860653,0,0,0
3 x 256 B,7,7360,1860745,9109175,31295086,1861239,0,0,0
3 x 256 B,8,7360,2234825,9102507,31295086,2235325,0,0,0
3 x 256 B,9,7360,1860655,9109872,31295086,1861146,0,0,0
3 x 256 B,10,7360,1859365,9104367,31295086,1859857,0,0,0
3 x 256 B,11,7360,1858759,9106351,31295085,1859242,0,0,0
3 x 256 B,12,7360,1860103,9104976,31295086,1860648,0,0,0
3 x 256 B,13,7360,1861510,9111937,31295086,1862005,0,0,0
3 x 256 B,14,7360,1859998,9107255,31295086,1860504,0,0,0
3 x 256 B,15,7360,1860097,9107731,31295086,1860603,0,0,0
3 x 256 B,16,7360,1860720,9107888,31295086,1861212,0,0,0
3 x 256 B,17,7360,1860229,9105311,31295086,1860728,0,0,0
3 x 256 B,18,7360,1857938,9102027,31295085,1858431,0,0,0
3 x 256 B,19,7360,1859273,9103556,31295086,1859766,0,0,0
3 x 256 B,20,7360,1859736,9106178,31295086,1860229,0,0,0
3 x 256 B,21,7360,1860438,9102401,31295086,1860944,0,0,0
3 x 256 B,22,7360,1859110,9102908,31295086,1859607,0,0,0
3 x 256 B,23,7360,1859755,9106425,31295086,1860247,0,0,0
3 x 256 B,24,7360,1860787,9108466,31295086,1861284,0,0,0
3 x 256 B,25,7360,1858809,9103205,31295085,1859328,0,0,0
3 x 256 B,26,7360,1861176,9110622,31295086,1861674,0,0,0
3 x 256 B,27,7360,1859829,9106506,31295086,1860321,0,0,0
3 x 256 B,28,7360,1860174,9108117,31295086,1860665,0,0,0
3 x 256 B,29,7360,1859141,9100882,31295086,1859631,0,0,0
3 x 256 B,30,7360,1860138,9104722,31295086,1860636,0,0,0
3 x 256 B,31,7360,1860338,9107943,31295086,1860838,0,0,0
4 x 256 B,0,7464,1856241,9074917,30640085,1856977,0,0,0
4 x 256 B,1,7464,1855325,9077966,30640086,1856054,0,0,0
4 x 256 B,2,7464,1856535,9086610,30640086,1857201,0,0,0
4 x 256 B,3,7464,1856496,9083547,30640086,1857134,0,0,0
4 x 256 B,4,7464,1866070,9089912,30640086,1866940,0,0,0
4 x 256 B,5,7464,1860850,9075720,30640086,1859123,0,0,0
4 x 256 B,6,7464,1857141,9056604,30640086,1852722,0,0,0
4 x 256 B,7,7464,1851090,9066446,30640085,1851591,0,0,0
4 x 256 B,8,7464,1852681,9069111,30640086,1853184,0,0,0
4 x 256 B,9,7464,1853266,9074212,30640086,1853797,0,0,0
4 x 256 B,10,7464,1853007,9070159,30640086,1853497,0,0,0
4 x 256 B,11,7464,1854533,9081449,30640086,1855021,0,0,0
4 x 256 B,12,7464,1854530,9080744,30640086,1855029,0,0,0
4 x 256 B,13,7464,1852629,9071133,30640086,1853122,0,0,0
4 x 256 B,14,7464,1852085,9073116,30640085,1852582,0,0,0
4 x 256 B,15,7464,1853590,9069534,30640086,1854095,0,0,0
4 x 256 B,16,7464,1854476,9076701,30640086,1854985,0,0,0
4 x 256 B,17,7464,1853822,9075677,30640086,1854319,0,0,0
4 x 256 B,18,7464,1852410,9069396,30640086,1852903,0,0,0
4 x 256 B,19,7464,2243534,9067482,30640086,2244018,0,0,0
4 x 256 B,20,7464,1856931,9089038,30640086,1857438,0,0,0
4 x 256 B,21,7464,1853686,9076380,30640086,1854181,0,0,0
4 x 256 B,22,7464,1853992,9077641,30640086,1854482,0,0,0
4 x 256 B,23,7464,1853858,9074162,30640086,1854354,0,0,0
4 x 256 B,24,7464,1850983,9065306,30640085,1851480,0,0,0
4 x 256 B,25,7464,1852909,9069389,30640086,1853421,0,0,0
4 x 256 B,26,7464,1852673,9071248,30640086,1853163,0,0,0
4 x 256 B,27,7464,1853116,9073585,30640086,1853610,0,0,0
4 x 256 B,28,7464,1853919,9071006,30640086,1854410,0,0,0
4 x 256 B,29,7464,1852712,9071416,30640086,1853208,0,0,0
4 x 256 B,30,7464,1853239,9073979,30640086,1853734,0,0,0
4 x 256 B,31,7464,1852801,9076791,30640085,1853303,0,0,0
6 x 256 B,0,4436,1898964,9294941,25897734,1899494,0,0,0
6 x 256 B,1,4436,1903962,9293759,25897734,1900753,0,0,0
6 x 256 B,2,4436,1899242,9300022,25897734,1899746,0,0,0
6 x 256 B,3,4436,1927116,9295456,25897734,1927611,0,0,0
6 x 256 B,4,4436,1900823,9306426,25897734,1901316,0,0,0
6 x 256 B,5,4436,1899278,9297268,25897734,1899783,0,0,0
6 x 256 B,6,4436,1898012,9293685,25897734,1898502,0,0,0
6 x 256 B,7,4436,1926662,9291274,25897734,1927154,0,0,0
6 x 256 B,8,4436,1899140,9297618,25897734,1899691,0,0,0
6 x 256 B,9,4436,1897663,9296060,25897733,1898150,0,0,0
6 x 256 B,10,4436,1898173,9289896,25897734,1898714,0,0,0
6 x 256 B,11,4436,1905160,9307392,25897734,1905953,0,0,0
6 x 256 B,12,4436,1930740,9308760,25897734,1931430,0,0,0
6 x 256 B,13,4436,1900745,9301609,25897734,1901361,0,0,0
6 x 256 B,14,4436,1904318,9308675,25897734,1905278,0,0,0
6 x 256 B,15,4436,1906459,9299978,25897735,1905096,0,0,0
6 x 256 B,16,4436,1934514,9295842,25897734,1930266,0,0,0
6 x 256 B,17,4436,1901224,9305077,25897734,1901729,0,0,0
6 x 256 B,18,4436,1900709,9298721,25897734,1901201,0,0,0
6 x 256 B,19,4436,1901083,9304895,25897734,1901586,0,0,0
6 x 256 B,20,4436,1897615,9296298,25897733,1898125,0,0,0
6 x 256 B,21,4436,1898990,9297541,25897734,1899490,0,0,0
6 x 256 B,22,4436,1899336,9298434,25897734,1899840,0,0,0
6 x 256 B,23,4436,1900792,9302276,25897734,1901289,0,0,0
6 x 256 B,24,4436,1899341,9299836,25897734,1899837,0,0,0
6 x 256 B,25,4436,1900604,9303176,25897734,1901100,0,0,0
6 x 256 B,26,4436,1899585,9300658,25897734,1900088,0,0,0
6 x 256 B,27,4436,1901914,9306993,25897734,1902444,0,0,0
6 x 256 B,28,4436,1898237,9294306,25897734,1898734,0,0,0
6 x 256 B,29,4436,1898709,9296589,25897734,1899200,0,0,0
6 x 256 B,30,4436,1896525,9291072,25897733,1897020,0,0,0
6 x 256 B,31,4436,1899592,9296357,25897734,1900083,0,0,0
8 x 256 B,0,5357,1918803,9395286,27422849,1919329,0,0,0
8 x 256 B,1,5357,1917810,9390294,27422849,1918314,0,0,0
8 x 256 B,2,5357,1979465,9387029,27422849,1920345,0,0,0
8 x 256 B,3,5357,1917851,9387900,27422849,1918363,0,0,0
8 x 256 B,4,5357,1918211,9392452,27422849,1918704,0,0,0
8 x 256 B,5,5357,1917396,9388819,27422849,1917897,0,0,0
8 x 256 B,6,5357,1917819,9386829,27422849,1918319,0,0,0
8 x 256 B,7,5357,1917598,9386352,27422849,1918103,0,0,0
8 x 256 B,8,5357,1917820,9390431,27422849,1918321,0,0,0
8 x 256 B,9,5357,1918517,9393618,27422849,1919037,0,0,0
8 x 256 B,10,5357,1917701,9387126,27422849,1918246,0,0,0
8 x 256 B,11,5357,1915669,9382225,27422848,1916160,0,0,0
8 x 256 B,12,5357,1917731,9390398,27422849,1918232,0,0,0
8 x 256 B,13,5357,1917528,9389434,27422849,1918025,0,0,0
8 x 256 B,14,5357,1917805,9389905,27422849,1918299,0,0,0
8 x 256 B,15,5357,1917377,9382815,27422849,1917877,0,0,0
8 x 256 B,16,5357,1917837,9390127,27422849,1918338,0,0,0
8 x 256 B,17,5357,1917025,9385491,27422849,1917573,0,0,0
8 x 256 B,18,5357,1918703,9383887,27422849,1919447,0,0,0
8 x 256 B,19,5357,1918959,9387141,27422849,1919485,0,0,0
8 x 256 B,20,5357,1919304,9388999,27422849,1920055,0,0,0
8 x 256 B,21,5357,1918429,9389309,27422849,1919048,0,0,0
8 x 256 B,22,5357,1920465,9395626,27422849,1921472,0,0,0
8 x 256 B,23,5357,1917713,9387347,27422848,1918444,0,0,0
8 x 256 B,24,5357,1921006,9376120,27422849,1919518,0,0,0
8 x 256 B,25,5357,1925080,9386109,27422849,1920905,0,0,0
8 x 256 B,26,5357,1918651,9389680,27422849,1919255,0,0,0
8 x 256 B,27,5357,1918240,9390892,27422849,1918741,0,0,0
8 x 256 B,28,5357,1916353,9382374,27422849,1916852,0,0,0
8 x 256 B,29,5357,1917978,9387547,27422849,1918499,0,0,0
8 x 256 B,30,5357,1917951,9391032,27422849,1918460,0,0,0
8 x 256 B,31,5357,1917327,9385167,27422849,1917831,0,0,0
12 x 256 B,0,2653,1577744,7729205,23543087,1578272,0,0,0
12 x 256 B,1,2653,1580503,7736961,23543088,1580995,0,0,0
12 x 256 B,2,2653,1580832,7733334,23543088,1581345,0,0,0
12 x 256 B,3,2653,1583817,7725040,23543087,1579516,0,0,0
12 x 256 B,4,2653,1579614,7731954,23543088,1580111,0,0,0
12 x 256 B,5,2653,1578345,7732069,23543087,1578847,0,0,0
12 x 256 B,6,2653,1579178,7732462,23543088,1579673,0,0,0
12 x 256 B,7,2653,1578059,7730068,23543087,1578557,0,0,0
12 x 256 B,8,2653,1578846,7729882,23543088,1579345,0,0,0
12 x 256 B,9,2653,1581163,7741005,23543088,1581657,0,0,0
12 x 256 B,10,2653,1577843,7729275,23543087,1578337,0,0,0
12 x 256 B,11,2653,1579245,7732659,23543088,1579741,0,0,0
12 x 256 B,12,2653,1577875,7729377,23543087,1578371,0,0,0
12 x 256 B,13,2653,1581186,7737751,23543088,1581700,0,0,0
12 x 256 B,14,2653,1580522,7737304,23543088,1581023,0,0,0
12 x 256 B,15,2653,1577923,7729647,23543087,1578418,0,0,0
12 x 256 B,16,2653,1579721,7735140,23543088,1580223,0,0,0
12 x 256 B,17,2653,1578237,7730892,23543087,1578728,0,0,0
12 x 256 B,18,2653,1578700,7729115,23543088,1579189,0,0,0
12 x 256 B,19,2653,1578120,7730959,23543087,1578619,0,0,0
12 x 256 B,20,2653,1578339,7727819,23543088,1578848,0,0,0
12 x 256 B,21,2653,1579376,7733165,23543088,1579873,0,0,0
12 x 256 B,22,2653,1578085,7729409,23543087,1578578,0,0,0
12 x 256 B,23,2653,1578824,7729646,23543088,1579316,0,0,0
12 x 256 B,24,2653,1577787,7729606,23543087,1578274,0,0,0
12 x 256 B,25,2653,1578928,7729940,23543088,1579433,0,0,0
12 x 256 B,26,2653,1579221,7731602,23543088,1579724,0,0,0
12 x 256 B,27,2653,1578576,7730377,23543087,1579073,0,0,0
12 x 256 B,28,2653,1578801,7729614,23543088,1579314,0,0,0
12 x 256 B,29,2653,1577807,7729934,23543087,1578319,0,0,0
12 x 256 B,30,2653,1579149,7728808,23543088,1579687,0,0,0
12 x 256 B,31,2653,1576877,7724987,23543087,1577402,0,0,0
16 x 256 B,0,2769,1956410,9578476,27374700,1957159,0,0,0
16 x 256 B,1,2769,1958857,9590468,27374700,1959647,0,0,0
16 x 256 B,2,2769,1958577,9583030,27374700,1959477,0,0,0
16 x 256 B,3,2769,1959841,9592248,27374700,1960865,0,0,0
16 x 256 B,4,2769,1962786,9589519,27374700,1963428,0,0,0
16 x 256 B,5,2769,1962700,9576249,27374700,1961136,0,0,0
16 x 256 B,6,2769,1959886,9577876,27374700,1959026,0,0,0
16 x 256 B,7,2769,1958824,9589981,27374700,1959335,0,0,0
16 x 256 B,8,2769,1962030,9571285,27374700,1957369,0,0,0
16 x 256 B,9,2769,1956580,9581622,27374700,1957097,0,0,0
16 x 256 B,10,2769,1957762,9584845,27374700,1958258,0,0,0
16 x 256 B,11,2769,1958941,9590991,27374700,1959451,0,0,0
16 x 256 B,12,2769,1957531,9581377,27374700,1958037,0,0,0
16 x 256 B,13,2769,1957150,9584421,27374700,1957635,0,0,0
16 x 256 B,14,2769,1955687,9577085,27374700,1956175,0,0,0
16 x 256 B,15,2769,2335158,9586960,27374700,2335657,0,0,0
16 x 256 B,16,2769,1957110,9584429,27374700,1957596,0,0,0
16 x 256 B,17,2769,1956877,9582588,27374700,1957377,0,0,0
16 x 256 B,18,2769,1956935,9580514,27374700,1957434,0,0,0
16 x 256 B,19,2769,1957950,9585432,27374700,1958454,0,0,0
16 x 256 B,20,2769,1955376,9575535,27374700,1955860,0,0,0
16 x 256 B,21,2769,1957527,9586119,27374700,1958019,0,0,0
16 x 256 B,22,2769,1956924,9583128,27374700,1957410,0,0,0
16 x 256 B,23,2769,1958603,9591201,27374700,1959097,0,0,0
16 x 256 B,24,2769,1957729,9584048,27374700,1958220,0,0,0
16 x 256 B,25,2769,1958213,9588393,27374700,1958701,0,0,0
16 x 256 B,26,2769,1957093,9584015,27374700,1957582,0,0,0
16 x 256 B,27,2769,1958229,9589530,27374700,1958731,0,0,0
16 x 256 B,28,2769,1956442,9580994,27374700,1956925,0,0,0
16 x 256 B,29,2769,1957079,9579122,27374700,1957575,0,0,0
16 x 256 B,30,2769,1955840,9577007,27374700,1956328,0,0,0
16 x 256 B,31,2769,1955169,9578969,27374699,1955661,0,0,0
24 x 256 B,0,1869,1972037,9657544,27386823,1972567,0,0,0
24 x 256 B,1,1869,1971852,9656622,27386823,1972340,0,0,0
24 x 256 B,2,1869,1972369,9659059,27386823,1972874,0,0,0
24 x 256 B,3,1869,1973761,9664702,27386823,1974257,0,0,0
24 x 256 B,4,1869,1972959,9662453,27386823,1973444,0,0,0
24 x 256 B,5,1869,1971978,9655237,27386823,1972470,0,0,0
24 x 256 B,6,1869,1972793,9660673,27386823,1973339,0,0,0
24 x 256 B,7,1869,1974794,9663926,27386823,1975477,0,0,0
24 x 256 B,8,1869,1972179,9656625,27386823,1972679,0,0,0
24 x 256 B,9,1869,1975207,9665787,27386823,1975977,0,0,0
24 x 256 B,10,1869,1973698,9659268,27386823,1974587,0,0,0
24 x 256 B,11,1869,1975676,9665862,27386823,1976549,0,0,0
24 x 256 B,12,1869,1976701,9663669,27386823,1977436,0,0,0
24 x 256 B,13,1869,1983535,9653788,27386823,1978103,0,0,0
24 x 256 B,14,1869,1974177,9657801,27386823,1974788,0,0,0
24 x 256 B,15,1869,1973903,9662336,27386823,1974564,0,0,0
24 x 256 B,16,1869,1972589,9657274,27386823,1973108,0,0,0
24 x 256 B,17,1869,1971978,9657124,27386823,1972470,0,0,0
24 x 256 B,18,1869,1972137,9658334,27386823,1972685,0,0,0
24 x 256 B,19,1869,1977103,9663374,27386823,1977641,0,0,0
24 x 256 B,20,1869,1972853,9658124,27386823,1973708,0,0,0
24 x 256 B,21,1869,1972878,9655168,27386823,1973514,0,0,0
24 x 256 B,22,1869,1975494,9668155,27386823,1976050,0,0,0
24 x 256 B,23,1869,1973848,9664707,27386823,1974346,0,0,0
24 x 256 B,24,1869,2367188,9661113,27386823,2367744,0,0,0
24 x 256 B,25,1869,1975436,9663778,27386823,1976362,0,0,0
24 x 256 B,26,1869,1981385,9658662,27386823,1980321,0,0,0
24 x 256 B,27,1869,1983399,9652117,27386823,1977923,0,0,0
24 x 256 B,28,1869,1974283,9660579,27386823,1974805,0,0,0
24 x 256 B,29,1869,1974457,9661821,27386823,1974990,0,0,0
24 x 256 B,30,1869,1974757,9663043,27386823,1975273,0,0,0
24 x 256 B,31,1869,1973858,9661101,27386823,1974361,0,0,0
64 x 256 B,0,715,1990760,9747337,27519286,1991291,0,0,0
64 x 256 B,1,715,1991148,9743849,27519286,1991652,0,0,0
64 x 256 B,2,715,1991027,9748541,27519286,1991522,0,0,0
64 x 256 B,3,715,1991753,9746820,27519286,1992246,0,0,0
64 x 256 B,4,715,1990046,9745638,27519286,1990543,0,0,0
64 x 256 B,5,715,1991971,9753858,27519286,1992473,0,0,0
64 x 256 B,6,715,1991710,9745091,27519286,1992220,0,0,0
64 x 256 B,7,715,1994439,9737787,27519286,1990364,0,0,0
64 x 256 B,8,715,1989570,9743163,27519286,1990073,0,0,0
64 x 256 B,9,715,1990324,9745923,27519286,1990831,0,0,0
64 x 256 B,10,715,1990918,9746136,27519286,1991419,0,0,0
64 x 256 B,11,715,1989807,9743172,27519286,1990309,0,0,0
64 x 256 B,12,715,1989704,9742820,27519286,1990201,0,0,0
64 x 256 B,13,715,1990823,9746661,27519286,1991353,0,0,0
64 x 256 B,14,715,1990495,9745207,27519286,1991196,0,0,0
64 x 256 B,15,715,1992040,9750180,27519286,1992582,0,0,0
64 x 256 B,16,715,1993123,9756873,27519286,1993876,0,0,0
64 x 256 B,17,715,1990187,9741288,27519286,1990964,0,0,0
64 x 256 B,18,715,1991235,9743173,27519286,1992018,0,0,0
64 x 256 B,19,715,1998856,9745133,27519286,1996668,0,0,0
64 x 256 B,20,715,1999568,9735348,27519286,1994018,0,0,0
64 x 256 B,21,715,1990081,9744446,27519286,1990603,0,0,0
64 x 256 B,22,715,2021871,9750116,27519286,2022398,0,0,0
64 x 256 B,23,715,1988879,9740193,27519286,1989370,0,0,0
64 x 256 B,24,715,1990803,9748451,27519286,1991301,0,0,0
64 x 256 B,25,715,1989598,9743774,27519286,1990104,0,0,0
64 x 256 B,26,715,1991384,9748889,27519286,1991881,0,0,0
64 x 256 B,27,715,1990636,9745304,27519286,1991149,0,0,0
64 x 256 B,28,715,1990656,9745197,27519286,1991154,0,0,0
64 x 256 B,29,715,2041404,9747674,27519286,2041905,0,0,0
64 x 256 B,30,715,1990110,9744373,27519286,1990609,0,0,0
64 x 256 B,31,715,1990776,9745296,27519286,1991272,0,0,0
128 x 256 B,0,289,1614581,7905715,22144702,1615169,0,0,0
128 x 256 B,1,289,1612487,7898727,22144701,1612998,0,0,0
128 x 256 B,2,289,1612875,7896526,22144702,1613392,0,0,0
128 x 256 B,3,289,1611545,7894776,22144701,1612066,0,0,0
128 x 256 B,4,289,1619767,7908962,22144702,1620367,0,0,0
128 x 256 B,5,289,1614476,7901208,22144702,1615010,0,0,0
128 x 256 B,6,289,1612027,7896300,22144701,1612599,0,0,0
128 x 256 B,7,289,1625145,7902544,22144702,1617737,0,0,0
128 x 256 B,8,289,1616586,7911965,22144702,1617118,0,0,0
128 x 256 B,9,289,1613263,7903354,22144701,1613764,0,0,0
128 x 256 B,10,289,1618133,7921072,22144702,1618649,0,0,0
128 x 256 B,11,289,1613983,7903647,22144701,1614518,0,0,0
128 x 256 B,12,289,1612700,7896270,22144702,1613232,0,0,0
128 x 256 B,13,289,1615070,7906441,22144702,1615584,0,0,0
128 x 256 B,14,289,1617108,7895876,22144701,1617615,0,0,0
128 x 256 B,15,289,1634390,7916336,22144702,1634993,0,0,0
128 x 256 B,16,289,1613655,7892053,22144702,1614158,0,0,0
128 x 256 B,17,289,1617960,7892976,22144701,1613893,0,0,0
128 x 256 B,18,289,1615868,7909003,22144702,1616387,0,0,0
128 x 256 B,19,289,1611273,7890891,22144701,1611773,0,0,0
128 x 256 B,20,289,1614429,7904109,22144702,1614946,0,0,0
128 x 256 B,21,289,1614076,7899318,22144702,1614589,0,0,0
128 x 256 B,22,289,1612835,7901202,22144701,1613350,0,0,0
128 x 256 B,23,289,1614821,7905311,22144702,1615346,0,0,0
128 x 256 B,24,289,1612237,7897702,22144701,1612743,0,0,0
128 x 256 B,25,289,1616907,7912779,22144702,1617430,0,0,0
128 x 256 B,26,289,1617136,7913640,22144702,1617806,0,0,0
128 x 256 B,27,289,1612530,7898199,22144701,1613104,0,0,0
128 x 256 B,28,289,1616844,7909201,22144702,1617464,0,0,0
128 x 256 B,29,289,1618540,7914409,22144702,1619245,0,0,0
128 x 256 B,30,289,1612082,7895921,22144701,1612787,0,0,0
128 x 256 B,31,289,1616046,7898416,22144702,1617247,0,0,0
129 x 256 B,0,345,1996312,9745671,27091146,1993308,0,0,0
129 x 256 B,1,345,2002348,9747786,27091146,2002879,0,0,0
129 x 256 B,2,345,1988344,9734806,27091146,1988841,0,0,0
129 x 256 B,3,345,1991199,9744822,27091146,1991747,0,0,0
129 x 256 B,4,345,1988361,9736384,27091146,1988865,0,0,0
129 x 256 B,5,345,1989406,9741905,27091146,1989925,0,0,0
129 x 256 B,6,345,1991133,9745267,27091146,1991632,0,0,0
129 x 256 B,7,345,1990918,9749096,27091146,1991420,0,0,0
129 x 256 B,8,345,1988826,9736744,27091146,1989320,0,0,0
129 x 256 B,9,345,1990829,9747914,27091146,1991351,0,0,0
129 x 256 B,10,345,1990537,9741434,27091146,1991029,0,0,0
129 x 256 B,11,345,1998277,9750714,27091146,1992841,0,0,0
129 x 256 B,12,345,1989821,9744075,27091146,1990310,0,0,0
129 x 256 B,13,345,1990270,9745993,27091146,1990774,0,0,0
129 x 256 B,14,345,1989237,9738673,27091146,1989724,0,0,0
129 x 256 B,15,345,1990042,9745441,27091146,1990589,0,0,0
129 x 256 B,16,345,1990558,9747075,27091146,1991063,0,0,0
129 x 256 B,17,345,1991721,9752538,27091146,1992223,0,0,0
129 x 256 B,18,345,1988237,9734130,27091146,1988738,0,0,0
129 x 256 B,19,345,1991113,9746096,27091146,1991638,0,0,0
129 x 256 B,20,345,1988393,9736946,27091146,1988891,0,0,0
129 x 256 B,21,345,1988945,9739907,27091146,1989438,0,0,0
129 x 256 B,22,345,1989178,9741351,27091146,1989667,0,0,0
129 x 256 B,23,345,1990419,9746770,27091146,1990931,0,0,0
129 x 256 B,24,345,1989893,9742107,27091146,1990393,0,0,0
129 x 256 B,25,345,1990364,9746980,27091146,1990867,0,0,0
129 x 256 B,26,345,1989975,9742429,27091146,1990470,0,0,0
129 x 256 B,27,345,1989046,9740333,27091146,1989551,0,0,0
129 x 256 B,28,345,1989608,9743184,27091146,1990096,0,0,0
129 x 256 B,29,345,1990263,9746555,27091146,1990761,0,0,0
129 x 256 B,30,345,1989237,9738490,27091146,1989733,0,0,0
129 x 256 B,31,345,1990283,9745684,27091146,1990772,0,0,0
1024 x 256 B,0,44,1983308,9710452,26929510,1984051,0,0,0
1024 x 256 B,1,44,2023269,9906514,26929510,2047388,0,0,0
1024 x 256 B,2,44,1992337,9752905,26929510,1992903,0,0,0
1024 x 256 B,3,44,2008796,9827400,26929510,2009571,0,0,0
1024 x 256 B,4,44,1990306,9738500,26929510,1991123,0,0,0
1024 x 256 B,5,44,1988167,9725879,26929510,1989255,0,0,0
1024 x 256 B,6,44,1992116,9711697,26929510,1990208,0,0,0
1024 x 256 B,7,44,1986231,9697942,26929510,1983165,0,0,0
1024 x 256 B,8,44,1982923,9706903,26929510,1983484,0,0,0
1024 x 256 B,9,44,1986954,9710507,26929510,1987466,0,0,0
1024 x 256 B,10,44,2005358,9707914,26929510,1985159,0,0,0
1024 x 256 B,11,44,1981282,9699498,26929510,1981856,0,0,0
1024 x 256 B,12,44,1983995,9710188,26929510,1984559,0,0,0
1024 x 256 B,13,44,1984784,9716042,26929510,1985323,0,0,0
1024 x 256 B,14,44,1985193,9720796,26929510,1985727,0,0,0
1024 x 256 B,15,44,2365829,9705879,26929510,2366374,0,0,0
1024 x 256 B,16,44,1982254,9706632,26929510,1982797,0,0,0
1024 x 256 B,17,44,1980650,9698935,26929510,1981165,0,0,0
1024 x 256 B,18,44,1982991,9710140,26929510,1983522,0,0,0
1024 x 256 B,19,44,1983473,9713050,26929510,1983979,0,0,0
1024 x 256 B,20,44,1981261,9702084,26929510,1981806,0,0,0
1024 x 256 B,21,44,1982732,9707240,26929510,1983241,0,0,0
1024 x 256 B,22,44,1981759,9704556,26929510,1982316,0,0,0
1024 x 256 B,23,44,1984834,9716018,26929510,1985363,0,0,0
1024 x 256 B,24,44,1984485,9713957,26929510,1985024,0,0,0
1024 x 256 B,25,44,1983124,9711503,26929510,1983622,0,0,0
1024 x 256 B,26,44,1982330,9706151,26929510,1982885,0,0,0
1024 x 256 B,27,44,1982841,9709969,26929510,1983364,0,0,0
1024 x 256 B,28,44,1983222,9708462,26929510,1983751,0,0,0
1024 x 256 B,29,44,1987143,9706945,26929510,1987669,0,0,0
1024 x 256 B,30,44,1986118,9725599,26929510,1986641,0,0,0
1024 x 256 B,31,44,1984394,9714873,26929510,1984922,0,0,0
1 x 512 B,0,5139,1884067,9225616,21239853,1884609,0,0,0
1 x 512 B,1,5139,1884494,9227872,21239853,1885006,0,0,0
1 x 512 B,2,5139,1882817,9223692,21239852,1883322,0,0,0
1 x 512 B,3,5139,1883708,9224276,21239853,1884219,0,0,0
1 x 512 B,4,5139,1885138,9229465,21239853,1885648,0,0,0
1 x 512 B,5,5139,1884787,9228016,21239853,1885295,0,0,0
1 x 512 B,6,5139,1885380,9228633,21239853,1885884,0,0,0
1 x 512 B,7,5139,1884209,9224748,21239853,1884738,0,0,0
1 x 512 B,8,5139,1884851,9227611,21239853,1885369,0,0,0
1 x 512 B,9,5139,1884269,9225367,21239853,1885084,0,0,0
1 x 512 B,10,5139,1887543,9228471,21239853,1888148,0,0,0
1 x 512 B,11,5139,1884280,9226437,21239852,1884958,0,0,0
1 x 512 B,12,5139,1887452,9232731,21239853,1888250,0,0,0
1 x 512 B,13,5139,1885545,9226316,21239853,1886339,0,0,0
1 x 512 B,14,5139,1893383,9252638,21239853,1894126,0,0,0
1 x 512 B,15,5139,1891997,9223946,21239853,1890179,0,0,0
1 x 512 B,16,5139,1888702,9226980,21239853,1887634,0,0,0
1 x 512 B,17,5139,1884466,9225012,21239853,1884969,0,0,0
1 x 512 B,18,5139,1884924,9229923,21239853,1885450,0,0,0
1 x 512 B,19,5139,1887048,9224274,21239853,1887623,0,0,0
1 x 512 B,20,5139,1886602,9222858,21239852,1887097,0,0,0
1 x 512 B,21,5139,1885294,9230208,21239853,1885809,0,0,0
1 x 512 B,22,5139,1886578,9226293,21239853,1887096,0,0,0
1 x 512 B,23,5139,1885881,9230283,21239853,1886393,0,0,0
1 x 512 B,24,5139,1883696,9224935,21239853,1884209,0,0,0
1 x 512 B,25,5139,2249952,9226163,21239853,2250470,0,0,0
1 x 512 B,26,5139,1883361,9222969,21239853,1883892,0,0,0
1 x 512 B,27,5139,1885059,9229803,21239853,1885568,0,0,0
1 x 512 B,28,5139,1883947,9222534,21239853,1884455,0,0,0
1 x 512 B,29,5139,1884514,9226853,21239853,1885004,0,0,0
1 x 512 B,30,5139,1884645,9226509,21239853,1885160,0,0,0
1 x 512 B,31,5139,1886194,9232023,21239853,1886728,0,0,0
3 x 512 B,0,3958,1928253,9446467,31442717,1928783,0,0,0
3 x 512 B,1,3958,1927917,9437953,31442718,1928404,0,0,0
3 x 512 B,2,3958,1928863,9443031,31442718,1929353,0,0,0
3 x 512 B,3,3958,1927168,9434358,31442718,1927655,0,0,0
3 x 512 B,4,3958,1930056,9450229,31442718,1930545,0,0,0
3 x 512 B,5,3958,1928789,9444868,31442718,1929274,0,0,0
3 x 512 B,6,3958,1929241,9447075,31442718,1929734,0,0,0
3 x 512 B,7,3958,1927500,9438850,31442718,1927981,0,0,0
3 x 512 B,8,3958,1929615,9449298,31442718,1930130,0,0,0
3 x 512 B,9,3958,1928779,9442090,31442718,1929272,0,0,0
3 x 512 B,10,3958,1930434,9453080,31442718,1930940,0,0,0
3 x 512 B,11,3958,1928316,9440166,31442718,1928832,0,0,0
3 x 512 B,12,3958,1929222,9445294,31442718,1929746,0,0,0
3 x 512 B,13,3958,1929027,9446320,31442718,1929527,0,0,0
3 x 512 B,14,3958,1930454,9453327,31442718,1930953,0,0,0
3 x 512 B,15,3958,1927271,9441799,31442717,1927763,0,0,0
3 x 512 B,16,3958,1927780,9439273,31442718,1928272,0,0,0
3 x 512 B,17,3958,1930569,9451771,31442718,1931205,0,0,0
3 x 512 B,18,3958,1929400,9444379,31442718,1929917,0,0,0
3 x 512 B,19,3958,1930572,9446552,31442718,1931145,0,0,0
3 x 512 B,20,3958,1932674,9455167,31442718,1933355,0,0,0
3 x 512 B,21,3958,1931550,9454121,31442718,1932175,0,0,0
3 x 512 B,22,3958,1936846,9462630,31442718,1937707,0,0,0
3 x 512 B,23,3958,1935092,9444553,31442718,1933432,0,0,0
3 x 512 B,24,3958,1935038,9447137,31442718,1932118,0,0,0
3 x 512 B,25,3958,1930161,9450940,31442718,1930658,0,0,0
3 x 512 B,26,3958,1927970,9441459,31442718,1928468,0,0,0
3 x 512 B,27,3958,1930864,9454454,31442718,1931367,0,0,0
3 x 512 B,28,3958,1927607,9438291,31442718,1928103,0,0,0
3 x 512 B,29,3958,1928865,9449752,31442717,1929366,0,0,0
3 x 512 B,30,3958,1930124,9447725,31442718,1930628,0,0,0
3 x 512 B,31,3958,1929606,9447400,31442718,1930104,0,0,0
4 x 512 B,0,4013,1938622,9493562,31289727,1939154,0,0,0
4 x 512 B,1,4013,1936426,9482028,31289727,1936910,0,0,0
4 x 512 B,2,4013,2323335,9499121,31289728,2323833,0,0,0
4 x 512 B,3,4013,1936834,9485415,31289727,1937318,0,0,0
4 x 512 B,4,4013,1937212,9490571,31289726,1937702,0,0,0
4 x 512 B,5,4013,1938413,9489014,31289727,1938905,0,0,0
4 x 512 B,6,4013,1938125,9490910,31289727,1938616,0,0,0
4 x 512 B,7,4013,1939270,9492567,31289727,1939766,0,0,0
4 x 512 B,8,4013,1938894,9491075,31289727,1939381,0,0,0
4 x 512 B,9,4013,1939373,9487995,31289727,1939856,0,0,0
4 x 512 B,10,4013,1976788,9490754,31289727,1966955,0,0,0
4 x 512 B,11,4013,1937475,9488355,31289727,1937964,0,0,0
4 x 512 B,12,4013,1939774,9498934,31289727,1940266,0,0,0
4 x 512 B,13,4013,1937187,9486070,31289727,1937673,0,0,0
4 x 512 B,14,4013,1939056,9495478,31289733,1939567,0,0,0
4 x 512 B,15,4013,1937885,9486346,31289733,1938397,0,0,0
4 x 512 B,16,4013,1938433,9492242,31289727,1938947,0,0,0
4 x 512 B,17,4013,1939102,9489958,31289727,1939599,0,0,0
4 x 512 B,18,4013,1939684,9496616,31289727,1940181,0,0,0
4 x 512 B,19,4013,1937795,9484970,31289727,1938290,0,0,0
4 x 512 B,20,4013,1939185,9495030,31289727,1939680,0,0,0
4 x 512 B,21,4013,1936130,9482307,31289726,1936628,0,0,0
4 x 512 B,22,4013,1937298,9486159,31289727,1937788,0,0,0
4 x 512 B,23,4013,1938066,9488565,31289727,1938563,0,0,0
4 x 512 B,24,4013,1938826,9491237,31289727,1939328,0,0,0
4 x 512 B,25,4013,1939376,9492619,31289727,1940091,0,0,0
4 x 512 B,26,4013,1938530,9491085,31289727,1939033,0,0,0
4 x 512 B,27,4013,1941980,9498290,31289727,1942732,0,0,0
4 x 512 B,28,4013,1940320,9495220,31289727,1940899,0,0,0
4 x 512 B,29,4013,1940937,9500364,31289727,1941557,0,0,0
4 x 512 B,30,4013,1945935,9510935,31289727,1946698,0,0,0
4 x 512 B,31,4013,1944555,9496518,31289727,1945080,0,0,0
6 x 512 B,0,2297,1940734,9478897,25758927,1941304,0,0,0
6 x 512 B,1,2297,1932545,9462679,25758924,1933045,0,0,0
6 x 512 B,2,2297,1932477,9461007,25758924,1932986,0,0,0
6 x 512 B,3,2297,1931187,9454369,25758924,1931752,0,0,0
6 x 512 B,4,2297,1934098,9469677,25758924,1934596,0,0,0
6 x 512 B,5,2297,1932653,9464231,25758923,1933147,0,0,0
6 x 512 B,6,2297,1934180,9470107,25758924,1934677,0,0,0
6 x 512 B,7,2297,1935595,9469665,25758924,1936096,0,0,0
6 x 512 B,8,2297,1934600,9471093,25758924,1935110,0,0,0
6 x 512 B,9,2297,1940603,9465965,25758924,1935529,0,0,0
6 x 512 B,10,2297,1933858,9469224,25758924,1934363,0,0,0
6 x 512 B,11,2297,1932521,9462962,25758924,1933022,0,0,0
6 x 512 B,12,2297,1932856,9465102,25758924,1933349,0,0,0
6 x 512 B,13,2297,1933343,9465023,25758924,1933840,0,0,0
6 x 512 B,14,2297,1933893,9470144,25758924,1934383,0,0,0
6 x 512 B,15,2297,1935188,9473124,25758924,1935677,0,0,0
6 x 512 B,16,2297,1934554,9471433,25758924,1935049,0,0,0
6 x 512 B,17,2297,1934275,9469013,25758924,1934771,0,0,0
6 x 512 B,18,2297,1933645,9465835,25758924,1934142,0,0,0
6 x 512 B,19,2297,1933199,9463815,25758924,1933695,0,0,0
6 x 512 B,20,2297,1934327,9471584,25758924,1934837,0,0,0
6 x 512 B,21,2297,1931822,9464007,25758923,1932310,0,0,0
6 x 512 B,22,2297,1959335,9456790,25758924,1959829,0,0,0
6 x 512 B,23,2297,1933820,9468824,25758924,1934323,0,0,0
6 x 512 B,24,2297,1931340,9458628,25758924,1931847,0,0,0
6 x 512 B,25,2297,1934731,9473739,25758924,1935245,0,0,0
6 x 512 B,26,2297,1934325,9470355,25758924,1934820,0,0,0
6 x 512 B,27,2297,1934002,9464526,25758924,1934505,0,0,0
6 x 512 B,28,2297,1929886,9450957,25758924,1930397,0,0,0
6 x 512 B,29,2297,1933399,9467115,25758924,1933894,0,0,0
6 x 512 B,30,2297,1931151,9457617,25758924,1931648,0,0,0
6 x 512 B,31,2297,1962793,9472974,25758924,1963283,0,0,0
8 x 512 B,0,2807,1956286,9578193,27483703,1956827,0,0,0
8 x 512 B,1,2807,1955830,9573236,27483703,1956957,0,0,0
8 x 512 B,2,2807,1957024,9578462,27483703,1957682,0,0,0
8 x 512 B,3,2807,1958907,9582548,27483703,1959684,0,0,0
8 x 512 B,4,2807,1958922,9587721,27483703,1959694,0,0,0
8 x 512 B,5,2807,1962832,9585162,27483703,1963873,0,0,0
8 x 512 B,6,2807,1962634,9578595,27483703,1961098,0,0,0
8 x 512 B,7,2807,1963003,9573908,27483703,1958427,0,0,0
8 x 512 B,8,2807,1957547,9579818,27483703,1958065,0,0,0
8 x 512 B,9,2807,1953302,9566470,27483702,1953799,0,0,0
8 x 512 B,10,2807,1963642,9576049,27483703,1958027,0,0,0
8 x 512 B,11,2807,1956009,9576691,27483703,1956497,0,0,0
8 x 512 B,12,2807,1957010,9582944,27483703,1957518,0,0,0
8 x 512 B,13,2807,2349088,9589322,27483704,2349589,0,0,0
8 x 512 B,14,2807,1956651,9578237,27483703,1957146,0,0,0
8 x 512 B,15,2807,1955753,9577844,27483703,1956248,0,0,0
8 x 512 B,16,2807,1956950,9577158,27483703,1957457,0,0,0
8 x 512 B,17,2807,1955122,9574189,27483703,1955618,0,0,0
8 x 512 B,18,2807,1954731,9576560,27483702,1955217,0,0,0
8 x 512 B,19,2807,1954697,9571765,27483703,1955180,0,0,0
8 x 512 B,20,2807,1957054,9583335,27483703,1957553,0,0,0
8 x 512 B,21,2807,1955681,9574126,27483703,1956173,0,0,0
8 x 512 B,22,2807,1956174,9578844,27483703,1956665,0,0,0
8 x 512 B,23,2807,1957503,9582351,27483703,1957997,0,0,0
8 x 512 B,24,2807,1956918,9582442,27483703,1957417,0,0,0
8 x 512 B,25,2807,1956699,9579336,27483703,1957207,0,0,0
8 x 512 B,26,2807,1957710,9581584,27483703,1958208,0,0,0
8 x 512 B,27,2807,1956180,9576534,27483703,1956677,0,0,0
8 x 512 B,28,2807,1955945,9578014,27483703,1956440,0,0,0
8 x 512 B,29,2807,1956360,9579340,27483703,1956841,0,0,0
8 x 512 B,30,2807,1956629,9581466,27483703,1957121,0,0,0
8 x 512 B,31,2807,1955584,9576093,27483703,1956071,0,0,0
12 x 512 B,0,1688,1973788,9663083,29098110,1974323,0,0,0
12 x 512 B,1,1688,1974342,9668228,29098110,1974851,0,0,0
12 x 512 B,2,1688,1973594,9661292,29098110,1974085,0,0,0
12 x 512 B,3,1688,1974827,9669647,29098110,1975328,0,0,0
12 x 512 B,4,1688,1973443,9663928,29098110,1973938,0,0,0
12 x 512 B,5,1688,1974007,9666195,29098110,1974505,0,0,0
12 x 512 B,6,1688,1972797,9659656,29098110,1973284,0,0,0
12 x 512 B,7,1688,1974389,9666359,29098110,1974922,0,0,0
12 x 512 B,8,1688,1973734,9661575,29098110,1974408,0,0,0
12 x 512 B,9,1688,1978265,9666019,29098110,1978782,0,0,0
12 x 512 B,10,1688,1975562,9668010,29098110,1976406,0,0,0
12 x 512 B,11,1688,1975745,9669811,29098110,1976497,0,0,0
12 x 512 B,12,1688,1977131,9667584,29098110,1977856,0,0,0
12 x 512 B,13,1688,1986120,9665323,29098110,1983674,0,0,0
12 x 512 B,14,1688,1984300,9659771,29098110,1979065,0,0,0
12 x 512 B,15,1688,1975026,9667535,29098110,1975532,0,0,0
12 x 512 B,16,1688,1973388,9663107,29098110,1973878,0,0,0
12 x 512 B,17,1688,1976608,9667018,29098110,1977098,0,0,0
12 x 512 B,18,1688,1972838,9661115,29098109,1973347,0,0,0
12 x 512 B,19,1688,1971999,9657607,29098109,1973786,0,0,0
12 x 512 B,20,1688,1975176,9670424,29098110,1975670,0,0,0
12 x 512 B,21,1688,1972271,9658791,29098110,1972762,0,0,0
12 x 512 B,22,1688,2368163,9667552,29098111,2368655,0,0,0
12 x 512 B,23,1688,1974157,9667265,29098110,1974660,0,0,0
12 x 512 B,24,1688,1973910,9661153,29098110,1974406,0,0,0
12 x 512 B,25,1688,1974071,9666720,29098110,1974564,0,0,0
12 x 512 B,26,1688,1974125,9664315,29098110,1974630,0,0,0
12 x 512 B,27,1688,1973846,9664966,29098110,1974347,0,0,0
12 x 512 B,28,1688,1973551,9661753,29098110,1974044,0,0,0
12 x 512 B,29,1688,1974092,9665133,29098110,1974584,0,0,0
12 x 512 B,30,1688,1974341,9663177,29098110,1974833,0,0,0
12 x 512 B,31,1688,1974069,9665846,29098110,1974565,0,0,0
16 x 512 B,0,1427,1982158,9695318,27441576,1982723,0,0,0
16 x 512 B,1,1427,1979877,9691092,27441576,1980374,0,0,0
16 x 512 B,2,1427,1980458,9692850,27441576,1980976,0,0,0
16 x 512 B,3,1427,1978446,9687112,27441576,1978932,0,0,0
16 x 512 B,4,1427,1976595,9684083,27441575,1977098,0,0,0
16 x 512 B,5,1427,1979117,9690634,27441576,1979606,0,0,0
16 x 512 B,6,1427,1977448,9684202,27441576,1977949,0,0,0
16 x 512 B,7,1427,1979657,9693351,27441576,1980163,0,0,0
16 x 512 B,8,1427,1978763,9687870,27441576,1979260,0,0,0
16 x 512 B,9,1427,1980237,9694292,27441576,1980742,0,0,0
16 x 512 B,10,1427,1977609,9685504,27441576,1978117,0,0,0
16 x 512 B,11,1427,1980238,9696281,27441576,1980729,0,0,0
16 x 512 B,12,1427,1976700,9680457,27441576,1977198,0,0,0
16 x 512 B,13,1427,1978963,9690666,27441576,1979457,0,0,0
16 x 512 B,14,1427,1978336,9686966,27441576,1978888,0,0,0
16 x 512 B,15,1427,1979724,9690867,27441576,1980408,0,0,0
16 x 512 B,16,1427,1978649,9684500,27441576,1979199,0,0,0
16 x 512 B,17,1427,1980438,9692844,27441576,1981322,0,0,0
16 x 512 B,18,1427,1981443,9694019,27441576,1982201,0,0,0
16 x 512 B,19,1427,1981330,9693742,27441576,1982073,0,0,0
16 x 512 B,20,1427,1983965,9695601,27441576,1984679,0,0,0
16 x 512 B,21,1427,1985152,9689142,27441576,1983558,0,0,0
16 x 512 B,22,1427,1982941,9685087,27441576,1980211,0,0,0
16 x 512 B,23,1427,1982409,9693055,27441576,1982941,0,0,0
16 x 512 B,24,1427,1977233,9683080,27441576,1977733,0,0,0
16 x 512 B,25,1427,1979096,9690850,27441576,1979591,0,0,0
16 x 512 B,26,1427,1979325,9690196,27441576,1979823,0,0,0
16 x 512 B,27,1427,1979853,9693278,27441576,1980354,0,0,0
16 x 512 B,28,1427,1978327,9685920,27441576,1978823,0,0,0
16 x 512 B,29,1427,1980033,9692447,27441576,1980542,0,0,0
16 x 512 B,30,1427,1977670,9684999,27441576,1978180,0,0,0
16 x 512 B,31,1427,2356989,9697705,27441576,2357506,0,0,0
24 x 512 B,0,958,1986719,9728034,27465268,1987273,0,0,0
24 x 512 B,1,958,1986728,9729458,27465268,1987222,0,0,0
24 x 512 B,2,958,1987804,9733611,27465268,1988309,0,0,0
24 x 512 B,3,958,1986956,9728505,27465268,1987463,0,0,0
24 x 512 B,4,958,1988187,9732416,27465268,1988683,0,0,0
24 x 512 B,5,958,1986948,9729533,27465268,1987475,0,0,0
24 x 512 B,6,958,1988201,9735173,27465268,1988699,0,0,0
24 x 512 B,7,958,1986947,9725010,27465268,1987460,0,0,0
24 x 512 B,8,958,1988535,9735607,27465268,1989033,0,0,0
24 x 512 B,9,958,1986141,9726454,27465268,1986642,0,0,0
24 x 512 B,10,958,1988928,9738828,27465268,1989427,0,0,0
24 x 512 B,11,958,1985596,9724371,27465268,1986092,0,0,0
24 x 512 B,12,958,1988231,9735296,27465268,1988743,0,0,0
24 x 512 B,13,958,1986602,9726845,27465268,1987102,0,0,0
24 x 512 B,14,958,1988900,9735763,27465268,1989410,0,0,0
24 x 512 B,15,958,1986806,9729275,27465268,1987306,0,0,0
24 x 512 B,16,958,1988145,9733566,27465268,1988657,0,0,0
24 x 512 B,17,958,1986487,9728495,27465268,1986990,0,0,0
24 x 512 B,18,958,1988680,9737109,27465268,1989187,0,0,0
24 x 512 B,19,958,1985523,9724020,27465268,1986021,0,0,0
24 x 512 B,20,958,1987682,9733014,27465268,1988181,0,0,0
24 x 512 B,21,958,1987710,9731190,27465268,1988208,0,0,0
24 x 512 B,22,958,1988621,9730736,27465268,1989196,0,0,0
24 x 512 B,23,958,1985947,9722714,27465268,1986600,0,0,0
24 x 512 B,24,958,1988543,9733811,27465268,1989044,0,0,0
24 x 512 B,25,958,1990023,9737094,27465268,1990732,0,0,0
24 x 512 B,26,958,1989467,9735124,27465268,1990115,0,0,0
24 x 512 B,27,958,1990158,9731176,27465268,1991149,0,0,0
24 x 512 B,28,958,1991836,9737177,27465268,1992436,0,0,0
24 x 512 B,29,958,2022804,9726470,27465268,2021905,0,0,0
24 x 512 B,30,958,1989681,9739911,27465268,1990199,0,0,0
24 x 512 B,31,958,1986738,9728475,27465268,1987243,0,0,0
64 x 512 B,0,362,1994816,9765604,27463134,1995398,0,0,0
64 x 512 B,1,362,2000338,9784483,27463134,2000866,0,0,0
64 x 512 B,2,362,1994114,9763449,27463134,1994653,0,0,0
64 x 512 B,3,362,1995881,9771665,27463134,1996416,0,0,0
64 x 512 B,4,362,1995267,9767304,27463134,1995827,0,0,0
64 x 512 B,5,362,1996999,9778122,27463134,1997509,0,0,0
64 x 512 B,6,362,2083916,9771686,27463134,2025400,0,0,0
64 x 512 B,7,362,2358815,9767650,27463134,2359345,0,0,0
64 x 512 B,8,362,1995083,9767336,27463134,1995584,0,0,0
64 x 512 B,9,362,1997115,9776329,27463134,1997621,0,0,0
64 x 512 B,10,362,1995737,9768182,27463134,1996262,0,0,0
64 x 512 B,11,362,1996874,9774955,27463134,1997413,0,0,0
64 x 512 B,12,362,1994416,9764524,27463134,1994933,0,0,0
64 x 512 B,13,362,1997949,9773664,27463134,1998634,0,0,0
64 x 512 B,14,362,1994054,9763868,27463134,1994632,0,0,0
64 x 512 B,15,362,2000074,9779408,27463134,2000608,0,0,0
64 x 512 B,16,362,1993338,9759165,27463134,1993853,0,0,0
64 x 512 B,17,362,1997197,9776288,27463134,1997716,0,0,0
64 x 512 B,18,362,1992896,9758364,27463134,1993404,0,0,0
64 x 512 B,19,362,1996656,9772869,27463134,1997188,0,0,0
64 x 512 B,20,362,1993938,9761805,27463134,1994436,0,0,0
64 x 512 B,21,362,1997300,9779910,27463134,1997792,0,0,0
64 x 512 B,22,362,1993880,9763652,27463134,1994373,0,0,0
64 x 512 B,23,362,1995614,9772534,27463134,1996138,0,0,0
64 x 512 B,24,362,1993356,9760940,27463134,1993858,0,0,0
64 x 512 B,25,362,1996476,9775395,27463134,1996990,0,0,0
64 x 512 B,26,362,1995332,9768014,27463134,1995846,0,0,0
64 x 512 B,27,362,1995869,9770629,27463134,1996372,0,0,0
64 x 512 B,28,362,1994768,9767429,27463134,1995266,0,0,0
64 x 512 B,29,362,1996926,9776919,27463134,1997498,0,0,0
64 x 512 B,30,362,1995527,9769708,27463134,1996245,0,0,0
64 x 512 B,31,362,1997294,9776403,27463134,1997820,0,0,0
128 x 512 B,0,178,1973454,9654851,26945294,1974948,0,0,0
128 x 512 B,1,178,1974905,9649501,26945294,1975800,0,0,0
128 x 512 B,2,178,1978359,9634457,26945294,1975726,0,0,0
128 x 512 B,3,178,1980084,9637346,26945294,1974201,0,0,0
128 x 512 B,4,178,1970210,9641789,26945294,1970730,0,0,0
128 x 512 B,5,178,1977909,9635708,26945294,1970917,0,0,0
128 x 512 B,6,178,1969922,9643800,26945294,1970437,0,0,0
128 x 512 B,7,178,1968747,9639383,26945294,1969286,0,0,0
128 x 512 B,8,178,1970966,9647171,26945294,1971481,0,0,0
128 x 512 B,9,178,1968485,9636072,26945294,1969012,0,0,0
128 x 512 B,10,178,1971057,9641823,26945294,1971691,0,0,0
128 x 512 B,11,178,1969004,9638824,26945294,1969516,0,0,0
128 x 512 B,12,178,1970047,9638621,26945294,1970559,0,0,0
128 x 512 B,13,178,1968453,9635016,26945294,1968954,0,0,0
128 x 512 B,14,178,1969200,9639935,26945294,1969707,0,0,0
128 x 512 B,15,178,1968667,9639213,26945294,1969172,0,0,0
128 x 512 B,16,178,1969287,9639904,26945294,1969789,0,0,0
128 x 512 B,17,178,1968562,9636073,26945294,1969061,0,0,0
128 x 512 B,18,178,1968586,9638533,26945294,1969085,0,0,0
128 x 512 B,19,178,1969051,9638863,26945294,1969553,0,0,0
128 x 512 B,20,178,1970074,9643195,26945294,1970595,0,0,0
128 x 512 B,21,178,1968545,9636213,26945294,1969054,0,0,0
128 x 512 B,22,178,1968767,9640196,26945294,1969264,0,0,0
128 x 512 B,23,178,1969329,9640279,26945294,1969829,0,0,0
128 x 512 B,24,178,1968911,9640569,26945294,1969422,0,0,0
128 x 512 B,25,178,1968469,9636281,26945294,1969007,0,0,0
128 x 512 B,26,178,1968799,9640355,26945294,1969291,0,0,0
128 x 512 B,27,178,1969288,9639948,26945294,1969781,0,0,0
128 x 512 B,28,178,1968999,9641512,26945294,1969497,0,0,0
128 x 512 B,29,178,1969196,9638825,26945294,1969728,0,0,0
128 x 512 B,30,178,1967987,9636395,26945294,1968495,0,0,0
128 x 512 B,31,178,1967687,9632450,26945294,1968186,0,0,0
129 x 512 B,0,172,1964276,9615640,26650046,1964802,0,0,0
129 x 512 B,1,172,1964444,9619384,26650046,1964949,0,0,0
129 x 512 B,2,172,1960894,9606643,26650045,1961404,0,0,0
129 x 512 B,3,172,1964714,9615950,26650046,1965213,0,0,0
129 x 512 B,4,172,1963170,9609670,26650046,1964133,0,0,0
129 x 512 B,5,172,1964330,9615880,26650046,1964909,0,0,0
129 x 512 B,6,172,1972703,9620314,26650046,1973259,0,0,0
129 x 512 B,7,172,1966636,9618657,26650046,1967292,0,0,0
129 x 512 B,8,172,1971799,9616421,26650046,1972385,0,0,0
129 x 512 B,9,172,1969974,9614432,26650046,1970892,0,0,0
129 x 512 B,10,172,1970980,9608327,26650046,1968007,0,0,0
129 x 512 B,11,172,1973144,9609176,26650046,1967853,0,0,0
129 x 512 B,12,172,1963428,9611573,26650046,1963920,0,0,0
129 x 512 B,13,172,1964607,9615914,26650046,1965106,0,0,0
129 x 512 B,14,172,1964144,9614420,26650046,1964640,0,0,0
129 x 512 B,15,172,1963194,9613017,26650046,1963680,0,0,0
129 x 512 B,16,172,2363600,9619796,26650046,2364098,0,0,0
129 x 512 B,17,172,1964509,9618268,26650046,1965014,0,0,0
129 x 512 B,18,172,1963529,9611390,26650046,1964025,0,0,0
129 x 512 B,19,172,1964520,9619411,26650046,1965022,0,0,0
129 x 512 B,20,172,1963538,9615359,26650046,1964024,0,0,0
129 x 512 B,21,172,1963896,9617167,26650046,1964441,0,0,0
129 x 512 B,22,172,1963456,9611807,26650046,1963951,0,0,0
129 x 512 B,23,172,1964310,9618891,26650046,1964809,0,0,0
129 x 512 B,24,172,1963072,9610411,26650046,1963570,0,0,0
129 x 512 B,25,172,1963531,9615154,26650046,1964044,0,0,0
129 x 512 B,26,172,1964303,9616611,26650046,1964813,0,0,0
129 x 512 B,27,172,1964416,9616877,26650046,1965078,0,0,0
129 x 512 B,28,172,1966626,9614652,26650046,1967147,0,0,0
129 x 512 B,29,172,1965679,9618369,26650046,1966383,0,0,0
129 x 512 B,30,172,1969830,9619847,26650046,1970382,0,0,0
129 x 512 B,31,172,1974336,9623078,26650046,1974935,0,0,0
1024 x 512 B,0,23,2053050,10014226,27831332,2051537,0,0,0
1024 x 512 B,1,23,2054313,10005740,27831333,2048656,0,0,0
1024 x 512 B,2,23,2049353,10029840,27831332,2049899,0,0,0
1024 x 512 B,3,23,2067631,10019101,27831332,2057494,0,0,0
1024 x 512 B,4,23,2049662,10012829,27831332,2050213,0,0,0
1024 x 512 B,5,23,2040497,9991477,27831332,2041074,0,0,0
1024 x 512 B,6,23,2046019,10004117,27831332,2046579,0,0,0
1024 x 512 B,7,23,2041126,9995028,27831332,2041676,0,0,0
1024 x 512 B,8,23,2042243,9998305,27831332,2042791,0,0,0
1024 x 512 B,9,23,2042456,10000748,27831332,2043000,0,0,0
1024 x 512 B,10,23,2051974,10045465,27831332,2052524,0,0,0
1024 x 512 B,11,23,2062395,10093589,27831332,2063085,0,0,0
1024 x 512 B,12,23,2073521,10040221,27831332,2074103,0,0,0
1024 x 512 B,13,23,2079389,10066618,27831332,2080181,0,0,0
1024 x 512 B,14,23,2048367,10017234,27831332,2049358,0,0,0
1024 x 512 B,15,23,2058597,10041044,27831332,2060083,0,0,0
1024 x 512 B,16,23,2059362,10008760,27831332,2056137,0,0,0
1024 x 512 B,17,23,2052133,9992550,27831332,2046518,0,0,0
1024 x 512 B,18,23,2044857,10009327,27831332,2045427,0,0,0
1024 x 512 B,19,23,2048645,9999209,27831333,2049248,0,0,0
1024 x 512 B,20,23,2043169,10002879,27831332,2043712,0,0,0
1024 x 512 B,21,23,2044097,9999731,27831332,2044650,0,0,0
1024 x 512 B,22,23,2043575,10005585,27831332,2044127,0,0,0
1024 x 512 B,23,23,2042885,10001123,27831332,2043445,0,0,0
1024 x 512 B,24,23,2432440,10010280,27831332,2433034,0,0,0
1024 x 512 B,25,23,2042628,10002573,27831332,2043163,0,0,0
1024 x 512 B,26,23,2044032,10008738,27831332,2044596,0,0,0
1024 x 512 B,27,23,2041818,9998517,27831332,2042352,0,0,0
1024 x 512 B,28,23,2042555,10000900,27831332,2043111,0,0,0
1024 x 512 B,29,23,2040984,9995130,27831332,2041531,0,0,0
1024 x 512 B,30,23,2043227,10002062,27831332,2043772,0,0,0
1024 x 512 B,31,23,2040807,9993921,27831332,2041356,0,0,0
1 x 1024 B,0,2651,1942216,9509372,21073165,1942840,0,0,0
1 x 1024 B,1,2651,1945754,9513276,21073165,1946269,0,0,0
1 x 1024 B,2,2651,1942848,9511058,21073165,1943371,0,0,0
1 x 1024 B,3,2651,1942589,9511581,21073165,1943112,0,0,0
1 x 1024 B,4,2651,1940781,9504518,21073165,1941305,0,0,0
1 x 1024 B,5,2651,1942616,9511484,21073165,1943167,0,0,0
1 x 1024 B,6,2651,1941790,9509271,21073165,1942301,0,0,0
1 x 1024 B,7,2651,1941433,9506466,21073165,1941941,0,0,0
1 x 1024 B,8,2651,1941950,9507532,21073165,1942460,0,0,0
1 x 1024 B,9,2651,1942931,9510442,21073165,1943446,0,0,0
1 x 1024 B,10,2651,1940259,9502048,21073165,1940791,0,0,0
1 x 1024 B,11,2651,1941562,9507111,21073165,1942083,0,0,0
1 x 1024 B,12,2651,1943241,9515708,21073165,1943747,0,0,0
1 x 1024 B,13,2651,1942022,9508874,21073165,1942530,0,0,0
1 x 1024 B,14,2651,1943080,9508163,21073165,1943588,0,0,0
1 x 1024 B,15,2651,1941288,9505508,21073165,1941798,0,0,0
1 x 1024 B,16,2651,1940254,9500836,21073165,1940756,0,0,0
1 x 1024 B,17,2651,1941728,9511678,21073164,1942234,0,0,0
1 x 1024 B,18,2651,1941912,9505897,21073165,1942570,0,0,0
1 x 1024 B,19,2651,1976439,9508386,21073165,1977164,0,0,0
1 x 1024 B,20,2651,1955543,9512769,21073165,1956317,0,0,0
1 x 1024 B,21,2651,1945956,9508661,21073165,1946576,0,0,0
1 x 1024 B,22,2651,1958901,9515102,21073165,1960215,0,0,0
1 x 1024 B,23,2651,1950582,9506736,21073165,1951248,0,0,0
1 x 1024 B,24,2651,1963078,9509986,21073165,1958674,0,0,0
1 x 1024 B,25,2651,1943710,9512956,21073165,1944222,0,0,0
1 x 1024 B,26,2651,1942372,9506363,21073165,1942890,0,0,0
1 x 1024 B,27,2651,1942769,9510295,21073165,1943283,0,0,0
1 x 1024 B,28,2651,1961696,9509349,21073165,1962220,0,0,0
1 x 1024 B,29,2651,1972153,9511098,21073165,1972745,0,0,0
1 x 1024 B,30,2651,1951745,9508328,21073165,1947544,0,0,0
1 x 1024 B,31,2651,1943695,9511431,21073165,1944207,0,0,0
3 x 1024 B,0,2040,2262107,9552390,31261326,2262663,0,0,0
3 x 1024 B,1,2040,1974153,9551583,31261326,1968933,0,0,0
3 x 1024 B,2,2040,1951335,9554481,31261326,1951831,0,0,0
3 x 1024 B,3,2040,1950175,9547397,31261326,1950675,0,0,0
3 x 1024 B,4,2040,1951458,9553316,31261326,1951970,0,0,0
3 x 1024 B,5,2040,1950167,9549010,31261326,1950670,0,0,0
3 x 1024 B,6,2040,1951355,9554651,31261326,1951869,0,0,0
3 x 1024 B,7,2040,1951323,9555157,31261326,1951825,0,0,0
3 x 1024 B,8,2040,1952224,9559039,31261326,1952722,0,0,0
3 x 1024 B,9,2040,1950113,9545986,31261326,1950602,0,0,0
3 x 1024 B,10,2040,1951036,9553612,31261326,1951534,0,0,0
3 x 1024 B,11,2040,1948028,9540484,31261326,1948570,0,0,0
3 x 1024 B,12,2040,1951718,9555467,31261326,1952213,0,0,0
3 x 1024 B,13,2040,1949367,9544429,31261326,1949878,0,0,0
3 x 1024 B,14,2040,1948953,9547897,31261325,1949453,0,0,0
3 x 1024 B,15,2040,1951165,9552035,31261326,1951655,0,0,0
3 x 1024 B,16,2040,1951199,9554796,31261326,1951695,0,0,0
3 x 1024 B,17,2040,1949170,9542119,31261326,1949657,0,0,0
3 x 1024 B,18,2040,1951006,9553120,31261326,1951502,0,0,0
3 x 1024 B,19,2040,1949762,9547782,31261326,1950265,0,0,0
3 x 1024 B,20,2040,1950620,9552237,31261326,1951110,0,0,0
3 x 1024 B,21,2040,1950658,9552332,31261326,1951146,0,0,0
3 x 1024 B,22,2040,1951612,9557418,31261326,1952114,0,0,0
3 x 1024 B,23,2040,1949401,9543373,31261326,1949897,0,0,0
3 x 1024 B,24,2040,1950842,9552138,31261326,1951336,0,0,0
3 x 1024 B,25,2040,1950169,9548372,31261326,1950849,0,0,0
3 x 1024 B,26,2040,1953429,9563386,31261326,1954028,0,0,0
3 x 1024 B,27,2040,1952553,9556617,31261326,1953207,0,0,0
3 x 1024 B,28,2040,1953905,9560911,31261326,1954596,0,0,0
3 x 1024 B,29,2040,1950720,9547086,31261326,1951380,0,0,0
3 x 1024 B,30,2040,1964505,9603829,31261326,1965330,0,0,0
3 x 1024 B,31,2040,1955439,9543004,31261326,1954198,0,0,0
4 x 1024 B,0,2035,1936224,9479656,30885561,1936751,0,0,0
4 x 1024 B,1,2035,1938243,9490736,30885561,1938747,0,0,0
4 x 1024 B,2,2035,1936327,9482079,30885561,1936813,0,0,0
4 x 1024 B,3,2035,1935000,9480618,30885560,1935503,0,0,0
4 x 1024 B,4,2035,1938316,9491021,30885561,1938822,0,0,0
4 x 1024 B,5,2035,1936746,9480436,30885561,1937248,0,0,0
4 x 1024 B,6,2035,1937964,9484284,30885561,1938460,0,0,0
4 x 1024 B,7,2035,1936809,9481225,30885561,1937344,0,0,0
4 x 1024 B,8,2035,1938012,9489207,30885561,1938522,0,0,0
4 x 1024 B,9,2035,1935249,9477423,30885561,1935755,0,0,0
4 x 1024 B,10,2035,2309210,9484379,30885561,2309701,0,0,0
4 x 1024 B,11,2035,1936728,9485049,30885561,1937246,0,0,0
4 x 1024 B,12,2035,1937743,9484941,30885561,1938244,0,0,0
4 x 1024 B,13,2035,1936562,9480584,30885561,1937057,0,0,0
4 x 1024 B,14,2035,1938947,9491374,30885561,1939447,0,0,0
4 x 1024 B,15,2035,1938056,9487134,30885561,1938553,0,0,0
4 x 1024 B,16,2035,1938578,9492311,30885561,1939082,0,0,0
4 x 1024 B,17,2035,1936784,9485017,30885561,1937273,0,0,0
4 x 1024 B,18,2035,1937924,9488897,30885561,1938437,0,0,0
4 x 1024 B,19,2035,1936641,9484292,30885561,1937131,0,0,0
4 x 1024 B,20,2035,1938412,9491723,30885561,1938916,0,0,0
4 x 1024 B,21,2035,1936028,9478377,30885561,1936527,0,0,0
4 x 1024 B,22,2035,1938154,9487802,30885561,1938674,0,0,0
4 x 1024 B,23,2035,1935545,9478962,30885561,1936048,0,0,0
4 x 1024 B,24,2035,1937737,9487749,30885561,1938235,0,0,0
4 x 1024 B,25,2035,1934005,9475705,30885560,1934480,0,0,0
4 x 1024 B,26,2035,1936859,9484549,30885561,1937363,0,0,0
4 x 1024 B,27,2035,1935849,9479671,30885561,1936342,0,0,0
4 x 1024 B,28,2035,1937112,9485959,30885561,1937598,0,0,0
4 x 1024 B,29,2035,1936829,9482840,30885561,1937325,0,0,0
4 x 1024 B,30,2035,1936580,9483120,30885561,1937082,0,0,0
4 x 1024 B,31,2035,1936205,9479493,30885561,1936695,0,0,0
6 x 1024 B,0,1169,1972846,9546344,25673944,1952004,0,0,0
6 x 1024 B,1,1169,1952128,9554115,25673944,1952860,0,0,0
6 x 1024 B,2,1169,1952580,9557105,25673944,1953225,0,0,0
6 x 1024 B,3,1169,1983958,9559260,25673944,1984702,0,0,0
6 x 1024 B,4,1169,1952008,9553518,25673944,1952627,0,0,0
6 x 1024 B,5,1169,1955495,9562732,25673944,1956271,0,0,0
6 x 1024 B,6,1169,1955173,9541678,25673944,1953869,0,0,0
6 x 1024 B,7,1169,1956533,9554362,25673944,1953674,0,0,0
6 x 1024 B,8,1169,1950950,9551550,25673944,1951444,0,0,0
6 x 1024 B,9,1169,1955658,9556159,25673944,1956153,0,0,0
6 x 1024 B,10,1169,1951169,9554902,25673944,1951714,0,0,0
6 x 1024 B,11,1169,1950649,9548906,25673944,1951145,0,0,0
6 x 1024 B,12,1169,1949902,9547937,25673944,1950399,0,0,0
6 x 1024 B,13,1169,1947845,9540912,25673943,1948332,0,0,0
6 x 1024 B,14,1169,1952551,9554161,25673943,1954739,0,0,0
6 x 1024 B,15,1169,1949826,9546306,25673944,1950310,0,0,0
6 x 1024 B,16,1169,1981660,9557281,25673944,1982212,0,0,0
6 x 1024 B,17,1169,1949936,9547502,25673944,1950426,0,0,0
6 x 1024 B,18,1169,1951061,9554641,25673944,1951554,0,0,0
6 x 1024 B,19,1169,2314292,9546259,25673945,2314792,0,0,0
6 x 1024 B,20,1169,1950091,9547243,25673944,1950584,0,0,0
6 x 1024 B,21,1169,1948466,9542396,25673944,1949098,0,0,0
6 x 1024 B,22,1169,1978102,9557448,25673943,1978588,0,0,0
6 x 1024 B,23,1169,1949383,9546181,25673944,1949876,0,0,0
6 x 1024 B,24,1169,1950761,9552338,25673944,1951277,0,0,0
6 x 1024 B,25,1169,1948796,9541706,25673944,1949286,0,0,0
6 x 1024 B,26,1169,1951842,9557732,25673944,1952328,0,0,0
6 x 1024 B,27,1169,1950013,9546425,25673944,1950507,0,0,0
6 x 1024 B,28,1169,1951046,9554048,25673944,1951541,0,0,0
6 x 1024 B,29,1169,1950044,9546313,25673944,1950532,0,0,0
6 x 1024 B,30,1169,1951956,9559560,25673944,1952437,0,0,0
6 x 1024 B,31,1169,1949973,9549347,25673944,1950458,0,0,0
8 x 1024 B,0,1436,1985979,9669180,27472482,1979102,0,0,0
8 x 1024 B,1,1436,1974641,9665619,27472482,1975143,0,0,0
8 x 1024 B,2,1436,1973642,9665263,27472482,1974145,0,0,0
8 x 1024 B,3,1436,1976117,9674449,27472482,1976619,0,0,0
8 x 1024 B,4,1436,1973328,9663463,27472482,1973806,0,0,0
8 x 1024 B,5,1436,1974771,9670702,27472482,1975262,0,0,0
8 x 1024 B,6,1436,1973954,9666840,27472482,1974432,0,0,0
8 x 1024 B,7,1436,1976788,9676002,27472482,1977296,0,0,0
8 x 1024 B,8,1436,1974485,9667463,27472482,1975104,0,0,0
8 x 1024 B,9,1436,1975157,9670055,27472482,1975718,0,0,0
8 x 1024 B,10,1436,1976379,9670619,27472482,1977102,0,0,0
8 x 1024 B,11,1436,1978208,9675565,27472482,1979164,0,0,0
8 x 1024 B,12,1436,1976898,9673522,27472482,1977513,0,0,0
8 x 1024 B,13,1436,1979001,9676145,27472482,1980026,0,0,0
8 x 1024 B,14,1436,1976123,9671720,27472482,1976671,0,0,0
8 x 1024 B,15,1436,1978428,9672629,27472482,1978920,0,0,0
8 x 1024 B,16,1436,1975646,9672261,27472482,1976137,0,0,0
8 x 1024 B,17,1436,1976507,9669422,27472482,1976991,0,0,0
8 x 1024 B,18,1436,1974850,9667956,27472482,1975352,0,0,0
8 x 1024 B,19,1436,1976580,9677529,27472482,1977071,0,0,0
8 x 1024 B,20,1436,1974756,9668980,27472482,1975257,0,0,0
8 x 1024 B,21,1436,1974921,9668665,27472482,1975418,0,0,0
8 x 1024 B,22,1436,1975515,9671259,27472482,1976020,0,0,0
8 x 1024 B,23,1436,1975334,9666942,27472482,1975832,0,0,0
8 x 1024 B,24,1436,1972539,9663498,27472481,1973040,0,0,0
8 x 1024 B,25,1436,1975955,9672070,27472482,1976450,0,0,0
8 x 1024 B,26,1436,1974452,9669700,27472482,1974945,0,0,0
8 x 1024 B,27,1436,1975617,9673465,27472482,1976133,0,0,0
8 x 1024 B,28,1436,1975496,9673228,27472482,1975994,0,0,0
8 x 1024 B,29,1436,1975525,9673214,27472482,1976019,0,0,0
8 x 1024 B,30,1436,1976026,9669104,27472482,1976542,0,0,0
8 x 1024 B,31,1436,1975450,9673032,27472482,1975942,0,0,0
12 x 1024 B,0,856,1985768,9723304,29071838,1986301,0,0,0
12 x 1024 B,1,856,1985819,9718125,29071838,1986317,0,0,0
12 x 1024 B,2,856,1985942,9724650,29071838,1986440,0,0,0
12 x 1024 B,3,856,1985697,9723458,29071838,1986192,0,0,0
12 x 1024 B,4,856,1985749,9723534,29071838,1986254,0,0,0
12 x 1024 B,5,856,1985103,9717516,29071838,1985599,0,0,0
12 x 1024 B,6,856,1986007,9724851,29071838,1986522,0,0,0
12 x 1024 B,7,856,1986281,9725994,29071838,1986779,0,0,0
12 x 1024 B,8,856,1985539,9720336,29071838,1986036,0,0,0
12 x 1024 B,9,856,1984955,9718877,29071838,1985449,0,0,0
12 x 1024 B,10,856,1985745,9722690,29071838,1986240,0,0,0
12 x 1024 B,11,856,1986045,9724923,29071838,1986538,0,0,0
12 x 1024 B,12,856,1985285,9721444,29071838,1985781,0,0,0
12 x 1024 B,13,856,1985403,9717802,29071838,1985906,0,0,0
12 x 1024 B,14,856,1985849,9723853,29071838,1986342,0,0,0
12 x 1024 B,15,856,1985425,9720345,29071838,1985977,0,0,0
12 x 1024 B,16,856,1987171,9730233,29071838,1987811,0,0,0
12 x 1024 B,17,856,1987242,9729733,29071838,1987759,0,0,0
12 x 1024 B,18,856,1987635,9725341,29071838,1988436,0,0,0
12 x 1024 B,19,856,1987752,9729221,29071838,1988366,0,0,0
12 x 1024 B,20,856,1989660,9731735,29071838,1990624,0,0,0
12 x 1024 B,21,856,1987500,9722820,29071838,1988184,0,0,0
12 x 1024 B,22,856,1991897,9709985,29071838,1986867,0,0,0
12 x 1024 B,23,856,1985233,9720294,29071838,1985728,0,0,0
12 x 1024 B,24,856,1987509,9723613,29071844,1988023,0,0,0
12 x 1024 B,25,856,1984878,9718406,29071844,1985391,0,0,0
12 x 1024 B,26,856,1985112,9717239,29071838,1985704,0,0,0
12 x 1024 B,27,856,1986695,9726577,29071838,1987201,0,0,0
12 x 1024 B,28,856,1986007,9719843,29071838,1986511,0,0,0
12 x 1024 B,29,856,1985370,9722125,29071838,1985880,0,0,0
12 x 1024 B,30,856,1985292,9721488,29071838,1985784,0,0,0
12 x 1024 B,31,856,1985810,9723783,29071838,1986305,0,0,0
16 x 1024 B,0,725,1992464,9757818,27488016,1993013,0,0,0
16 x 1024 B,1,725,1991903,9755095,27488016,1992402,0,0,0
16 x 1024 B,2,725,1993470,9761524,27488016,1993990,0,0,0
16 x 1024 B,3,725,1992626,9757943,27488016,1993117,0,0,0
16 x 1024 B,4,725,1991582,9752056,27488016,1992077,0,0,0
16 x 1024 B,5,725,1992309,9754243,27488016,1992821,0,0,0
16 x 1024 B,6,725,1993802,9760041,27488016,1994304,0,0,0
16 x 1024 B,7,725,1991956,9754928,27488016,1992462,0,0,0
16 x 1024 B,8,725,1993117,9757228,27488016,1993627,0,0,0
16 x 1024 B,9,725,1991356,9752082,27488016,1991856,0,0,0
16 x 1024 B,10,725,1992285,9755369,27488016,1992785,0,0,0
16 x 1024 B,11,725,1991122,9751423,27488016,1991614,0,0,0
16 x 1024 B,12,725,1990628,9748547,27488016,1991123,0,0,0
16 x 1024 B,13,725,1991728,9753949,27488016,1992261,0,0,0
16 x 1024 B,14,725,1992563,9757005,27488016,1993062,0,0,0
16 x 1024 B,15,725,1991144,9751398,27488016,1991643,0,0,0
16 x 1024 B,16,725,1991438,9752065,27488016,1991936,0,0,0
16 x 1024 B,17,725,1992364,9757472,27488016,1992871,0,0,0
16 x 1024 B,18,725,1993572,9757887,27488016,1994067,0,0,0
16 x 1024 B,19,725,1990976,9750675,27488016,1991470,0,0,0
16 x 1024 B,20,725,1991568,9753378,27488016,1992068,0,0,0
16 x 1024 B,21,725,1992074,9755625,27488016,1992584,0,0,0
16 x 1024 B,22,725,1992193,9754163,27488016,1992698,0,0,0
16 x 1024 B,23,725,1991883,9752421,27488016,1992434,0,0,0
16 x 1024 B,24,725,1992833,9754049,27488016,1993354,0,0,0
16 x 1024 B,25,725,1998063,9763057,27488016,1998711,0,0,0
16 x 1024 B,26,725,1995023,9763344,27488016,1995710,0,0,0
16 x 1024 B,27,725,1995903,9769204,27488016,1996532,0,0,0
16 x 1024 B,28,725,2001750,9758812,27488016,2002790,0,0,0
16 x 1024 B,29,725,1998906,9752415,27488016,1997143,0,0,0
16 x 1024 B,30,725,2004004,9754196,27488016,1998134,0,0,0
16 x 1024 B,31,725,1994034,9759054,27488016,1994663,0,0,0
24 x 1024 B,0,483,1996027,9769476,27385017,1996560,0,0,0
24 x 1024 B,1,483,1994500,9764650,27385017,1995031,0,0,0
24 x 1024 B,2,483,1995688,9767450,27385017,1996192,0,0,0
24 x 1024 B,3,483,1994669,9762850,27385017,1995180,0,0,0
24 x 1024 B,4,483,1995445,9763832,27385017,1996000,0,0,0
24 x 1024 B,5,483,1995109,9768694,27385017,1995625,0,0,0
24 x 1024 B,6,483,1994378,9762493,27385017,1994884,0,0,0
24 x 1024 B,7,483,1994894,9765370,27385017,1995402,0,0,0
24 x 1024 B,8,483,1995159,9767244,27385017,1995673,0,0,0
24 x 1024 B,9,483,1995104,9769296,27385017,1995614,0,0,0
24 x 1024 B,10,483,1994487,9765845,27385017,1994991,0,0,0
24 x 1024 B,11,483,1995369,9767558,27385017,1995877,0,0,0
24 x 1024 B,12,483,1994442,9762432,27385017,1994957,0,0,0
24 x 1024 B,13,483,1995270,9769943,27385017,1995782,0,0,0
24 x 1024 B,14,483,1994295,9765227,27385017,1994799,0,0,0
24 x 1024 B,15,483,1995927,9770634,27385017,1996448,0,0,0
24 x 1024 B,16,483,1995071,9766637,27385017,1995580,0,0,0
24 x 1024 B,17,483,1995026,9768820,27385017,1995534,0,0,0
24 x 1024 B,18,483,1993871,9762790,27385017,1994376,0,0,0
24 x 1024 B,19,483,1995184,9767968,27385017,1995706,0,0,0
24 x 1024 B,20,483,1994732,9763534,27385017,1995236,0,0,0
24 x 1024 B,21,483,1994266,9765231,27385017,1994815,0,0,0
24 x 1024 B,22,483,1993886,9763010,27385017,1994397,0,0,0
24 x 1024 B,23,483,1994016,9761172,27385017,1994527,0,0,0
24 x 1024 B,24,483,1995881,9770331,27385017,1996387,0,0,0
24 x 1024 B,25,483,1994126,9763916,27385017,1994645,0,0,0
24 x 1024 B,26,483,1994622,9767255,27385017,1995133,0,0,0
24 x 1024 B,27,483,1994758,9764896,27385017,1995275,0,0,0
24 x 1024 B,28,483,1995307,9767853,27385017,1995819,0,0,0
24 x 1024 B,29,483,1994930,9767000,27385017,1995438,0,0,0
24 x 1024 B,30,483,1994823,9765041,27385017,1995339,0,0,0
24 x 1024 B,31,483,1998880,9783847,27385017,1999544,0,0,0
64 x 1024 B,0,178,1968938,9634815,26809302,1969852,0,0,0
64 x 1024 B,1,178,1966698,9623587,26809302,1967363,0,0,0
64 x 1024 B,2,178,1966773,9622494,26809302,1967568,0,0,0
64 x 1024 B,3,178,1964483,9618362,26809302,1965134,0,0,0
64 x 1024 B,4,178,1973625,9620186,26809302,1968700,0,0,0
64 x 1024 B,5,178,1964225,9617253,26809302,1964773,0,0,0
64 x 1024 B,6,178,1964100,9617725,26809302,1964731,0,0,0
64 x 1024 B,7,178,1960943,9608167,26809301,1961450,0,0,0
64 x 1024 B,8,178,1963885,9616952,26809302,1964387,0,0,0
64 x 1024 B,9,178,1963653,9611571,26809302,1964172,0,0,0
64 x 1024 B,10,178,1964266,9617210,26809302,1964771,0,0,0
64 x 1024 B,11,178,1963202,9607240,26809302,1963705,0,0,0
64 x 1024 B,12,178,1965100,9622207,26809302,1965608,0,0,0
64 x 1024 B,13,178,1962581,9609646,26809302,1963085,0,0,0
64 x 1024 B,14,178,2338626,9629662,26809303,2339150,0,0,0
64 x 1024 B,15,178,1964287,9615494,26809302,1964812,0,0,0
64 x 1024 B,16,178,1963457,9614309,26809302,1963963,0,0,0
64 x 1024 B,17,178,1960956,9607333,26809301,1961439,0,0,0
64 x 1024 B,18,178,1964086,9617657,26809302,1964589,0,0,0
64 x 1024 B,19,178,1962478,9610570,26809302,1962987,0,0,0
64 x 1024 B,20,178,1965782,9626009,26809302,1966294,0,0,0
64 x 1024 B,21,178,1964623,9617048,26809302,1965119,0,0,0
64 x 1024 B,22,178,1964592,9619626,26809302,1965095,0,0,0
64 x 1024 B,23,178,1963064,9610263,26809302,1963615,0,0,0
64 x 1024 B,24,178,1965319,9623844,26809302,1965859,0,0,0
64 x 1024 B,25,178,1963959,9617133,26809302,1964455,0,0,0
64 x 1024 B,26,178,1964935,9621694,26809302,1965436,0,0,0
64 x 1024 B,27,178,1963110,9613016,26809302,1963615,0,0,0
64 x 1024 B,28,178,1964041,9617397,26809302,1964575,0,0,0
64 x 1024 B,29,178,1962726,9609439,26809302,1963239,0,0,0
64 x 1024 B,30,178,1965133,9622771,26809302,1965638,0,0,0
64 x 1024 B,31,178,1962731,9611365,26809302,1963224,0,0,0
128 x 1024 B,0,91,2000026,9793794,27380082,2000564,0,0,0
128 x 1024 B,1,91,2001048,9796335,27380082,2001576,0,0,0
128 x 1024 B,2,91,1999289,9790487,27380082,1999790,0,0,0
128 x 1024 B,3,91,2001424,9799817,27380082,2001927,0,0,0
128 x 1024 B,4,91,2000504,9792787,27380082,2001031,0,0,0
128 x 1024 B,5,91,2004849,9813398,27380082,2005537,0,0,0
128 x 1024 B,6,91,2006645,9805854,27380082,2007168,0,0,0
128 x 1024 B,7,91,2008641,9825748,27380082,2009373,0,0,0
128 x 1024 B,8,91,2004359,9807032,27380082,2005390,0,0,0
128 x 1024 B,9,91,2012012,9803369,27380082,2012885,0,0,0
128 x 1024 B,10,91,2004684,9800319,27380082,2005624,0,0,0
128 x 1024 B,11,91,2013393,9792264,27380082,2005682,0,0,0
128 x 1024 B,12,91,2001651,9798255,27380082,2002191,0,0,0
128 x 1024 B,13,91,2001100,9796633,27380082,2001637,0,0,0
128 x 1024 B,14,91,2001136,9796714,27380082,2001651,0,0,0
128 x 1024 B,15,91,2001182,9799532,27380082,2001681,0,0,0
128 x 1024 B,16,91,2000331,9795541,27380082,2000822,0,0,0
128 x 1024 B,17,91,2001280,9797137,27380082,2001773,0,0,0
128 x 1024 B,18,91,2001729,9797962,27380082,2002228,0,0,0
128 x 1024 B,19,91,2002413,9803878,27380082,2002913,0,0,0
128 x 1024 B,20,91,2000579,9791472,27380082,2001071,0,0,0
128 x 1024 B,21,91,2000941,9794969,27380082,2001444,0,0,0
128 x 1024 B,22,91,2001010,9795102,27380082,2001516,0,0,0
128 x 1024 B,23,91,2372192,9807158,27380083,2372699,0,0,0
128 x 1024 B,24,91,2001613,9798346,27380082,2002106,0,0,0
128 x 1024 B,25,91,2001058,9795312,27380082,2001552,0,0,0
128 x 1024 B,26,91,2001308,9797261,27380082,2001810,0,0,0
128 x 1024 B,27,91,2011102,9794773,27380082,2003686,0,0,0
128 x 1024 B,28,91,2001919,9802520,27380082,2002424,0,0,0
128 x 1024 B,29,91,2001264,9797462,27380082,2001776,0,0,0
128 x 1024 B,30,91,2001709,9798788,27380082,2002212,0,0,0
128 x 1024 B,31,91,2001355,9799186,27380082,2001864,0,0,0
129 x 1024 B,0,88,1999781,9788502,27083598,2000324,0,0,0
129 x 1024 B,1,88,1999781,9789164,27083598,2000285,0,0,0
129 x 1024 B,2,88,1999881,9790170,27083598,2000388,0,0,0
129 x 1024 B,3,88,1999026,9788628,27083598,1999531,0,0,0
129 x 1024 B,4,88,1999138,9786819,27083598,1999650,0,0,0
129 x 1024 B,5,88,2000038,9791502,27083598,2000544,0,0,0
129 x 1024 B,6,88,1999433,9790804,27083598,1999936,0,0,0
129 x 1024 B,7,88,1997989,9783864,27083598,1998486,0,0,0
129 x 1024 B,8,88,1997578,9780123,27083598,1998076,0,0,0
129 x 1024 B,9,88,1998833,9784024,27083598,1999325,0,0,0
129 x 1024 B,10,88,1998427,9783832,27083598,1998935,0,0,0
129 x 1024 B,11,88,1998906,9785682,27083598,1999727,0,0,0
129 x 1024 B,12,88,1999236,9783435,27083598,1999779,0,0,0
129 x 1024 B,13,88,2000439,9788641,27083598,2001025,0,0,0
129 x 1024 B,14,88,1999313,9784988,27083598,2000027,0,0,0
129 x 1024 B,15,88,2001033,9792901,27083598,2001706,0,0,0
129 x 1024 B,16,88,2002911,9792690,27083598,2003694,0,0,0
129 x 1024 B,17,88,2004686,9784668,27083598,2002502,0,0,0
129 x 1024 B,18,88,2005238,9779631,27083598,2000344,0,0,0
129 x 1024 B,19,88,1998659,9779163,27083598,1999169,0,0,0
129 x 1024 B,20,88,1998135,9777703,27083598,1998636,0,0,0
129 x 1024 B,21,88,1997739,9781403,27083598,1998229,0,0,0
129 x 1024 B,22,88,1998306,9784563,27083598,1998798,0,0,0
129 x 1024 B,23,88,1999081,9785464,27083598,1999575,0,0,0
129 x 1024 B,24,88,1998485,9783902,27083598,1998977,0,0,0
129 x 1024 B,25,88,1998394,9785116,27083598,1998882,0,0,0
129 x 1024 B,26,88,1998549,9781321,27083598,1999084,0,0,0
129 x 1024 B,27,88,1998833,9784626,27083598,1999336,0,0,0
129 x 1024 B,28,88,1997976,9780467,27083598,1998467,0,0,0
129 x 1024 B,29,88,1997342,9780314,27083598,1997839,0,0,0
129 x 1024 B,30,88,2000395,9778005,27083598,2000901,0,0,0
129 x 1024 B,31,88,1997910,9779623,27083598,1998414,0,0,0
1024 x 1024 B,0,12,2132142,10433158,28872870,2133410,0,0,0
1024 x 1024 B,1,12,2128319,10415006,28872870,2129021,0,0,0
1024 x 1024 B,2,12,2125363,10403159,28872870,2126153,0,0,0
1024 x 1024 B,3,12,2124912,10399243,28872870,2125565,0,0,0
1024 x 1024 B,4,12,2125434,10403693,28872870,2126116,0,0,0
1024 x 1024 B,5,12,2124775,10398043,28872870,2125432,0,0,0
1024 x 1024 B,6,12,2127214,10403833,28872871,2127853,0,0,0
1024 x 1024 B,7,12,2125016,10402750,28872870,2125666,0,0,0
1024 x 1024 B,8,12,2124886,10400809,28872870,2125532,0,0,0
1024 x 1024 B,9,12,2124793,10398660,28872870,2125450,0,0,0
1024 x 1024 B,10,12,2124753,10398628,28872870,2125379,0,0,0
1024 x 1024 B,11,12,2125447,10404536,28872870,2126077,0,0,0
1024 x 1024 B,12,12,2124217,10398446,28872870,2124854,0,0,0
1024 x 1024 B,13,12,2125522,10400852,28872870,2126150,0,0,0
1024 x 1024 B,14,12,2127951,10406927,28872871,2128585,0,0,0
1024 x 1024 B,15,12,2125109,10402628,28872870,2125713,0,0,0
1024 x 1024 B,16,12,2126823,10398304,28872870,2127563,0,0,0
1024 x 1024 B,17,12,2131146,10429779,28872870,2132002,0,0,0
1024 x 1024 B,18,12,2132916,10435391,28872870,2133585,0,0,0
1024 x 1024 B,19,12,2152626,10531736,28872870,2153619,0,0,0
1024 x 1024 B,20,12,2135077,10445911,28872870,2136375,0,0,0
1024 x 1024 B,21,12,2168805,10562312,28872871,2169883,0,0,0
1024 x 1024 B,22,12,2148925,10459047,28872870,2145082,0,0,0
1024 x 1024 B,23,12,2226483,10403436,28872870,2161337,0,0,0
1024 x 1024 B,24,12,2123625,10397155,28872870,2124221,0,0,0
1024 x 1024 B,25,12,2125894,10402937,28872870,2126533,0,0,0
1024 x 1024 B,26,12,2125910,10399016,28872870,2126559,0,0,0
1024 x 1024 B,27,12,2126198,10406440,28872870,2126849,0,0,0
1024 x 1024 B,28,12,2125263,10398960,28872871,2125861,0,0,0
1024 x 1024 B,29,12,2510784,10395162,28872870,2511397,0,0,0
1024 x 1024 B,30,12,2124848,10402892,28872870,2125477,0,0,0
1024 x 1024 B,31,12,2123387,10393809,28872870,2124014,0,0,0
1 x 2048 B,0,2546,1980557,9696622,19683492,1981259,0,0,0
1 x 2048 B,1,2546,1988056,9735395,19683492,1988557,0,0,0
1 x 2048 B,2,2546,1970259,9648883,19683492,1970744,0,0,0
1 x 2048 B,3,2546,1992250,9756072,19683492,1992731,0,0,0
1 x 2048 B,4,2546,1977508,9683937,19683492,1977987,0,0,0
1 x 2048 B,5,2546,1984389,9716215,19683492,1984921,0,0,0
1 x 2048 B,6,2546,1971719,9653313,19683492,1972203,0,0,0
1 x 2048 B,7,2546,1969643,9645319,19683492,1970136,0,0,0
1 x 2048 B,8,2546,1976381,9676275,19683492,1976882,0,0,0
1 x 2048 B,9,2546,1966917,9631795,19683492,1967408,0,0,0
1 x 2048 B,10,2546,1977645,9684744,19683492,1978136,0,0,0
1 x 2048 B,11,2546,1963634,9615769,19683492,1964131,0,0,0
1 x 2048 B,12,2546,1973258,9663459,19683492,1973755,0,0,0
1 x 2048 B,13,2546,1958705,9592003,19683492,1959200,0,0,0
1 x 2048 B,14,2546,1964947,9619630,19683492,1965429,0,0,0
1 x 2048 B,15,2546,1964980,9622482,19683492,1965483,0,0,0
1 x 2048 B,16,2546,1967233,9633807,19683492,1967721,0,0,0
1 x 2048 B,17,2546,1985588,9723386,19683492,1986071,0,0,0
1 x 2048 B,18,2546,1982458,9708152,19683492,1982944,0,0,0
1 x 2048 B,19,2546,1998428,9786720,19683492,1998925,0,0,0
1 x 2048 B,20,2546,1970498,9647245,19683492,1970978,0,0,0
1 x 2048 B,21,2546,1978183,9686055,19683492,1978680,0,0,0
1 x 2048 B,22,2546,1995010,9722420,19683492,1990166,0,0,0
1 x 2048 B,23,2546,1974724,9668415,19683492,1975410,0,0,0
1 x 2048 B,24,2546,1987564,9730694,19683492,1988087,0,0,0
1 x 2048 B,25,2546,1964303,9614622,19683492,1965116,0,0,0
1 x 2048 B,26,2546,1968032,9632169,19683492,1968700,0,0,0
1 x 2048 B,27,2546,1970614,9639415,19683492,1971450,0,0,0
1 x 2048 B,28,2546,1987347,9676445,19683492,1985536,0,0,0
1 x 2048 B,29,2546,1980483,9642145,19683492,1974403,0,0,0
1 x 2048 B,30,2546,1964477,9616988,19683492,1964987,0,0,0
1 x 2048 B,31,2546,1991400,9750738,19683492,1991906,0,0,0
3 x 2048 B,0,869,1996763,9774452,19936095,1997295,0,0,0
3 x 2048 B,1,869,1998324,9780685,19936095,1998834,0,0,0
3 x 2048 B,2,869,1994596,9765842,19936095,1995087,0,0,0
3 x 2048 B,3,869,1995220,9764144,19936095,1995718,0,0,0
3 x 2048 B,4,869,2362999,9754783,19936095,2363497,0,0,0
3 x 2048 B,5,869,1997331,9780936,19936095,1997821,0,0,0
3 x 2048 B,6,869,1987859,9733886,19936095,1988354,0,0,0
3 x 2048 B,7,869,1986632,9721781,19936095,1987127,0,0,0
3 x 2048 B,8,869,1989774,9742729,19936095,1990280,0,0,0
3 x 2048 B,9,869,1993113,9759846,19936095,1993603,0,0,0
3 x 2048 B,10,869,1989007,9739127,19936095,1989544,0,0,0
3 x 2048 B,11,869,1991456,9745475,19936095,1991946,0,0,0
3 x 2048 B,12,869,1993164,9760038,19936095,1993672,0,0,0
3 x 2048 B,13,869,1990856,9748415,19936095,1991352,0,0,0
3 x 2048 B,14,869,1994550,9766966,19936095,1995042,0,0,0
3 x 2048 B,15,869,1999008,9783437,19936095,1999501,0,0,0
3 x 2048 B,16,869,1991999,9754135,19936095,1992503,0,0,0
3 x 2048 B,17,869,1994089,9764631,19936095,1994593,0,0,0
3 x 2048 B,18,869,1989267,9740595,19936095,1989753,0,0,0
3 x 2048 B,19,869,1990744,9744163,19936095,1991241,0,0,0
3 x 2048 B,20,869,1987510,9731920,19936095,1988005,0,0,0
3 x 2048 B,21,869,1990519,9747567,19936095,1991012,0,0,0
3 x 2048 B,22,869,1993505,9761632,19936095,1993992,0,0,0
3 x 2048 B,23,869,1995962,9767016,19936095,1996458,0,0,0
3 x 2048 B,24,869,1990637,9747892,19936095,1991133,0,0,0
3 x 2048 B,25,869,1990956,9749098,19936095,1991446,0,0,0
3 x 2048 B,26,869,1993594,9759402,19936095,1994085,0,0,0
3 x 2048 B,27,869,1997648,9776716,19936095,1998138,0,0,0
3 x 2048 B,28,869,1988248,9735550,19936095,1988740,0,0,0
3 x 2048 B,29,869,1998595,9785180,19936095,1999083,0,0,0
3 x 2048 B,30,869,1997429,9778431,19936095,1998138,0,0,0
3 x 2048 B,31,869,1987534,9727005,19936095,1988052,0,0,0
4 x 2048 B,0,652,1989767,9738419,19916358,1990918,0,0,0
4 x 2048 B,1,652,1997617,9764853,19916358,1998505,0,0,0
4 x 2048 B,2,652,2000685,9782771,19916358,2001292,0,0,0
4 x 2048 B,3,652,2003217,9749473,19916358,1996667,0,0,0
4 x 2048 B,4,652,1995130,9768669,19916358,1995813,0,0,0
4 x 2048 B,5,652,1990550,9741995,19916358,1991538,0,0,0
4 x 2048 B,6,652,1985211,9719160,19916358,1985698,0,0,0
4 x 2048 B,7,652,1993661,9761023,19916358,1994166,0,0,0
4 x 2048 B,8,652,1987573,9730778,19916358,1988059,0,0,0
4 x 2048 B,9,652,1988018,9728217,19916358,1988532,0,0,0
4 x 2048 B,10,652,1987836,9727820,19916358,1988942,0,0,0
4 x 2048 B,11,652,1992650,9736921,19916358,1993301,0,0,0
4 x 2048 B,12,652,1984327,9715802,19916358,1984939,0,0,0
4 x 2048 B,13,652,2353665,9733110,19916358,2354170,0,0,0
4 x 2048 B,14,652,1988756,9738441,19916358,1989250,0,0,0
4 x 2048 B,15,652,2007200,9762438,19916358,2004134,0,0,0
4 x 2048 B,16,652,1995969,9768649,19916358,1996474,0,0,0
4 x 2048 B,17,652,1989069,9735380,19916358,1989576,0,0,0
4 x 2048 B,18,652,1988857,9736402,19916358,1989368,0,0,0
4 x 2048 B,19,652,1992890,9757429,19916358,1993385,0,0,0
4 x 2048 B,20,652,2000074,9744742,19916358,1993731,0,0,0
4 x 2048 B,21,652,1990609,9744621,19916358,1991106,0,0,0
4 x 2048 B,22,652,1986291,9726917,19916358,1986777,0,0,0
4 x 2048 B,23,652,1988968,9739368,19916358,1989464,0,0,0
4 x 2048 B,24,652,1989617,9743588,19916358,1990102,0,0,0
4 x 2048 B,25,652,1993184,9753262,19916358,1993691,0,0,0
4 x 2048 B,26,652,1994195,9763372,19916358,1994683,0,0,0
4 x 2048 B,27,652,1995479,9772036,19916358,1995976,0,0,0
4 x 2048 B,28,652,1993220,9759190,19916358,1993706,0,0,0
4 x 2048 B,29,652,1986019,9725599,19916358,1986514,0,0,0
4 x 2048 B,30,652,1990463,9747938,19916358,1990950,0,0,0
4 x 2048 B,31,652,1994759,9768605,19916358,1995257,0,0,0
6 x 2048 B,0,438,2001440,9798644,20041494,2001957,0,0,0
6 x 2048 B,1,438,1998295,9786576,20041494,1998782,0,0,0
6 x 2048 B,2,438,1998404,9784634,20041494,1998896,0,0,0
6 x 2048 B,3,438,1997990,9783474,20041494,1998476,0,0,0
6 x 2048 B,4,438,2009554,9836412,20041494,2010252,0,0,0
6 x 2048 B,5,438,2005460,9801246,20041494,2005961,0,0,0
6 x 2048 B,6,438,2008298,9814184,20041494,2008911,0,0,0
6 x 2048 B,7,438,2003908,9805897,20041494,2004866,0,0,0
6 x 2048 B,8,438,2000691,9789475,20041494,2001548,0,0,0
6 x 2048 B,9,438,1999919,9786397,20041494,2000529,0,0,0
6 x 2048 B,10,438,2016690,9811708,20041494,2010219,0,0,0
6 x 2048 B,11,438,2008493,9830831,20041494,2009030,0,0,0
6 x 2048 B,12,438,2003563,9811591,20041494,2004052,0,0,0
6 x 2048 B,13,438,1999579,9792576,20041494,2000077,0,0,0
6 x 2048 B,14,438,2001596,9801778,20041494,2002094,0,0,0
6 x 2048 B,15,438,1998612,9787553,20041494,1999096,0,0,0
6 x 2048 B,16,438,1997367,9781355,20041494,1997865,0,0,0
6 x 2048 B,17,438,2001743,9798128,20041494,2002297,0,0,0
6 x 2048 B,18,438,2002628,9804468,20041494,2003137,0,0,0
6 x 2048 B,19,438,2004691,9770786,20041494,1999035,0,0,0
6 x 2048 B,20,438,1999011,9788683,20041494,1999502,0,0,0
6 x 2048 B,21,438,1998879,9789212,20041494,1999368,0,0,0
6 x 2048 B,22,438,2366304,9792251,20041494,2366825,0,0,0
6 x 2048 B,23,438,2001158,9796433,20041494,2001644,0,0,0
6 x 2048 B,24,438,2001035,9799268,20041494,2001532,0,0,0
6 x 2048 B,25,438,1999662,9789868,20041494,2000177,0,0,0
6 x 2048 B,26,438,2006300,9825025,20041494,2006787,0,0,0
6 x 2048 B,27,438,1996003,9780132,20041494,1997652,0,0,0
6 x 2048 B,28,438,2001093,9799203,20041494,2001583,0,0,0
6 x 2048 B,29,438,2005550,9822194,20041494,2006364,0,0,0
6 x 2048 B,30,438,1999490,9791137,20041494,1999983,0,0,0
6 x 2048 B,31,438,1997117,9775727,20041494,1997635,0,0,0
8 x 2048 B,0,328,2002143,9752815,19997214,2002709,0,0,0
8 x 2048 B,1,328,2005389,9756588,19997214,2005938,0,0,0
8 x 2048 B,2,328,1998205,9771878,19997214,1998774,0,0,0
8 x 2048 B,3,328,1994525,9764736,19997214,1995025,0,0,0
8 x 2048 B,4,328,1991767,9753270,19997214,1992260,0,0,0
8 x 2048 B,5,328,1995672,9771951,19997214,1996176,0,0,0
8 x 2048 B,6,328,1995893,9770009,19997214,1996390,0,0,0
8 x 2048 B,7,328,1994599,9766939,19997214,1995106,0,0,0
8 x 2048 B,8,328,1996084,9774260,19997214,1996622,0,0,0
8 x 2048 B,9,328,1995803,9772014,19997214,1996437,0,0,0
8 x 2048 B,10,328,1990300,9749288,19997213,1992491,0,0,0
8 x 2048 B,11,328,2001575,9793721,19997214,2002428,0,0,0
8 x 2048 B,12,328,2003923,9806154,19997214,2004858,0,0,0
8 x 2048 B,13,328,1998131,9778275,19997214,1998929,0,0,0
8 x 2048 B,14,328,1997294,9768962,19997214,1998139,0,0,0
8 x 2048 B,15,328,2003528,9787670,19997214,2004703,0,0,0
8 x 2048 B,16,328,2001290,9768456,19997214,1999588,0,0,0
8 x 2048 B,17,328,2018264,9780601,19997214,2012136,0,0,0
8 x 2048 B,18,328,2006668,9774347,19997214,1999210,0,0,0
8 x 2048 B,19,328,1996880,9770274,19997214,1997384,0,0,0
8 x 2048 B,20,328,2000371,9795027,19997214,2000883,0,0,0
8 x 2048 B,21,328,1996916,9775494,19997214,1997455,0,0,0
8 x 2048 B,22,328,2364797,9761593,19997214,2365309,0,0,0
8 x 2048 B,23,328,1997669,9779233,19997214,1998197,0,0,0
8 x 2048 B,24,328,1995057,9769445,19997214,1995599,0,0,0
8 x 2048 B,25,328,1994761,9760881,19997214,1995279,0,0,0
8 x 2048 B,26,328,1996073,9771355,19997214,1996575,0,0,0
8 x 2048 B,27,328,1997819,9778062,19997214,1998316,0,0,0
8 x 2048 B,28,328,1992517,9756852,19997214,1993028,0,0,0
8 x 2048 B,29,328,1995560,9771338,19997214,1996067,0,0,0
8 x 2048 B,30,328,1996539,9774241,19997214,1997038,0,0,0
8 x 2048 B,31,328,1999395,9787974,19997214,1999909,0,0,0
12 x 2048 B,0,219,2002453,9805468,20013900,2002967,0,0,0
12 x 2048 B,1,219,2002424,9802773,20013900,2002920,0,0,0
12 x 2048 B,2,219,2006544,9822536,20013900,2007048,0,0,0
12 x 2048 B,3,219,2001921,9802448,20013900,2002412,0,0,0
12 x 2048 B,4,219,2000527,9795325,20013900,2001068,0,0,0
12 x 2048 B,5,219,2002870,9804762,20013900,2003374,0,0,0
12 x 2048 B,6,219,2002564,9803265,20013900,2003069,0,0,0
12 x 2048 B,7,219,2002581,9806019,20013900,2003072,0,0,0
12 x 2048 B,8,219,2002983,9808161,20013900,2003482,0,0,0
12 x 2048 B,9,219,2003555,9807106,20013900,2004055,0,0,0
12 x 2048 B,10,219,2003558,9809122,20013900,2004054,0,0,0
12 x 2048 B,11,219,2004893,9817641,20013900,2005395,0,0,0
12 x 2048 B,12,219,2000123,9793921,20013900,2000636,0,0,0
12 x 2048 B,13,219,2001087,9795259,20013900,2001589,0,0,0
12 x 2048 B,14,219,1999753,9789823,20013900,2000250,0,0,0
12 x 2048 B,15,219,2001454,9799959,20013900,2001948,0,0,0
12 x 2048 B,16,219,2018848,9793889,20013900,2003521,0,0,0
12 x 2048 B,17,219,2003409,9803476,20013900,2003920,0,0,0
12 x 2048 B,18,219,2005747,9817907,20013900,2006397,0,0,0
12 x 2048 B,19,219,2009212,9835857,20013900,2009894,0,0,0
12 x 2048 B,20,219,2008711,9822868,20013900,2009431,0,0,0
12 x 2048 B,21,219,2001402,9795876,20013900,2002026,0,0,0
12 x 2048 B,22,219,2008455,9820902,20013900,2009352,0,0,0
12 x 2048 B,23,219,2007891,9793061,20013900,2006643,0,0,0
12 x 2048 B,24,219,2006793,9788104,20013900,2001980,0,0,0
12 x 2048 B,25,219,1998129,9783103,20013900,1998623,0,0,0
12 x 2048 B,26,219,2003788,9808857,20013900,2004293,0,0,0
12 x 2048 B,27,219,2003532,9808139,20013900,2004043,0,0,0
12 x 2048 B,28,219,2001765,9800499,20013900,2002262,0,0,0
12 x 2048 B,29,219,1998348,9784071,20013900,1998843,0,0,0
12 x 2048 B,30,219,2370185,9790545,20013900,2370675,0,0,0
12 x 2048 B,31,219,2001328,9801335,20013900,2001824,0,0,0
16 x 2048 B,0,165,2003593,9812471,20098356,2004123,0,0,0
16 x 2048 B,1,165,2006011,9822858,20098356,2006506,0,0,0
16 x 2048 B,2,165,2008909,9838741,20098356,2009409,0,0,0
16 x 2048 B,3,165,2007207,9828997,20098356,2007725,0,0,0
16 x 2048 B,4,165,2009327,9832659,20098357,2009894,0,0,0
16 x 2048 B,5,165,2004984,9815659,20098356,2005720,0,0,0
16 x 2048 B,6,165,2013063,9858252,20098356,2013551,0,0,0
16 x 2048 B,7,165,2003390,9810735,20098356,2003873,0,0,0
16 x 2048 B,8,165,2004821,9817552,20098356,2005315,0,0,0
16 x 2048 B,9,165,2007246,9828396,20098356,2007742,0,0,0
16 x 2048 B,10,165,2003513,9810752,20098356,2004009,0,0,0
16 x 2048 B,11,165,2009113,9836451,20098356,2009601,0,0,0
16 x 2048 B,12,165,2004096,9814413,20098356,2004599,0,0,0
16 x 2048 B,13,165,2010039,9818920,20098356,2010535,0,0,0
16 x 2048 B,14,165,2004957,9818391,20098356,2005448,0,0,0
16 x 2048 B,15,165,2010692,9822597,20098356,2008061,0,0,0
16 x 2048 B,16,165,2007395,9827855,20098356,2007898,0,0,0
16 x 2048 B,17,165,2005633,9821748,20098356,2006123,0,0,0
16 x 2048 B,18,165,2010877,9844430,20098356,2011373,0,0,0
16 x 2048 B,19,165,2001974,9804411,20098356,2002462,0,0,0
16 x 2048 B,20,165,2006626,9826389,20098356,2007118,0,0,0
16 x 2048 B,21,165,2005912,9823278,20098356,2006399,0,0,0
16 x 2048 B,22,165,2005719,9817979,20098356,2006255,0,0,0
16 x 2048 B,23,165,2006579,9825467,20098356,2007069,0,0,0
16 x 2048 B,24,165,2005924,9819898,20098356,2006588,0,0,0
16 x 2048 B,25,165,2008029,9831135,20098356,2008575,0,0,0
16 x 2048 B,26,165,2011701,9846233,20098356,2012477,0,0,0
16 x 2048 B,27,165,2006581,9821747,20098356,2007328,0,0,0
16 x 2048 B,28,165,2009182,9830408,20098356,2009995,0,0,0
16 x 2048 B,29,165,2015862,9818182,20098356,2013323,0,0,0
16 x 2048 B,30,165,2013301,9802896,20098356,2006825,0,0,0
16 x 2048 B,31,165,2006324,9822267,20098356,2006813,0,0,0
24 x 2048 B,0,110,2004762,9801147,20091426,2005322,0,0,0
24 x 2048 B,1,110,2006929,9823402,20091426,2007430,0,0,0
24 x 2048 B,2,110,2004422,9810411,20091426,2004929,0,0,0
24 x 2048 B,3,110,2006913,9823361,20091426,2007436,0,0,0
24 x 2048 B,4,110,2004554,9816124,20091426,2005040,0,0,0
24 x 2048 B,5,110,2003338,9805225,20091426,2003839,0,0,0
24 x 2048 B,6,110,2365329,9797874,20091426,2365857,0,0,0
24 x 2048 B,7,110,2006830,9823752,20091426,2007355,0,0,0
24 x 2048 B,8,110,2004038,9806602,20091426,2004642,0,0,0
24 x 2048 B,9,110,2003805,9809911,20091426,2004403,0,0,0
24 x 2048 B,10,110,2006416,9818686,20091426,2007015,0,0,0
24 x 2048 B,11,110,2006143,9821856,20091426,2006731,0,0,0
24 x 2048 B,12,110,2007186,9827512,20091426,2007718,0,0,0
24 x 2048 B,13,110,2004028,9810490,20091426,2004527,0,0,0
24 x 2048 B,14,110,2004823,9816432,20091426,2005332,0,0,0
24 x 2048 B,15,110,2006397,9818095,20091426,2006918,0,0,0
24 x 2048 B,16,110,2005295,9816830,20091426,2005787,0,0,0
24 x 2048 B,17,110,2002983,9808560,20091426,2003482,0,0,0
24 x 2048 B,18,110,2002957,9807299,20091426,2003460,0,0,0
24 x 2048 B,19,110,2004796,9814120,20091426,2005287,0,0,0
24 x 2048 B,20,110,2007872,9832591,20091426,2008365,0,0,0
24 x 2048 B,21,110,2005780,9822261,20091426,2006274,0,0,0
24 x 2048 B,22,110,2003041,9809250,20091426,2003538,0,0,0
24 x 2048 B,23,110,2006550,9826208,20091426,2007055,0,0,0
24 x 2048 B,24,110,2003777,9809534,20091426,2004270,0,0,0
24 x 2048 B,25,110,2005247,9817578,20091426,2005747,0,0,0
24 x 2048 B,26,110,2003690,9811822,20091426,2004187,0,0,0
24 x 2048 B,27,110,2006740,9826814,20091426,2007246,0,0,0
24 x 2048 B,28,110,2004358,9815907,20091426,2004852,0,0,0
24 x 2048 B,29,110,2004703,9816455,20091426,2005215,0,0,0
24 x 2048 B,30,110,2007593,9827511,20091426,2008129,0,0,0
24 x 2048 B,31,110,2005658,9817224,20091426,2006382,0,0,0
64 x 2048 B,0,41,2041631,9980357,19961052,2042465,0,0,0
64 x 2048 B,1,41,2012069,9849351,19961052,2012862,0,0,0
64 x 2048 B,2,41,1995780,9761773,19961052,1996705,0,0,0
64 x 2048 B,3,41,2005687,9776175,19961052,2003916,0,0,0
64 x 2048 B,4,41,2000402,9739703,19961052,1994681,0,0,0
64 x 2048 B,5,41,1991819,9747902,19961052,1992325,0,0,0
64 x 2048 B,6,41,1988358,9736585,19961052,1988857,0,0,0
64 x 2048 B,7,41,1993101,9757403,19961052,1993617,0,0,0
64 x 2048 B,8,41,1990311,9745757,19961052,1990814,0,0,0
64 x 2048 B,9,41,1996164,9761713,19961052,1996667,0,0,0
64 x 2048 B,10,41,1990741,9746079,19961052,1991233,0,0,0
64 x 2048 B,11,41,1993262,9753554,19961052,1993770,0,0,0
64 x 2048 B,12,41,1993490,9760527,19961052,1994001,0,0,0
64 x 2048 B,13,41,1994808,9761484,19961052,1995304,0,0,0
64 x 2048 B,14,41,1990493,9745565,19961052,1990985,0,0,0
64 x 2048 B,15,41,1994883,9762256,19961052,1995380,0,0,0
64 x 2048 B,16,41,1993732,9761256,19961052,1994231,0,0,0
64 x 2048 B,17,41,1992419,9754054,19961052,1992920,0,0,0
64 x 2048 B,18,41,1991923,9753761,19961052,1992427,0,0,0
64 x 2048 B,19,41,1993310,9756677,19961052,1993838,0,0,0
64 x 2048 B,20,41,1994905,9753786,19961053,1995408,0,0,0
64 x 2048 B,21,41,1989498,9739212,19961052,1990000,0,0,0
64 x 2048 B,22,41,1991925,9753777,19961052,1992428,0,0,0
64 x 2048 B,23,41,1992626,9755097,19961052,1993148,0,0,0
64 x 2048 B,24,41,1994163,9764862,19961052,1994663,0,0,0
64 x 2048 B,25,41,1993207,9758035,19961052,1993756,0,0,0
64 x 2048 B,26,41,1994846,9767411,19961052,1995346,0,0,0
64 x 2048 B,27,41,1991915,9752319,19961052,1992425,0,0,0
64 x 2048 B,28,41,1989853,9743179,19961052,1990353,0,0,0
64 x 2048 B,29,41,1991137,9746721,19961052,1991627,0,0,0
64 x 2048 B,30,41,1990516,9746827,19961052,1991010,0,0,0
64 x 2048 B,31,41,1993887,9761060,19961052,1994383,0,0,0
128 x 2048 B,0,21,2039828,9988461,20445252,2040385,0,0,0
128 x 2048 B,1,21,2039652,9984720,20445252,2040160,0,0,0
128 x 2048 B,2,21,2040103,9989937,20445252,2040599,0,0,0
128 x 2048 B,3,21,2042609,9998857,20445252,2043108,0,0,0
128 x 2048 B,4,21,2038390,9979958,20445252,2039184,0,0,0
128 x 2048 B,5,21,2041688,9996079,20445252,2042270,0,0,0
128 x 2048 B,6,21,2047498,10022922,20445252,2048313,0,0,0
128 x 2048 B,7,21,2044270,10001810,20445252,2044968,0,0,0
128 x 2048 B,8,21,2041397,9992159,20445252,2041998,0,0,0
128 x 2048 B,9,21,2043927,9992814,20445252,2044589,0,0,0
128 x 2048 B,10,21,2039677,9987141,20445252,2040173,0,0,0
128 x 2048 B,11,21,2050767,9982995,20445252,2045355,0,0,0
128 x 2048 B,12,21,2058267,9989883,20445252,2044474,0,0,0
128 x 2048 B,13,21,2041798,9990694,20445252,2042306,0,0,0
128 x 2048 B,14,21,2041137,9992141,20445252,2041647,0,0,0
128 x 2048 B,15,21,2039350,9986594,20445252,2039845,0,0,0
128 x 2048 B,16,21,2038853,9983950,20445252,2039373,0,0,0
128 x 2048 B,17,21,2038462,9971571,20445252,2039022,0,0,0
128 x 2048 B,18,21,2039664,9986032,20445252,2040166,0,0,0
128 x 2048 B,19,21,2037682,9974208,20445252,2038231,0,0,0
128 x 2048 B,20,21,2040142,9985722,20445252,2040660,0,0,0
128 x 2048 B,21,21,2034181,9960497,20445252,2034673,0,0,0
128 x 2048 B,22,21,2040002,9980018,20445253,2040500,0,0,0
128 x 2048 B,23,21,2040661,9989994,20445252,2041156,0,0,0
128 x 2048 B,24,21,2040938,9993328,20445252,2041435,0,0,0
128 x 2048 B,25,21,2041563,9993570,20445252,2042062,0,0,0
128 x 2048 B,26,21,2039859,9988688,20445252,2040359,0,0,0
128 x 2048 B,27,21,2038643,9979651,20445252,2039148,0,0,0
128 x 2048 B,28,21,2040283,9990480,20445252,2040780,0,0,0
128 x 2048 B,29,21,2040388,9989339,20445252,2040896,0,0,0
128 x 2048 B,30,21,2039178,9985347,20445252,2039708,0,0,0
128 x 2048 B,31,21,2037984,9975785,20445252,2038487,0,0,0
129 x 2048 B,0,21,2057411,10072941,20604957,2057936,0,0,0
129 x 2048 B,1,21,2055891,10067400,20604957,2056406,0,0,0
129 x 2048 B,2,21,2054971,10060633,20604957,2055479,0,0,0
129 x 2048 B,3,21,2054369,10059929,20604957,2054868,0,0,0
129 x 2048 B,4,21,2052940,10053339,20604957,2053436,0,0,0
129 x 2048 B,5,21,2054746,10061631,20604957,2055254,0,0,0
129 x 2048 B,6,21,2056225,10066204,20604957,2056721,0,0,0
129 x 2048 B,7,21,2053759,10052875,20604958,2054262,0,0,0
129 x 2048 B,8,21,2053375,10054808,20604957,2053879,0,0,0
129 x 2048 B,9,21,2060676,10048146,20604957,2057472,0,0,0
129 x 2048 B,10,21,2057754,10070047,20604957,2058317,0,0,0
129 x 2048 B,11,21,2054590,10059233,20604957,2055541,0,0,0
129 x 2048 B,12,21,2054037,10056235,20604957,2054532,0,0,0
129 x 2048 B,13,21,2060231,10080977,20604957,2060965,0,0,0
129 x 2048 B,14,21,2056508,10065583,20604957,2057165,0,0,0
129 x 2048 B,15,21,2070719,10074839,20604957,2068329,0,0,0
129 x 2048 B,16,21,2059924,10064841,20604957,2058837,0,0,0
129 x 2048 B,17,21,2059149,10068470,20604957,2059667,0,0,0
129 x 2048 B,18,21,2056812,10071237,20604957,2057325,0,0,0
129 x 2048 B,19,21,2054377,10050838,20604957,2054889,0,0,0
129 x 2048 B,20,21,2056586,10070863,20604957,2057082,0,0,0
129 x 2048 B,21,21,2055585,10065940,20604957,2056073,0,0,0
129 x 2048 B,22,21,2428089,10065106,20604958,2428616,0,0,0
129 x 2048 B,23,21,2055592,10063934,20604957,2056099,0,0,0
129 x 2048 B,24,21,2053565,10056434,20604957,2054058,0,0,0
129 x 2048 B,25,21,2057342,10069606,20604957,2057853,0,0,0
129 x 2048 B,26,21,2053777,10054931,20604957,2054272,0,0,0
129 x 2048 B,27,21,2056872,10068805,20604957,2057375,0,0,0
129 x 2048 B,28,21,2057067,10073280,20604957,2057572,0,0,0
129 x 2048 B,29,21,2054547,10060511,20604957,2055046,0,0,0
129 x 2048 B,30,21,2055286,10061049,20604957,2055780,0,0,0
129 x 2048 B,31,21,2054735,10058311,20604957,2055251,0,0,0
1024 x 2048 B,0,3,2331460,11410760,23363304,2332602,0,0,0
1024 x 2048 B,1,3,2333893,11413060,23363305,2334569,0,0,0
1024 x 2048 B,2,3,2332698,11418463,23363304,2333387,0,0,0
1024 x 2048 B,3,3,2332804,11419275,23363304,2333506,0,0,0
1024 x 2048 B,4,3,2335751,11420515,23363305,2336441,0,0,0
1024 x 2048 B,5,3,2330215,11406090,23363304,2330917,0,0,0
1024 x 2048 B,6,3,2340153,11397591,23363304,2333580,0,0,0
1024 x 2048 B,7,3,2334632,11415281,23363305,2335312,0,0,0
1024 x 2048 B,8,3,2333814,11423925,23363304,2334514,0,0,0
1024 x 2048 B,9,3,2332885,11419872,23363304,2333592,0,0,0
1024 x 2048 B,10,3,2331903,11404339,23363305,2332574,0,0,0
1024 x 2048 B,11,3,2331353,11410094,23363304,2332082,0,0,0
1024 x 2048 B,12,3,2330109,11405164,23363304,2330843,0,0,0
1024 x 2048 B,13,3,2334184,11414478,23363305,2334958,0,0,0
1024 x 2048 B,14,3,2383348,11611961,23363304,2384157,0,0,0
1024 x 2048 B,15,3,2342794,11441418,23363305,2343998,0,0,0
1024 x 2048 B,16,3,2340439,11450495,23363304,2341891,0,0,0
1024 x 2048 B,17,3,2362722,11537966,23363304,2364116,0,0,0
1024 x 2048 B,18,3,2346987,11421169,23363305,2344031,0,0,0
1024 x 2048 B,19,3,2342764,11407925,23363304,2335836,0,0,0
1024 x 2048 B,20,3,2332657,11406435,23363304,2333482,0,0,0
1024 x 2048 B,21,3,2335281,11415421,23363305,2336059,0,0,0
1024 x 2048 B,22,3,2331858,11408438,23363304,2332653,0,0,0
1024 x 2048 B,23,3,2329186,11400487,23363304,2330288,0,0,0
1024 x 2048 B,24,3,2333503,11409002,23363305,2334256,0,0,0
1024 x 2048 B,25,3,2702205,11407662,23363304,2703033,0,0,0
1024 x 2048 B,26,3,2334309,11418585,23363305,2335134,0,0,0
1024 x 2048 B,27,3,2333072,11420432,23363304,2333877,0,0,0
1024 x 2048 B,28,3,2332095,11409478,23363304,2332894,0,0,0
1024 x 2048 B,29,3,2335078,11421978,23363305,2335896,0,0,0
1024 x 2048 B,30,3,2331303,11410030,23363304,2332100,0,0,0
1024 x 2048 B,31,3,2329781,11399210,23363304,2330602,0,0,0
1 x 2047 B,0,1307,1976983,9676448,20167376,1977537,0,0,0
1 x 2047 B,1,1307,1977749,9673593,20167376,1978264,0,0,0
1 x 2047 B,2,1307,1981354,9679931,20167376,1981858,0,0,0
1 x 2047 B,3,1307,1977170,9676843,20167376,1977669,0,0,0
1 x 2047 B,4,1307,1976890,9678721,20167376,1977388,0,0,0
1 x 2047 B,5,1307,1977116,9676048,20167376,1977613,0,0,0
1 x 2047 B,6,1307,1976898,9677013,20167376,1977392,0,0,0
1 x 2047 B,7,1307,1977094,9677982,20167376,1977588,0,0,0
1 x 2047 B,8,1307,1976895,9680256,20167376,1977401,0,0,0
1 x 2047 B,9,1307,1976291,9676101,20167376,1976783,0,0,0
1 x 2047 B,10,1307,1976354,9675655,20167376,1976860,0,0,0
1 x 2047 B,11,1307,1976986,9677930,20167376,1977475,0,0,0
1 x 2047 B,12,1307,1976222,9677241,20167376,1976731,0,0,0
1 x 2047 B,13,1307,1976276,9676982,20167376,1976771,0,0,0
1 x 2047 B,14,1307,1976790,9677012,20167376,1977292,0,0,0
1 x 2047 B,15,1307,1976589,9676080,20167376,1977082,0,0,0
1 x 2047 B,16,1307,1975972,9675589,20167376,1976521,0,0,0
1 x 2047 B,17,1307,1977345,9680398,20167376,1978000,0,0,0
1 x 2047 B,18,1307,1976233,9675239,20167376,1976787,0,0,0
1 x 2047 B,19,1307,1982020,9678985,20167376,1982738,0,0,0
1 x 2047 B,20,1307,2010550,9685479,20167376,2011171,0,0,0
1 x 2047 B,21,1307,1977839,9679748,20167376,1978437,0,0,0
1 x 2047 B,22,1307,1981418,9689237,20167376,1982271,0,0,0
1 x 2047 B,23,1307,1986148,9677403,20167376,1983038,0,0,0
1 x 2047 B,24,1307,1984882,9675469,20167376,1979279,0,0,0
1 x 2047 B,25,1307,1982082,9676511,20167376,1982624,0,0,0
1 x 2047 B,26,1307,1977003,9678505,20167376,1977504,0,0,0
1 x 2047 B,27,1307,1977199,9677743,20167376,1977747,0,0,0
1 x 2047 B,28,1307,1977147,9678578,20167376,1977680,0,0,0
1 x 2047 B,29,1307,1977083,9677218,20167376,1977602,0,0,0
1 x 2047 B,30,1307,1976758,9674399,20167376,1977266,0,0,0
1 x 2047 B,31,1307,1977040,9676782,20167376,1977526,0,0,0
3 x 2047 B,0,377,1700262,8324607,17356692,1700825,0,0,0
3 x 2047 B,1,377,1698379,8319889,17356691,1698880,0,0,0
3 x 2047 B,2,377,1701276,8323194,17356692,1701776,0,0,0
3 x 2047 B,3,377,1700369,8324356,17356692,1700867,0,0,0
3 x 2047 B,4,377,1697971,8318230,17356691,1698477,0,0,0
3 x 2047 B,5,377,1699691,8321581,17356692,1700198,0,0,0
3 x 2047 B,6,377,1700416,8322015,17356692,1700911,0,0,0
3 x 2047 B,7,377,1699229,8320278,17356691,1699728,0,0,0
3 x 2047 B,8,377,1699941,8322745,17356692,1700446,0,0,0
3 x 2047 B,9,377,1700344,8324623,17356692,1700866,0,0,0
3 x 2047 B,10,377,1700347,8324453,17356692,1700844,0,0,0
3 x 2047 B,11,377,1698547,8318713,17356691,1699055,0,0,0
3 x 2047 B,12,377,1700280,8321426,17356692,1700778,0,0,0
3 x 2047 B,13,377,1700477,8325532,17356692,1700981,0,0,0
3 x 2047 B,14,377,1697792,8317037,17356691,1698328,0,0,0
3 x 2047 B,15,377,1700107,8323619,17356692,1700606,0,0,0
3 x 2047 B,16,377,1700917,8322605,17356692,1701411,0,0,0
3 x 2047 B,17,377,1697702,8316474,17356691,1698199,0,0,0
3 x 2047 B,18,377,1700200,8323985,17356692,1700700,0,0,0
3 x 2047 B,19,377,1699931,8322423,17356692,1700427,0,0,0
3 x 2047 B,20,377,1701191,8326184,17356692,1701730,0,0,0
3 x 2047 B,21,377,1699288,8321334,17356691,1699776,0,0,0
3 x 2047 B,22,377,1700172,8322635,17356692,1700666,0,0,0
3 x 2047 B,23,377,1700352,8324151,17356692,1700847,0,0,0
3 x 2047 B,24,377,1698035,8318579,17356691,1698539,0,0,0
3 x 2047 B,25,377,1700007,8320148,17356692,1700500,0,0,0
3 x 2047 B,26,377,1700537,8322821,17356692,1701042,0,0,0
3 x 2047 B,27,377,1698188,8317830,17356691,1698679,0,0,0
3 x 2047 B,28,377,1705115,8320409,17356692,1705668,0,0,0
3 x 2047 B,29,377,1700868,8326706,17356692,1701523,0,0,0
3 x 2047 B,30,377,1702087,8330564,17356692,1702587,0,0,0
3 x 2047 B,31,377,1700545,8326406,17356691,1701151,0,0,0
4 x 2047 B,0,332,1995176,9764152,20365910,1996018,0,0,0
4 x 2047 B,1,332,2001438,9772207,20365910,2002230,0,0,0
4 x 2047 B,2,332,2002549,9756775,20365910,1999172,0,0,0
4 x 2047 B,3,332,2001763,9761715,20365910,1996998,0,0,0
4 x 2047 B,4,332,1992604,9757702,20365910,1993139,0,0,0
4 x 2047 B,5,332,1993462,9759308,20365910,1993985,0,0,0
4 x 2047 B,6,332,1993510,9758306,20365910,1994005,0,0,0
4 x 2047 B,7,332,1993337,9760882,20365910,1993834,0,0,0
4 x 2047 B,8,332,1992725,9756355,20365910,1993234,0,0,0
4 x 2047 B,9,332,1993671,9757653,20365910,1994177,0,0,0
4 x 2047 B,10,332,1994230,9758157,20365910,1994727,0,0,0
4 x 2047 B,11,332,1993685,9762221,20365910,1994188,0,0,0
4 x 2047 B,12,332,1993225,9760739,20365910,1993713,0,0,0
4 x 2047 B,13,332,2360479,9758488,20365911,2360989,0,0,0
4 x 2047 B,14,332,1993007,9758776,20365910,1993506,0,0,0
4 x 2047 B,15,332,1993373,9760863,20365910,1993871,0,0,0
4 x 2047 B,16,332,1993243,9760277,20365910,1993739,0,0,0
4 x 2047 B,17,332,1993670,9757568,20365910,1994177,0,0,0
4 x 2047 B,18,332,1992994,9759522,20365910,1993487,0,0,0
4 x 2047 B,19,332,1994541,9757800,20365910,1995055,0,0,0
4 x 2047 B,20,332,1994625,9761047,20365910,1995125,0,0,0
4 x 2047 B,21,332,1994068,9759467,20365910,1994566,0,0,0
4 x 2047 B,22,332,1993869,9761409,20365910,1994368,0,0,0
4 x 2047 B,23,332,1993093,9759304,20365910,1993623,0,0,0
4 x 2047 B,24,332,1993544,9761354,20365910,1994038,0,0,0
4 x 2047 B,25,332,1994054,9758476,20365910,1994552,0,0,0
4 x 2047 B,26,332,1993056,9759092,20365910,1993553,0,0,0
4 x 2047 B,27,332,1992906,9758385,20365910,1993407,0,0,0
4 x 2047 B,28,332,1993114,9759332,20365910,1993609,0,0,0
4 x 2047 B,29,332,1994399,9760416,20365910,1994897,0,0,0
4 x 2047 B,30,332,1992884,9759276,20365910,1993396,0,0,0
4 x 2047 B,31,332,1993165,9760062,20365910,1993659,0,0,0
6 x 2047 B,0,223,2004857,9808207,20505216,2005382,0,0,0
6 x 2047 B,1,223,2002591,9805132,20505216,2003086,0,0,0
6 x 2047 B,2,223,2068367,9805023,20505216,2005616,0,0,0
6 x 2047 B,3,223,2004052,9811570,20505216,2004830,0,0,0
6 x 2047 B,4,223,2004226,9812265,20505216,2004739,0,0,0
6 x 2047 B,5,223,2007527,9823255,20505216,2008266,0,0,0
6 x 2047 B,6,223,2004824,9811599,20505216,2005354,0,0,0
6 x 2047 B,7,223,2004071,9808736,20505216,2004780,0,0,0
6 x 2047 B,8,223,2005834,9812508,20505216,2006589,0,0,0
6 x 2047 B,9,223,2014901,9807127,20505216,2009415,0,0,0
6 x 2047 B,10,223,2003470,9807916,20505216,2003967,0,0,0
6 x 2047 B,11,223,2002331,9805221,20505216,2002828,0,0,0
6 x 2047 B,12,223,2003319,9805529,20505216,2003835,0,0,0
6 x 2047 B,13,223,2003100,9807455,20505216,2003609,0,0,0
6 x 2047 B,14,223,2002734,9807235,20505216,2003241,0,0,0
6 x 2047 B,15,223,2002379,9804934,20505216,2002908,0,0,0
6 x 2047 B,16,223,2003448,9804939,20505216,2004051,0,0,0
6 x 2047 B,17,223,2002916,9805412,20505216,2003415,0,0,0
6 x 2047 B,18,223,2003653,9807845,20505216,2004148,0,0,0
6 x 2047 B,19,223,2002723,9805321,20505216,2003213,0,0,0
6 x 2047 B,20,223,2004230,9807254,20505216,2004726,0,0,0
6 x 2047 B,21,223,2366716,9806590,20505216,2367216,0,0,0
6 x 2047 B,22,223,2002322,9804881,20505216,2002818,0,0,0
6 x 2047 B,23,223,2002822,9807232,20505216,2003327,0,0,0
6 x 2047 B,24,223,2003592,9806415,20505216,2004090,0,0,0
6 x 2047 B,25,223,2002234,9804799,20505216,2002758,0,0,0
6 x 2047 B,26,223,2002122,9804097,20505216,2002623,0,0,0
6 x 2047 B,27,223,2002757,9806889,20505216,2003290,0,0,0
6 x 2047 B,28,223,2003524,9805346,20505216,2004016,0,0,0
6 x 2047 B,29,223,2002546,9805792,20505216,2003042,0,0,0
6 x 2047 B,30,223,2002751,9806936,20505216,2003239,0,0,0
6 x 2047 B,31,223,2002703,9806716,20505216,2003198,0,0,0
8 x 2047 B,0,167,1999307,9790075,20467552,1999830,0,0,0
8 x 2047 B,1,167,1998551,9786807,20467552,1999048,0,0,0
8 x 2047 B,2,167,1999145,9788961,20467552,1999644,0,0,0
8 x 2047 B,3,167,2000084,9788695,20467552,2000576,0,0,0
8 x 2047 B,4,167,1999515,9789670,20467552,2000008,0,0,0
8 x 2047 B,5,167,1999056,9788137,20467552,1999554,0,0,0
8 x 2047 B,6,167,1998647,9786815,20467552,1999140,0,0,0
8 x 2047 B,7,167,1999850,9788471,20467552,2000370,0,0,0
8 x 2047 B,8,167,1999484,9789939,20467552,1999985,0,0,0
8 x 2047 B,9,167,1999081,9788435,20467552,1999581,0,0,0
8 x 2047 B,10,167,1998829,9786557,20467552,1999497,0,0,0
8 x 2047 B,11,167,1999707,9788466,20467552,2000277,0,0,0
8 x 2047 B,12,167,2002016,9793317,20467552,2002720,0,0,0
8 x 2047 B,13,167,2000587,9791824,20467552,2001552,0,0,0
8 x 2047 B,14,167,2002875,9795338,20467552,2003780,0,0,0
8 x 2047 B,15,167,2004508,9797988,20467552,2005197,0,0,0
8 x 2047 B,16,167,2011862,9787758,20467552,2005268,0,0,0
8 x 2047 B,17,167,2000176,9791241,20467552,2000674,0,0,0
8 x 2047 B,18,167,1999257,9788748,20467552,1999754,0,0,0
8 x 2047 B,19,167,2000440,9789827,20467552,2000937,0,0,0
8 x 2047 B,20,167,2000111,9790991,20467552,2000621,0,0,0
8 x 2047 B,21,167,1998973,9787588,20467552,1999477,0,0,0
8 x 2047 B,22,167,2374060,9790298,20467553,2374580,0,0,0
8 x 2047 B,23,167,1999690,9789878,20467552,2000204,0,0,0
8 x 2047 B,24,167,1999818,9788644,20467552,2000324,0,0,0
8 x 2047 B,25,167,1999806,9791983,20467552,2000305,0,0,0
8 x 2047 B,26,167,2000427,9793105,20467552,2000942,0,0,0
8 x 2047 B,27,167,1999879,9790814,20467552,2000383,0,0,0
8 x 2047 B,28,167,1999543,9791291,20467552,2000037,0,0,0
8 x 2047 B,29,167,1999429,9790547,20467552,1999931,0,0,0
8 x 2047 B,30,167,2000650,9789801,20467552,2001149,0,0,0
8 x 2047 B,31,167,2000336,9792013,20467552,2000859,0,0,0
12 x 2047 B,0,111,1994699,9766278,20399280,1995570,0,0,0
12 x 2047 B,1,111,1996186,9770398,20399280,1996703,0,0,0
12 x 2047 B,2,111,2000072,9784864,20399280,2000937,0,0,0
12 x 2047 B,3,111,1996113,9766229,20399280,1996887,0,0,0
12 x 2047 B,4,111,1998305,9772328,20399280,1999221,0,0,0
12 x 2047 B,5,111,1999634,9764177,20399280,1998416,0,0,0
12 x 2047 B,6,111,2001870,9764210,20399280,1997218,0,0,0
12 x 2047 B,7,111,1995106,9762604,20399280,1995676,0,0,0
12 x 2047 B,8,111,1996040,9763244,20399280,1996595,0,0,0
12 x 2047 B,9,111,1995775,9764325,20399280,1996285,0,0,0
12 x 2047 B,10,111,1994288,9763786,20399280,1994790,0,0,0
12 x 2047 B,11,111,1994261,9761227,20399280,1994802,0,0,0
12 x 2047 B,12,111,1993613,9761800,20399280,1994109,0,0,0
12 x 2047 B,13,111,1994000,9760358,20399280,1994500,0,0,0
12 x 2047 B,14,111,1993780,9762440,20399280,1994279,0,0,0
12 x 2047 B,15,111,1994445,9764341,20399280,1994940,0,0,0
12 x 2047 B,16,111,1993659,9760699,20399280,1994151,0,0,0
12 x 2047 B,17,111,1995116,9761416,20399280,1995824,0,0,0
12 x 2047 B,18,111,1994769,9760855,20399280,1995517,0,0,0
12 x 2047 B,19,111,1995512,9765761,20399280,1996239,0,0,0
12 x 2047 B,20,111,1995535,9765747,20399280,1996228,0,0,0
12 x 2047 B,21,111,1999630,9773764,20399280,2000510,0,0,0
12 x 2047 B,22,111,1995589,9764174,20399280,1996339,0,0,0
12 x 2047 B,23,111,1994815,9764199,20399280,1995537,0,0,0
12 x 2047 B,24,111,1994342,9762192,20399280,1994837,0,0,0
12 x 2047 B,25,111,1995579,9758930,20399280,1996083,0,0,0
12 x 2047 B,26,111,1994382,9761103,20399280,1994894,0,0,0
12 x 2047 B,27,111,1994169,9761884,20399280,1994670,0,0,0
12 x 2047 B,28,111,1994316,9761948,20399280,1994819,0,0,0
12 x 2047 B,29,111,1994385,9759075,20399280,1994889,0,0,0
12 x 2047 B,30,111,1994555,9762700,20399280,1995050,0,0,0
12 x 2047 B,31,111,1994260,9760738,20399280,1994755,0,0,0
16 x 2047 B,0,84,2010806,9843535,20579526,2011379,0,0,0
16 x 2047 B,1,84,2010866,9844032,20579526,2011372,0,0,0
16 x 2047 B,2,84,2010792,9846143,20579526,2011291,0,0,0
16 x 2047 B,3,84,2010242,9843800,20579526,2010734,0,0,0
16 x 2047 B,4,84,2011295,9846692,20579526,2011795,0,0,0
16 x 2047 B,5,84,2011083,9845629,20579526,2011575,0,0,0
16 x 2047 B,6,84,2010955,9847487,20579526,2011464,0,0,0
16 x 2047 B,7,84,2010722,9845240,20579526,2011227,0,0,0
16 x 2047 B,8,84,2010977,9844662,20579526,2011528,0,0,0
16 x 2047 B,9,84,2011480,9846917,20579526,2011996,0,0,0
16 x 2047 B,10,84,2010885,9846585,20579526,2011377,0,0,0
16 x 2047 B,11,84,2010800,9845785,20579526,2011306,0,0,0
16 x 2047 B,12,84,2011213,9846099,20579526,2011703,0,0,0
16 x 2047 B,13,84,2011047,9845112,20579526,2011559,0,0,0
16 x 2047 B,14,84,2010814,9846269,20579526,2011352,0,0,0
16 x 2047 B,15,84,2010527,9844648,20579526,2011037,0,0,0
16 x 2047 B,16,84,2010981,9845816,20579526,2011480,0,0,0
16 x 2047 B,17,84,2010756,9843146,20579526,2011292,0,0,0
16 x 2047 B,18,84,2010825,9846426,20579526,2011321,0,0,0
16 x 2047 B,19,84,2010155,9843042,20579526,2010654,0,0,0
16 x 2047 B,20,84,2011205,9845551,20579526,2011700,0,0,0
16 x 2047 B,21,84,2010978,9845711,20579526,2011508,0,0,0
16 x 2047 B,22,84,2010913,9845861,20579526,2011410,0,0,0
16 x 2047 B,23,84,2011082,9846267,20579526,2011834,0,0,0
16 x 2047 B,24,84,2011825,9848764,20579526,2012338,0,0,0
16 x 2047 B,25,84,2012371,9849719,20579526,2013098,0,0,0
16 x 2047 B,26,84,2013277,9850208,20579526,2013873,0,0,0
16 x 2047 B,27,84,2014643,9852273,20579526,2015498,0,0,0
16 x 2047 B,28,84,2015849,9849045,20579526,2016628,0,0,0
16 x 2047 B,29,84,2017054,9845075,20579526,2015473,0,0,0
16 x 2047 B,30,84,2018710,9843741,20579526,2013660,0,0,0
16 x 2047 B,31,84,2011528,9846377,20579526,2012042,0,0,0
24 x 2047 B,0,56,2011162,9847663,20575998,2011688,0,0,0
24 x 2047 B,1,56,2011456,9846209,20575998,2011956,0,0,0
24 x 2047 B,2,56,2011927,9845077,20575998,2012432,0,0,0
24 x 2047 B,3,56,2017887,9851503,20575998,2018442,0,0,0
24 x 2047 B,4,56,2011372,9848141,20575998,2011866,0,0,0
24 x 2047 B,5,56,2375738,9843696,20575998,2376250,0,0,0
24 x 2047 B,6,56,2013639,9850326,20575999,2014151,0,0,0
24 x 2047 B,7,56,2011295,9847389,20575998,2011804,0,0,0
24 x 2047 B,8,56,2014581,9847501,20575998,2015084,0,0,0
24 x 2047 B,9,56,2044018,9847853,20575998,2044598,0,0,0
24 x 2047 B,10,56,2017087,9845617,20575998,2017583,0,0,0
24 x 2047 B,11,56,2036326,9843768,20575998,2032461,0,0,0
24 x 2047 B,12,56,2011679,9848475,20575998,2012183,0,0,0
24 x 2047 B,13,56,2011778,9847760,20575998,2012311,0,0,0
24 x 2047 B,14,56,2011381,9846098,20575998,2011880,0,0,0
24 x 2047 B,15,56,2011287,9847503,20575998,2011811,0,0,0
24 x 2047 B,16,56,2011195,9848148,20575998,2011693,0,0,0
24 x 2047 B,17,56,2012401,9848871,20575998,2012921,0,0,0
24 x 2047 B,18,56,2011627,9845624,20575998,2012135,0,0,0
24 x 2047 B,19,56,2011232,9847350,20575998,2011736,0,0,0
24 x 2047 B,20,56,2011293,9848032,20575998,2011796,0,0,0
24 x 2047 B,21,56,2011190,9845287,20575998,2011688,0,0,0
24 x 2047 B,22,56,2011835,9848892,20575998,2012348,0,0,0
24 x 2047 B,23,56,2011625,9850209,20575998,2012139,0,0,0
24 x 2047 B,24,56,2011369,9848699,20575998,2011862,0,0,0
24 x 2047 B,25,56,2012103,9846751,20575998,2012604,0,0,0
24 x 2047 B,26,56,2011282,9846464,20575998,2011781,0,0,0
24 x 2047 B,27,56,2011310,9848500,20575998,2011851,0,0,0
24 x 2047 B,28,56,2012113,9849345,20575998,2012607,0,0,0
24 x 2047 B,29,56,2017566,9845214,20575998,2013462,0,0,0
24 x 2047 B,30,56,2011961,9849154,20575998,2012756,0,0,0
24 x 2047 B,31,56,2012545,9852858,20575998,2013060,0,0,0
64 x 2047 B,0,21,2013782,9855940,20571588,2014706,0,0,0
64 x 2047 B,1,21,2016395,9865036,20571588,2017511,0,0,0
64 x 2047 B,2,21,2022366,9844501,20571588,2019844,0,0,0
64 x 2047 B,3,21,2021048,9838845,20571588,2015182,0,0,0
64 x 2047 B,4,21,2011034,9844899,20571588,2011534,0,0,0
64 x 2047 B,5,21,2010641,9841456,20571588,2011145,0,0,0
64 x 2047 B,6,21,2010634,9842546,20571588,2011127,0,0,0
64 x 2047 B,7,21,2009608,9840327,20571588,2010107,0,0,0
64 x 2047 B,8,21,2009735,9841396,20571588,2010233,0,0,0
64 x 2047 B,9,21,2010985,9843219,20571588,2011476,0,0,0
64 x 2047 B,10,21,2010304,9840126,20571588,2010807,0,0,0
64 x 2047 B,11,21,2010621,9840698,20571588,2011181,0,0,0
64 x 2047 B,12,21,2010002,9841410,20571588,2010498,0,0,0
64 x 2047 B,13,21,2010056,9840624,20571588,2010574,0,0,0
64 x 2047 B,14,21,2375935,9843650,20571589,2376433,0,0,0
64 x 2047 B,15,21,2009647,9839631,20571588,2010156,0,0,0
64 x 2047 B,16,21,2018130,9840902,20571588,2018628,0,0,0
64 x 2047 B,17,21,2010691,9843240,20571588,2011268,0,0,0
64 x 2047 B,18,21,2010601,9841879,20571588,2011098,0,0,0
64 x 2047 B,19,21,2010120,9842516,20571588,2010631,0,0,0
64 x 2047 B,20,21,2010129,9843074,20571588,2010623,0,0,0
64 x 2047 B,21,21,2010451,9840977,20571588,2010946,0,0,0
64 x 2047 B,22,21,2010148,9840498,20571588,2010643,0,0,0
64 x 2047 B,23,21,2010312,9840523,20571588,2010833,0,0,0
64 x 2047 B,24,21,2009682,9840072,20571588,2010193,0,0,0
64 x 2047 B,25,21,2009460,9837309,20571588,2009957,0,0,0
64 x 2047 B,26,21,2010636,9842960,20571588,2011140,0,0,0
64 x 2047 B,27,21,2010755,9840746,20571588,2011262,0,0,0
64 x 2047 B,28,21,2028229,9839026,20571588,2011201,0,0,0
64 x 2047 B,29,21,2010211,9840877,20571588,2010713,0,0,0
64 x 2047 B,30,21,2010621,9842715,20571588,2011160,0,0,0
64 x 2047 B,31,21,2009683,9840311,20571588,2010179,0,0,0
128 x 2047 B,0,11,2105097,10304978,21549784,2105673,0,0,0
128 x 2047 B,1,11,2105326,10306979,21549784,2105823,0,0,0
128 x 2047 B,2,11,2105270,10308250,21549784,2105817,0,0,0
128 x 2047 B,3,11,2106374,10313766,21549784,2107000,0,0,0
128 x 2047 B,4,11,2109803,10313840,21549785,2110355,0,0,0
128 x 2047 B,5,11,2134877,10433799,21549784,2135569,0,0,0
128 x 2047 B,6,11,2107314,10313175,21549784,2108052,0,0,0
128 x 2047 B,7,11,2107446,10312482,21549784,2108987,0,0,0
128 x 2047 B,8,11,2105946,10307363,21549784,2106692,0,0,0
128 x 2047 B,9,11,2113715,10304603,21549784,2108835,0,0,0
128 x 2047 B,10,11,2105410,10307111,21549784,2105918,0,0,0
128 x 2047 B,11,11,2105658,10308423,21549784,2106156,0,0,0
128 x 2047 B,12,11,2104882,10307799,21549784,2105379,0,0,0
128 x 2047 B,13,11,2110229,10307867,21549785,2110736,0,0,0
128 x 2047 B,14,11,2104667,10304183,21549784,2105162,0,0,0
128 x 2047 B,15,11,2104587,10306185,21549784,2105086,0,0,0
128 x 2047 B,16,11,2106200,10310959,21549784,2106790,0,0,0
128 x 2047 B,17,11,2105372,10306324,21549784,2105877,0,0,0
128 x 2047 B,18,11,2106300,10306995,21549784,2106802,0,0,0
128 x 2047 B,19,11,2105077,10308107,21549784,2105582,0,0,0
128 x 2047 B,20,11,2105395,10307071,21549784,2105892,0,0,0
128 x 2047 B,21,11,2469872,10308160,21549785,2470378,0,0,0
128 x 2047 B,22,11,2104989,10305881,21549784,2105499,0,0,0
128 x 2047 B,23,11,2105199,10309476,21549784,2105698,0,0,0
128 x 2047 B,24,11,2106008,10309191,21549784,2106508,0,0,0
128 x 2047 B,25,11,2104687,10306533,21549784,2105186,0,0,0
128 x 2047 B,26,11,2105303,10307238,21549784,2105804,0,0,0
128 x 2047 B,27,11,2104543,10306277,21549784,2105042,0,0,0
128 x 2047 B,28,11,2106793,10308285,21549785,2107295,0,0,0
128 x 2047 B,29,11,2105665,10307943,21549784,2106162,0,0,0
128 x 2047 B,30,11,2104462,10305274,21549784,2104962,0,0,0
128 x 2047 B,31,11,2104699,10306097,21549784,2105194,0,0,0
129 x 2047 B,0,11,2121845,10388146,21718128,2122415,0,0,0
129 x 2047 B,1,11,2120706,10384210,21718128,2121206,0,0,0
129 x 2047 B,2,11,2121096,10387249,21718128,2121606,0,0,0
129 x 2047 B,3,11,2123891,10389798,21718129,2124398,0,0,0
129 x 2047 B,4,11,2121126,10384947,21718128,2121626,0,0,0
129 x 2047 B,5,11,2121271,10387798,21718128,2121795,0,0,0
129 x 2047 B,6,11,2121730,10386869,21718128,2122226,0,0,0
129 x 2047 B,7,11,2121571,10387289,21718128,2122065,0,0,0
129 x 2047 B,8,11,2121969,10389090,21718128,2122681,0,0,0
129 x 2047 B,9,11,2121934,10389648,21718128,2122577,0,0,0
129 x 2047 B,10,11,2123094,10391539,21718128,2123807,0,0,0
129 x 2047 B,11,11,2124983,10392487,21718129,2125779,0,0,0
129 x 2047 B,12,11,2127268,10402621,21718128,2128282,0,0,0
129 x 2047 B,13,11,2128743,10386643,21718128,2126774,0,0,0
129 x 2047 B,14,11,2128891,10384195,21718128,2123971,0,0,0
129 x 2047 B,15,11,2122031,10388045,21718128,2122532,0,0,0
129 x 2047 B,16,11,2122163,10385870,21718128,2122667,0,0,0
129 x 2047 B,17,11,2122353,10386506,21718128,2122848,0,0,0
129 x 2047 B,18,11,2122020,10388006,21718128,2122523,0,0,0
129 x 2047 B,19,11,2123264,10390835,21718129,2123756,0,0,0
129 x 2047 B,20,11,2122234,10386280,21718128,2122734,0,0,0
129 x 2047 B,21,11,2121371,10387024,21718128,2121867,0,0,0
129 x 2047 B,22,11,2131410,10387750,21718128,2124509,0,0,0
129 x 2047 B,23,11,2121634,10387700,21718128,2122137,0,0,0
129 x 2047 B,24,11,2121798,10385034,21718128,2122297,0,0,0
129 x 2047 B,25,11,2121629,10389372,21718128,2122144,0,0,0
129 x 2047 B,26,11,2120946,10386355,21718128,2121456,0,0,0
129 x 2047 B,27,11,2122876,10387415,21718129,2123379,0,0,0
129 x 2047 B,28,11,2126268,10384722,21718128,2124060,0,0,0
129 x 2047 B,29,11,2120673,10385268,21718128,2121181,0,0,0
129 x 2047 B,30,11,2120801,10385073,21718128,2121304,0,0,0
129 x 2047 B,31,11,2121444,10385925,21718128,2121968,0,0,0
1024 x 2047 B,0,2,3065254,14999796,31343211,3066208,0,0,0
1024 x 2047 B,1,2,3065738,15001916,31343211,3066621,0,0,0
1024 x 2047 B,2,2,3063896,14995555,31343211,3064634,0,0,0
1024 x 2047 B,3,2,3064564,14993849,31343211,3065290,0,0,0
1024 x 2047 B,4,2,3064010,14995914,31343211,3064793,0,0,0
1024 x 2047 B,5,2,3064889,15000287,31343211,3065635,0,0,0
1024 x 2047 B,6,2,3064848,14995389,31343211,3065646,0,0,0
1024 x 2047 B,7,2,3064858,14997896,31343211,3065625,0,0,0
1024 x 2047 B,8,2,3068564,15009565,31343211,3069503,0,0,0
1024 x 2047 B,9,2,3066828,15005042,31343211,3067872,0,0,0
1024 x 2047 B,10,2,3071184,15015972,31343211,3072207,0,0,0
1024 x 2047 B,11,2,3080587,15054022,31343211,3081626,0,0,0
1024 x 2047 B,12,2,3086215,14993004,31343212,3076732,0,0,0
1024 x 2047 B,13,2,3063368,14985827,31343211,3064054,0,0,0
1024 x 2047 B,14,2,3065539,14995285,31343211,3066178,0,0,0
1024 x 2047 B,15,2,3063727,14994363,31343211,3064362,0,0,0
1024 x 2047 B,16,2,3434853,14990405,31343211,3435486,0,0,0
1024 x 2047 B,17,2,3063519,14992777,31343211,3064201,0,0,0
1024 x 2047 B,18,2,3062066,14989485,31343211,3062722,0,0,0
1024 x 2047 B,19,2,3063449,14995056,31343211,3064140,0,0,0
1024 x 2047 B,20,2,3064327,14996473,31343211,3065003,0,0,0
1024 x 2047 B,21,2,3064134,14994779,31343211,3064808,0,0,0
1024 x 2047 B,22,2,3063696,14994117,31343211,3064527,0,0,0
1024 x 2047 B,23,2,3062590,14990813,31343211,3063232,0,0,0
1024 x 2047 B,24,2,3063928,14993805,31343211,3064556,0,0,0
1024 x 2047 B,25,2,3063737,14993921,31343211,3064365,0,0,0
1024 x 2047 B,26,2,3061725,14988607,31343211,3062363,0,0,0
1024 x 2047 B,27,2,3063719,14994722,31343211,3064398,0,0,0
1024 x 2047 B,28,2,3064180,14995378,31343211,3064862,0,0,0
1024 x 2047 B,29,2,3063283,14992714,31343211,3063954,0,0,0
1024 x 2047 B,30,2,3063383,14993147,31343211,3064072,0,0,0
1024 x 2047 B,31,2,3063818,14992916,31343211,3064456,0,0,0
1 x 2049 B,0,2253,1989421,9738613,20171475,1989971,0,0,0
1 x 2049 B,1,2253,1987958,9669127,20171476,1981537,0,0,0
1 x 2049 B,2,2253,1987131,9727834,20171475,1987761,0,0,0
1 x 2049 B,3,2253,1972277,9652928,20171475,1972789,0,0,0
1 x 2049 B,4,2253,1990330,9685710,20171475,1990984,0,0,0
1 x 2049 B,5,2253,1980203,9687284,20171475,1981380,0,0,0
1 x 2049 B,6,2253,1996905,9743816,20171475,1998378,0,0,0
1 x 2049 B,7,2253,2008668,9778999,20171475,2006981,0,0,0
1 x 2049 B,8,2253,1987968,9676555,20171475,1981472,0,0,0
1 x 2049 B,9,2253,1975553,9671478,20171475,1976056,0,0,0
1 x 2049 B,10,2253,1962608,9610671,20171475,1963102,0,0,0
1 x 2049 B,11,2253,1972401,9658458,20171475,1972891,0,0,0
1 x 2049 B,12,2253,1980504,9685869,20171475,1981007,0,0,0
1 x 2049 B,13,2253,1966619,9626400,20171475,1967135,0,0,0
1 x 2049 B,14,2253,1970211,9645252,20171475,1970691,0,0,0
1 x 2049 B,15,2253,1983325,9711423,20171475,1983825,0,0,0
1 x 2049 B,16,2253,1985878,9720986,20171475,1986400,0,0,0
1 x 2049 B,17,2253,2345401,9700987,20171475,2345904,0,0,0
1 x 2049 B,18,2253,1964170,9618667,20171475,1964645,0,0,0
1 x 2049 B,19,2253,1972793,9660977,20171475,1973290,0,0,0
1 x 2049 B,20,2253,1965246,9623273,20171475,1965740,0,0,0
1 x 2049 B,21,2253,1965331,9619819,20171475,1965819,0,0,0
1 x 2049 B,22,2253,1986054,9725592,20171475,1986556,0,0,0
1 x 2049 B,23,2253,1976878,9677031,20171475,1977380,0,0,0
1 x 2049 B,24,2253,1973981,9665498,20171475,1974479,0,0,0
1 x 2049 B,25,2253,1988811,9736172,20171475,1989301,0,0,0
1 x 2049 B,26,2253,1989881,9741014,20171475,1990380,0,0,0
1 x 2049 B,27,2253,1969846,9643158,20171475,1970339,0,0,0
1 x 2049 B,28,2253,1988497,9737440,20171475,1989000,0,0,0
1 x 2049 B,29,2253,1978436,9686097,20171475,1978934,0,0,0
1 x 2049 B,30,2253,1977675,9684551,20171475,1978156,0,0,0
1 x 2049 B,31,2253,1977108,9682588,20171475,1977637,0,0,0
3 x 2049 B,0,768,2006632,9803900,20434542,2007152,0,0,0
3 x 2049 B,1,768,1995594,9772566,20434542,1996080,0,0,0
3 x 2049 B,2,768,1999454,9791530,20434542,1999961,0,0,0
3 x 2049 B,3,768,1995664,9772010,20434542,1996176,0,0,0
3 x 2049 B,4,768,1994447,9766306,20434542,1994947,0,0,0
3 x 2049 B,5,768,1995346,9744591,20434542,1995855,0,0,0
3 x 2049 B,6,768,1992281,9756032,20434542,1992770,0,0,0
3 x 2049 B,7,768,2003070,9808026,20434542,2003559,0,0,0
3 x 2049 B,8,768,2000676,9794224,20434542,2001177,0,0,0
3 x 2049 B,9,768,1996676,9773213,20434542,1997401,0,0,0
3 x 2049 B,10,768,1998706,9781626,20434542,1999277,0,0,0
3 x 2049 B,11,768,1994404,9757014,20434542,1995105,0,0,0
3 x 2049 B,12,768,1997259,9767951,20434542,1998036,0,0,0
3 x 2049 B,13,768,1999637,9784455,20434542,2000442,0,0,0
3 x 2049 B,14,768,1994729,9750444,20434542,1995399,0,0,0
3 x 2049 B,15,768,2002989,9747753,20434542,1996603,0,0,0
3 x 2049 B,16,768,1994442,9762199,20434542,1995003,0,0,0
3 x 2049 B,17,768,1996580,9776315,20434542,1997081,0,0,0
3 x 2049 B,18,768,2004205,9808659,20434542,2004712,0,0,0
3 x 2049 B,19,768,1989334,9741509,20434542,1989829,0,0,0
3 x 2049 B,20,768,1996077,9774614,20434542,1996581,0,0,0
3 x 2049 B,21,768,2001948,9793257,20434542,2002479,0,0,0
3 x 2049 B,22,768,1992817,9751622,20434542,1993322,0,0,0
3 x 2049 B,23,768,1999732,9787856,20434542,2000239,0,0,0
3 x 2049 B,24,768,1998275,9781888,20434542,1998769,0,0,0
3 x 2049 B,25,768,1996641,9776741,20434542,1997134,0,0,0
3 x 2049 B,26,768,2362586,9775085,20434542,2363115,0,0,0
3 x 2049 B,27,768,1998909,9787923,20434542,1999402,0,0,0
3 x 2049 B,28,768,1995467,9771031,20434542,1995960,0,0,0
3 x 2049 B,29,768,1990080,9744868,20434542,1990581,0,0,0
3 x 2049 B,30,768,1994803,9762201,20434542,1995346,0,0,0
3 x 2049 B,31,768,1995633,9772040,20434542,1996130,0,0,0
4 x 2049 B,0,578,1995046,9769265,20481218,1995675,0,0,0
4 x 2049 B,1,578,1999777,9785314,20481218,2000272,0,0,0
4 x 2049 B,2,578,1998500,9785542,20481218,1999040,0,0,0
4 x 2049 B,3,578,1999120,9788988,20481218,1999654,0,0,0
4 x 2049 B,4,578,1999817,9789563,20481218,2000313,0,0,0
4 x 2049 B,5,578,2000151,9791946,20481218,2000660,0,0,0
4 x 2049 B,6,578,1995955,9773413,20481218,1996456,0,0,0
4 x 2049 B,7,578,2001928,9801642,20481218,2002434,0,0,0
4 x 2049 B,8,578,1998535,9783981,20481218,1999052,0,0,0
4 x 2049 B,9,578,1996780,9775020,20481218,1997281,0,0,0
4 x 2049 B,10,578,1995182,9769815,20481218,1995675,0,0,0
4 x 2049 B,11,578,1996397,9776029,20481218,1996904,0,0,0
4 x 2049 B,12,578,1995707,9768914,20481218,1996198,0,0,0
4 x 2049 B,13,578,2000124,9791322,20481218,2000622,0,0,0
4 x 2049 B,14,578,1998858,9787903,20481218,1999348,0,0,0
4 x 2049 B,15,578,1996269,9774619,20481218,1996759,0,0,0
4 x 2049 B,16,578,1999376,9787845,20481218,1999994,0,0,0
4 x 2049 B,17,578,2001532,9779477,20481218,2002068,0,0,0
4 x 2049 B,18,578,2002637,9803087,20481218,2003391,0,0,0
4 x 2049 B,19,578,1998224,9776935,20481218,1998874,0,0,0
4 x 2049 B,20,578,2000460,9787777,20481218,2001165,0,0,0
4 x 2049 B,21,578,2004069,9791281,20481218,2004775,0,0,0
4 x 2049 B,22,578,1999430,9786928,20481218,1999979,0,0,0
4 x 2049 B,23,578,2012657,9802154,20481218,2007420,0,0,0
4 x 2049 B,24,578,2004052,9810285,20481218,2004543,0,0,0
4 x 2049 B,25,578,1994697,9767718,20481218,1995198,0,0,0
4 x 2049 B,26,578,1995217,9770075,20481218,1995707,0,0,0
4 x 2049 B,27,578,1999026,9786019,20481218,1999532,0,0,0
4 x 2049 B,28,578,1993939,9764398,20481218,1994427,0,0,0
4 x 2049 B,29,578,1999015,9788296,20481218,1999541,0,0,0
4 x 2049 B,30,578,2000921,9795975,20481218,2001408,0,0,0
4 x 2049 B,31,578,1993985,9757334,20481218,1994482,0,0,0
6 x 2049 B,0,386,1995760,9771652,20492334,1996291,0,0,0
6 x 2049 B,1,386,2365507,9797101,20492335,2365995,0,0,0
6 x 2049 B,2,386,1994558,9763816,20492334,1995050,0,0,0
6 x 2049 B,3,386,1997375,9778660,20492334,1997874,0,0,0
6 x 2049 B,4,386,1998277,9785635,20492334,1998773,0,0,0
6 x 2049 B,5,386,1998169,9784902,20492334,1998667,0,0,0
6 x 2049 B,6,386,2000512,9793481,20492334,2001006,0,0,0
6 x 2049 B,7,386,1998704,9785492,20492334,1999196,0,0,0
6 x 2049 B,8,386,1998210,9784834,20492334,1998752,0,0,0
6 x 2049 B,9,386,1998519,9786381,20492334,1999055,0,0,0
6 x 2049 B,10,386,1998522,9784304,20492334,1999018,0,0,0
6 x 2049 B,11,386,1994982,9770192,20492334,1995477,0,0,0
6 x 2049 B,12,386,1996762,9776750,20492334,1997262,0,0,0
6 x 2049 B,13,386,1995253,9770244,20492334,1995756,0,0,0
6 x 2049 B,14,386,1996763,9777808,20492334,1997271,0,0,0
6 x 2049 B,15,386,2001815,9799335,20492334,2002350,0,0,0
6 x 2049 B,16,386,1995910,9772977,20492334,1996405,0,0,0
6 x 2049 B,17,386,1998273,9784749,20492334,1998772,0,0,0
6 x 2049 B,18,386,1997375,9781107,20492334,1997873,0,0,0
6 x 2049 B,19,386,1997496,9777453,20492334,1997996,0,0,0
6 x 2049 B,20,386,1999937,9792706,20492334,2000436,0,0,0
6 x 2049 B,21,386,1996531,9769689,20492334,1997037,0,0,0
6 x 2049 B,22,386,1997993,9782264,20492334,1998502,0,0,0
6 x 2049 B,23,386,2001907,9799055,20492334,2002601,0,0,0
6 x 2049 B,24,386,1997306,9776897,20492334,1997811,0,0,0
6 x 2049 B,25,386,2004577,9804512,20492334,2005197,0,0,0
6 x 2049 B,26,386,1996186,9769283,20492334,1996872,0,0,0
6 x 2049 B,27,386,2001090,9793202,20492334,2001674,0,0,0
6 x 2049 B,28,386,2012078,9791809,20492334,2008345,0,0,0
6 x 2049 B,29,386,2014706,9789649,20492334,2005266,0,0,0
6 x 2049 B,30,386,2005078,9811965,20492334,2005579,0,0,0
6 x 2049 B,31,386,1998889,9784248,20492334,1999408,0,0,0
8 x 2049 B,0,290,2001834,9802535,20515546,2002398,0,0,0
8 x 2049 B,1,290,2369365,9786074,20515546,2369860,0,0,0
8 x 2049 B,2,290,1999004,9790014,20515546,1999503,0,0,0
8 x 2049 B,3,290,1997481,9781067,20515546,1997970,0,0,0
8 x 2049 B,4,290,2000718,9796440,20515546,2001219,0,0,0
8 x 2049 B,5,290,2008120,9827851,20515546,2008633,0,0,0
8 x 2049 B,6,290,2002772,9804460,20515546,2003280,0,0,0
8 x 2049 B,7,290,1999350,9789899,20515546,1999854,0,0,0
8 x 2049 B,8,290,1996690,9776901,20515546,1997200,0,0,0
8 x 2049 B,9,290,1998783,9784683,20515546,1999290,0,0,0
8 x 2049 B,10,290,2002247,9800925,20515546,2002750,0,0,0
8 x 2049 B,11,290,2001427,9800320,20515546,2001947,0,0,0
8 x 2049 B,12,290,1998981,9788777,20515546,1999486,0,0,0
8 x 2049 B,13,290,1998332,9781701,20515546,1998827,0,0,0
8 x 2049 B,14,290,2003342,9807157,20515546,2003888,0,0,0
8 x 2049 B,15,290,2001245,9799680,20515546,2001749,0,0,0
8 x 2049 B,16,290,1999537,9790563,20515546,2000043,0,0,0
8 x 2049 B,17,290,1999432,9785891,20515546,1999926,0,0,0
8 x 2049 B,18,290,1998028,9785260,20515546,1998530,0,0,0
8 x 2049 B,19,290,2000256,9791006,20515546,2000750,0,0,0
8 x 2049 B,20,290,2001689,9801515,20515546,2002191,0,0,0
8 x 2049 B,21,290,2001723,9802156,20515546,2002218,0,0,0
8 x 2049 B,22,290,2000068,9790035,20515546,2000602,0,0,0
8 x 2049 B,23,290,1998640,9786645,20515546,1999126,0,0,0
8 x 2049 B,24,290,1999104,9789148,20515546,1999603,0,0,0
8 x 2049 B,25,290,1998996,9788258,20515546,1999498,0,0,0
8 x 2049 B,26,290,1999625,9788130,20515546,2000126,0,0,0
8 x 2049 B,27,290,2005912,9820385,20515546,2006403,0,0,0
8 x 2049 B,28,290,2000272,9791722,20515546,2000785,0,0,0
8 x 2049 B,29,290,2002223,9802726,20515546,2002731,0,0,0
8 x 2049 B,30,290,2010458,9840107,20515546,2011163,0,0,0
8 x 2049 B,31,290,2002718,9805329,20515546,2003225,0,0,0
12 x 2049 B,0,193,2000559,9790876,20468016,2001940,0,0,0
12 x 2049 B,1,193,2000869,9791420,20468016,2001778,0,0,0
12 x 2049 B,2,193,2006400,9786408,20468016,2005014,0,0,0
12 x 2049 B,3,193,2009134,9792442,20468016,2004903,0,0,0
12 x 2049 B,4,193,1998974,9781759,20468016,1999493,0,0,0
12 x 2049 B,5,193,1995427,9771458,20468016,1996262,0,0,0
12 x 2049 B,6,193,2007697,9828842,20468016,2008194,0,0,0
12 x 2049 B,7,193,1996825,9774483,20468016,1997352,0,0,0
12 x 2049 B,8,193,2000920,9794172,20468016,2001445,0,0,0
12 x 2049 B,9,193,1999357,9784070,20468016,1999885,0,0,0
12 x 2049 B,10,193,2379166,9779368,20468017,2379739,0,0,0
12 x 2049 B,11,193,1997209,9777969,20468016,1997754,0,0,0
12 x 2049 B,12,193,1997283,9773894,20468016,1997872,0,0,0
12 x 2049 B,13,193,2001323,9793701,20468016,2001815,0,0,0
12 x 2049 B,14,193,1995792,9768899,20468016,1996296,0,0,0
12 x 2049 B,15,193,1994624,9765964,20468016,1995129,0,0,0
12 x 2049 B,16,193,1997068,9775832,20468016,1997589,0,0,0
12 x 2049 B,17,193,2005090,9807078,20468016,2005584,0,0,0
12 x 2049 B,18,193,1996481,9775610,20468016,1996973,0,0,0
12 x 2049 B,19,193,1997829,9782868,20468016,1998317,0,0,0
12 x 2049 B,20,193,1996351,9775077,20468016,1996839,0,0,0
12 x 2049 B,21,193,1995816,9767073,20468016,1996315,0,0,0
12 x 2049 B,22,193,1998035,9783495,20468016,1998523,0,0,0
12 x 2049 B,23,193,1995849,9772958,20468016,1996352,0,0,0
12 x 2049 B,24,193,1996051,9773974,20468016,1996544,0,0,0
12 x 2049 B,25,193,2003195,9803509,20468016,2003744,0,0,0
12 x 2049 B,26,193,1995740,9772538,20468016,1996241,0,0,0
12 x 2049 B,27,193,2058950,9779727,20468016,1999946,0,0,0
12 x 2049 B,28,193,1999782,9792357,20468016,2000285,0,0,0
12 x 2049 B,29,193,1999012,9783487,20468016,1999527,0,0,0
12 x 2049 B,30,193,1997248,9779672,20468016,1997764,0,0,0
12 x 2049 B,31,193,1996693,9777187,20468016,1997237,0,0,0
16 x 2049 B,0,145,2001699,9796711,20497276,2002232,0,0,0
16 x 2049 B,1,145,1999841,9792134,20497276,2000336,0,0,0
16 x 2049 B,2,145,1997148,9778058,20497276,1997707,0,0,0
16 x 2049 B,3,145,1997997,9780829,20497276,1998563,0,0,0
16 x 2049 B,4,145,1999365,9783307,20497276,1999905,0,0,0
16 x 2049 B,5,145,2015383,9840968,20497276,2015999,0,0,0
16 x 2049 B,6,145,2005120,9807730,20497276,2005724,0,0,0
16 x 2049 B,7,145,1999627,9786503,20497276,2000284,0,0,0
16 x 2049 B,8,145,2006764,9805871,20497276,2007614,0,0,0
16 x 2049 B,9,145,2005548,9787215,20497276,2004027,0,0,0
16 x 2049 B,10,145,2008388,9793839,20497276,2003941,0,0,0
16 x 2049 B,11,145,2001952,9800653,20497276,2002474,0,0,0
16 x 2049 B,12,145,1998578,9780885,20497276,1999126,0,0,0
16 x 2049 B,13,145,2004161,9813071,20497276,2004772,0,0,0
16 x 2049 B,14,145,2000770,9794514,20497276,2001306,0,0,0
16 x 2049 B,15,145,2000333,9791418,20497276,2000846,0,0,0
16 x 2049 B,16,145,2003859,9803059,20497276,2004399,0,0,0
16 x 2049 B,17,145,2001032,9798548,20497276,2001531,0,0,0
16 x 2049 B,18,145,2365452,9798504,20497276,2365944,0,0,0
16 x 2049 B,19,145,2000774,9797048,20497276,2001278,0,0,0
16 x 2049 B,20,145,1999943,9787989,20497276,2000445,0,0,0
16 x 2049 B,21,145,1999345,9789122,20497276,1999838,0,0,0
16 x 2049 B,22,145,2004106,9813563,20497276,2004634,0,0,0
16 x 2049 B,23,145,1998529,9785879,20497276,1999032,0,0,0
16 x 2049 B,24,145,2000098,9787374,20497276,2000592,0,0,0
16 x 2049 B,25,145,1996743,9777344,20497276,1997233,0,0,0
16 x 2049 B,26,145,2008531,9799027,20497276,2003476,0,0,0
16 x 2049 B,27,145,2000007,9791599,20497276,2000507,0,0,0
16 x 2049 B,28,145,2001139,9793942,20497276,2001637,0,0,0
16 x 2049 B,29,145,2000379,9795208,20497276,2000874,0,0,0
16 x 2049 B,30,145,1997852,9782872,20497276,1998356,0,0,0
16 x 2049 B,31,145,1998377,9785634,20497276,1998879,0,0,0
24 x 2049 B,0,97,2008462,9834608,20561844,2009031,0,0,0
24 x 2049 B,1,97,2011932,9852290,20561844,2012440,0,0,0
24 x 2049 B,2,97,2004827,9816932,20561844,2005325,0,0,0
24 x 2049 B,3,97,2004260,9808864,20561844,2004766,0,0,0
24 x 2049 B,4,97,2005127,9818693,20561844,2005627,0,0,0
24 x 2049 B,5,97,2010994,9847096,20561844,2011486,0,0,0
24 x 2049 B,6,97,2005293,9819076,20561844,2005792,0,0,0
24 x 2049 B,7,97,2004430,9808834,20561844,2004936,0,0,0
24 x 2049 B,8,97,2003416,9810018,20561844,2003908,0,0,0
24 x 2049 B,9,97,2006804,9824636,20561844,2007293,0,0,0
24 x 2049 B,10,97,2004660,9814734,20561844,2005290,0,0,0
24 x 2049 B,11,97,2005858,9814837,20561844,2006419,0,0,0
24 x 2049 B,12,97,2005459,9815851,20561844,2006214,0,0,0
24 x 2049 B,13,97,2006811,9822498,20561844,2007649,0,0,0
24 x 2049 B,14,97,2007489,9817757,20561844,2008457,0,0,0
24 x 2049 B,15,97,2018070,9836413,20561844,2016521,0,0,0
24 x 2049 B,16,97,2019967,9829294,20561844,2014339,0,0,0
24 x 2049 B,17,97,2003088,9805866,20561844,2003687,0,0,0
24 x 2049 B,18,97,2005305,9816453,20561844,2005983,0,0,0
24 x 2049 B,19,97,2006472,9820675,20561844,2006964,0,0,0
24 x 2049 B,20,97,2005267,9815583,20561844,2005792,0,0,0
24 x 2049 B,21,97,2003712,9807268,20561844,2004209,0,0,0
24 x 2049 B,22,97,2004415,9813421,20561844,2004901,0,0,0
24 x 2049 B,23,97,2005111,9811711,20561844,2005839,0,0,0
24 x 2049 B,24,97,2008019,9824626,20561844,2008712,0,0,0
24 x 2049 B,25,97,2018365,9832062,20561844,2013187,0,0,0
24 x 2049 B,26,97,2003735,9811007,20561844,2004238,0,0,0
24 x 2049 B,27,97,2008305,9830612,20561844,2008818,0,0,0
24 x 2049 B,28,97,2005076,9818075,20561844,2005890,0,0,0
24 x 2049 B,29,97,2008968,9822780,20561844,2009693,0,0,0
24 x 2049 B,30,97,2009199,9810422,20561844,2007747,0,0,0
24 x 2049 B,31,97,2011291,9805737,20561844,2006976,0,0,0
64 x 2049 B,0,37,2039578,9979033,20907365,2040118,0,0,0
64 x 2049 B,1,37,2036163,9970146,20907364,2036669,0,0,0
64 x 2049 B,2,37,2410861,9981916,20907364,2411355,0,0,0
64 x 2049 B,3,37,2036556,9970418,20907364,2037052,0,0,0
64 x 2049 B,4,37,2035277,9965873,20907364,2035780,0,0,0
64 x 2049 B,5,37,2039310,9981955,20907364,2039815,0,0,0
64 x 2049 B,6,37,2037560,9974400,20907364,2038081,0,0,0
64 x 2049 B,7,37,2040619,9989707,20907364,2041125,0,0,0
64 x 2049 B,8,37,2042368,10001225,20907364,2042875,0,0,0
64 x 2049 B,9,37,2038820,9984079,20907364,2039317,0,0,0
64 x 2049 B,10,37,2038753,9979760,20907364,2039275,0,0,0
64 x 2049 B,11,37,2039838,9986144,20907364,2040358,0,0,0
64 x 2049 B,12,37,2037153,9972409,20907364,2037653,0,0,0
64 x 2049 B,13,37,2035332,9966696,20907364,2035824,0,0,0
64 x 2049 B,14,37,2038875,9981498,20907364,2039370,0,0,0
64 x 2049 B,15,37,2038456,9978373,20907364,2038956,0,0,0
64 x 2049 B,16,37,2037880,9971629,20907365,2038376,0,0,0
64 x 2049 B,17,37,2037942,9977158,20907364,2038695,0,0,0
64 x 2049 B,18,37,2038846,9977233,20907364,2039360,0,0,0
64 x 2049 B,19,37,2044882,10004715,20907364,2045609,0,0,0
64 x 2049 B,20,37,2043521,9999968,20907364,2044204,0,0,0
64 x 2049 B,21,37,2046866,9991235,20907364,2047870,0,0,0
64 x 2049 B,22,37,2038311,9978704,20907364,2038958,0,0,0
64 x 2049 B,23,37,2052884,9976828,20907364,2044812,0,0,0
64 x 2049 B,24,37,2043373,10005260,20907364,2043933,0,0,0
64 x 2049 B,25,37,2039389,9981101,20907364,2039893,0,0,0
64 x 2049 B,26,37,2328213,9989222,20907364,2328724,0,0,0
64 x 2049 B,27,37,2038444,9981958,20907364,2038938,0,0,0
64 x 2049 B,28,37,2035552,9967279,20907364,2036042,0,0,0
64 x 2049 B,29,37,2036467,9967494,20907364,2037021,0,0,0
64 x 2049 B,30,37,2035769,9966723,20907364,2036273,0,0,0
64 x 2049 B,31,37,2038755,9981826,20907364,2039253,0,0,0
128 x 2049 B,0,19,2090534,10233189,21470024,2091090,0,0,0
128 x 2049 B,1,19,2454635,10240706,21470024,2455143,0,0,0
128 x 2049 B,2,19,2093070,10249808,21470024,2093570,0,0,0
128 x 2049 B,3,19,2096164,10260992,21470024,2096667,0,0,0
128 x 2049 B,4,19,2094410,10248964,21470025,2094912,0,0,0
128 x 2049 B,5,19,2090659,10237742,21470024,2091157,0,0,0
128 x 2049 B,6,19,2091013,10239376,21470024,2091515,0,0,0
128 x 2049 B,7,19,2092818,10243272,21470024,2093314,0,0,0
128 x 2049 B,8,19,2089854,10233842,21470024,2090354,0,0,0
128 x 2049 B,9,19,2091163,10237428,21470024,2091672,0,0,0
128 x 2049 B,10,19,2092648,10247415,21470024,2093155,0,0,0
128 x 2049 B,11,19,2095104,10254757,21470024,2095606,0,0,0
128 x 2049 B,12,19,2091736,10241750,21470024,2092239,0,0,0
128 x 2049 B,13,19,2091362,10241139,21470024,2091861,0,0,0
128 x 2049 B,14,19,2090199,10235717,21470024,2090694,0,0,0
128 x 2049 B,15,19,2092354,10236227,21470025,2092851,0,0,0
128 x 2049 B,16,19,2090761,10238127,21470024,2091270,0,0,0
128 x 2049 B,17,19,2094334,10255569,21470024,2094830,0,0,0
128 x 2049 B,18,19,2133359,10406969,21470024,2133851,0,0,0
128 x 2049 B,19,19,2091511,10238455,21470024,2092008,0,0,0
128 x 2049 B,20,19,2116158,10272925,21470024,2107555,0,0,0
128 x 2049 B,21,19,2147946,10313957,21470024,2148505,0,0,0
128 x 2049 B,22,19,2110890,10251048,21470024,2106597,0,0,0
128 x 2049 B,23,19,2096954,10246210,21470024,2097479,0,0,0
128 x 2049 B,24,19,2096711,10252782,21470025,2097432,0,0,0
128 x 2049 B,25,19,2468516,10253028,21470024,2469236,0,0,0
128 x 2049 B,26,19,2102578,10265457,21470024,2103398,0,0,0
128 x 2049 B,27,19,2105470,10247565,21470024,2101589,0,0,0
128 x 2049 B,28,19,2097774,10252058,21470024,2098299,0,0,0
128 x 2049 B,29,19,2092484,10243592,21470024,2092977,0,0,0
128 x 2049 B,30,19,2095841,10246081,21470025,2096376,0,0,0
128 x 2049 B,31,19,2097091,10269279,21470024,2097613,0,0,0
129 x 2049 B,0,19,2476939,10321099,21637737,2477476,0,0,0
129 x 2049 B,1,19,2112442,10338950,21637737,2112941,0,0,0
129 x 2049 B,2,19,2112362,10335839,21637738,2112881,0,0,0
129 x 2049 B,3,19,2113551,10349577,21637737,2114054,0,0,0
129 x 2049 B,4,19,2105563,10312080,21637737,2106067,0,0,0
129 x 2049 B,5,19,2110221,10330133,21637737,2110743,0,0,0
129 x 2049 B,6,19,2108488,10324428,21637737,2108988,0,0,0
129 x 2049 B,7,19,2110917,10337089,21637737,2111413,0,0,0
129 x 2049 B,8,19,2109075,10328304,21637737,2109573,0,0,0
129 x 2049 B,9,19,2106886,10317469,21637737,2107385,0,0,0
129 x 2049 B,10,19,2112607,10341230,21637737,2113106,0,0,0
129 x 2049 B,11,19,2114480,10346216,21637738,2114990,0,0,0
129 x 2049 B,12,19,2107178,10318907,21637737,2107675,0,0,0
129 x 2049 B,13,19,2113749,10351699,21637737,2114235,0,0,0
129 x 2049 B,14,19,2109687,10331678,21637737,2110212,0,0,0
129 x 2049 B,15,19,2109922,10330142,21637737,2110415,0,0,0
129 x 2049 B,16,19,2107960,10323079,21637737,2108489,0,0,0
129 x 2049 B,17,19,2118086,10345835,21637737,2114650,0,0,0
129 x 2049 B,18,19,2108901,10327060,21637737,2109418,0,0,0
129 x 2049 B,19,19,2107489,10321320,21637737,2107994,0,0,0
129 x 2049 B,20,19,2111051,10333157,21637738,2111545,0,0,0
129 x 2049 B,21,19,2107680,10319906,21637737,2108179,0,0,0
129 x 2049 B,22,19,2112585,10343099,21637737,2113087,0,0,0
129 x 2049 B,23,19,2106016,10314455,21637737,2106513,0,0,0
129 x 2049 B,24,19,2111622,10340392,21637737,2112125,0,0,0
129 x 2049 B,25,19,2111661,10340118,21637737,2112153,0,0,0
129 x 2049 B,26,19,2107219,10317542,21637737,2107887,0,0,0
129 x 2049 B,27,19,2112220,10341481,21637737,2112804,0,0,0
129 x 2049 B,28,19,2112665,10340870,21637737,2113787,0,0,0
129 x 2049 B,29,19,2112655,10333907,21637738,2113391,0,0,0
129 x 2049 B,30,19,2110994,10332162,21637737,2112142,0,0,0
129 x 2049 B,31,19,2115136,10315343,21637737,2113739,0,0,0
1024 x 2049 B,0,3,2650799,12970708,27117289,2651924,0,0,0
1024 x 2049 B,1,3,2654576,12990284,27117288,2655314,0,0,0
1024 x 2049 B,2,3,2657769,13002828,27117289,2658507,0,0,0
1024 x 2049 B,3,3,2651583,12973337,27117289,2652415,0,0,0
1024 x 2049 B,4,3,3027098,12997851,27117289,3027832,0,0,0
1024 x 2049 B,5,3,2653440,12992396,27117288,2654160,0,0,0
1024 x 2049 B,6,3,2651350,12973881,27117289,2652078,0,0,0
1024 x 2049 B,7,3,2650372,12970158,27117289,2651045,0,0,0
1024 x 2049 B,8,3,2648884,12969896,27117288,2649613,0,0,0
1024 x 2049 B,9,3,2652287,12973282,27117289,2653029,0,0,0
1024 x 2049 B,10,3,2652865,12973646,27117289,2653526,0,0,0
1024 x 2049 B,11,3,2669409,13020447,27117288,2662791,0,0,0
1024 x 2049 B,12,3,2655008,12991624,27117289,2655775,0,0,0
1024 x 2049 B,13,3,2653621,12980006,27117289,2654287,0,0,0
1024 x 2049 B,14,3,2656153,12999030,27117288,2656853,0,0,0
1024 x 2049 B,15,3,2650296,12970138,27117289,2651020,0,0,0
1024 x 2049 B,16,3,2649076,12963100,27117289,2649744,0,0,0
1024 x 2049 B,17,3,2655156,12972946,27117288,2655890,0,0,0
1024 x 2049 B,18,3,2651934,12978560,27117289,2652629,0,0,0
1024 x 2049 B,19,3,2652654,12977902,27117289,2653317,0,0,0
1024 x 2049 B,20,3,2648134,12965926,27117288,2648847,0,0,0
1024 x 2049 B,21,3,2652101,12976212,27117289,2652805,0,0,0
1024 x 2049 B,22,3,2654848,12988706,27117289,2655492,0,0,0
1024 x 2049 B,23,3,2651234,12977093,27117288,2652062,0,0,0
1024 x 2049 B,24,3,2657480,12995958,27117289,2658331,0,0,0
1024 x 2049 B,25,3,2663923,13034205,27117288,2665115,0,0,0
1024 x 2049 B,26,3,2666432,13032323,27117289,2667355,0,0,0
1024 x 2049 B,27,3,2694951,13154860,27117289,2696139,0,0,0
1024 x 2049 B,28,3,2675617,12997968,27117289,2667517,0,0,0
1024 x 2049 B,29,3,2658831,13014730,27117288,2659580,0,0,0
1024 x 2049 B,30,3,2649067,12965641,27117289,2649797,0,0,0
1024 x 2049 B,31,3,2662575,13016547,27117289,2663214,0,0,0
