round,position,contender,size_bytes,iterations,wall_ns,p_cycles,p_instructions,p_time_ns,e_cycles,e_instructions,e_time_ns,use_case,duo_ns,copy0_ns,copy0_p_cycles,copy0_p_instructions,copy0_p_time_ns,copy0_e_cycles,copy0_e_instructions,copy0_e_time_ns,copy1_ns,copy1_p_cycles,copy1_p_instructions,copy1_p_time_ns,copy1_e_cycles,copy1_e_instructions,copy1_e_time_ns,scenario
0,0,sha256,64,16004,1003166,4905997,9955638,1003987,0,0,0,ContinuousMessages,1174044,1125751,0,0,0,4224350,9957163,1127253,1174044,1087286,2188299,226678,3294644,7768818,882138,solo and shared
0,1,blake3-servil-mt,64,2048,295974,600609,940537,297741,0,0,0,ContinuousMessages,610916,610916,0,0,0,932130,1231866,528410,546275,1036202,1337135,383283,0,0,0,solo and shared
0,2,sha256,1024,2048,962114,4706474,6544510,963424,0,0,0,ContinuousMessages,969503,969503,0,0,0,3676497,6545116,970740,966255,4727381,6545340,966778,0,0,0,solo and shared
0,3,blake3-servil-mt,1024,2842,415702,1475974,1447048,387015,0,0,0,ContinuousMessages,1294700,1294700,0,0,0,1789433,1839443,1268822,939234,1758086,1928107,896659,0,0,0,solo and shared
0,4,sha256,16384,141,1009069,4832461,5988292,1010430,0,0,0,ContinuousMessages,1008807,993160,0,0,0,3735662,5989092,994555,1008807,4835890,5988944,1009438,0,0,0,solo and shared
0,5,blake3-servil-mt,16384,271,452389,1275667,323530,449881,0,0,0,ContinuousMessages,1140541,1140541,0,0,0,2280761,380633,1138727,946755,2553457,374648,944119,0,0,0,solo and shared
0,6,sha256,65536,34,1005995,4721005,5727226,1007404,0,0,0,ContinuousMessages,1059535,1027956,3107325,3770756,665027,1273892,1957064,356970,1059535,4738701,5727900,1060195,0,0,0,solo and shared
0,7,blake3-servil-mt,65536,73,277697,914781,89854,266106,0,0,0,ContinuousMessages,569409,569409,1342411,110792,546757,0,0,0,568615,1313157,109643,547566,0,0,0,solo and shared
0,8,sha256,1048576,2,961634,0,0,0,3543556,5379420,963679,ContinuousMessages,1000541,997136,4655087,5380306,997935,0,0,0,1000541,4676055,5380229,1001317,0,0,0,solo and shared
0,9,blake3-servil-mt,1048576,17,1197302,0,0,0,3825734,290053,1191596,ContinuousMessages,1200449,1200449,4724451,313034,1185705,0,0,0,1185506,4744062,306696,1169215,0,0,0,solo and shared
0,15,sha256,64,15319,963596,4704959,9590843,965030,0,0,0,LentMessages,965632,965632,4715841,9590843,966917,0,0,0,963274,4702764,9590843,963890,0,0,0,solo and shared
0,16,blake3-servil-st,64,21610,984514,4804833,15603569,985862,0,0,0,LentMessages,985632,985632,4805422,15603570,986266,0,0,0,976702,4760592,15603569,977968,0,0,0,solo and shared
0,17,blake3-servil-mt,64,21882,990408,4822896,15865599,991748,0,0,0,LentMessages,1015827,1015827,4813778,15865599,1017085,0,0,0,985424,4804721,15865599,986697,0,0,0,solo and shared
0,18,sha256,1024,2094,983897,4806926,6699855,985203,0,0,0,LentMessages,1008297,991673,4828711,6699855,992996,0,0,0,1008297,4831436,6699855,1009687,0,0,0,solo and shared
0,19,blake3-servil-st,1024,1327,982099,4790750,10655632,983409,0,0,0,LentMessages,992750,992750,4803715,10655632,994054,0,0,0,991095,4794103,10655632,992497,0,0,0,solo and shared
0,20,blake3-servil-mt,1024,1332,985174,4809199,10699773,986541,0,0,0,LentMessages,985739,985739,4811500,10699773,987052,0,0,0,984323,4804312,10699773,985627,0,0,0,solo and shared
0,21,sha256,16384,143,1005308,4909835,6073787,1006720,0,0,0,LentMessages,1053156,1053156,4906370,6073788,1012038,0,0,0,1004747,4902305,6073787,1006211,0,0,0,solo and shared
0,22,blake3-servil-st,16384,321,1006211,4880492,13504014,1007833,0,0,0,LentMessages,1078861,1069475,4948216,13504014,1071468,0,0,0,1078861,4997981,13504014,1080503,0,0,0,solo and shared
0,23,blake3-servil-mt,16384,323,1004138,4942587,13589113,1006348,0,0,0,LentMessages,1003898,1001971,4894406,13589113,1003447,0,0,0,1003898,4905887,13589113,1005369,0,0,0,solo and shared
0,24,sha256,65536,35,998528,4875363,5895780,999259,0,0,0,LentMessages,998767,998767,4871409,5895779,1000101,0,0,0,997657,4861952,5895779,998798,0,0,0,solo and shared
0,25,blake3-servil-st,65536,78,1021854,4889357,12889791,1022484,0,0,0,LentMessages,1022094,1009913,4891105,12889792,1011333,0,0,0,1022094,4879213,12889792,1022702,0,0,0,solo and shared
0,26,blake3-servil-mt,65536,78,997332,4881190,12890025,997945,0,0,0,LentMessages,1001655,1001655,4885391,12890025,1002995,0,0,0,995781,4862334,12890025,996345,0,0,0,solo and shared
0,27,sha256,1048576,2,987528,4916312,5376065,988462,0,0,0,LentMessages,1291292,1269004,4913197,5376964,1267330,0,0,0,1291292,5120688,5376964,1292808,0,0,0,solo and shared
0,28,blake3-servil-st,1048576,5,1105387,5367213,13144744,1106264,0,0,0,LentMessages,1107866,1104663,5374762,13144746,1106159,0,0,0,1107866,5368693,13144746,1109359,0,0,0,solo and shared
0,29,blake3-servil-mt,1048576,11,951838,4443441,4795903,952728,0,0,0,LentMessages,1259386,871571,4010136,3375962,873442,0,0,0,1259386,3015649,2136997,1041532,696169,361181,210779,solo and shared
1,0,blake3-servil-mt,1024,2842,472966,0,0,0,1321891,1301215,442212,ContinuousMessages,447911,439974,1596730,1353578,404944,0,0,0,447911,1512588,1315892,384660,0,0,0,solo and shared
1,1,sha256,1024,2048,1024720,0,0,0,3677017,6544510,1026102,ContinuousMessages,1023447,1005556,4720922,6544510,1006181,0,0,0,1023447,0,0,0,3676703,6544510,1024865,solo and shared
1,2,blake3-servil-mt,16384,271,574652,0,0,0,1370655,323319,569051,ContinuousMessages,947537,872730,2966827,336665,870713,0,0,0,947537,0,0,0,2899156,349035,945413,solo and shared
1,3,sha256,16384,141,986815,0,0,0,3734437,5988292,988421,ContinuousMessages,1026170,1026170,4817464,5988292,1026902,0,0,0,985106,0,0,0,3730841,5988292,986762,solo and shared
1,4,blake3-servil-mt,65536,73,359846,0,0,0,1093788,89426,351356,ContinuousMessages,438229,363969,1223369,90446,340942,0,0,0,438229,0,0,0,1250090,91441,379717,solo and shared
1,5,sha256,65536,34,966319,4725262,5727226,967334,0,0,0,ContinuousMessages,971403,966927,4722246,5727226,968359,0,0,0,971403,0,0,0,3672467,5727226,973002,solo and shared
1,6,blake3-servil-mt,1048576,17,1007341,3874456,290981,994444,0,0,0,ContinuousMessages,1287703,1155066,4252501,293307,1147360,0,0,0,1287703,0,0,0,4270552,297697,1276840,solo and shared
1,7,sha256,1048576,2,918812,4475980,5379420,920257,0,0,0,ContinuousMessages,942381,942381,4473887,5379420,943517,0,0,0,935293,0,0,0,3538278,5379420,936765,solo and shared
1,12,blake3-servil-st,64,21610,975779,4777153,15603569,976479,0,0,0,LentMessages,1567910,975707,4777934,15603569,976585,0,0,0,1567910,0,0,0,5928045,15603570,1569353,solo and shared
1,13,blake3-servil-mt,64,21882,982655,4802655,15865599,983965,0,0,0,LentMessages,1575842,984259,4808915,15865599,985648,0,0,0,1575842,0,0,0,5960624,15865600,1577280,solo and shared
1,14,sha256,64,15319,1008582,4707561,9590850,969085,0,0,0,LentMessages,963614,963614,4708408,9590849,964960,0,0,0,947475,0,0,0,3587051,9590849,948887,solo and shared
1,15,blake3-servil-st,1024,1327,964192,4789514,10655632,965559,0,0,0,LentMessages,1207873,983504,4803189,10655632,984825,0,0,0,1207873,1865410,4137887,384935,2946783,6517670,781589,solo and shared
1,16,blake3-servil-mt,1024,1332,967237,4808159,10699773,968573,0,0,0,LentMessages,984551,984551,4814627,10699773,985837,0,0,0,982836,4804601,10699773,984121,0,0,0,solo and shared
1,17,sha256,1024,2094,966159,4806126,6699855,967458,0,0,0,LentMessages,989010,987439,4826404,6699855,988696,0,0,0,989010,4831147,6699855,990289,0,0,0,solo and shared
1,18,blake3-servil-st,16384,321,1005470,4875433,13504014,1006818,0,0,0,LentMessages,1002175,1002175,4870389,13504014,1003472,0,0,0,997006,4868894,13504014,998358,0,0,0,solo and shared
1,19,blake3-servil-mt,16384,323,990634,4899322,13589113,992001,0,0,0,LentMessages,1002420,1001105,4888714,13589113,1002403,0,0,0,1002420,4900095,13589113,1003715,0,0,0,solo and shared
1,20,sha256,16384,143,985251,4885990,6073787,986629,0,0,0,LentMessages,999783,999301,4885780,6073787,1000577,0,0,0,999783,4886526,6073787,1001077,0,0,0,solo and shared
1,21,blake3-servil-st,65536,78,1003533,4902873,12889791,1004924,0,0,0,LentMessages,1022524,1022524,4894582,12889791,1023171,0,0,0,998165,4876824,12889791,999527,0,0,0,solo and shared
1,22,blake3-servil-mt,65536,78,1002328,4888870,12890026,1003749,0,0,0,LentMessages,1004388,1000675,4885346,12890025,1002031,0,0,0,1004388,4878489,12890025,1005025,0,0,0,solo and shared
1,23,sha256,65536,35,978081,4854495,5895779,979498,0,0,0,LentMessages,1041631,993893,4851436,5895779,995238,0,0,0,1041631,4856908,5895780,1000888,0,0,0,solo and shared
1,24,blake3-servil-st,1048576,5,1148102,5604250,13144744,1149703,0,0,0,LentMessages,1185100,1166901,5704603,13144744,1168407,0,0,0,1185100,5793217,13144744,1186612,0,0,0,solo and shared
1,25,blake3-servil-mt,1048576,11,935152,4336366,4321533,936808,0,0,0,LentMessages,988454,986548,4555602,4452542,988346,0,0,0,988454,4603678,4516235,990173,0,0,0,solo and shared
1,26,sha256,1048576,2,988645,4633435,5376065,990335,0,0,0,LentMessages,986407,986076,4626519,5376065,986936,0,0,0,986407,4628967,5376065,987199,0,0,0,solo and shared
1,18,blake3-servil-mt,64,2048,116585,451030,705002,113634,0,0,0,ContinuousMessages,156910,156910,516021,707680,140793,0,0,0,151864,512263,708336,143712,0,0,0,solo and shared
1,19,sha256,64,16004,1046120,4909469,9955638,1047012,0,0,0,ContinuousMessages,1052609,1050818,4929808,9955638,1051458,0,0,0,1052609,4932865,9955638,1054009,0,0,0,solo and shared
2,0,sha256,16384,141,1016812,4830846,5988292,1018188,0,0,0,ContinuousMessages,994513,994513,4817792,5988292,995776,0,0,0,985441,4816176,5988293,986057,0,0,0,solo and shared
2,1,blake3-servil-mt,16384,271,497342,1438405,324574,494527,0,0,0,ContinuousMessages,1014223,1014223,3698216,342509,973581,0,0,0,1008590,3541911,338996,1002138,0,0,0,solo and shared
2,2,sha256,65536,34,988329,4728040,5727226,989989,0,0,0,ContinuousMessages,985831,985831,4718218,5727226,987220,0,0,0,984619,4716055,5727226,985299,0,0,0,solo and shared
2,3,blake3-servil-mt,65536,73,324087,1019339,89586,302547,0,0,0,ContinuousMessages,373740,373740,1374195,93358,359189,0,0,0,350924,1308901,92069,342802,0,0,0,solo and shared
2,4,sha256,1048576,2,973578,4738466,5379420,974688,0,0,0,ContinuousMessages,974313,932894,4534176,5379420,934323,0,0,0,974313,4739105,5379420,975872,0,0,0,solo and shared
2,5,blake3-servil-mt,1048576,17,1266337,4130920,298444,1095649,0,0,0,ContinuousMessages,1330186,1166860,4391567,292721,1159774,0,0,0,1330186,0,0,0,4357507,296840,1316964,solo and shared
2,9,blake3-servil-mt,64,21882,1029273,4822124,15865599,1030338,0,0,0,LentMessages,1573289,1027738,4817848,15865599,1028705,0,0,0,1573289,0,0,0,5954249,15865599,1575001,solo and shared
2,10,sha256,64,15319,1000770,4722488,9590843,1002858,0,0,0,LentMessages,972588,972588,4713854,9590843,974385,0,0,0,944186,0,0,0,3589095,9590842,945415,solo and shared
2,11,blake3-servil-st,64,21610,1029964,4838040,15603569,1032501,0,0,0,LentMessages,1568045,996198,4828171,15603569,998216,0,0,0,1568045,0,0,0,5940288,15603569,1569515,solo and shared
2,12,blake3-servil-mt,1024,1332,987472,4806489,10699773,988845,0,0,0,LentMessages,1276110,1005759,4812470,10699773,1007126,0,0,0,1276110,1078417,2389644,225496,3761072,8310054,995336,solo and shared
2,13,sha256,1024,2094,998642,4807949,6699856,999982,0,0,0,LentMessages,990839,990070,4827354,6699855,991407,0,0,0,990839,4831959,6699855,992104,0,0,0,solo and shared
2,14,blake3-servil-st,1024,1327,980474,4781935,10655632,981803,0,0,0,LentMessages,982508,982508,4794861,10655632,983806,0,0,0,979634,4782937,10655632,980920,0,0,0,solo and shared
2,15,blake3-servil-mt,16384,323,1017531,4908418,13589113,1018916,0,0,0,LentMessages,1025425,1011606,4902546,13589113,1012915,0,0,0,1025425,4912952,13589113,1026762,0,0,0,solo and shared
2,16,sha256,16384,143,1000380,4885615,6073787,1001727,0,0,0,LentMessages,1000622,1000032,4886258,6073787,1001323,0,0,0,1000622,4887083,6073787,1001909,0,0,0,solo and shared
2,17,blake3-servil-st,16384,321,996349,4867481,13504014,997739,0,0,0,LentMessages,1003559,1002152,4860973,13504014,1003477,0,0,0,1003559,4865885,13504014,1004905,0,0,0,solo and shared
2,18,blake3-servil-mt,65536,78,1003757,4903646,12890025,1005144,0,0,0,LentMessages,1001580,1001580,4900829,12890025,1002211,0,0,0,1001510,4894283,12890025,1002868,0,0,0,solo and shared
2,19,sha256,65536,35,995025,4863431,5895779,996403,0,0,0,LentMessages,994273,994273,4851786,5895779,995597,0,0,0,993677,4848601,5895779,995003,0,0,0,solo and shared
2,20,blake3-servil-st,65536,78,1009992,4889724,12889791,1010608,0,0,0,LentMessages,999850,998882,4882667,12889791,999473,0,0,0,999850,4880902,12889792,1000516,0,0,0,solo and shared
2,21,blake3-servil-mt,1048576,11,1088230,5068448,5003549,1089883,0,0,0,LentMessages,1076372,1076372,5025453,4471722,1078176,0,0,0,1076321,5032087,4445853,1078125,0,0,0,solo and shared
2,22,sha256,1048576,2,998257,4624650,5376065,993202,0,0,0,LentMessages,990419,989312,4640310,5376065,990232,0,0,0,990419,4644691,5376065,992098,0,0,0,solo and shared
2,23,blake3-servil-st,1048576,5,1152832,5427094,13144744,1153752,0,0,0,LentMessages,1158613,1158613,5472778,13144744,1160296,0,0,0,1146204,5388661,13144744,1147126,0,0,0,solo and shared
2,16,sha256,64,16004,1027885,4918592,9955638,1029229,0,0,0,ContinuousMessages,1009100,1009100,4930678,9955638,1009789,0,0,0,1008580,4926706,9955638,1009843,0,0,0,solo and shared
2,17,blake3-servil-mt,64,2048,156913,516955,707200,158478,0,0,0,ContinuousMessages,286903,286903,749544,712143,184721,0,0,0,268034,683208,707422,179414,0,0,0,solo and shared
2,18,sha256,1024,2048,984361,4707642,6544510,985707,0,0,0,ContinuousMessages,991664,991664,4734561,6544510,992351,0,0,0,990678,4730618,6544510,991997,0,0,0,solo and shared
2,19,blake3-servil-mt,1024,2842,432134,1300479,1303523,385279,0,0,0,ContinuousMessages,497577,497577,1655784,1341845,449738,0,0,0,491422,1709888,1346180,428004,0,0,0,solo and shared
3,0,blake3-servil-mt,65536,73,323442,1220103,89699,313729,0,0,0,ContinuousMessages,371304,371304,1423573,93083,351328,0,0,0,362171,1315890,91587,346765,0,0,0,solo and shared
3,1,sha256,65536,34,995854,1140428,1372407,237812,2829904,4354744,751943,ContinuousMessages,982499,982499,4721448,5727226,983958,0,0,0,980178,4712356,5727226,981550,0,0,0,solo and shared
3,2,blake3-servil-mt,1048576,17,1053108,4035270,290179,1023350,0,0,0,ContinuousMessages,1274498,1254252,4790568,298194,1235655,0,0,0,1274498,5063372,307384,1252522,0,0,0,solo and shared
3,3,sha256,1048576,2,905407,4494007,5379420,907024,0,0,0,ContinuousMessages,925306,925306,4513860,5379420,926804,0,0,0,920266,4493853,5379420,921717,0,0,0,solo and shared
3,6,blake3-servil-mt,64,21882,964589,4801825,15865599,965867,0,0,0,LentMessages,988802,988802,4826335,15865599,990149,0,0,0,982892,4804087,15865599,984190,0,0,0,solo and shared
3,7,blake3-servil-st,64,21610,961654,4784328,15603569,964024,0,0,0,LentMessages,1032029,988914,4828517,15603569,990310,0,0,0,1032029,4828774,15603570,994937,0,0,0,solo and shared
3,8,sha256,64,15319,953658,4719301,9590843,954950,0,0,0,LentMessages,964901,964901,4715473,9590843,966273,0,0,0,963394,4707719,9590843,964678,0,0,0,solo and shared
3,9,blake3-servil-mt,1024,1332,983026,4807055,10699773,984346,0,0,0,LentMessages,1010888,988576,4823535,10699773,989206,0,0,0,1010888,4806127,10699773,1012172,0,0,0,solo and shared
3,10,blake3-servil-st,1024,1327,963237,4788608,10655632,964548,0,0,0,LentMessages,990423,990423,4797852,10655632,991829,0,0,0,981108,4788186,10655632,982439,0,0,0,solo and shared
3,11,sha256,1024,2094,994077,4806406,6699855,995423,0,0,0,LentMessages,990593,990593,4834983,6699855,991925,0,0,0,989349,4831511,6699855,990631,0,0,0,solo and shared
3,12,blake3-servil-mt,16384,323,1001058,4893772,13589113,1002395,0,0,0,LentMessages,1006085,1006085,4909279,13589113,1007473,0,0,0,1002108,4903370,13589113,1002691,0,0,0,solo and shared
3,13,blake3-servil-st,16384,321,979063,4865918,13504014,980419,0,0,0,LentMessages,1044746,1044746,4879347,13504015,1005664,0,0,0,996212,4863865,13504014,997521,0,0,0,solo and shared
3,14,sha256,16384,143,980950,4887964,6073787,981671,0,0,0,LentMessages,1000118,1000057,4886778,6073787,1001392,0,0,0,1000118,4887193,6073787,1001430,0,0,0,solo and shared
3,15,blake3-servil-mt,65536,78,1025668,4889666,12890025,1026306,0,0,0,LentMessages,999731,999731,4888043,12890025,1001128,0,0,0,998946,4884774,12890025,1000303,0,0,0,solo and shared
3,16,blake3-servil-st,65536,78,983248,4889247,12889791,984609,0,0,0,LentMessages,1000115,1000115,4880768,12889791,1001487,0,0,0,999288,4880439,12889791,1000612,0,0,0,solo and shared
3,17,sha256,65536,35,978483,4853934,5895780,979856,0,0,0,LentMessages,994336,994336,4852130,5895779,995706,0,0,0,993787,4848888,5895779,995159,0,0,0,solo and shared
3,18,blake3-servil-mt,1048576,11,998160,4644838,4439972,999848,0,0,0,LentMessages,1034959,1034959,4778710,4699021,1036805,0,0,0,1033929,2829903,2638686,610482,1452027,842970,417105,solo and shared
3,19,blake3-servil-st,1048576,5,1158239,5431026,13144744,1160096,0,0,0,LentMessages,1168322,1160943,5443651,13144744,1162111,0,0,0,1168322,5415018,13144744,1169283,0,0,0,solo and shared
3,20,sha256,1048576,2,971898,4629093,5376065,973102,0,0,0,LentMessages,978095,973356,4621569,5376065,975014,0,0,0,978095,4645365,5376065,979752,0,0,0,solo and shared
3,14,blake3-servil-mt,64,2048,150232,560207,705561,151166,0,0,0,ContinuousMessages,307006,256606,812904,759257,240417,0,0,0,307006,723251,707527,197388,0,0,0,solo and shared
3,15,sha256,64,16004,1177561,5680717,9955638,1179501,0,0,0,ContinuousMessages,1018916,1018916,4929522,9955638,1019556,0,0,0,1016943,4923273,9955638,1018233,0,0,0,solo and shared
3,16,blake3-servil-mt,1024,2842,717003,2903381,1301061,698328,0,0,0,ContinuousMessages,542953,542953,1921730,1329973,492605,0,0,0,533389,1887280,1315367,488161,0,0,0,solo and shared
3,17,sha256,1024,2048,1035076,5037697,6544511,1038055,0,0,0,ContinuousMessages,1019753,967658,4722328,6544510,968930,0,0,0,1019753,4737269,6544511,977801,0,0,0,solo and shared
3,18,blake3-servil-mt,16384,271,507211,1483956,340530,504913,0,0,0,ContinuousMessages,595137,595137,2699808,328897,592396,0,0,0,574012,2606564,329534,572188,0,0,0,solo and shared
3,19,sha256,16384,141,993756,4828867,5988292,995625,0,0,0,ContinuousMessages,1028732,1026698,4844046,5988292,1028470,0,0,0,1028732,4840697,5988292,1030335,0,0,0,solo and shared
4,0,sha256,1048576,2,1001939,4683693,5379420,1003563,0,0,0,ContinuousMessages,995495,965884,4490200,5379420,966773,0,0,0,995495,4652189,5379420,996350,0,0,0,solo and shared
4,1,blake3-servil-mt,1048576,17,972212,4116572,289162,897675,0,0,0,ContinuousMessages,1031356,1031356,4602189,290021,1004003,0,0,0,1025914,4556808,290381,1002551,0,0,0,solo and shared
4,3,sha256,64,15319,968046,4715766,9590844,968876,0,0,0,LentMessages,964560,964560,4716378,9590843,965842,0,0,0,962255,4703581,9590843,963560,0,0,0,solo and shared
4,4,blake3-servil-mt,64,21882,992608,4808215,15865600,993982,0,0,0,LentMessages,988662,986371,4806986,15865599,987679,0,0,0,988662,4811946,15865599,990031,0,0,0,solo and shared
4,5,blake3-servil-st,64,21610,996034,4802147,15603569,997408,0,0,0,LentMessages,984526,980594,4784740,15603569,981877,0,0,0,984526,4804706,15603569,985831,0,0,0,solo and shared
4,6,sha256,1024,2094,983858,4806682,6699855,985182,0,0,0,LentMessages,992290,991028,4826236,6699855,992285,0,0,0,992290,4831096,6699855,993562,0,0,0,solo and shared
4,7,blake3-servil-mt,1024,1332,982027,4800379,10699773,983337,0,0,0,LentMessages,1016863,1016863,4820953,10699773,1018311,0,0,0,985851,4810829,10699773,987167,0,0,0,solo and shared
4,8,blake3-servil-st,1024,1327,979576,4782275,10655632,980905,0,0,0,LentMessages,1046242,1046242,4809829,10655634,1001559,0,0,0,982251,4793060,10655632,983534,0,0,0,solo and shared
4,9,sha256,16384,143,1018595,4887179,6073787,1020028,0,0,0,LentMessages,1003432,1000314,4887247,6073787,1001647,0,0,0,1003432,4903098,6073787,1004802,0,0,0,solo and shared
4,10,blake3-servil-mt,16384,323,994956,4899902,13589113,996333,0,0,0,LentMessages,1007755,1002607,4893930,13589113,1003939,0,0,0,1007755,4902516,13589113,1009089,0,0,0,solo and shared
4,11,blake3-servil-st,16384,321,995308,4865524,13504014,996678,0,0,0,LentMessages,997175,996634,4866703,13504014,997985,0,0,0,997175,4867890,13504014,998546,0,0,0,solo and shared
4,12,sha256,65536,35,978617,4868653,5895779,979980,0,0,0,LentMessages,997528,997528,4871909,5895779,998885,0,0,0,996049,4860386,5895779,997406,0,0,0,solo and shared
4,13,blake3-servil-mt,65536,78,1008715,4897488,12890025,1010113,0,0,0,LentMessages,1004735,1004735,4887033,12890025,1006084,0,0,0,997647,4877522,12890025,999028,0,0,0,solo and shared
4,14,blake3-servil-st,65536,78,986743,4886417,12889791,988098,0,0,0,LentMessages,999997,999997,4886245,12889791,1001344,0,0,0,998126,4877317,12889791,999549,0,0,0,solo and shared
4,15,sha256,1048576,2,973525,4837222,5376065,975067,0,0,0,LentMessages,1010914,1008476,4920276,5376065,1009935,0,0,0,1010914,4937136,5376065,1012388,0,0,0,solo and shared
4,16,blake3-servil-mt,1048576,11,1193868,5509729,6641913,1194683,0,0,0,LentMessages,1005753,1005753,4652752,4506637,1007644,0,0,0,1005163,4681587,4527439,1006810,0,0,0,solo and shared
4,17,blake3-servil-st,1048576,5,1157532,5426149,13144744,1159150,0,0,0,LentMessages,1180764,1157353,5431340,13144744,1158263,0,0,0,1180764,5492964,13144745,1176707,0,0,0,solo and shared
4,12,sha256,64,16004,1036188,4908448,9955638,1036916,0,0,0,ContinuousMessages,1036119,1036119,4925342,9955638,1037421,0,0,0,1034206,4909537,9955638,1035544,0,0,0,solo and shared
4,13,blake3-servil-mt,64,2048,117886,513240,727465,119351,0,0,0,ContinuousMessages,276517,263361,922724,776543,239569,0,0,0,276517,688355,710043,182451,0,0,0,solo and shared
4,14,sha256,1024,2048,1003268,4706700,6544510,1004645,0,0,0,ContinuousMessages,1008946,1008946,4722748,6544510,1010291,0,0,0,1008114,4728140,6544510,1008692,0,0,0,solo and shared
4,15,blake3-servil-mt,1024,2842,362793,1407228,1316531,330562,0,0,0,ContinuousMessages,548332,548332,1714859,1400358,434229,0,0,0,468716,1600045,1345948,391842,0,0,0,solo and shared
4,16,sha256,16384,141,991890,4832965,5988292,993319,0,0,0,ContinuousMessages,1019837,1019837,4827184,5988292,1021174,0,0,0,1018736,4831354,5988292,1019312,0,0,0,solo and shared
4,17,blake3-servil-mt,16384,271,323252,1459546,322787,321251,0,0,0,ContinuousMessages,597763,584958,2672519,328328,583475,0,0,0,597763,2698545,329200,591548,0,0,0,solo and shared
4,18,sha256,65536,34,969068,4722131,5727226,970724,0,0,0,ContinuousMessages,968313,967839,4724164,5727226,969197,0,0,0,968313,4725649,5727226,969658,0,0,0,solo and shared
4,19,blake3-servil-mt,65536,73,271534,1153572,89557,256014,0,0,0,ContinuousMessages,303638,303638,1110395,95276,263745,0,0,0,291679,1125867,95434,265629,0,0,0,solo and shared
5,0,blake3-servil-st,64,21610,1564225,0,0,0,5916060,15603570,1565948,LentMessages,1003078,1000950,4793654,15603569,1002311,0,0,0,1003078,4806254,15603569,1004420,0,0,0,solo and shared
5,1,sha256,64,15319,947295,0,0,0,3575873,9590843,948697,LentMessages,986679,986679,4717291,9590843,988046,0,0,0,982684,4700074,9590843,984035,0,0,0,solo and shared
5,2,blake3-servil-mt,64,21882,1189726,3776932,12472219,775021,1282166,3393304,344732,LentMessages,1094544,1094544,4567997,15049529,960331,313417,815996,88752,1003762,4805349,15865599,1005121,0,0,0,solo and shared
5,3,blake3-servil-st,1024,1327,1061399,4787460,10655633,1007015,0,0,0,LentMessages,1003189,1002706,4791064,10655632,1004065,0,0,0,1003189,4788123,10655632,1004519,0,0,0,solo and shared
5,4,sha256,1024,2094,983649,4806535,6699855,985021,0,0,0,LentMessages,1009473,1007858,4827804,6699855,1009126,0,0,0,1009473,4831417,6699855,1010771,0,0,0,solo and shared
5,5,blake3-servil-mt,1024,1332,985842,4805668,10699773,987176,0,0,0,LentMessages,1020945,1006871,4818667,10699773,1008194,0,0,0,1020945,4802140,10699773,1022431,0,0,0,solo and shared
5,6,blake3-servil-st,16384,321,1018200,4874746,13504014,1019571,0,0,0,LentMessages,1035640,1035640,4870887,13504014,1036976,0,0,0,1017305,4868380,13504014,1018673,0,0,0,solo and shared
5,7,sha256,16384,143,999742,4885946,6073787,1002167,0,0,0,LentMessages,1021125,1020800,4886092,6073787,1022106,0,0,0,1021125,4886572,6073787,1022477,0,0,0,solo and shared
5,8,blake3-servil-mt,16384,323,1009917,4896578,13589113,1011347,0,0,0,LentMessages,1023745,1022237,4892943,13589113,1023565,0,0,0,1023745,4898826,13589113,1025097,0,0,0,solo and shared
5,9,blake3-servil-st,65536,78,1004139,4905831,12889791,1006670,0,0,0,LentMessages,1025925,1025925,4908237,12889791,1027256,0,0,0,1024566,4902503,12889791,1026041,0,0,0,solo and shared
5,10,sha256,65536,35,1014082,4855546,5895779,1015574,0,0,0,LentMessages,1017946,1017946,4857639,5895779,1018558,0,0,0,1017054,4850048,5895779,1018474,0,0,0,solo and shared
5,11,blake3-servil-mt,65536,78,1025351,4912667,12890025,1026901,0,0,0,LentMessages,1037746,1037746,4937867,12890025,1039189,0,0,0,1029500,4922849,12890025,1031004,0,0,0,solo and shared
5,12,blake3-servil-st,1048576,5,1249158,5852031,13144744,1250918,0,0,0,LentMessages,1261596,1261596,6043000,13144744,1263761,0,0,0,1238585,5936290,13144744,1239799,0,0,0,solo and shared
5,13,sha256,1048576,2,977889,4726198,5376065,979757,0,0,0,LentMessages,983757,977817,4757912,5376065,980467,0,0,0,983757,4782796,5376065,985733,0,0,0,solo and shared
5,14,blake3-servil-mt,1048576,11,1262574,5809288,6517352,1264636,0,0,0,LentMessages,1013717,1013717,4663700,4491961,1016035,0,0,0,1013510,4676106,4385007,1015373,0,0,0,solo and shared
5,10,blake3-servil-mt,64,2048,93765,433509,707041,95234,0,0,0,ContinuousMessages,122899,122899,573408,706158,123597,0,0,0,118347,550980,706640,118981,0,0,0,solo and shared
5,11,sha256,64,16004,1050150,4929024,9955638,1050785,0,0,0,ContinuousMessages,1050771,1046967,4913512,9955638,1047708,0,0,0,1050771,4932146,9955638,1051405,0,0,0,solo and shared
5,12,blake3-servil-mt,1024,2842,375153,1391547,1317161,335009,0,0,0,ContinuousMessages,492787,492787,1608388,1346232,426461,0,0,0,462860,1474497,1335464,389061,0,0,0,solo and shared
5,13,sha256,1024,2048,974868,4708189,6544510,976208,0,0,0,ContinuousMessages,970055,969795,4722592,6544510,971104,0,0,0,970055,4726778,6544510,970610,0,0,0,solo and shared
5,14,blake3-servil-mt,16384,271,321881,1395975,322695,320165,0,0,0,ContinuousMessages,581461,581461,2659334,335171,579329,0,0,0,575804,2639048,340193,574080,0,0,0,solo and shared
5,15,sha256,16384,141,1008757,4822589,5988292,1010256,0,0,0,ContinuousMessages,1006659,1006659,4819657,5988292,1007988,0,0,0,1004862,4817286,5988292,1005436,0,0,0,solo and shared
5,16,blake3-servil-mt,65536,73,391606,1314987,89522,299038,0,0,0,ContinuousMessages,333501,331403,1370604,89183,308146,0,0,0,333501,1388775,89345,313830,0,0,0,solo and shared
5,17,sha256,65536,34,968831,4738448,5727226,970281,0,0,0,ContinuousMessages,1018785,1018785,4740833,5727227,977897,0,0,0,967250,4723803,5727226,968111,0,0,0,solo and shared
5,18,blake3-servil-mt,1048576,17,900106,3863532,289672,853015,0,0,0,ContinuousMessages,978058,968699,4124687,290445,909227,0,0,0,978058,4174665,290035,915957,0,0,0,solo and shared
5,19,sha256,1048576,2,937780,4515095,5379420,938764,0,0,0,ContinuousMessages,923019,914528,4471774,5379420,915212,0,0,0,923019,4510454,5379420,924542,0,0,0,solo and shared
6,0,sha256,1024,2094,1027042,4812438,6699856,984787,0,0,0,LentMessages,988096,987077,4825997,6699855,988385,0,0,0,988096,4831565,6699855,989340,0,0,0,solo and shared
6,1,blake3-servil-st,1024,1327,971674,4788041,10655632,972972,0,0,0,LentMessages,999246,999246,4802472,10655632,1000514,0,0,0,977804,4779809,10655632,979101,0,0,0,solo and shared
6,2,blake3-servil-mt,1024,1332,980152,4806229,10699773,981476,0,0,0,LentMessages,985227,985227,4814400,10699773,986527,0,0,0,983919,4809118,10699773,985264,0,0,0,solo and shared
6,3,sha256,16384,143,991335,4899811,6073787,992710,0,0,0,LentMessages,1004449,1000929,4886436,6073787,1002207,0,0,0,1004449,4901139,6073787,1005787,0,0,0,solo and shared
6,4,blake3-servil-st,16384,321,1008564,4874375,13504014,1009970,0,0,0,LentMessages,1013271,994119,4859656,13504014,995409,0,0,0,1013271,4874153,13504014,1014601,0,0,0,solo and shared
6,5,blake3-servil-mt,16384,323,984355,4894189,13589113,985742,0,0,0,LentMessages,1002522,1002522,4898647,13589113,1003835,0,0,0,1001772,4895574,13589113,1003136,0,0,0,solo and shared
6,6,sha256,65536,35,976449,4856718,5895779,977797,0,0,0,LentMessages,993916,993916,4852113,5895779,995243,0,0,0,993708,4848594,5895779,995053,0,0,0,solo and shared
6,7,blake3-servil-st,65536,78,1002883,4892954,12889791,1004253,0,0,0,LentMessages,998430,997109,4879215,12889791,997718,0,0,0,998430,4880805,12889791,999768,0,0,0,solo and shared
6,8,blake3-servil-mt,65536,78,996525,4880161,12890025,997135,0,0,0,LentMessages,1022116,1022116,4890068,12890025,1023504,0,0,0,999387,4875950,12890025,1000769,0,0,0,solo and shared
6,9,sha256,1048576,2,952698,4730504,5376065,954168,0,0,0,LentMessages,1022378,970542,4732011,5376065,972030,0,0,0,1022378,4764358,5376066,983008,0,0,0,solo and shared
6,10,blake3-servil-st,1048576,5,1128688,5367385,13144744,1130032,0,0,0,LentMessages,1105537,1097653,5356280,13144744,1099157,0,0,0,1105537,5406405,13144744,1106768,0,0,0,solo and shared
6,11,blake3-servil-mt,1048576,11,994058,4578732,5014499,995509,0,0,0,LentMessages,986690,984913,4594542,4455478,986959,0,0,0,986690,4555588,4164577,982850,0,0,0,solo and shared
6,8,sha256,64,16004,1046378,4912156,9955638,1047196,0,0,0,ContinuousMessages,1048127,1047023,4908509,9955638,1047735,0,0,0,1048127,4912137,9955638,1048815,0,0,0,solo and shared
6,9,blake3-servil-mt,64,2048,91052,421807,704776,91707,0,0,0,ContinuousMessages,132352,124421,545664,706387,120694,0,0,0,132352,572259,720965,127213,0,0,0,solo and shared
6,10,sha256,1024,2048,985123,4705170,6544510,985752,0,0,0,ContinuousMessages,993383,991060,4723252,6544510,992385,0,0,0,993383,4730731,6544510,994733,0,0,0,solo and shared
6,11,blake3-servil-mt,1024,2842,437204,1589343,1340812,400636,0,0,0,ContinuousMessages,461369,460531,1421138,1305377,370021,0,0,0,461369,1613766,1330418,403082,0,0,0,solo and shared
6,12,sha256,16384,141,991063,4821037,5988292,992517,0,0,0,ContinuousMessages,990625,990326,4830061,5988292,990880,0,0,0,990625,4832487,5988292,991939,0,0,0,solo and shared
6,13,blake3-servil-mt,16384,271,343535,1510378,323425,341675,0,0,0,ContinuousMessages,637699,573564,2617807,329121,575883,0,0,0,637699,0,0,0,2225703,328243,635208,solo and shared
6,14,sha256,65536,34,984453,0,0,0,3725767,5727226,985950,ContinuousMessages,968698,965785,4717741,5727226,967204,0,0,0,968698,0,0,0,3667327,5727226,970245,solo and shared
6,15,blake3-servil-mt,65536,73,415589,0,0,0,1027056,95706,311436,ContinuousMessages,351074,283295,1102715,90110,257244,0,0,0,351074,0,0,0,1117743,88903,322022,solo and shared
6,16,sha256,1048576,2,913158,4548595,5379420,915083,0,0,0,ContinuousMessages,932900,922517,4496598,5379420,923998,0,0,0,932900,0,0,0,3529199,5379420,934344,solo and shared
6,17,blake3-servil-mt,1048576,17,885970,3794494,289803,828728,0,0,0,ContinuousMessages,1003934,1003934,4090234,290132,902754,0,0,0,947105,4189245,289700,922520,0,0,0,solo and shared
6,27,sha256,64,15319,943502,0,0,0,3580089,9590842,944915,LentMessages,983138,982781,4710622,9590843,983430,0,0,0,983138,4708801,9590843,984511,0,0,0,solo and shared
6,28,blake3-servil-st,64,21610,987158,4789383,15603570,988649,0,0,0,LentMessages,1000830,994560,4769655,15603569,995145,0,0,0,1000830,4795049,15603569,1002146,0,0,0,solo and shared
6,29,blake3-servil-mt,64,21882,983722,4800625,15865599,984347,0,0,0,LentMessages,1003193,999905,4794650,15865599,1000514,0,0,0,1003193,4805692,15865599,1004492,0,0,0,solo and shared
7,0,blake3-servil-st,16384,321,1023083,4874291,13504014,1023747,0,0,0,LentMessages,1020151,1020151,4864226,13504014,1020758,0,0,0,1016425,4868982,13504014,1017775,0,0,0,solo and shared
7,1,blake3-servil-mt,16384,323,1022474,4900203,13589113,1023071,0,0,0,LentMessages,1022896,1018216,4884620,13589113,1018878,0,0,0,1022896,4899258,13589113,1024263,0,0,0,solo and shared
7,2,sha256,16384,143,1021844,4888894,6073787,1023273,0,0,0,LentMessages,1025630,1025630,4919785,6073787,1026424,0,0,0,1023092,4902281,6073787,1024608,0,0,0,solo and shared
7,3,blake3-servil-st,65536,78,1020115,4924109,12889791,1021564,0,0,0,LentMessages,1030212,1030212,4900772,12889791,1031655,0,0,0,1024591,4905267,12889791,1025965,0,0,0,solo and shared
7,4,blake3-servil-mt,65536,78,1016729,4895464,12890025,1018235,0,0,0,LentMessages,2446373,2446373,0,0,0,9183060,12890027,2448377,2442173,0,0,0,9168720,12890027,2445347,solo and shared
7,5,sha256,65536,35,1001417,4886261,5895779,1003331,0,0,0,LentMessages,1014541,1014541,0,0,0,3834085,5895779,1016442,1014330,0,0,0,3834821,5895779,1016381,solo and shared
7,6,blake3-servil-st,1048576,5,1293823,6181739,13144744,1296340,0,0,0,LentMessages,2697941,2697941,0,0,0,10195192,13144746,2700616,1428959,5368187,13144074,1107165,893086,596,245918,solo and shared
7,7,blake3-servil-mt,1048576,11,940736,4373770,3710999,942589,0,0,0,LentMessages,1032761,1032761,3450828,2344509,747638,986364,463140,277609,964700,4402277,2863898,959573,0,0,0,solo and shared
7,8,sha256,1048576,2,1010643,0,0,0,3626219,5376065,1013011,LentMessages,1577912,1577912,7295656,5376066,1578931,0,0,0,1576948,7294085,5376066,1578138,0,0,0,solo and shared
7,6,blake3-servil-mt,64,2048,146271,0,0,0,516175,705095,147902,ContinuousMessages,136023,136023,633502,704129,136894,0,0,0,135725,629359,706250,136638,0,0,0,solo and shared
7,7,sha256,64,16004,1113678,0,0,0,4216042,9955638,1115340,ContinuousMessages,1496170,1496170,7232553,9955639,1497831,0,0,0,1495665,7230372,9955639,1497358,0,0,0,solo and shared
7,8,blake3-servil-mt,1024,2842,431457,0,0,0,1344716,1304911,403660,ContinuousMessages,488918,471877,1587253,1331440,400250,0,0,0,488918,1411444,1302203,327583,6993,4536,7668,solo and shared
7,9,sha256,1024,2048,964191,4708648,6544510,965714,0,0,0,ContinuousMessages,971885,965710,4725182,6544510,966319,0,0,0,971885,0,0,0,3680758,6544510,973290,solo and shared
7,10,blake3-servil-mt,16384,271,341110,1399798,322775,338871,0,0,0,ContinuousMessages,633669,580564,2631178,329870,574934,0,0,0,633669,0,0,0,2207392,328505,630909,solo and shared
7,11,sha256,16384,141,990652,4819853,5988292,992050,0,0,0,ContinuousMessages,1010530,986937,4820572,5988292,988274,0,0,0,1010530,1915600,2374097,394857,2261968,3614120,608268,solo and shared
7,12,blake3-servil-mt,65536,73,356913,1281675,89227,285280,0,0,0,ContinuousMessages,305690,298280,1242078,89029,285664,0,0,0,305690,1216271,89123,274757,0,0,0,solo and shared
7,13,sha256,65536,34,971827,4726976,5727226,975283,0,0,0,ContinuousMessages,967592,967592,4732283,5727226,968220,0,0,0,964987,4721824,5727226,965646,0,0,0,solo and shared
7,14,blake3-servil-mt,1048576,17,886370,4012103,289744,866656,0,0,0,ContinuousMessages,958508,936923,4055059,290735,898769,0,0,0,958508,4258280,290009,933361,0,0,0,solo and shared
7,15,sha256,1048576,2,929832,4507651,5379420,930825,0,0,0,ContinuousMessages,927258,924929,4508221,5379420,926438,0,0,0,927258,4519142,5379420,928931,0,0,0,solo and shared
7,24,blake3-servil-st,64,21610,984476,4805291,15603569,985862,0,0,0,LentMessages,990290,978659,4781899,15603569,979964,0,0,0,990290,4832161,15603569,991770,0,0,0,solo and shared
7,25,blake3-servil-mt,64,21882,984042,4804297,15865599,985369,0,0,0,LentMessages,989764,982912,4805046,15865599,984198,0,0,0,989764,4836720,15865599,991219,0,0,0,solo and shared
7,26,sha256,64,15319,973628,4711252,9590843,975013,0,0,0,LentMessages,990843,990843,4703851,9590843,992110,0,0,0,968397,4733445,9590843,969778,0,0,0,solo and shared
7,27,blake3-servil-st,1024,1327,981413,4792485,10655632,982770,0,0,0,LentMessages,983254,981779,4797751,10655632,983062,0,0,0,983254,4796937,10655632,984648,0,0,0,solo and shared
7,28,blake3-servil-mt,1024,1332,985276,4807748,10699773,986621,0,0,0,LentMessages,984833,984460,4812161,10699773,985764,0,0,0,984833,4813460,10699773,986269,0,0,0,solo and shared
7,29,sha256,1024,2094,984008,4805799,6699855,985342,0,0,0,LentMessages,990459,988887,4828574,6699855,990172,0,0,0,990459,4839352,6699855,991862,0,0,0,solo and shared
8,0,blake3-servil-mt,65536,78,1022975,4899127,12890025,1024296,0,0,0,LentMessages,1011974,1004360,4890825,12890025,1004939,0,0,0,1011974,4900187,12890025,1013429,0,0,0,solo and shared
8,1,sha256,65536,35,990518,4847896,5895779,991154,0,0,0,LentMessages,993526,989539,4844240,5895779,990129,0,0,0,993526,4854226,5895779,994997,0,0,0,solo and shared
8,2,blake3-servil-st,65536,78,1001798,4892323,12889791,1003199,0,0,0,LentMessages,1001344,998908,4881995,12889791,1000259,0,0,0,1001344,4886672,12889791,1002790,0,0,0,solo and shared
8,3,blake3-servil-mt,1048576,11,948158,4406280,4139602,949828,0,0,0,LentMessages,1018709,1016294,4728271,4495443,1017972,0,0,0,1018709,4621191,3949488,1020454,0,0,0,solo and shared
8,4,sha256,1048576,2,984110,4618412,5376065,985111,0,0,0,LentMessages,992993,985590,4621964,5376065,986416,0,0,0,992993,4656147,5376065,993936,0,0,0,solo and shared
8,5,blake3-servil-st,1048576,5,1151540,5390673,13144745,1152376,0,0,0,LentMessages,1175655,1151772,5371556,13144744,1152706,0,0,0,1175655,5504360,13144744,1177434,0,0,0,solo and shared
8,4,sha256,64,16004,1030755,4912077,9955638,1032181,0,0,0,ContinuousMessages,1008453,1006451,4920560,9955638,1007739,0,0,0,1008453,4928658,9955638,1009156,0,0,0,solo and shared
8,5,blake3-servil-mt,64,2048,138467,463260,705870,104169,0,0,0,ContinuousMessages,285093,283700,610005,742794,216383,0,0,0,285093,576604,715727,174692,0,0,0,solo and shared
8,6,sha256,1024,2048,964265,4707820,6544510,965676,0,0,0,ContinuousMessages,968664,964934,4718712,6544510,965518,0,0,0,968664,4737446,6544510,969278,0,0,0,solo and shared
8,7,blake3-servil-mt,1024,2842,406510,1588415,1332621,374659,0,0,0,ContinuousMessages,492260,486745,1557222,1324710,399001,0,0,0,492260,1510909,1321287,394953,0,0,0,solo and shared
8,8,sha256,16384,141,1004764,4819591,5988292,1006179,0,0,0,ContinuousMessages,987269,987269,4831472,5988292,987859,0,0,0,987054,4832848,5988292,987694,0,0,0,solo and shared
8,9,blake3-servil-mt,16384,271,335764,1484661,325065,333374,0,0,0,ContinuousMessages,623726,623726,0,0,0,2157192,328462,620997,541748,2465428,329426,540313,0,0,0,solo and shared
8,10,sha256,65536,34,967597,4719443,5727226,968973,0,0,0,ContinuousMessages,970100,969475,0,0,0,3669021,5727226,970952,970100,4727774,5727226,971630,0,0,0,solo and shared
8,11,blake3-servil-mt,65536,73,296834,1165897,89914,267160,0,0,0,ContinuousMessages,342438,342438,0,0,0,1114710,89419,328910,288320,1093947,90117,254348,0,0,0,solo and shared
8,12,sha256,1048576,2,933800,4550256,5379420,934623,0,0,0,ContinuousMessages,936280,921167,0,0,0,3485525,5379420,922734,936280,4574368,5379420,937096,0,0,0,solo and shared
8,13,blake3-servil-mt,1048576,17,854033,3615058,290197,822042,0,0,0,ContinuousMessages,1262155,1262155,0,0,0,4134197,289600,1177429,944715,4141107,290741,910418,0,0,0,solo and shared
8,21,blake3-servil-mt,64,21882,987959,4822553,15865599,989565,0,0,0,LentMessages,1581403,1581403,0,0,0,5996615,15865599,1582888,982232,4805814,15865599,982867,0,0,0,solo and shared
8,22,sha256,64,15319,968009,4725371,9590843,969492,0,0,0,LentMessages,967300,946638,0,0,0,3582449,9590843,948635,967300,4721879,9590843,968682,0,0,0,solo and shared
8,23,blake3-servil-st,64,21610,984554,4820229,15603569,985262,0,0,0,LentMessages,1564242,1564242,0,0,0,5922170,15603570,1565673,982703,4802556,15603569,984047,0,0,0,solo and shared
8,24,blake3-servil-mt,1024,1332,987598,4822128,10699773,989197,0,0,0,LentMessages,1276251,1276251,0,0,0,4836631,10699773,1277679,995510,4807888,10699773,997168,0,0,0,solo and shared
8,25,sha256,1024,2094,983528,4814274,6699855,984262,0,0,0,LentMessages,996385,996385,0,0,0,3766372,6699855,997890,990720,4832388,6699855,992144,0,0,0,solo and shared
8,26,blake3-servil-st,1024,1327,984825,4799559,10655632,986589,0,0,0,LentMessages,1026467,1026467,4303868,9574871,880473,493322,1080686,136645,980627,4789078,10655632,982127,0,0,0,solo and shared
8,27,blake3-servil-mt,16384,323,1004642,4904569,13589113,1006225,0,0,0,LentMessages,1039711,1039711,4920898,13589114,1041260,0,0,0,1023401,4948240,13589113,1024898,0,0,0,solo and shared
8,28,sha256,16384,143,1021411,4933587,6073788,1023731,0,0,0,LentMessages,1004597,1001804,4895886,6073787,1003673,0,0,0,1004597,4907235,6073787,1006678,0,0,0,solo and shared
8,29,blake3-servil-st,16384,321,1018141,4874126,13504017,1029616,0,0,0,LentMessages,1000261,996686,4865851,13504014,997987,0,0,0,1000261,4887591,13504014,1001696,0,0,0,solo and shared
9,0,blake3-servil-mt,1048576,11,1056438,4931694,4559709,1058103,0,0,0,LentMessages,1064048,1061868,4875939,4281328,1063661,0,0,0,1064048,4979827,4391613,1066012,0,0,0,solo and shared
9,1,blake3-servil-st,1048576,5,1156620,5423754,13144744,1158390,0,0,0,LentMessages,1173774,1159968,5438928,13144744,1160919,0,0,0,1173774,5503737,13144744,1174794,0,0,0,solo and shared
9,2,sha256,1048576,2,979032,4590432,5376065,979964,0,0,0,LentMessages,984761,979303,4596080,5376065,980237,0,0,0,984761,4621391,5376065,985818,0,0,0,solo and shared
9,2,blake3-servil-mt,64,2048,109708,502975,706729,110397,0,0,0,ContinuousMessages,239805,239805,584455,720596,141257,0,0,0,239397,612758,719772,167482,0,0,0,solo and shared
9,3,sha256,64,16004,1002890,4904722,9955638,1003440,0,0,0,ContinuousMessages,1012225,1012225,4912231,9955638,1013452,0,0,0,1010150,4909519,9955638,1010728,0,0,0,solo and shared
9,4,blake3-servil-mt,1024,2842,419309,1664199,1322579,386171,0,0,0,ContinuousMessages,563107,563107,1750481,1337236,441326,0,0,0,434871,1687992,1316132,393694,0,0,0,solo and shared
9,5,sha256,1024,2048,1015510,4713006,6544511,973704,0,0,0,ContinuousMessages,976873,975104,4722315,6544510,976396,0,0,0,976873,4730853,6544510,978195,0,0,0,solo and shared
9,6,blake3-servil-mt,16384,271,320225,1453963,322950,317972,0,0,0,ContinuousMessages,597181,597181,2631453,328431,589855,0,0,0,552761,2500288,328074,548585,0,0,0,solo and shared
9,7,sha256,16384,141,984565,4819228,5988292,985991,0,0,0,ContinuousMessages,988474,986336,4822311,5988292,987713,0,0,0,988474,4829279,5988292,989839,0,0,0,solo and shared
9,8,blake3-servil-mt,65536,73,308890,1283060,89983,290726,0,0,0,ContinuousMessages,314864,314864,1236905,89391,291733,0,0,0,302431,1131171,90035,270830,0,0,0,solo and shared
9,9,sha256,65536,34,970186,4729496,5727226,971097,0,0,0,ContinuousMessages,970695,970695,4735857,5727226,972035,0,0,0,969685,4731962,5727226,971037,0,0,0,solo and shared
9,10,blake3-servil-mt,1048576,17,1004148,4128963,291852,917221,0,0,0,ContinuousMessages,975982,956101,4170897,291527,918723,0,0,0,975982,4223417,290829,936312,0,0,0,solo and shared
9,11,sha256,1048576,2,927797,4505416,5379420,929385,0,0,0,ContinuousMessages,922154,922154,4495739,5379420,922843,0,0,0,917471,4478459,5379420,918250,0,0,0,solo and shared
9,18,blake3-servil-mt,64,21882,983070,4800729,15865599,983703,0,0,0,LentMessages,985696,985696,4804805,15865599,986978,0,0,0,985671,4806645,15865599,986280,0,0,0,solo and shared
9,19,blake3-servil-st,64,21610,972976,4763732,15603569,973577,0,0,0,LentMessages,982749,982749,4791755,15603569,984103,0,0,0,980088,4786431,15603569,980715,0,0,0,solo and shared
9,20,sha256,64,15319,959738,4699063,9590843,960323,0,0,0,LentMessages,985403,985403,4713622,9590843,986698,0,0,0,980185,4699595,9590843,980796,0,0,0,solo and shared
9,21,blake3-servil-mt,1024,1332,983968,4809947,10699773,984551,0,0,0,LentMessages,985960,985960,4809496,10699773,987280,0,0,0,983692,4805114,10699773,984264,0,0,0,solo and shared
9,22,blake3-servil-st,1024,1327,1025895,4795812,10655633,986278,0,0,0,LentMessages,985804,985804,4797996,10655632,987101,0,0,0,981880,4789751,10655632,982520,0,0,0,solo and shared
9,23,sha256,1024,2094,986365,4806922,6699855,987715,0,0,0,LentMessages,998052,998052,4826996,6699855,999361,0,0,0,996789,4827428,6699855,997445,0,0,0,solo and shared
9,24,blake3-servil-mt,16384,323,1043614,4905439,13589113,1044970,0,0,0,LentMessages,1052934,1033107,4893697,13589113,1034436,0,0,0,1052934,4906998,13589113,1053553,0,0,0,solo and shared
9,25,blake3-servil-st,16384,321,1016643,4865883,13504014,1018018,0,0,0,LentMessages,996938,996143,4857740,13504014,996758,0,0,0,996938,4861758,13504014,997571,0,0,0,solo and shared
9,26,sha256,16384,143,1004328,4885913,6073787,1005688,0,0,0,LentMessages,1003917,1003917,4888747,6073787,1005232,0,0,0,1003495,4894160,6073787,1004115,0,0,0,solo and shared
9,27,blake3-servil-mt,65536,78,1002584,4888616,12890025,1003935,0,0,0,LentMessages,1072321,1024157,4885770,12890025,1025565,0,0,0,1072321,4895806,12890026,1032645,0,0,0,solo and shared
9,28,blake3-servil-st,65536,78,1023516,4894648,12889791,1024963,0,0,0,LentMessages,1024684,1024684,4882785,12889791,1026088,0,0,0,1024522,4885209,12889791,1025950,0,0,0,solo and shared
9,29,sha256,65536,35,997087,4854965,5895779,998501,0,0,0,LentMessages,1019148,1019148,4862389,5895779,1020544,0,0,0,1016538,4848487,5895779,1017894,0,0,0,solo and shared
10,0,sha256,64,16004,1007076,4906761,9955638,1008350,0,0,0,ContinuousMessages,1028152,1026934,4913843,9955638,1028229,0,0,0,1028152,4918126,9955638,1029454,0,0,0,solo and shared
10,1,blake3-servil-mt,64,2048,102336,480879,704934,103795,0,0,0,ContinuousMessages,160743,160743,670337,710971,148835,0,0,0,146460,685622,706613,147325,0,0,0,solo and shared
10,2,sha256,1024,2048,964245,4708797,6544510,965587,0,0,0,ContinuousMessages,1018780,1018780,4727945,6544511,977049,0,0,0,972602,4729814,6544510,973882,0,0,0,solo and shared
10,3,blake3-servil-mt,1024,2842,437023,1554615,1331530,385782,0,0,0,ContinuousMessages,493612,492119,1671985,1325024,429456,0,0,0,493612,1589473,1306557,406768,0,0,0,solo and shared
10,4,sha256,16384,141,990538,4830334,5988292,991297,0,0,0,ContinuousMessages,989363,986258,4818287,5988292,987525,0,0,0,989363,4833306,5988292,990719,0,0,0,solo and shared
10,5,blake3-servil-mt,16384,271,349194,1455591,323145,347265,0,0,0,ContinuousMessages,589811,580419,2656713,328882,579505,0,0,0,589811,2679018,328881,587853,0,0,0,solo and shared
10,6,sha256,65536,34,985571,0,0,0,3717976,5727226,987301,ContinuousMessages,966629,965743,4717269,5727226,967122,0,0,0,966629,4714521,5727226,968001,0,0,0,solo and shared
10,7,blake3-servil-mt,65536,73,359504,0,0,0,993733,89414,300752,ContinuousMessages,290357,290357,1034351,90342,248299,0,0,0,281272,1035426,90589,248871,0,0,0,solo and shared
10,8,sha256,1048576,2,935887,4538793,5379420,936910,0,0,0,ContinuousMessages,931525,920526,4495667,5379420,922078,0,0,0,931525,4553600,5379420,932256,0,0,0,solo and shared
10,9,blake3-servil-mt,1048576,17,891666,3862344,290055,866110,0,0,0,ContinuousMessages,958943,958943,4034036,289051,883225,0,0,0,951024,4106094,288815,896011,0,0,0,solo and shared
10,15,sha256,64,15319,986361,4712856,9590844,977974,0,0,0,LentMessages,967572,964978,4714798,9590843,966288,0,0,0,967572,4727656,9590843,969021,0,0,0,solo and shared
10,16,blake3-servil-mt,64,21882,981758,4796812,15865599,983135,0,0,0,LentMessages,987073,982661,4803110,15865599,984021,0,0,0,987073,4824730,15865599,988502,0,0,0,solo and shared
10,17,blake3-servil-st,64,21610,979506,4778411,15603569,980931,0,0,0,LentMessages,985657,985657,4817972,15603569,987425,0,0,0,981978,4799201,15603569,983387,0,0,0,solo and shared
10,18,sha256,1024,2094,983604,4807807,6699855,985030,0,0,0,LentMessages,991391,989152,4827293,6699855,990444,0,0,0,991391,4837572,6699855,992796,0,0,0,solo and shared
10,19,blake3-servil-mt,1024,1332,1006233,4821024,10699773,1007992,0,0,0,LentMessages,986910,986910,4821636,10699773,988351,0,0,0,985981,4816582,10699773,987537,0,0,0,solo and shared
10,20,blake3-servil-st,1024,1327,981725,4789443,10655632,983395,0,0,0,LentMessages,1267863,1267863,4797772,10655633,989955,0,0,0,982545,4801863,10655632,984046,0,0,0,solo and shared
10,21,sha256,16384,143,1024201,4941102,6073788,1026561,0,0,0,LentMessages,1024476,1024476,4897505,6073787,1026198,0,0,0,1021371,4914208,6073787,1023237,0,0,0,solo and shared
10,22,blake3-servil-mt,16384,323,1001795,4911885,13589113,1002462,0,0,0,LentMessages,1006962,1001997,4893558,13589113,1003321,0,0,0,1006962,4916462,13589113,1008439,0,0,0,solo and shared
10,23,blake3-servil-st,16384,321,988387,4865768,13504014,989803,0,0,0,LentMessages,1003537,997946,4862064,13504014,999246,0,0,0,1003537,4886044,13504014,1005007,0,0,0,solo and shared
10,24,sha256,65536,35,1004990,4867211,5895783,995913,0,0,0,LentMessages,1078270,1000356,4883874,5895779,1001705,0,0,0,1078270,4894827,5895780,1010368,0,0,0,solo and shared
10,25,blake3-servil-mt,65536,78,1017520,4896223,12890025,1018897,0,0,0,LentMessages,1031271,1031271,4889064,12890025,1032616,0,0,0,1027548,4881656,12890025,1028929,0,0,0,solo and shared
10,26,blake3-servil-st,65536,78,999809,4883857,12889791,1001170,0,0,0,LentMessages,999669,998595,4881561,12889791,999945,0,0,0,999669,4886083,12889791,1001000,0,0,0,solo and shared
10,27,sha256,1048576,2,1039573,5078111,5376065,1041086,0,0,0,LentMessages,1058167,1055336,5153831,5376065,1056836,0,0,0,1058167,5167637,5376065,1059667,0,0,0,solo and shared
10,28,blake3-servil-mt,1048576,11,1025120,4619352,5603252,1022470,0,0,0,LentMessages,1333497,1333497,1860118,1024879,407186,2683964,1509401,756151,879314,4055344,3300617,878459,0,0,0,solo and shared
10,29,blake3-servil-st,1048576,5,1158761,5432629,13144744,1160578,0,0,0,LentMessages,1159287,1150177,5398313,13144744,1151043,0,0,0,1159287,5440768,13144744,1160193,0,0,0,solo and shared
11,0,blake3-servil-mt,1024,2842,368352,1369685,1306484,332871,0,0,0,ContinuousMessages,429658,429658,1454214,1314005,364184,0,0,0,426261,1530622,1314344,377752,0,0,0,solo and shared
11,1,sha256,1024,2048,965238,4708009,6544510,965834,0,0,0,ContinuousMessages,988394,987064,4722507,6544510,988345,0,0,0,988394,4730284,6544510,989699,0,0,0,solo and shared
11,2,blake3-servil-mt,16384,271,352602,1422025,322892,348586,0,0,0,ContinuousMessages,563687,544629,2498635,331796,541207,0,0,0,563687,2542996,328150,561063,0,0,0,solo and shared
11,3,sha256,16384,141,994505,0,0,0,3732040,5988292,996033,ContinuousMessages,990742,990742,4823336,5988292,992026,0,0,0,990043,4821737,5988292,991396,0,0,0,solo and shared
11,4,blake3-servil-mt,65536,73,398258,0,0,0,1055338,88942,311239,ContinuousMessages,314653,296442,1208609,89689,276174,0,0,0,314653,1291667,89687,294219,0,0,0,solo and shared
11,5,sha256,65536,34,974161,4717499,5727226,975582,0,0,0,ContinuousMessages,966083,964463,4716058,5727226,965295,0,0,0,966083,4718320,5727226,967423,0,0,0,solo and shared
11,6,blake3-servil-mt,1048576,17,881629,3879511,290109,847211,0,0,0,ContinuousMessages,961116,935269,4083356,289983,896123,0,0,0,961116,4200169,289346,923922,0,0,0,solo and shared
11,7,sha256,1048576,2,934734,4512479,5379420,936384,0,0,0,ContinuousMessages,985186,985186,4518690,5379421,931005,0,0,0,915687,4477651,5379420,916405,0,0,0,solo and shared
11,12,blake3-servil-st,64,21610,986127,4817906,15603569,987527,0,0,0,LentMessages,992422,987360,4778477,15603569,988682,0,0,0,992422,4804027,15603569,993757,0,0,0,solo and shared
11,13,sha256,64,15319,963345,4713786,9590843,964070,0,0,0,LentMessages,964685,964685,4706896,9590843,965968,0,0,0,962612,4703886,9590843,963887,0,0,0,solo and shared
11,14,blake3-servil-mt,64,21882,989331,4824672,15865599,990763,0,0,0,LentMessages,1002454,986201,4804920,15865599,987479,0,0,0,1002454,4802737,15865599,1003754,0,0,0,solo and shared
11,15,blake3-servil-st,1024,1327,978546,4789242,10655632,979272,0,0,0,LentMessages,996469,996469,4803755,10655632,997761,0,0,0,991314,4787905,10655632,992782,0,0,0,solo and shared
11,16,sha256,1024,2094,1011241,4812977,6699855,1012999,0,0,0,LentMessages,1014847,1014847,4826973,6699859,1018795,0,0,0,1012896,4831883,6699855,1014225,0,0,0,solo and shared
11,17,blake3-servil-mt,1024,1332,1007641,4822260,10699773,1009159,0,0,0,LentMessages,1007719,1002183,4810514,10699777,996954,0,0,0,1007719,4800966,10699773,1008995,0,0,0,solo and shared
11,18,blake3-servil-st,16384,321,1002553,4882653,13504014,1005112,0,0,0,LentMessages,1027775,1027775,4870662,13504014,1029096,0,0,0,999769,4868685,13504014,1001126,0,0,0,solo and shared
11,19,sha256,16384,143,1003386,4896806,6073787,1004825,0,0,0,LentMessages,1003412,1003412,4885951,6073787,1004756,0,0,0,1003354,4886655,6073787,1004693,0,0,0,solo and shared
11,20,blake3-servil-mt,16384,323,1016710,4913703,13589113,1018402,0,0,0,LentMessages,1005270,1005078,4893802,13589113,1006388,0,0,0,1005270,4896089,13589113,1006619,0,0,0,solo and shared
11,21,blake3-servil-st,65536,78,1052319,4911611,12889792,1012813,0,0,0,LentMessages,1004523,1004523,4890621,12889791,1005873,0,0,0,1003642,4888489,12889791,1005044,0,0,0,solo and shared
11,22,sha256,65536,35,997867,4863812,5895779,999265,0,0,0,LentMessages,996752,996752,4851894,5895779,998164,0,0,0,995337,4848455,5895779,996698,0,0,0,solo and shared
11,23,blake3-servil-mt,65536,78,1040772,4912471,12890026,1042244,0,0,0,LentMessages,1002429,1002429,4888874,12890026,1003736,0,0,0,999661,4873158,12890025,1001045,0,0,0,solo and shared
11,24,blake3-servil-st,1048576,5,1161873,5673691,13144744,1163411,0,0,0,LentMessages,1208077,1194707,5751053,13144744,1196206,0,0,0,1208077,5818694,13144744,1209635,0,0,0,solo and shared
11,25,sha256,1048576,2,941426,4580462,5376065,942935,0,0,0,LentMessages,957849,957676,4583348,5376065,959163,0,0,0,957849,4589918,5376065,958672,0,0,0,solo and shared
11,26,blake3-servil-mt,1048576,11,1088972,4989907,6182598,1090329,0,0,0,LentMessages,992258,992258,4582828,4550331,993908,0,0,0,990583,4631808,4577867,992431,0,0,0,solo and shared
11,18,blake3-servil-mt,64,2048,113079,523362,704988,114596,0,0,0,ContinuousMessages,142596,142596,506509,710601,119604,0,0,0,139037,537180,706151,133543,0,0,0,solo and shared
11,19,sha256,64,16004,1050530,4925746,9955638,1051155,0,0,0,ContinuousMessages,1051625,1047665,4914127,9955638,1048279,0,0,0,1051625,4935617,9955638,1052354,0,0,0,solo and shared
12,0,sha256,16384,141,1031001,4831978,5988293,1031598,0,0,0,ContinuousMessages,1030650,1030650,4832717,5988292,1032051,0,0,0,1028634,4818839,5988292,1030006,0,0,0,solo and shared
12,1,blake3-servil-mt,16384,271,347938,1478334,322922,346271,0,0,0,ContinuousMessages,565670,565670,2577913,328010,563936,0,0,0,557242,2518597,328819,555361,0,0,0,solo and shared
12,2,sha256,65536,34,969131,4720929,5727226,970047,0,0,0,ContinuousMessages,987427,987302,4722402,5727226,988705,0,0,0,987427,4720515,5727226,988788,0,0,0,solo and shared
12,3,blake3-servil-mt,65536,73,371354,1274641,89241,284261,0,0,0,ContinuousMessages,369768,343655,1452292,88800,327201,0,0,0,369768,1482567,90443,349944,0,0,0,solo and shared
12,4,sha256,1048576,2,1048684,4569113,5296009,942283,84076,83337,29985,ContinuousMessages,965395,925650,4506998,5379420,927181,0,0,0,965395,4693306,5379420,966883,0,0,0,solo and shared
12,5,blake3-servil-mt,1048576,17,965309,4020408,289799,888750,0,0,0,ContinuousMessages,1010750,988026,4471560,290614,981701,0,0,0,1010750,4510105,289775,992209,0,0,0,solo and shared
12,9,sha256,64,15319,972863,4738285,9590843,975835,0,0,0,LentMessages,964983,964983,4713693,9590843,966367,0,0,0,964445,4711990,9590843,965865,0,0,0,solo and shared
12,10,blake3-servil-st,64,21610,983258,4791611,15603569,984913,0,0,0,LentMessages,1567313,982334,4805496,15603569,983113,0,0,0,1567313,0,0,0,5933630,15603569,1569063,solo and shared
12,11,blake3-servil-mt,64,21882,1003024,4905492,15865599,1004478,0,0,0,LentMessages,1483329,990352,4809445,15865599,991915,0,0,0,1483329,1288363,4235960,267628,4407924,11629565,1170336,solo and shared
12,12,sha256,1024,2094,984179,4809271,6699855,985497,0,0,0,LentMessages,989492,987919,4826363,6699855,989210,0,0,0,989492,4832350,6699855,990810,0,0,0,solo and shared
12,13,blake3-servil-st,1024,1327,979677,4789490,10655632,981007,0,0,0,LentMessages,981126,981126,4791701,10655632,982387,0,0,0,980127,4784021,10655633,980739,0,0,0,solo and shared
12,14,blake3-servil-mt,1024,1332,984900,4809404,10699773,986255,0,0,0,LentMessages,989428,989428,4817516,10699773,990799,0,0,0,987193,4806956,10699773,988469,0,0,0,solo and shared
12,15,sha256,16384,143,1013540,4890938,6073787,1014931,0,0,0,LentMessages,1024438,1003949,4903135,6073787,1005250,0,0,0,1024438,4891510,6073787,1025731,0,0,0,solo and shared
12,16,blake3-servil-st,16384,321,1068801,4887173,13504015,1030145,0,0,0,LentMessages,1005538,1005538,4867904,13504014,1006844,0,0,0,995329,4863070,13504014,996681,0,0,0,solo and shared
12,17,blake3-servil-mt,16384,323,985601,4896497,13589113,986258,0,0,0,LentMessages,1001624,1000843,4890907,13589113,1002175,0,0,0,1001624,4895703,13589113,1002922,0,0,0,solo and shared
12,18,sha256,65536,35,996923,4870946,5895779,998297,0,0,0,LentMessages,995845,995845,4868980,5895779,997238,0,0,0,993623,4861141,5895779,994285,0,0,0,solo and shared
12,19,blake3-servil-st,65536,78,984690,4895771,12889791,986081,0,0,0,LentMessages,1079198,1001119,4886658,12889791,1002492,0,0,0,1079198,4892512,12889792,1038522,0,0,0,solo and shared
12,20,blake3-servil-mt,65536,78,990252,4887521,12890025,991657,0,0,0,LentMessages,1000956,1000956,4885842,12890025,1002325,0,0,0,998955,4875526,12890025,1000316,0,0,0,solo and shared
12,21,sha256,1048576,2,996676,4914718,5376065,998210,0,0,0,LentMessages,1024011,1024011,4998523,5376065,1025494,0,0,0,1021851,4989940,5376065,1023301,0,0,0,solo and shared
12,22,blake3-servil-st,1048576,5,1107701,5357691,13144745,1109241,0,0,0,LentMessages,1099093,1096434,5355728,13144744,1097934,0,0,0,1099093,5369085,13144744,1100590,0,0,0,solo and shared
12,23,blake3-servil-mt,1048576,11,1000540,4669444,5294445,1002225,0,0,0,LentMessages,986802,986802,4608985,4555087,988371,0,0,0,985446,4604281,4516999,987187,0,0,0,solo and shared
12,16,sha256,64,16004,1049287,4923151,9955638,1050738,0,0,0,ContinuousMessages,1045767,1045286,4907843,9955638,1045928,0,0,0,1045767,4911639,9955638,1046558,0,0,0,solo and shared
12,17,blake3-servil-mt,64,2048,152618,642151,705115,153295,0,0,0,ContinuousMessages,184775,184775,524343,713898,134872,0,0,0,178059,650525,718852,154914,0,0,0,solo and shared
12,18,sha256,1024,2048,1010902,4708120,6544511,1006569,0,0,0,ContinuousMessages,1008484,1006007,4721331,6544510,1006605,0,0,0,1008484,4730530,6544510,1009829,0,0,0,solo and shared
12,19,blake3-servil-mt,1024,2842,416244,1564317,1317402,380354,0,0,0,ContinuousMessages,505099,504713,1658894,1309784,412023,0,0,0,505099,1832193,1333042,437247,0,0,0,solo and shared
13,0,blake3-servil-mt,65536,73,251912,1024090,89527,231424,0,0,0,ContinuousMessages,308042,290772,1173104,89358,273030,0,0,0,308042,1224022,89422,281648,0,0,0,solo and shared
13,1,sha256,65536,34,986478,4714654,5727226,987221,0,0,0,ContinuousMessages,984259,983058,4713295,5727226,983756,0,0,0,984259,4714955,5727226,985626,0,0,0,solo and shared
13,2,blake3-servil-mt,1048576,17,842661,3825930,289144,817488,0,0,0,ContinuousMessages,983791,968109,4109900,290342,898146,0,0,0,983791,4197574,288451,919671,7632,1289,9274,solo and shared
13,3,sha256,1048576,2,924607,4505252,5379420,926181,0,0,0,ContinuousMessages,922109,922109,4502461,5379420,923615,0,0,0,921838,0,0,0,3490307,5379420,923320,solo and shared
13,6,blake3-servil-st,64,21610,987446,4814182,15603569,988834,0,0,0,LentMessages,1567355,980277,4796907,15603569,980913,0,0,0,1567355,0,0,0,5942281,15603569,1568635,solo and shared
13,7,blake3-servil-mt,64,21882,966876,4804048,15865599,968187,0,0,0,LentMessages,1161135,983459,4806417,15865599,984807,0,0,0,1161135,3867727,12744981,806612,1172082,3120543,313318,solo and shared
13,8,sha256,64,15319,962741,4710261,9590843,964055,0,0,0,LentMessages,966419,963503,4707570,9590843,964808,0,0,0,966419,4720971,9590843,967741,0,0,0,solo and shared
13,9,blake3-servil-st,1024,1327,964304,4789424,10655632,965672,0,0,0,LentMessages,983410,983410,4801898,10655632,984696,0,0,0,980765,4786600,10655632,982043,0,0,0,solo and shared
13,10,blake3-servil-mt,1024,1332,962820,4810177,10699772,964131,0,0,0,LentMessages,987703,987703,4821108,10699773,988994,0,0,0,984355,4805972,10699773,985637,0,0,0,solo and shared
13,11,sha256,1024,2094,986083,4808157,6699855,987408,0,0,0,LentMessages,988263,987803,4826731,6699855,989116,0,0,0,988263,4831437,6699855,989537,0,0,0,solo and shared
13,12,blake3-servil-st,16384,321,1005422,4875069,13504014,1006814,0,0,0,LentMessages,1047942,1047942,4883287,13504015,1010138,0,0,0,1005151,4878405,13504014,1006477,0,0,0,solo and shared
13,13,blake3-servil-mt,16384,323,1001852,4894308,13589113,1003195,0,0,0,LentMessages,1003043,1003043,4896469,13589113,1004334,0,0,0,1002567,4894421,13589113,1003877,0,0,0,solo and shared
13,14,sha256,16384,143,999230,4885561,6073787,1000566,0,0,0,LentMessages,1000870,999588,4886740,6073787,1000177,0,0,0,1000870,4886756,6073787,1002176,0,0,0,solo and shared
13,15,blake3-servil-st,65536,78,1000825,4893014,12889791,1002223,0,0,0,LentMessages,1014881,1014881,4892163,12889791,1016245,0,0,0,1002059,4892193,12889791,1003411,0,0,0,solo and shared
13,16,blake3-servil-mt,65536,78,1001209,4887497,12890025,1002601,0,0,0,LentMessages,999388,999388,4881998,12890025,1000740,0,0,0,998795,4876726,12890025,1000134,0,0,0,solo and shared
13,17,sha256,65536,35,993071,4853533,5895779,994440,0,0,0,LentMessages,994141,994141,4851755,5895779,995492,0,0,0,993808,4849038,5895779,995138,0,0,0,solo and shared
13,18,blake3-servil-st,1048576,5,1120716,5478644,13144744,1122284,0,0,0,LentMessages,1177207,1150798,5600366,13144745,1152419,0,0,0,1177207,5731232,13144745,1178767,0,0,0,solo and shared
13,19,blake3-servil-mt,1048576,11,1113126,5199722,6288557,1114818,0,0,0,LentMessages,1001932,1001932,4674774,4799218,1003759,0,0,0,1001105,4681512,4514101,1002956,0,0,0,solo and shared
13,20,sha256,1048576,2,997248,4626804,5376066,992761,0,0,0,LentMessages,998489,990018,4642078,5376065,991061,0,0,0,998489,4681143,5376065,1000346,0,0,0,solo and shared
13,14,blake3-servil-mt,64,2048,115391,456676,706934,105603,0,0,0,ContinuousMessages,213218,212631,619867,712895,174298,0,0,0,213218,557407,716380,157891,0,0,0,solo and shared
13,15,sha256,64,16004,1048637,4916383,9955638,1050073,0,0,0,ContinuousMessages,1037091,1034536,4924461,9955638,1035316,0,0,0,1037091,4940449,9955638,1038509,0,0,0,solo and shared
13,16,blake3-servil-mt,1024,2842,417406,1547577,1303403,380316,0,0,0,ContinuousMessages,473732,471511,1609187,1308585,404025,0,0,0,473732,1706579,1320668,416538,0,0,0,solo and shared
13,17,sha256,1024,2048,983958,4710222,6544510,984951,0,0,0,ContinuousMessages,987766,984822,4719724,6544510,985451,0,0,0,987766,4729652,6544510,989095,0,0,0,solo and shared
13,18,blake3-servil-mt,16384,271,385522,1627029,323855,382988,0,0,0,ContinuousMessages,617129,617129,2825247,328477,614446,0,0,0,608110,2775877,328899,604851,0,0,0,solo and shared
13,19,sha256,16384,141,1007611,4848800,5988293,1010679,0,0,0,ContinuousMessages,1090269,994709,4839194,5988292,996534,0,0,0,1090269,4853332,5988294,1009610,0,0,0,solo and shared
14,0,sha256,1048576,2,966448,4710830,5379420,968054,0,0,0,ContinuousMessages,951951,928632,4534161,5379420,930040,0,0,0,951951,4634714,5379420,953377,0,0,0,solo and shared
14,1,blake3-servil-mt,1048576,17,939021,4005427,289842,892770,0,0,0,ContinuousMessages,993754,983454,4388641,288899,955243,0,0,0,993754,4429228,288420,964134,0,0,0,solo and shared
14,3,blake3-servil-mt,64,21882,989843,4823101,15865599,990798,0,0,0,LentMessages,1003255,1002485,4804784,15865599,1003772,0,0,0,1003255,4804316,15865599,1004729,0,0,0,solo and shared
14,4,sha256,64,15319,965181,4714653,9590843,965786,0,0,0,LentMessages,966645,965764,4705309,9590843,967061,0,0,0,966645,4710446,9590843,967938,0,0,0,solo and shared
14,5,blake3-servil-st,64,21610,984343,4799995,15603569,985728,0,0,0,LentMessages,1017784,1017784,4798259,15603570,1008688,0,0,0,1015421,4801961,15603569,1016728,0,0,0,solo and shared
14,6,blake3-servil-mt,1024,1332,983224,4809823,10699773,984008,0,0,0,LentMessages,984881,984075,4808464,10699773,984712,0,0,0,984881,4810215,10699773,986176,0,0,0,solo and shared
14,7,sha256,1024,2094,984749,4805551,6699855,986125,0,0,0,LentMessages,989873,986099,4822980,6699855,986659,0,0,0,989873,4831602,6699855,991145,0,0,0,solo and shared
14,8,blake3-servil-st,1024,1327,978396,4786684,10655632,979051,0,0,0,LentMessages,980291,980225,4795908,10655632,980780,0,0,0,980291,4785415,10655632,981560,0,0,0,solo and shared
14,9,blake3-servil-mt,16384,323,1014060,4903892,13589113,1015436,0,0,0,LentMessages,1008904,1008904,4898676,13589113,1009513,0,0,0,1003758,4902021,13589113,1005059,0,0,0,solo and shared
14,10,sha256,16384,143,1000327,4886084,6073787,1001706,0,0,0,LentMessages,999475,996701,4882048,6073787,997297,0,0,0,999475,4886992,6073787,1000801,0,0,0,solo and shared
14,11,blake3-servil-st,16384,321,996971,4863844,13504014,998447,0,0,0,LentMessages,995081,994049,4865520,13504014,994649,0,0,0,995081,4864147,13504014,996435,0,0,0,solo and shared
14,12,blake3-servil-mt,65536,78,1001502,4902883,12890025,1002110,0,0,0,LentMessages,1003446,1001067,4900206,12890025,1001626,0,0,0,1003446,4900238,12890025,1004833,0,0,0,solo and shared
14,13,sha256,65536,35,993358,4854374,5895779,994754,0,0,0,LentMessages,992283,991384,4853349,5895779,991986,0,0,0,992283,4849554,5895779,993667,0,0,0,solo and shared
14,14,blake3-servil-st,65536,78,1000092,4887727,12889791,1001504,0,0,0,LentMessages,1020289,1020289,4881197,12889791,1020866,0,0,0,1004241,4887736,12889791,1005650,0,0,0,solo and shared
14,15,blake3-servil-mt,1048576,11,1187676,5393272,6139167,1189483,0,0,0,LentMessages,1055980,1054104,4829664,4464446,1044858,0,0,0,1055980,4934267,4475690,1057910,0,0,0,solo and shared
14,16,sha256,1048576,2,985312,4621157,5376065,986950,0,0,0,LentMessages,988702,987008,4628003,5376065,987856,0,0,0,988702,4636768,5376065,989584,0,0,0,solo and shared
14,17,blake3-servil-st,1048576,5,1143853,5390299,13144744,1144663,0,0,0,LentMessages,1149241,1132221,5360453,13144744,1133753,0,0,0,1149241,5413569,13144744,1150830,0,0,0,solo and shared
14,12,sha256,64,16004,1007414,4916876,9955638,1008784,0,0,0,ContinuousMessages,1006297,1006297,4919518,9955638,1007577,0,0,0,1003586,4904409,9955638,1004884,0,0,0,solo and shared
14,13,blake3-servil-mt,64,2048,136416,587333,705528,133048,0,0,0,ContinuousMessages,286160,286160,559020,707333,140795,0,0,0,186371,694338,723954,166948,0,0,0,solo and shared
14,14,sha256,1024,2048,983854,4705948,6544510,984486,0,0,0,ContinuousMessages,1010278,1008940,4722944,6544510,1010253,0,0,0,1010278,4731689,6544510,1011617,0,0,0,solo and shared
14,15,blake3-servil-mt,1024,2842,509272,1693867,1353713,384755,0,0,0,ContinuousMessages,531599,531599,1839757,1327955,462979,0,0,0,510118,1688085,1310743,422222,0,0,0,solo and shared
14,16,sha256,16384,141,988090,4819897,5988292,989506,0,0,0,ContinuousMessages,989312,989312,4831854,5988292,990589,0,0,0,989069,4832668,5988292,990414,0,0,0,solo and shared
14,17,blake3-servil-mt,16384,271,342235,1480922,323440,340659,0,0,0,ContinuousMessages,620995,612488,2779902,329546,608195,0,0,0,620995,2822315,328018,619416,0,0,0,solo and shared
14,18,sha256,65536,34,968808,4722447,5727226,970325,0,0,0,ContinuousMessages,965715,963822,4714987,5727226,964421,0,0,0,965715,4717674,5727226,967044,0,0,0,solo and shared
14,19,blake3-servil-mt,65536,73,332946,1174506,89575,265297,0,0,0,ContinuousMessages,326884,322165,1235745,89341,293388,0,0,0,326884,1274101,90700,300206,0,0,0,solo and shared
15,0,blake3-servil-mt,64,21882,986119,4800935,15865599,987481,0,0,0,LentMessages,983414,983414,4805071,15865599,984704,0,0,0,982879,4805140,15865599,984167,0,0,0,solo and shared
15,1,blake3-servil-st,64,21610,980115,4787718,15603569,981430,0,0,0,LentMessages,1029054,986343,4818260,15603569,987629,0,0,0,1029054,4789252,15603570,986599,0,0,0,solo and shared
15,2,sha256,64,15319,965708,4718676,9590843,966992,0,0,0,LentMessages,964905,964905,4710769,9590843,966177,0,0,0,962689,4703524,9590843,963976,0,0,0,solo and shared
15,3,blake3-servil-mt,1024,1332,983897,4807720,10699773,985196,0,0,0,LentMessages,986703,986703,4817424,10699773,987972,0,0,0,983350,4800318,10699773,984643,0,0,0,solo and shared
15,4,blake3-servil-st,1024,1327,979469,4784242,10655632,980758,0,0,0,LentMessages,982390,982390,4798412,10655632,983677,0,0,0,980341,4791000,10655632,981627,0,0,0,solo and shared
15,5,sha256,1024,2094,983797,4807174,6699855,985095,0,0,0,LentMessages,988319,988319,4827105,6699855,989643,0,0,0,988247,4831363,6699855,989536,0,0,0,solo and shared
15,6,blake3-servil-mt,16384,323,1091668,4918348,13589114,1054327,0,0,0,LentMessages,1026181,1026181,4902502,13589113,1027497,0,0,0,1010676,4905328,13589113,1011956,0,0,0,solo and shared
15,7,blake3-servil-st,16384,321,992853,4872298,13504014,993519,0,0,0,LentMessages,996394,995022,4861475,13504014,996303,0,0,0,996394,4866627,13504014,997744,0,0,0,solo and shared
15,8,sha256,16384,143,1000623,4885709,6073787,1001974,0,0,0,LentMessages,1000164,997877,4882995,6073787,998494,0,0,0,1000164,4887883,6073787,1001485,0,0,0,solo and shared
15,9,blake3-servil-mt,65536,78,1001802,4897286,12890025,1003211,0,0,0,LentMessages,1005763,1005763,4893066,12890025,1007086,0,0,0,999054,4880881,12890025,1000398,0,0,0,solo and shared
15,10,blake3-servil-st,65536,78,1000098,4885051,12889791,1001492,0,0,0,LentMessages,1000963,1000963,4889499,12889791,1002344,0,0,0,998284,4878667,12889791,999774,0,0,0,solo and shared
15,11,sha256,65536,35,997113,4860847,5895779,998557,0,0,0,LentMessages,995251,995251,4853989,5895779,996616,0,0,0,994342,4850047,5895779,995813,0,0,0,solo and shared
15,12,blake3-servil-mt,1048576,11,1012487,4708521,4108107,1014154,0,0,0,LentMessages,1083422,1083422,5056334,4537484,1085455,0,0,0,1081470,5058968,4460291,1083392,0,0,0,solo and shared
15,13,blake3-servil-st,1048576,5,2155738,2048584,5128666,444299,6080194,8016004,1701359,LentMessages,1184030,1184030,5453434,13144744,1186061,0,0,0,1173483,5535074,13144744,1175777,0,0,0,solo and shared
15,14,sha256,1048576,2,976330,4666534,5376065,978291,0,0,0,LentMessages,996400,989115,4700919,5376065,991746,0,0,0,996400,4731976,5376065,1000484,0,0,0,solo and shared
15,10,blake3-servil-mt,64,2048,157549,696511,706209,159198,0,0,0,ContinuousMessages,217290,217054,591384,707763,141731,0,0,0,217290,569607,707700,144683,0,0,0,solo and shared
15,11,sha256,64,16004,1031386,4932253,9955638,1032832,0,0,0,ContinuousMessages,1039242,1038783,4915173,9955638,1040099,0,0,0,1039242,4921245,9955638,1039898,0,0,0,solo and shared
15,12,blake3-servil-mt,1024,2842,433688,1643926,1331951,390427,0,0,0,ContinuousMessages,510380,510380,1810778,1326728,443309,0,0,0,509417,1689777,1316237,428923,0,0,0,solo and shared
15,13,sha256,1024,2048,971950,4707671,6544510,973345,0,0,0,ContinuousMessages,967335,965879,4722209,6544510,967167,0,0,0,967335,4729575,6544510,967889,0,0,0,solo and shared
15,14,blake3-servil-mt,16384,271,354156,1514016,323592,352141,0,0,0,ContinuousMessages,615290,615290,2814516,328075,613853,0,0,0,592718,2697057,336615,588889,0,0,0,solo and shared
15,15,sha256,16384,141,990911,4827139,5988292,993066,0,0,0,ContinuousMessages,987047,987047,4819945,5988292,988336,0,0,0,986298,4820165,5988292,987565,0,0,0,solo and shared
15,16,blake3-servil-mt,65536,73,298578,1245434,89537,279278,0,0,0,ContinuousMessages,313714,313714,1244471,90023,290023,0,0,0,310988,1198940,89551,281458,0,0,0,solo and shared
15,17,sha256,65536,34,970990,4725057,5727226,972414,0,0,0,ContinuousMessages,972385,972385,4733045,5727226,973773,0,0,0,972063,4726704,5727226,973437,0,0,0,solo and shared
15,18,blake3-servil-mt,1048576,17,942815,4024757,289013,870377,0,0,0,ContinuousMessages,1072040,950620,4308581,289433,937513,0,0,0,1072040,4434369,289383,974275,0,0,0,solo and shared
15,19,sha256,1048576,2,949273,4628801,5379421,945098,0,0,0,ContinuousMessages,948305,926290,4514018,5379420,927740,0,0,0,948305,4493736,5379420,949804,0,0,0,solo and shared
16,0,sha256,1024,2094,974910,4806276,6699855,975484,0,0,0,LentMessages,988863,988562,4828182,6699855,989814,0,0,0,988863,4831240,6699855,990155,0,0,0,solo and shared
16,1,blake3-servil-mt,1024,1332,966596,4801648,10699773,967161,0,0,0,LentMessages,986221,986221,4813326,10699773,987485,0,0,0,985306,4810069,10699773,986580,0,0,0,solo and shared
16,2,blake3-servil-st,1024,1327,971032,4788142,10655632,971585,0,0,0,LentMessages,983034,983034,4800723,10655632,984320,0,0,0,979248,4782969,10655632,980537,0,0,0,solo and shared
16,3,sha256,16384,143,989745,4896541,6073787,990289,0,0,0,LentMessages,1003921,1003921,4900358,6073787,1005243,0,0,0,1003500,4900623,6073787,1004848,0,0,0,solo and shared
16,4,blake3-servil-mt,16384,323,1395363,4903488,13589114,1396725,0,0,0,LentMessages,1022770,1022770,4902469,13589113,1024084,0,0,0,1016498,4897526,13589113,1017849,0,0,0,solo and shared
16,5,blake3-servil-st,16384,321,996221,4869421,13504014,997586,0,0,0,LentMessages,995602,995032,4860976,13504014,996388,0,0,0,995602,4868916,13504014,996914,0,0,0,solo and shared
16,6,sha256,65536,35,992174,4858657,5895779,993526,0,0,0,LentMessages,994080,994080,4856489,5895779,995418,0,0,0,992276,4849517,5895779,993657,0,0,0,solo and shared
16,7,blake3-servil-mt,65536,78,1008567,4893622,12890025,1009939,0,0,0,LentMessages,1029785,1017066,4890944,12890025,1018432,0,0,0,1029785,4883116,12890025,1031130,0,0,0,solo and shared
16,8,blake3-servil-st,65536,78,990484,4888919,12889791,991931,0,0,0,LentMessages,1046305,999783,4880936,12889791,1001160,0,0,0,1046305,4888011,12889792,1007354,0,0,0,solo and shared
16,9,sha256,1048576,2,986897,4817653,5376065,988384,0,0,0,LentMessages,1002740,998732,4874999,5376065,1000232,0,0,0,1002740,4895403,5376065,1004249,0,0,0,solo and shared
16,10,blake3-servil-mt,1048576,11,1122271,5245909,6390153,1123815,0,0,0,LentMessages,989785,919939,4276727,3844638,921692,0,0,0,989785,2663553,2166756,571169,1444173,838135,412374,solo and shared
16,11,blake3-servil-st,1048576,5,1156011,5419882,13144744,1157708,0,0,0,LentMessages,1164586,1150549,5392221,13144745,1151385,0,0,0,1164586,5407378,13144746,1160690,0,0,0,solo and shared
16,8,sha256,64,16004,1043059,4905834,9955638,1043698,0,0,0,ContinuousMessages,1024492,1024492,4922069,9955638,1025802,0,0,0,1023206,4923522,9955638,1023813,0,0,0,solo and shared
16,9,blake3-servil-mt,64,2048,138984,592511,706135,133921,0,0,0,ContinuousMessages,170802,169409,502617,709775,134829,0,0,0,170802,650778,718566,152997,0,0,0,solo and shared
16,10,sha256,1024,2048,985675,4707121,6544510,987084,0,0,0,ContinuousMessages,987311,985234,4719223,6544511,985842,0,0,0,987311,4730216,6544510,988622,0,0,0,solo and shared
16,11,blake3-servil-mt,1024,2842,373905,1473485,1317416,342730,0,0,0,ContinuousMessages,514740,420607,1381327,1305258,356192,0,0,0,514740,1494411,1325697,353306,0,0,0,solo and shared
16,12,sha256,16384,141,988584,4818561,5988292,990300,0,0,0,ContinuousMessages,989763,986100,4818815,5988292,987403,0,0,0,989763,4832905,5988292,991078,0,0,0,solo and shared
16,13,blake3-servil-mt,16384,271,344208,1518025,323296,342452,0,0,0,ContinuousMessages,584853,569679,2610231,328863,569145,0,0,0,584853,2686464,328770,583572,0,0,0,solo and shared
16,14,sha256,65536,34,971470,4733029,5727226,972314,0,0,0,ContinuousMessages,969807,967607,4729935,5727226,968980,0,0,0,969807,4735019,5727226,971219,0,0,0,solo and shared
16,15,blake3-servil-mt,65536,73,315977,1093487,90062,288677,0,0,0,ContinuousMessages,304104,304104,1121581,90845,266967,0,0,0,293396,1122298,90115,260465,0,0,0,solo and shared
16,16,sha256,1048576,2,939562,4567516,5379420,940564,0,0,0,ContinuousMessages,935873,921454,4500771,5379420,922907,0,0,0,935873,4570890,5379420,937404,0,0,0,solo and shared
16,17,blake3-servil-mt,1048576,17,936659,3875393,289974,850027,0,0,0,ContinuousMessages,954601,947565,4166906,291331,915105,0,0,0,954601,4270912,291047,936127,0,0,0,solo and shared
16,27,sha256,64,15319,966944,4718757,9590843,967909,0,0,0,LentMessages,964591,962863,4706977,9590843,964129,0,0,0,964591,4715052,9590843,965975,0,0,0,solo and shared
16,28,blake3-servil-mt,64,21882,987261,4821986,15865599,988601,0,0,0,LentMessages,985213,982777,4806752,15865599,984026,0,0,0,985213,4817076,15865599,986580,0,0,0,solo and shared
16,29,blake3-servil-st,64,21610,1044076,4801612,15603570,1007603,0,0,0,LentMessages,987336,977278,4775658,15603569,978571,0,0,0,987336,4826138,15603569,988725,0,0,0,solo and shared
17,0,blake3-servil-st,16384,321,1019112,4879442,13504015,1020373,0,0,0,LentMessages,1018782,1018782,4873540,13504014,1020106,0,0,0,1012616,4889397,13504014,1014091,0,0,0,solo and shared
17,1,sha256,16384,143,982382,4885959,6073787,983716,0,0,0,LentMessages,1002094,999997,4886232,6073787,1001288,0,0,0,1002094,4893820,6073787,1003535,0,0,0,solo and shared
17,2,blake3-servil-mt,16384,323,1003205,4898963,13589113,1004632,0,0,0,LentMessages,1005337,1001048,4892812,13589113,1002403,0,0,0,1005337,4914479,13589113,1006777,0,0,0,solo and shared
17,3,blake3-servil-st,65536,78,1000715,4891063,12889791,1002106,0,0,0,LentMessages,1012505,1011374,4951477,12889791,1012145,0,0,0,1012505,4950109,12889791,1014098,0,0,0,solo and shared
17,4,sha256,65536,35,996106,4868189,5895779,997648,0,0,0,LentMessages,997091,997091,4854196,5895779,998495,0,0,0,996912,4855961,5895779,998593,0,0,0,solo and shared
17,5,blake3-servil-mt,65536,78,1011303,4909500,12890025,1012777,0,0,0,LentMessages,1046518,1046518,4942318,12890025,1048080,0,0,0,1032045,4912790,12890025,1033847,0,0,0,solo and shared
17,6,blake3-servil-st,1048576,5,1260622,6050570,13144744,1262782,0,0,0,LentMessages,1223211,1197466,5856377,13144744,1198736,0,0,0,1223211,5979454,13144744,1225167,0,0,0,solo and shared
17,7,sha256,1048576,2,951083,4648354,5376065,952194,0,0,0,LentMessages,961515,961515,4682318,5376065,963250,0,0,0,958173,4667493,5376065,959968,0,0,0,solo and shared
17,8,blake3-servil-mt,1048576,11,1237370,4487559,4430761,1238860,0,0,0,LentMessages,1062012,1059869,4942832,4470358,1062763,0,0,0,1062012,4899915,4201392,1057662,0,0,0,solo and shared
17,6,blake3-servil-mt,64,2048,96563,443082,706809,97972,0,0,0,ContinuousMessages,145992,145992,556637,714159,130317,0,0,0,136901,501432,706596,117455,0,0,0,solo and shared
17,7,sha256,64,16004,1057359,4963003,9955638,1058062,0,0,0,ContinuousMessages,1050804,1047503,4915383,9955638,1048208,0,0,0,1050804,4929004,9955638,1051663,0,0,0,solo and shared
17,8,blake3-servil-mt,1024,2842,383261,1337687,1315569,332036,0,0,0,ContinuousMessages,467026,446365,1508139,1311204,378038,0,0,0,467026,1493728,1321413,375966,0,0,0,solo and shared
17,9,sha256,1024,2048,967320,4705152,6544510,968240,0,0,0,ContinuousMessages,987528,987018,4722939,6544510,988348,0,0,0,987528,4728891,6544510,988359,0,0,0,solo and shared
17,10,blake3-servil-mt,16384,271,314626,1362565,323700,311893,0,0,0,ContinuousMessages,560895,527445,2389623,327824,525327,0,0,0,560895,2544130,328703,558717,0,0,0,solo and shared
17,11,sha256,16384,141,1004766,4827552,5988292,1006248,0,0,0,ContinuousMessages,1011153,1011153,4940539,5988292,1012531,0,0,0,985240,4817480,5988292,985812,0,0,0,solo and shared
17,12,blake3-servil-mt,65536,73,367555,1233967,89058,280858,0,0,0,ContinuousMessages,328858,328858,1433883,88916,321810,0,0,0,319302,1334990,89730,305618,0,0,0,solo and shared
17,13,sha256,65536,34,973038,4728140,5727226,973838,0,0,0,ContinuousMessages,992501,992501,4742596,5727226,993955,0,0,0,989865,4733501,5727226,991256,0,0,0,solo and shared
17,14,blake3-servil-mt,1048576,17,916344,4057417,289697,893249,0,0,0,ContinuousMessages,968813,968813,4274649,289609,943721,0,0,0,947159,4283905,289044,934182,0,0,0,solo and shared
17,15,sha256,1048576,2,931485,4541205,5379420,932790,0,0,0,ContinuousMessages,982588,953671,4568169,5379420,954497,0,0,0,982588,4640438,5379421,984122,0,0,0,solo and shared
17,24,blake3-servil-st,64,21610,987736,4816232,15603569,989255,0,0,0,LentMessages,993166,993166,4838599,15603569,994506,0,0,0,985274,4801353,15603569,986668,0,0,0,solo and shared
17,25,sha256,64,15319,966420,4715928,9590843,967800,0,0,0,LentMessages,967671,967040,4729046,9590843,967813,0,0,0,967671,4723800,9590843,969044,0,0,0,solo and shared
17,26,blake3-servil-mt,64,21882,1048036,4808509,15865600,991757,0,0,0,LentMessages,987237,987237,4821597,15865599,988958,0,0,0,986997,4820533,15865599,988371,0,0,0,solo and shared
17,27,blake3-servil-st,1024,1327,975593,4781621,10655632,976905,0,0,0,LentMessages,982595,982595,4803284,10655632,983989,0,0,0,980670,4789390,10655632,981955,0,0,0,solo and shared
17,28,sha256,1024,2094,966009,4809046,6699855,967336,0,0,0,LentMessages,990038,990038,4834706,6699855,991413,0,0,0,988910,4831125,6699855,990180,0,0,0,solo and shared
17,29,blake3-servil-mt,1024,1332,988567,4804506,10699773,989969,0,0,0,LentMessages,985608,985608,4820468,10699773,986901,0,0,0,981766,4801098,10699773,983049,0,0,0,solo and shared
18,0,sha256,65536,35,1005144,4941315,5895780,1007364,0,0,0,LentMessages,1009070,1007358,4922082,5895779,1009585,0,0,0,1009070,4932281,5895779,1010773,0,0,0,solo and shared
18,1,blake3-servil-st,65536,78,1002321,4892471,12889791,1003728,0,0,0,LentMessages,1029238,1007218,4901942,12889791,1008649,0,0,0,1029238,4893863,12889791,1026687,0,0,0,solo and shared
18,2,blake3-servil-mt,65536,78,1016343,4898934,12890025,1017734,0,0,0,LentMessages,1006309,1006309,4902503,12890025,1008465,0,0,0,1001268,4877250,12890025,1002645,0,0,0,solo and shared
18,3,sha256,1048576,2,987363,4917040,5376065,989907,0,0,0,LentMessages,1047668,1047668,5110397,5376065,1049240,0,0,0,1040373,5076272,5376065,1041844,0,0,0,solo and shared
18,4,blake3-servil-st,1048576,5,1112354,5413354,13144744,1113902,0,0,0,LentMessages,1129379,1129379,5435111,13144744,1130301,0,0,0,1093819,5343396,13144744,1095320,0,0,0,solo and shared
18,5,blake3-servil-mt,1048576,11,988760,4622155,5145733,990344,0,0,0,LentMessages,992466,989635,4556438,4154630,982892,0,0,0,992466,4624319,4536438,994146,0,0,0,solo and shared
18,4,sha256,64,16004,1115082,2945432,5943255,628350,1709334,4012308,480283,ContinuousMessages,1053731,1049005,4918183,9955638,1049623,0,0,0,1053731,4925143,9955639,1055214,0,0,0,solo and shared
18,5,blake3-servil-mt,64,2048,93483,430865,704884,94223,0,0,0,ContinuousMessages,129496,127655,500500,711356,115120,0,0,0,129496,581702,710484,128155,0,0,0,solo and shared
18,6,sha256,1024,2048,1002417,4706307,6544510,1003015,0,0,0,ContinuousMessages,988705,988705,4720788,6544510,989324,0,0,0,988636,4725464,6544510,989253,0,0,0,solo and shared
18,7,blake3-servil-mt,1024,2842,374954,1504097,1327282,354628,0,0,0,ContinuousMessages,492861,492861,1825773,1320415,438844,0,0,0,487748,1719809,1309780,419374,0,0,0,solo and shared
18,8,sha256,16384,141,1007625,4820046,5988292,1009127,0,0,0,ContinuousMessages,1033308,1033308,4820978,5988293,1034723,0,0,0,1031094,4834928,5988292,1032469,0,0,0,solo and shared
18,9,blake3-servil-mt,16384,271,340617,1414311,323992,330236,0,0,0,ContinuousMessages,594853,594853,2679303,329914,590374,0,0,0,585151,2658596,329041,582693,0,0,0,solo and shared
18,10,sha256,65536,34,984216,0,0,0,3720563,5727226,985935,ContinuousMessages,966405,966405,4729273,5727226,966983,0,0,0,965304,4718292,5727226,966683,0,0,0,solo and shared
18,11,blake3-servil-mt,65536,73,364332,0,0,0,1065167,89179,312944,ContinuousMessages,312824,289696,1217412,89573,274516,0,0,0,312824,1260436,89154,288974,0,0,0,solo and shared
18,12,sha256,1048576,2,932763,4557571,5379419,933805,0,0,0,ContinuousMessages,964373,949267,4643736,5379419,950676,0,0,0,964373,4579957,5379419,965802,0,0,0,solo and shared
18,13,blake3-servil-mt,1048576,17,998464,3907722,290799,877788,0,0,0,ContinuousMessages,902259,899503,4083624,290149,887244,0,0,0,902259,4107336,289275,895647,0,0,0,solo and shared
18,21,sha256,64,15319,985769,4710115,9590843,987309,0,0,0,LentMessages,1008454,1008454,4723724,9590843,1009749,0,0,0,1004329,4703376,9590843,1005669,0,0,0,solo and shared
18,22,blake3-servil-st,64,21610,1001519,4785191,15603569,1002126,0,0,0,LentMessages,1025683,1022883,4792922,15603569,1024232,0,0,0,1025683,4809919,15603569,1027017,0,0,0,solo and shared
18,23,blake3-servil-mt,64,21882,1048784,4807480,15865600,1010930,0,0,0,LentMessages,1038401,1030299,4829715,15865599,1031756,0,0,0,1038401,4806004,15865599,1039753,0,0,0,solo and shared
18,24,sha256,1024,2094,1007061,4806315,6699855,1008407,0,0,0,LentMessages,1031570,1031570,4835702,6699855,1033048,0,0,0,1031235,4831189,6699855,1032597,0,0,0,solo and shared
18,25,blake3-servil-st,1024,1327,1012044,4792033,10655633,1013438,0,0,0,LentMessages,1053883,1053883,4810837,10655632,1055337,0,0,0,1021416,4789218,10655632,1022765,0,0,0,solo and shared
18,26,blake3-servil-mt,1024,1332,1008139,4808924,10699773,1009492,0,0,0,LentMessages,1030364,1030364,4829973,10699773,1031832,0,0,0,1024744,4804743,10699773,1026229,0,0,0,solo and shared
18,27,sha256,16384,143,1061015,4891819,6073787,1062447,0,0,0,LentMessages,1046036,1044872,4897732,6073787,1046298,0,0,0,1046036,4903469,6073787,1047529,0,0,0,solo and shared
18,28,blake3-servil-st,16384,321,1021035,4870402,13504014,1022472,0,0,0,LentMessages,1026003,1023057,4895294,13504014,1024945,0,0,0,1026003,4875400,13504014,1027593,0,0,0,solo and shared
18,29,blake3-servil-mt,16384,323,1031159,5013568,13589113,1032900,0,0,0,LentMessages,1044006,1042863,4989971,13589113,1044504,0,0,0,1044006,4995228,13589113,1045619,0,0,0,solo and shared
19,0,blake3-servil-st,1048576,5,1192249,5695914,13144744,1194182,0,0,0,LentMessages,1229527,1212837,5807035,13144744,1214128,0,0,0,1229527,5884985,13144744,1231317,0,0,0,solo and shared
19,1,blake3-servil-mt,1048576,11,1038979,4797894,5105429,1040726,0,0,0,LentMessages,1013894,1013894,4718038,4532210,1015785,0,0,0,1012510,4736572,4710848,1015450,0,0,0,solo and shared
19,2,sha256,1048576,2,1018217,0,0,0,3649196,5376065,1020807,LentMessages,1041137,1041137,4665404,5376073,1030085,0,0,0,1005799,4714053,5376065,1006873,0,0,0,solo and shared
19,2,blake3-servil-mt,64,2048,155131,0,0,0,513774,705843,156691,ContinuousMessages,124204,122291,507043,712552,116458,0,0,0,124204,519609,704695,118685,0,0,0,solo and shared
19,3,sha256,64,16004,1177274,0,0,0,4225406,9955638,1178584,ContinuousMessages,1049846,1049846,4918404,9955642,1041151,0,0,0,1027977,4917452,9955638,1028566,0,0,0,solo and shared
19,4,blake3-servil-mt,1024,2842,449229,0,0,0,1478806,1320060,433488,ContinuousMessages,455697,455697,1602989,1323607,391497,0,0,0,454200,1532500,1312903,381660,0,0,0,solo and shared
19,5,sha256,1024,2048,972664,0,0,0,3677196,6544510,974120,ContinuousMessages,966726,966097,4722710,6544510,967402,0,0,0,966726,4728541,6544510,967319,0,0,0,solo and shared
19,6,blake3-servil-mt,16384,271,383619,0,0,0,1308173,323159,381234,ContinuousMessages,582571,582571,2677017,328283,580749,0,0,0,568700,2604263,329174,566969,0,0,0,solo and shared
19,7,sha256,16384,141,990837,4826155,5988292,992390,0,0,0,ContinuousMessages,989222,989222,4834462,5988292,990511,0,0,0,986815,4821228,5988292,988119,0,0,0,solo and shared
19,8,blake3-servil-mt,65536,73,304096,1292787,89563,290273,0,0,0,ContinuousMessages,310804,310804,1176724,89287,299635,0,0,0,299627,1262118,89029,283531,0,0,0,solo and shared
19,9,sha256,65536,34,972610,4731436,5727226,974075,0,0,0,ContinuousMessages,968359,968359,4731028,5727226,969697,0,0,0,967618,4724608,5727226,968972,0,0,0,solo and shared
19,10,blake3-servil-mt,1048576,17,919277,4079512,289668,905130,0,0,0,ContinuousMessages,964067,940823,4110175,290204,917919,0,0,0,964067,4235703,290502,930488,0,0,0,solo and shared
19,11,sha256,1048576,2,922925,4497727,5379420,924292,0,0,0,ContinuousMessages,983904,920126,4496115,5379420,921506,0,0,0,983904,4515485,5379421,930975,0,0,0,solo and shared
19,18,blake3-servil-st,64,21610,983320,4801401,15603569,984647,0,0,0,LentMessages,984868,984868,4793201,15603569,986124,0,0,0,981488,4783684,15603569,982841,0,0,0,solo and shared
19,19,blake3-servil-mt,64,21882,983796,4803710,15865599,985112,0,0,0,LentMessages,1007242,982810,4803118,15865599,984093,0,0,0,1007242,4822953,15865599,1008515,0,0,0,solo and shared
19,20,sha256,64,15319,963264,4706040,9590843,964599,0,0,0,LentMessages,965335,963697,4710949,9590843,964938,0,0,0,965335,4717742,9590843,966613,0,0,0,solo and shared
19,21,blake3-servil-st,1024,1327,1003395,4786994,10655632,1004723,0,0,0,LentMessages,982952,982952,4803899,10655632,984225,0,0,0,978747,4782212,10655632,980022,0,0,0,solo and shared
19,22,blake3-servil-mt,1024,1332,983109,4803674,10699773,984437,0,0,0,LentMessages,986209,986209,4819029,10699773,987495,0,0,0,981591,4798642,10699773,982868,0,0,0,solo and shared
19,23,sha256,1024,2094,983847,4807251,6699855,985162,0,0,0,LentMessages,988863,987970,4826330,6699855,989244,0,0,0,988863,4831682,6699855,990143,0,0,0,solo and shared
19,24,blake3-servil-st,16384,321,996842,4870814,13504014,998251,0,0,0,LentMessages,1013324,1013324,4870234,13504014,1013919,0,0,0,994442,4861580,13504014,995770,0,0,0,solo and shared
19,25,blake3-servil-mt,16384,323,1001878,4895150,13589113,1003257,0,0,0,LentMessages,1001621,1001621,4894563,13589113,1002910,0,0,0,1000261,4891339,13589113,1000843,0,0,0,solo and shared
19,26,sha256,16384,143,998118,4884980,6073787,999514,0,0,0,LentMessages,1002828,999824,4886296,6073787,1001115,0,0,0,1002828,4899178,6073787,1004149,0,0,0,solo and shared
19,27,blake3-servil-st,65536,78,1079117,4925014,12889792,1040143,0,0,0,LentMessages,1031201,1001614,4884805,12889791,1002924,0,0,0,1031201,4886358,12889791,1032566,0,0,0,solo and shared
19,28,blake3-servil-mt,65536,78,984474,4889464,12890025,985140,0,0,0,LentMessages,999847,999847,4885100,12890025,1001200,0,0,0,999517,4877802,12890025,1000868,0,0,0,solo and shared
19,29,sha256,65536,35,980524,4855106,5895779,981899,0,0,0,LentMessages,995945,995945,4860802,5895779,997284,0,0,0,993282,4848192,5895779,994614,0,0,0,solo and shared
20,0,sha256,64,16004,998849,4912546,9955638,1000072,0,0,0,ContinuousMessages,1007752,1006790,4916516,9955638,1008048,0,0,0,1007752,4920821,9955638,1009050,0,0,0,solo and shared
20,1,blake3-servil-mt,64,2048,330702,1061005,780358,238930,0,0,0,ContinuousMessages,248565,247264,596649,720547,165398,0,0,0,248565,507773,710017,141392,0,0,0,solo and shared
20,2,sha256,1024,2048,983999,4706099,6544510,984705,0,0,0,ContinuousMessages,988816,983890,4718732,6544510,984460,0,0,0,988816,4734643,6544510,989462,0,0,0,solo and shared
20,3,blake3-servil-mt,1024,2842,489184,1728630,1364354,392877,0,0,0,ContinuousMessages,483995,483995,1544989,1313857,400501,0,0,0,477552,1568171,1318532,405051,0,0,0,solo and shared
20,4,sha256,16384,141,1033656,4827495,5988293,994452,0,0,0,ContinuousMessages,988975,987549,4829882,5988292,988124,0,0,0,988975,4837589,5988292,990239,0,0,0,solo and shared
20,5,blake3-servil-mt,16384,271,336137,1500552,322873,334311,0,0,0,ContinuousMessages,594945,594945,0,0,0,2050825,328785,592339,513340,2315754,328367,511235,0,0,0,solo and shared
20,6,sha256,65536,34,948853,4720684,5727226,950293,0,0,0,ContinuousMessages,967879,967879,0,0,0,3664529,5727226,969422,965618,4713548,5727226,967028,0,0,0,solo and shared
20,7,blake3-servil-mt,65536,73,261195,971478,89910,228939,0,0,0,ContinuousMessages,286775,285991,1025038,89782,248135,0,0,0,286775,1033637,89818,246533,0,0,0,solo and shared
20,8,sha256,1048576,2,927639,4528791,5379419,928682,0,0,0,ContinuousMessages,943067,933869,4484619,5379419,934560,0,0,0,943067,4528945,5379419,944529,0,0,0,solo and shared
20,9,blake3-servil-mt,1048576,17,870660,3729961,289769,856183,0,0,0,ContinuousMessages,928626,928626,4074841,290084,898829,0,0,0,925486,4084718,289670,901128,0,0,0,solo and shared
20,15,blake3-servil-mt,64,21882,970034,4803957,15865599,972564,0,0,0,LentMessages,992466,983248,4804719,15865599,984529,0,0,0,992466,4814804,15865600,988773,0,0,0,solo and shared
20,16,sha256,64,15319,962978,4706692,9590843,964361,0,0,0,LentMessages,963118,962672,4707278,9590843,963940,0,0,0,963118,4705824,9590843,964433,0,0,0,solo and shared
20,17,blake3-servil-st,64,21610,975734,4766440,15603569,977069,0,0,0,LentMessages,987119,983513,4805770,15603569,984810,0,0,0,987119,4816733,15603569,988448,0,0,0,solo and shared
20,18,blake3-servil-mt,1024,1332,979961,4803887,10699772,981247,0,0,0,LentMessages,991461,991461,4809992,10699773,992748,0,0,0,990576,4810867,10699774,991230,0,0,0,solo and shared
20,19,sha256,1024,2094,1008540,4807288,6699855,1009915,0,0,0,LentMessages,996890,990182,4826943,6699855,991479,0,0,0,996890,4831400,6699855,998210,0,0,0,solo and shared
20,20,blake3-servil-st,1024,1327,980923,4790788,10655632,982529,0,0,0,LentMessages,1004275,1004275,4798601,10655632,1005700,0,0,0,981246,4790652,10655632,982504,0,0,0,solo and shared
20,21,blake3-servil-mt,16384,323,1014231,4911393,13589114,1009459,0,0,0,LentMessages,1007335,1005290,4896437,13589113,1006013,0,0,0,1007335,4902550,13589113,1008667,0,0,0,solo and shared
20,22,sha256,16384,143,1000501,4887149,6073787,1002014,0,0,0,LentMessages,1006915,1006915,4912278,6073787,1008360,0,0,0,1003941,4900302,6073787,1005462,0,0,0,solo and shared
20,23,blake3-servil-st,16384,321,991123,4884692,13504014,992839,0,0,0,LentMessages,1016337,1016337,4875381,13504014,1017754,0,0,0,1007838,4878480,13504014,1009205,0,0,0,solo and shared
20,24,blake3-servil-mt,65536,78,994327,4903368,12890025,995762,0,0,0,LentMessages,1011640,1011640,4934175,12890025,1013256,0,0,0,1011049,4929067,12890025,1012659,0,0,0,solo and shared
20,25,sha256,65536,35,1008319,4871441,5895781,1009869,0,0,0,LentMessages,1005207,1005207,4891435,5895779,1006645,0,0,0,1003988,4883754,5895779,1005351,0,0,0,solo and shared
20,26,blake3-servil-st,65536,78,1028463,4909351,12889797,1024307,0,0,0,LentMessages,1032547,1032547,4893243,12889791,1033940,0,0,0,1001817,4879002,12889791,1003227,0,0,0,solo and shared
20,27,blake3-servil-mt,1048576,11,1002796,4719466,4430353,1004436,0,0,0,LentMessages,1053655,1052223,4905967,4496703,1054197,0,0,0,1053655,4922104,4303212,1055473,0,0,0,solo and shared
20,28,sha256,1048576,2,983505,4624570,5376064,985182,0,0,0,LentMessages,986003,983865,4626473,5376064,988458,0,0,0,986003,4636711,5376064,989911,0,0,0,solo and shared
20,29,blake3-servil-st,1048576,5,1149560,5387947,13144745,1150410,0,0,0,LentMessages,1193870,1162179,5445572,13144744,1163792,0,0,0,1193870,5452187,13144744,1195445,0,0,0,solo and shared
21,0,blake3-servil-mt,1024,2842,406223,1524133,1311019,369629,0,0,0,ContinuousMessages,539857,539857,1549270,1306973,384208,0,0,0,462746,1664810,1327273,407801,0,0,0,solo and shared
21,1,sha256,1024,2048,961931,4708669,6544510,962598,0,0,0,ContinuousMessages,1064557,1064557,4727710,6544511,986941,0,0,0,981804,4731230,6544510,983115,0,0,0,solo and shared
21,2,blake3-servil-mt,16384,271,329757,1406605,323185,327643,0,0,0,ContinuousMessages,550697,531586,2403277,328576,528264,0,0,0,550697,2486217,327536,547119,0,0,0,solo and shared
21,3,sha256,16384,141,990391,4819816,5988292,991251,0,0,0,ContinuousMessages,991757,988128,4819904,5988292,989466,0,0,0,991757,4832637,5988292,993086,0,0,0,solo and shared
21,4,blake3-servil-mt,65536,73,290166,1232762,89217,269595,0,0,0,ContinuousMessages,712452,288084,1153209,89409,268066,0,0,0,712452,1099404,92141,270118,0,0,0,solo and shared
21,5,sha256,65536,34,969975,4718728,5727226,971432,0,0,0,ContinuousMessages,965495,965495,4719868,5727226,966834,0,0,0,962114,4710022,5727226,962748,0,0,0,solo and shared
21,6,blake3-servil-mt,1048576,17,990262,3808980,292168,874999,0,0,0,ContinuousMessages,953575,935764,4089434,289762,907448,0,0,0,953575,4200307,289062,925920,0,0,0,solo and shared
21,7,sha256,1048576,2,928068,4488066,5379420,928938,0,0,0,ContinuousMessages,928890,928890,4508548,5379420,930311,0,0,0,924392,4497813,5379420,925963,0,0,0,solo and shared
21,12,blake3-servil-mt,64,21882,980694,4800928,15865599,981288,0,0,0,LentMessages,984519,983340,4804867,15865599,984624,0,0,0,984519,4809507,15865599,985805,0,0,0,solo and shared
21,13,blake3-servil-st,64,21610,979069,4786559,15603569,980384,0,0,0,LentMessages,983786,983786,4804202,15603569,985066,0,0,0,983731,4802554,15603569,985019,0,0,0,solo and shared
21,14,sha256,64,15319,963748,4711851,9590843,965081,0,0,0,LentMessages,979446,963524,4705804,9590843,964806,0,0,0,979446,4705341,9590843,980720,0,0,0,solo and shared
21,15,blake3-servil-mt,1024,1332,1009118,4808587,10699773,1010434,0,0,0,LentMessages,986358,986358,4820484,10699773,987651,0,0,0,984497,4810040,10699773,985792,0,0,0,solo and shared
21,16,blake3-servil-st,1024,1327,980803,4790016,10655632,982140,0,0,0,LentMessages,1029543,1029543,4807297,10655633,990596,0,0,0,981452,4790455,10655632,982752,0,0,0,solo and shared
21,17,sha256,1024,2094,983537,4806061,6699855,984837,0,0,0,LentMessages,991467,990411,4826187,6699855,991728,0,0,0,991467,4831429,6699855,992775,0,0,0,solo and shared
21,18,blake3-servil-mt,16384,323,1001457,4896977,13589113,1002804,0,0,0,LentMessages,1024338,1000685,4896034,13589113,1001981,0,0,0,1024338,4899907,13589113,1024974,0,0,0,solo and shared
21,19,blake3-servil-st,16384,321,995089,4864641,13504014,996454,0,0,0,LentMessages,997925,996770,4863428,13504014,998089,0,0,0,997925,4864194,13504015,999267,0,0,0,solo and shared
21,20,sha256,16384,143,1002504,4899028,6073787,1003848,0,0,0,LentMessages,999641,997853,4882348,6073787,998421,0,0,0,999641,4886655,6073787,1000909,0,0,0,solo and shared
21,21,blake3-servil-mt,65536,78,1010239,4895398,12890025,1011619,0,0,0,LentMessages,1024731,1024731,4892985,12890025,1026079,0,0,0,999294,4883081,12890025,1000640,0,0,0,solo and shared
21,22,blake3-servil-st,65536,78,1000088,4887555,12889791,1001474,0,0,0,LentMessages,999813,999813,4884292,12889791,1001137,0,0,0,997735,4874682,12889791,999037,0,0,0,solo and shared
21,23,sha256,65536,35,992947,4854137,5895779,994336,0,0,0,LentMessages,994016,993086,4851503,5895779,994448,0,0,0,994016,4856330,5895779,995543,0,0,0,solo and shared
21,24,blake3-servil-mt,1048576,11,930758,4326829,3936602,932351,0,0,0,LentMessages,1010715,1010715,4702630,4506970,1012414,0,0,0,1009484,4717301,4307812,1011357,0,0,0,solo and shared
21,25,blake3-servil-st,1048576,5,1149248,5391620,13144745,1150320,0,0,0,LentMessages,1185944,1149027,5386932,13144744,1149943,0,0,0,1185944,5435844,13144744,1186755,0,0,0,solo and shared
21,26,sha256,1048576,2,990662,4603474,5376066,985798,0,0,0,LentMessages,968535,968535,4613773,5376065,969457,0,0,0,967504,4606000,5376065,968438,0,0,0,solo and shared
21,18,blake3-servil-mt,64,2048,144987,635820,707122,143541,0,0,0,ContinuousMessages,237906,237906,535926,710143,139173,0,0,0,230602,673088,719910,184951,0,0,0,solo and shared
21,19,sha256,64,16004,1009206,4911664,9955638,1009854,0,0,0,ContinuousMessages,1047501,1047501,4911643,9955638,1048942,0,0,0,1028303,4919700,9955638,1029636,0,0,0,solo and shared
22,0,sha256,16384,141,996583,4814899,5988292,997218,0,0,0,ContinuousMessages,1024212,1006278,4818160,5988292,1007610,0,0,0,1024212,4819247,5988292,1025545,0,0,0,solo and shared
22,1,blake3-servil-mt,16384,271,319295,1376505,323411,315692,0,0,0,ContinuousMessages,586029,586029,2545031,333457,561820,0,0,0,542472,2348327,327729,518831,0,0,0,solo and shared
22,2,sha256,65536,34,969131,4721558,5727226,970483,0,0,0,ContinuousMessages,989104,989104,4717349,5727226,990440,0,0,0,966239,4715520,5727226,967567,0,0,0,solo and shared
22,3,blake3-servil-mt,65536,73,296253,965606,89917,253342,0,0,0,ContinuousMessages,294068,294068,1067989,89251,252539,0,0,0,290129,1075143,89943,256237,0,0,0,solo and shared
22,4,sha256,1048576,2,910207,4526033,5379420,911039,0,0,0,ContinuousMessages,925661,914384,4482679,5379419,915800,0,0,0,925661,4514240,5379420,927119,0,0,0,solo and shared
22,5,blake3-servil-mt,1048576,17,883128,3663323,289873,844743,0,0,0,ContinuousMessages,962778,943536,4060353,290113,896479,0,0,0,962778,4207619,289598,923584,0,0,0,solo and shared
22,9,sha256,64,15319,1016623,4723911,9590844,974478,0,0,0,LentMessages,966976,962145,4702958,9590843,962742,0,0,0,966976,4720695,9590843,968250,0,0,0,solo and shared
22,10,blake3-servil-mt,64,21882,983180,4803517,15865599,984481,0,0,0,LentMessages,985570,982885,4811360,15865599,983608,0,0,0,985570,4819240,15865599,986888,0,0,0,solo and shared
22,11,blake3-servil-st,64,21610,984009,4799955,15603575,985437,0,0,0,LentMessages,998610,998610,4827526,15603569,1000108,0,0,0,995598,4818210,15603569,996952,0,0,0,solo and shared
22,12,sha256,1024,2094,985609,4808169,6699855,986989,0,0,0,LentMessages,1041765,991926,4831740,6699855,993379,0,0,0,1041765,4841887,6699856,1001351,0,0,0,solo and shared
22,13,blake3-servil-mt,1024,1332,982111,4800817,10699773,983037,0,0,0,LentMessages,1106525,1106525,5219191,10699773,1109225,0,0,0,998815,4799535,10699773,1000516,0,0,0,solo and shared
22,14,blake3-servil-st,1024,1327,979505,4783037,10655633,980172,0,0,0,LentMessages,998532,998532,4862707,10655632,1000651,0,0,0,993942,4801995,10655633,996338,0,0,0,solo and shared
22,15,sha256,16384,143,1014308,4975020,6073787,1015158,0,0,0,LentMessages,1028896,1002476,4895599,6073787,1003871,0,0,0,1028896,4898279,6073793,1030439,0,0,0,solo and shared
22,16,blake3-servil-mt,16384,323,988434,4899015,13589113,987926,0,0,0,LentMessages,1003527,1002120,4891228,13589113,1003432,0,0,0,1003527,4894695,13589113,1004890,0,0,0,solo and shared
22,17,blake3-servil-st,16384,321,996702,4867173,13504014,996254,0,0,0,LentMessages,1000700,1000700,4865363,13504014,1001389,0,0,0,995986,4868406,13504014,997342,0,0,0,solo and shared
22,18,sha256,65536,35,984595,4869362,5895779,985985,0,0,0,LentMessages,1031933,1031933,5001019,5895780,1027425,0,0,0,1012435,4945752,5895779,1013729,0,0,0,solo and shared
22,19,blake3-servil-mt,65536,78,1033272,4901634,12890025,1034761,0,0,0,LentMessages,1268831,1268831,4892730,12890026,1270221,0,0,0,1014386,4875988,12890026,1015764,0,0,0,solo and shared
22,20,blake3-servil-st,65536,78,1000868,4890633,12889791,1002276,0,0,0,LentMessages,1000294,1000294,4881953,12889791,1001667,0,0,0,998970,4874719,12889791,1000317,0,0,0,solo and shared
22,21,sha256,1048576,2,1032749,5041474,5376065,1034250,0,0,0,LentMessages,1058910,1058910,5158022,5376065,1060401,0,0,0,1058411,5172445,5376065,1059917,0,0,0,solo and shared
22,22,blake3-servil-mt,1048576,11,962140,4307940,4274385,963795,0,0,0,LentMessages,996047,995365,4595313,4279642,997180,0,0,0,996047,4637864,4450872,997841,0,0,0,solo and shared
22,23,blake3-servil-st,1048576,5,1159616,5437199,13144744,1160662,0,0,0,LentMessages,1158935,1158935,5437540,13144744,1159758,0,0,0,1158531,5433184,13144744,1159515,0,0,0,solo and shared
22,16,sha256,64,16004,1047516,4913491,9955638,1048117,0,0,0,ContinuousMessages,1046300,1045886,4909583,9955638,1046553,0,0,0,1046300,4911311,9955638,1047019,0,0,0,solo and shared
22,17,blake3-servil-mt,64,2048,472294,505318,706259,128553,0,0,0,ContinuousMessages,302496,302496,612618,718040,175852,0,0,0,301020,607594,722581,172372,0,0,0,solo and shared
22,18,sha256,1024,2048,984783,4708276,6544510,986147,0,0,0,ContinuousMessages,968696,967252,4725444,6544510,967804,0,0,0,968696,4731770,6544510,969305,0,0,0,solo and shared
22,19,blake3-servil-mt,1024,2842,413247,1775415,1355916,396387,0,0,0,ContinuousMessages,487652,487652,1675413,1313044,418477,0,0,0,478676,1661665,1315178,420868,0,0,0,solo and shared
23,0,blake3-servil-mt,65536,73,386564,959473,90692,243548,0,0,0,ContinuousMessages,288415,288415,1212491,89470,276646,0,0,0,277448,1144327,89263,262498,0,0,0,solo and shared
23,1,sha256,65536,34,996621,4719946,5727226,998093,0,0,0,ContinuousMessages,989427,989427,4725403,5727226,990028,0,0,0,986732,4714528,5727226,988135,0,0,0,solo and shared
23,2,blake3-servil-mt,1048576,17,786331,3571845,289130,777359,0,0,0,ContinuousMessages,1157150,897051,4050104,289709,879987,0,0,0,1157150,0,0,0,4098567,290657,1154251,solo and shared
23,3,sha256,1048576,2,935478,4504353,5379421,930754,0,0,0,ContinuousMessages,935057,921584,4498190,5379420,923125,0,0,0,935057,0,0,0,3538110,5379420,936543,solo and shared
23,6,blake3-servil-st,64,21610,961168,4787276,15603569,962515,0,0,0,LentMessages,1565541,985269,4803026,15603569,986624,0,0,0,1565541,0,0,0,5925586,15603570,1567051,solo and shared
23,7,sha256,64,15319,945227,4700139,9590843,946628,0,0,0,LentMessages,964844,964844,4712010,9590843,966206,0,0,0,949294,0,0,0,3588811,9590843,950728,solo and shared
23,8,blake3-servil-mt,64,21882,982613,4815186,15865599,983974,0,0,0,LentMessages,1587436,985206,4806227,15865599,986557,0,0,0,1587436,0,0,0,6002143,15865600,1588873,solo and shared
23,9,blake3-servil-st,1024,1327,961529,4787135,10655632,962874,0,0,0,LentMessages,1270118,981782,4799500,10655632,983109,0,0,0,1270118,0,0,0,4814236,10655632,1271496,solo and shared
23,10,sha256,1024,2094,967593,4807443,6699855,968958,0,0,0,LentMessages,994628,987839,4827407,6699855,989263,0,0,0,994628,0,0,0,3764832,6699855,996035,solo and shared
23,11,blake3-servil-mt,1024,1332,966268,4805992,10699773,968751,0,0,0,LentMessages,1277158,995229,4818626,10699773,996727,0,0,0,1277158,0,0,0,4839926,10699773,1278525,solo and shared
23,12,blake3-servil-st,16384,321,1000295,4865563,13504014,1001888,0,0,0,LentMessages,2403348,995277,4863274,13504014,996646,0,0,0,2403348,0,0,0,9101700,13504016,2404546,solo and shared
23,13,sha256,16384,143,978923,4885943,6073787,980270,0,0,0,LentMessages,1053156,1001942,4886460,6073787,1003318,0,0,0,1053156,1901495,2355154,392378,2321245,3718558,617461,solo and shared
23,14,blake3-servil-mt,16384,323,992138,4892784,13589113,993513,0,0,0,LentMessages,1002549,1002549,4898716,13589113,1003856,0,0,0,1002172,4897158,13589113,1003521,0,0,0,solo and shared
23,15,blake3-servil-st,65536,78,1000155,4889195,12889791,1001512,0,0,0,LentMessages,1000434,1000434,4888041,12889791,1001806,0,0,0,999934,4881975,12889791,1001302,0,0,0,solo and shared
23,16,sha256,65536,35,981662,4853640,5895779,983033,0,0,0,LentMessages,1053681,1053681,4860502,5895780,1013886,0,0,0,993073,4850148,5895779,994432,0,0,0,solo and shared
23,17,blake3-servil-mt,65536,78,987768,4894143,12890025,989202,0,0,0,LentMessages,1037425,1010703,4885843,12890026,1009344,0,0,0,1037425,4889333,12890026,1036017,0,0,0,solo and shared
23,18,blake3-servil-st,1048576,5,1130904,5509604,13144745,1132404,0,0,0,LentMessages,1163410,1121271,5473375,13144744,1122749,0,0,0,1163410,5681027,13144744,1164877,0,0,0,solo and shared
23,19,sha256,1048576,2,924927,4584011,5376065,926409,0,0,0,LentMessages,944851,938129,4580357,5376065,939570,0,0,0,944851,4613035,5376065,946324,0,0,0,solo and shared
23,20,blake3-servil-mt,1048576,11,893672,4139859,3727552,895344,0,0,0,LentMessages,993423,993423,4614663,4784438,994408,0,0,0,993012,4649023,4449655,994729,0,0,0,solo and shared
23,14,blake3-servil-mt,64,2048,93793,430894,705058,95263,0,0,0,ContinuousMessages,155654,145355,545700,707396,130396,0,0,0,155654,577717,710092,138575,0,0,0,solo and shared
23,15,sha256,64,16004,1049334,4922395,9955638,1049993,0,0,0,ContinuousMessages,1201352,1201352,5633892,9955638,1202733,0,0,0,1048364,4908581,9955638,1049721,0,0,0,solo and shared
23,16,blake3-servil-mt,1024,2842,353246,1409427,1324169,330145,0,0,0,ContinuousMessages,573476,573476,1380920,1312634,331368,0,0,0,488972,1258236,1299961,299806,0,0,0,solo and shared
23,17,sha256,1024,2048,964683,4707656,6544510,966035,0,0,0,ContinuousMessages,1055974,983212,4727446,6544510,984779,0,0,0,1055974,4802311,6544511,1007370,0,0,0,solo and shared
23,18,blake3-servil-mt,16384,271,366804,1557070,323574,362878,0,0,0,ContinuousMessages,593982,593982,2732455,327526,592226,0,0,0,585228,2661502,328967,580120,0,0,0,solo and shared
23,19,sha256,16384,141,989722,4825183,5988292,991339,0,0,0,ContinuousMessages,1002747,1002747,4844304,5988292,1004163,0,0,0,999462,4828010,5988292,1000909,0,0,0,solo and shared
