point,sample,calls,wall_ns,p_cycles,p_instructions,p_ns,e_cycles,e_instructions,e_ns
1 x 64 B,0,28809,1306713,6389402,20944509,1307310,0,0,0
1 x 64 B,1,28809,1300516,6369344,20944508,1301055,0,0,0
1 x 64 B,2,28809,1299728,6362816,20944508,1300240,0,0,0
1 x 64 B,3,28809,1307582,6376208,20944509,1332445,0,0,0
1 x 64 B,4,28809,1300938,6372086,20944508,1301432,0,0,0
1 x 64 B,5,28809,1300769,6371011,20944508,1301318,0,0,0
1 x 64 B,6,28809,1323496,6470033,20944508,1324002,0,0,0
1 x 64 B,7,28809,1310022,6411060,20944509,1310541,0,0,0
1 x 64 B,8,28809,1300875,6371848,20944508,1301369,0,0,0
1 x 64 B,9,28809,1305560,6394645,20944508,1306080,0,0,0
1 x 64 B,10,28809,1304588,6379834,20944509,1305122,0,0,0
1 x 64 B,11,28809,1302819,6380762,20944508,1303333,0,0,0
1 x 64 B,12,28809,1303139,6382263,20944508,1303646,0,0,0
1 x 64 B,13,28809,1302770,6376062,20944509,1303293,0,0,0
1 x 64 B,14,28809,1299091,6363160,20944508,1299616,0,0,0
1 x 64 B,15,28809,1301840,6376304,20944508,1302343,0,0,0
1 x 64 B,16,28809,1319221,6359009,20944509,1306819,0,0,0
1 x 64 B,17,28809,1302150,6376601,20944508,1302684,0,0,0
1 x 64 B,18,28809,1304288,6383756,20944508,1304817,0,0,0
1 x 64 B,19,28809,1300632,6369657,20944508,1301141,0,0,0
1 x 64 B,20,28809,1303657,6380519,20944509,1304162,0,0,0
1 x 64 B,21,28809,1300672,6370060,20944508,1301194,0,0,0
1 x 64 B,22,28809,1303593,6384434,20944508,1304112,0,0,0
1 x 64 B,23,28809,1299757,6361807,20944509,1300265,0,0,0
1 x 64 B,24,28809,1302361,6377575,20944508,1302898,0,0,0
1 x 64 B,25,28809,1321970,6373883,20944508,1322589,0,0,0
1 x 64 B,26,28809,1303743,6376779,20944509,1304261,0,0,0
1 x 64 B,27,28809,1306552,6394748,20944508,1307235,0,0,0
1 x 64 B,28,28809,1304800,6388849,20944508,1305413,0,0,0
1 x 64 B,29,28809,1310360,6408148,20944509,1310901,0,0,0
1 x 64 B,30,28809,1306906,6372822,20944508,1307793,0,0,0
1 x 64 B,31,28809,1334126,6385717,20944508,1334761,0,0,0
3 x 64 B,0,17492,1547122,7491344,20361054,1543993,0,0,0
3 x 64 B,1,17492,1541304,7523760,20361053,1540507,0,0,0
3 x 64 B,2,17492,1545951,7503062,20361054,1536847,0,0,0
3 x 64 B,3,17492,1525145,7467746,20361053,1525643,0,0,0
3 x 64 B,4,17492,1532645,7498958,20361054,1533145,0,0,0
3 x 64 B,5,17492,1531052,7499229,20361053,1531549,0,0,0
3 x 64 B,6,17492,1532677,7503411,20361054,1533175,0,0,0
3 x 64 B,7,17492,1537315,7511880,20361053,1537853,0,0,0
3 x 64 B,8,17492,1533141,7499772,20361054,1533639,0,0,0
3 x 64 B,9,17492,1537829,7526415,20361054,1538334,0,0,0
3 x 64 B,10,17492,1537312,7525883,20361053,1537814,0,0,0
3 x 64 B,11,17492,1524916,7465070,20361054,1525435,0,0,0
3 x 64 B,12,17492,1532049,7504052,20361053,1532548,0,0,0
3 x 64 B,13,17492,1528317,7481082,20361054,1528816,0,0,0
3 x 64 B,14,17492,1910980,7547487,20361054,1911479,0,0,0
3 x 64 B,15,17492,1536474,7526337,20361053,1536969,0,0,0
3 x 64 B,16,17492,1534047,7501312,20361054,1534560,0,0,0
3 x 64 B,17,17492,1525918,7471444,20361053,1526449,0,0,0
3 x 64 B,18,17492,1531090,7494513,20361054,1531576,0,0,0
3 x 64 B,19,17492,1535603,7522822,20361053,1536107,0,0,0
3 x 64 B,20,17492,1534564,7511593,20361054,1535069,0,0,0
3 x 64 B,21,17492,1536328,7525419,20361053,1536814,0,0,0
3 x 64 B,22,17492,1536435,7520956,20361054,1536934,0,0,0
3 x 64 B,23,17492,1528916,7486604,20361053,1529420,0,0,0
3 x 64 B,24,17492,1528457,7483332,20361054,1528944,0,0,0
3 x 64 B,25,17492,1525790,7473993,20361053,1526280,0,0,0
3 x 64 B,26,17492,1535793,7518470,20361054,1536284,0,0,0
3 x 64 B,27,17492,1527041,7475726,20361054,1527535,0,0,0
3 x 64 B,28,17492,1536265,7525058,20361053,1536762,0,0,0
3 x 64 B,29,17492,1536418,7521688,20361054,1536918,0,0,0
3 x 64 B,30,17492,1533430,7511469,20361053,1533916,0,0,0
3 x 64 B,31,17492,1529471,7484623,20361054,1529958,0,0,0
4 x 64 B,0,23175,1572273,7698731,28830065,1572809,0,0,0
4 x 64 B,1,23175,1576056,7716665,28830066,1576564,0,0,0
4 x 64 B,2,23175,1576064,7718676,28830065,1576591,0,0,0
4 x 64 B,3,23175,1580430,7737250,28830066,1580923,0,0,0
4 x 64 B,4,23175,1578174,7726039,28830066,1578671,0,0,0
4 x 64 B,5,23175,1573319,7706753,28830065,1573811,0,0,0
4 x 64 B,6,23175,1573835,7705595,28830066,1574340,0,0,0
4 x 64 B,7,23175,1572580,7703323,28830065,1573084,0,0,0
4 x 64 B,8,23175,1574537,7705786,28830066,1575031,0,0,0
4 x 64 B,9,23175,1572374,7700822,28830065,1572874,0,0,0
4 x 64 B,10,23175,1577582,7720951,28830066,1578083,0,0,0
4 x 64 B,11,23175,1573155,7700986,28830066,1573649,0,0,0
4 x 64 B,12,23175,1576787,7722435,28830065,1577487,0,0,0
4 x 64 B,13,23175,1575773,7710454,28830066,1576445,0,0,0
4 x 64 B,14,23175,1571491,7693592,28830065,1572218,0,0,0
4 x 64 B,15,23175,1585470,7742131,28830066,1586394,0,0,0
4 x 64 B,16,23175,1573458,7704751,28830065,1574083,0,0,0
4 x 64 B,17,23175,1581591,7734402,28830066,1582435,0,0,0
4 x 64 B,18,23175,1585555,7704504,28830066,1583695,0,0,0
4 x 64 B,19,23175,1577527,7705591,28830065,1576509,0,0,0
4 x 64 B,20,23175,1576876,7677672,28830066,1571835,0,0,0
4 x 64 B,21,23175,1571248,7696446,28830065,1571764,0,0,0
4 x 64 B,22,23175,1576232,7715926,28830066,1576728,0,0,0
4 x 64 B,23,23175,1573923,7698663,28830066,1574447,0,0,0
4 x 64 B,24,23175,1568988,7685304,28830065,1569514,0,0,0
4 x 64 B,25,23175,1575412,7711991,28830066,1575910,0,0,0
4 x 64 B,26,23175,1570951,7695307,28830065,1571470,0,0,0
4 x 64 B,27,23175,1575969,7712487,28830066,1576457,0,0,0
4 x 64 B,28,23175,1573056,7702712,28830065,1573562,0,0,0
4 x 64 B,29,23175,1577914,7721877,28830066,1578426,0,0,0
4 x 64 B,30,23175,1573476,7697701,28830066,1573974,0,0,0
4 x 64 B,31,23175,1571903,7698665,28830065,1572401,0,0,0
6 x 64 B,0,14992,1648298,8062274,25696654,1648831,0,0,0
6 x 64 B,1,14992,2085494,8074337,25696654,2026220,0,0,0
6 x 64 B,2,14992,1652263,8085728,25696654,1652805,0,0,0
6 x 64 B,3,14992,1650024,8082774,25696653,1650768,0,0,0
6 x 64 B,4,14992,1653433,8090685,25696654,1653955,0,0,0
6 x 64 B,5,14992,1647681,8071140,25696653,1648178,0,0,0
6 x 64 B,6,14992,1653112,8092347,25696654,1653607,0,0,0
6 x 64 B,7,14992,1650696,8078190,25696654,1651196,0,0,0
6 x 64 B,8,14992,1648180,8073623,25696653,1648675,0,0,0
6 x 64 B,9,14992,1652834,8088860,25696654,1653336,0,0,0
6 x 64 B,10,14992,1653375,8087448,25696654,1653889,0,0,0
6 x 64 B,11,14992,1676528,8080515,25696653,1677019,0,0,0
6 x 64 B,12,14992,1647958,8064778,25696654,1648455,0,0,0
6 x 64 B,13,14992,1649406,8075140,25696654,1649908,0,0,0
6 x 64 B,14,14992,1647854,8069500,25696653,1648351,0,0,0
6 x 64 B,15,14992,1648009,8062175,25696654,1648525,0,0,0
6 x 64 B,16,14992,1654792,8098586,25696654,1655299,0,0,0
6 x 64 B,17,14992,1643785,8051815,25696653,1644275,0,0,0
6 x 64 B,18,14992,1649171,8073885,25696654,1649683,0,0,0
6 x 64 B,19,14992,1681950,8085504,25696654,1682445,0,0,0
6 x 64 B,20,14992,1644504,8055846,25696653,1644998,0,0,0
6 x 64 B,21,14992,1649979,8074729,25696654,1650489,0,0,0
6 x 64 B,22,14992,1650365,8079703,25696654,1650867,0,0,0
6 x 64 B,23,14992,1647362,8069697,25696653,1647850,0,0,0
6 x 64 B,24,14992,1649585,8072425,25696654,1650080,0,0,0
6 x 64 B,25,14992,1649963,8077638,25696654,1650453,0,0,0
6 x 64 B,26,14992,1650917,8083717,25696653,1651426,0,0,0
6 x 64 B,27,14992,1651996,8086755,25696654,1652537,0,0,0
6 x 64 B,28,14992,1648791,8073270,25696653,1649447,0,0,0
6 x 64 B,29,14992,1651376,8081967,25696654,1652225,0,0,0
6 x 64 B,30,14992,1652865,8086835,25696654,1653495,0,0,0
6 x 64 B,31,14992,1678866,8071349,25696653,1679525,0,0,0
8 x 64 B,0,17401,1727173,8445084,26502089,1728522,0,0,0
8 x 64 B,1,17401,1723634,8424305,26502089,1724190,0,0,0
8 x 64 B,2,17401,1728412,8415694,26502089,1723525,0,0,0
8 x 64 B,3,17401,1716079,8406873,26502088,1716553,0,0,0
8 x 64 B,4,17401,1721772,8422847,26502089,1722344,0,0,0
8 x 64 B,5,17401,1717991,8410548,26502089,1718481,0,0,0
8 x 64 B,6,17401,1721242,8426961,26502089,1721730,0,0,0
8 x 64 B,7,17401,2092448,8435595,26502089,2092944,0,0,0
8 x 64 B,8,17401,1717282,8413202,26502088,1717785,0,0,0
8 x 64 B,9,17401,1720996,8425365,26502089,1721497,0,0,0
8 x 64 B,10,17401,1718584,8414584,26502089,1719113,0,0,0
8 x 64 B,11,17401,1723984,8434399,26502089,1724484,0,0,0
8 x 64 B,12,17401,1717887,8413257,26502088,1718377,0,0,0
8 x 64 B,13,17401,1722408,8430655,26502089,1722905,0,0,0
8 x 64 B,14,17401,1718455,8413636,26502089,1718955,0,0,0
8 x 64 B,15,17401,1719129,8421956,26502088,1719633,0,0,0
8 x 64 B,16,17401,1719932,8420325,26502089,1720428,0,0,0
8 x 64 B,17,17401,1719476,8419420,26502089,1719983,0,0,0
8 x 64 B,18,17401,1720184,8421435,26502089,1720679,0,0,0
8 x 64 B,19,17401,1717612,8412727,26502088,1718104,0,0,0
8 x 64 B,20,17401,1731497,8426843,26502089,1732069,0,0,0
8 x 64 B,21,17401,1720726,8422264,26502089,1721286,0,0,0
8 x 64 B,22,17401,1719806,8422919,26502088,1720310,0,0,0
8 x 64 B,23,17401,1730546,8444731,26502089,1731197,0,0,0
8 x 64 B,24,17401,1721532,8417419,26502089,1722138,0,0,0
8 x 64 B,25,17401,1723258,8430462,26502089,1723945,0,0,0
8 x 64 B,26,17401,1723500,8416192,26502088,1724532,0,0,0
8 x 64 B,27,17401,1732133,8435331,26502089,1730227,0,0,0
8 x 64 B,28,17401,1728271,8421821,26502089,1723541,0,0,0
8 x 64 B,29,17401,1721603,8424724,26502089,1722096,0,0,0
8 x 64 B,30,17401,1719187,8413114,26502088,1719686,0,0,0
8 x 64 B,31,17401,1721239,8421415,26502089,1721756,0,0,0
12 x 64 B,0,11374,1814195,8880839,28537732,1814758,0,0,0
12 x 64 B,1,11374,1815826,8886798,28537732,1816329,0,0,0
12 x 64 B,2,11374,1811222,8871476,28537731,1811733,0,0,0
12 x 64 B,3,11374,1817187,8895341,28537732,1817691,0,0,0
12 x 64 B,4,11374,1815009,8883066,28537732,1815516,0,0,0
12 x 64 B,5,11374,1815818,8890649,28537732,1816320,0,0,0
12 x 64 B,6,11374,1817132,8894092,28537732,1817642,0,0,0
12 x 64 B,7,11374,1814377,8882621,28537732,1814879,0,0,0
12 x 64 B,8,11374,1813550,8883064,28537731,1814214,0,0,0
12 x 64 B,9,11374,1823150,8885810,28537732,1819191,0,0,0
12 x 64 B,10,11374,1817539,8890992,28537732,1818289,0,0,0
12 x 64 B,11,11374,1817066,8888389,28537732,1818119,0,0,0
12 x 64 B,12,11374,1829230,8921202,28537732,1830060,0,0,0
12 x 64 B,13,11374,1813895,8877891,28537731,1814597,0,0,0
12 x 64 B,14,11374,1817899,8894989,28537732,1818405,0,0,0
12 x 64 B,15,11374,1823522,8873382,28537732,1817957,0,0,0
12 x 64 B,16,11374,1817590,8895869,28537732,1818083,0,0,0
12 x 64 B,17,11374,1815382,8886958,28537732,1815889,0,0,0
12 x 64 B,18,11374,1816566,8890291,28537732,1817065,0,0,0
12 x 64 B,19,11374,1812565,8878346,28537731,1813060,0,0,0
12 x 64 B,20,11374,1815277,8885400,28537732,1815776,0,0,0
12 x 64 B,21,11374,1816012,8886637,28537732,1816512,0,0,0
12 x 64 B,22,11374,1812695,8874874,28537732,1813211,0,0,0
12 x 64 B,23,11374,1815110,8887645,28537732,1815606,0,0,0
12 x 64 B,24,11374,1811875,8874532,28537731,1812373,0,0,0
12 x 64 B,25,11374,1815692,8890162,28537732,1816188,0,0,0
12 x 64 B,26,11374,1814331,8883768,28537732,1814813,0,0,0
12 x 64 B,27,11374,1818148,8875849,28537733,1816531,0,0,0
12 x 64 B,28,11374,1810567,8865970,28537732,1811051,0,0,0
12 x 64 B,29,11374,1817939,8898515,28537732,1818436,0,0,0
12 x 64 B,30,11374,1846514,8889699,28537731,1847016,0,0,0
12 x 64 B,31,11374,1817460,8895711,28537732,1817955,0,0,0
16 x 64 B,0,9702,1847755,9047533,27030138,1848305,0,0,0
16 x 64 B,1,9702,1850977,9061744,27030138,1851483,0,0,0
16 x 64 B,2,9702,1848971,9054311,27030138,1849489,0,0,0
16 x 64 B,3,9702,1847507,9046744,27030138,1847999,0,0,0
16 x 64 B,4,9702,1845149,9039881,27030137,1845620,0,0,0
16 x 64 B,5,9702,1851554,9065978,27030138,1852102,0,0,0
16 x 64 B,6,9702,1849055,9050446,27030138,1849555,0,0,0
16 x 64 B,7,9702,1851914,9067680,27030138,1852414,0,0,0
16 x 64 B,8,9702,1848959,9053569,27030138,1849465,0,0,0
16 x 64 B,9,9702,1849777,9057470,27030138,1850270,0,0,0
16 x 64 B,10,9702,1856667,9059729,27030138,1857169,0,0,0
16 x 64 B,11,9702,1848703,9056895,27030137,1849210,0,0,0
16 x 64 B,12,9702,1850592,9062571,27030138,1851099,0,0,0
16 x 64 B,13,9702,1847673,9047719,27030138,1848176,0,0,0
16 x 64 B,14,9702,1851169,9061490,27030138,1851687,0,0,0
16 x 64 B,15,9702,1848192,9050802,27030138,1848693,0,0,0
16 x 64 B,16,9702,1847181,9046019,27030138,1847694,0,0,0
16 x 64 B,17,9702,1847947,9047346,27030138,1848502,0,0,0
16 x 64 B,18,9702,1881145,9069763,27030137,1881813,0,0,0
16 x 64 B,19,9702,1851331,9063590,27030138,1851932,0,0,0
16 x 64 B,20,9702,1849460,9054029,27030138,1849963,0,0,0
16 x 64 B,21,9702,1849525,9051402,27030138,1850232,0,0,0
16 x 64 B,22,9702,1851473,9061431,27030138,1852092,0,0,0
16 x 64 B,23,9702,1850824,9052155,27030138,1851809,0,0,0
16 x 64 B,24,9702,1862153,9056319,27030138,1859058,0,0,0
16 x 64 B,25,9702,1851671,9048006,27030137,1850589,0,0,0
16 x 64 B,26,9702,1856689,9055497,27030138,1853257,0,0,0
16 x 64 B,27,9702,1851144,9061170,27030138,1851654,0,0,0
16 x 64 B,28,9702,1850608,9056069,27030138,1851122,0,0,0
16 x 64 B,29,9702,1854468,9074836,27030138,1854982,0,0,0
16 x 64 B,30,9702,1850157,9055904,27030138,1850672,0,0,0
16 x 64 B,31,9702,1848783,9056800,27030137,1849290,0,0,0
24 x 64 B,0,6693,2284735,9281149,27100324,2285271,0,0,0
24 x 64 B,1,6693,1892989,9266950,27100323,1893519,0,0,0
24 x 64 B,2,6693,1894133,9271074,27100323,1894652,0,0,0
24 x 64 B,3,6693,1887641,9248117,27100322,1888140,0,0,0
24 x 64 B,4,6693,1893092,9269101,27100323,1893591,0,0,0
24 x 64 B,5,6693,1892173,9265272,27100323,1892672,0,0,0
24 x 64 B,6,6693,1893821,9273612,27100323,1894339,0,0,0
24 x 64 B,7,6693,1894216,9271426,27100323,1894716,0,0,0
24 x 64 B,8,6693,1894073,9271303,27100323,1894580,0,0,0
24 x 64 B,9,6693,1892139,9265438,27100323,1892620,0,0,0
24 x 64 B,10,6693,1894702,9277781,27100323,1895191,0,0,0
24 x 64 B,11,6693,1891304,9260537,27100323,1891797,0,0,0
24 x 64 B,12,6693,1890123,9259252,27100322,1890656,0,0,0
24 x 64 B,13,6693,1893204,9269965,27100323,1893713,0,0,0
24 x 64 B,14,6693,1893371,9267657,27100323,1893861,0,0,0
24 x 64 B,15,6693,1894119,9270628,27100323,1894678,0,0,0
24 x 64 B,16,6693,1892267,9260584,27100323,1892792,0,0,0
24 x 64 B,17,6693,1893341,9270328,27100323,1893829,0,0,0
24 x 64 B,18,6693,1891211,9261168,27100323,1891701,0,0,0
24 x 64 B,19,6693,1893524,9271362,27100323,1894025,0,0,0
24 x 64 B,20,6693,1889489,9253190,27100323,1889991,0,0,0
24 x 64 B,21,6693,1894598,9273915,27100323,1895097,0,0,0
24 x 64 B,22,6693,1887896,9249751,27100322,1888372,0,0,0
24 x 64 B,23,6693,1894577,9276480,27100323,1895066,0,0,0
24 x 64 B,24,6693,1892078,9265089,27100323,1892567,0,0,0
24 x 64 B,25,6693,1891888,9264046,27100323,1892390,0,0,0
24 x 64 B,26,6693,1892385,9264900,27100323,1892876,0,0,0
24 x 64 B,27,6693,1894007,9271764,27100323,1894505,0,0,0
24 x 64 B,28,6693,1893969,9269683,27100323,1894601,0,0,0
24 x 64 B,29,6693,1893238,9266896,27100323,1893808,0,0,0
24 x 64 B,30,6693,1893567,9266521,27100323,1894244,0,0,0
24 x 64 B,31,6693,1894161,9275494,27100322,1894954,0,0,0
64 x 64 B,0,2585,1929971,9423855,26791306,1931256,0,0,0
64 x 64 B,1,2585,1931101,9405999,26791306,1927618,0,0,0
64 x 64 B,2,2585,1930673,9419321,26791306,1926871,0,0,0
64 x 64 B,3,2585,1924402,9422349,26791306,1924911,0,0,0
64 x 64 B,4,2585,1921496,9409511,26791306,1921992,0,0,0
64 x 64 B,5,2585,1926657,9428587,26791306,1927181,0,0,0
64 x 64 B,6,2585,1924136,9418388,26791306,1924649,0,0,0
64 x 64 B,7,2585,1924429,9419297,26791306,1924944,0,0,0
64 x 64 B,8,2585,1923146,9414515,26791306,1923670,0,0,0
64 x 64 B,9,2585,1923402,9415515,26791306,1923900,0,0,0
64 x 64 B,10,2585,2311674,9422697,26791306,2312196,0,0,0
64 x 64 B,11,2585,1924980,9422589,26791306,1925481,0,0,0
64 x 64 B,12,2585,1929797,9413399,26791306,1925144,0,0,0
64 x 64 B,13,2585,1925223,9423928,26791306,1925738,0,0,0
64 x 64 B,14,2585,1923301,9417345,26791306,1923798,0,0,0
64 x 64 B,15,2585,1925606,9426377,26791306,1926094,0,0,0
64 x 64 B,16,2585,1923895,9419961,26791306,1924397,0,0,0
64 x 64 B,17,2585,1926966,9432980,26791306,1927459,0,0,0
64 x 64 B,18,2585,1919710,9404603,26791305,1920206,0,0,0
64 x 64 B,19,2585,1923424,9418210,26791306,1923962,0,0,0
64 x 64 B,20,2585,1924420,9415252,26791306,1924943,0,0,0
64 x 64 B,21,2585,1922931,9415547,26791306,1923431,0,0,0
64 x 64 B,22,2585,1925220,9424225,26791306,1925713,0,0,0
64 x 64 B,23,2585,1924262,9422101,26791306,1924758,0,0,0
64 x 64 B,24,2585,1924055,9418212,26791306,1924563,0,0,0
64 x 64 B,25,2585,1924095,9421058,26791306,1924590,0,0,0
64 x 64 B,26,2585,1924120,9418220,26791306,1924620,0,0,0
64 x 64 B,27,2585,1925061,9426139,26791306,1925562,0,0,0
64 x 64 B,28,2585,1924826,9418957,26791306,1925343,0,0,0
64 x 64 B,29,2585,1923561,9418970,26791306,1924075,0,0,0
64 x 64 B,30,2585,1925035,9422984,26791306,1925543,0,0,0
64 x 64 B,31,2585,1922853,9414310,26791306,1923344,0,0,0
128 x 64 B,0,1335,1981121,9700236,27325146,1981661,0,0,0
128 x 64 B,1,1335,1978942,9692233,27325145,1979480,0,0,0
128 x 64 B,2,1335,1982968,9708312,27325146,1983477,0,0,0
128 x 64 B,3,1335,1980241,9693361,27325146,1980763,0,0,0
128 x 64 B,4,1335,1981444,9700936,27325146,1982163,0,0,0
128 x 64 B,5,1335,1982354,9702469,27325146,1983026,0,0,0
128 x 64 B,6,1335,1984828,9710759,27325146,1985886,0,0,0
128 x 64 B,7,1335,1984285,9710347,27325146,1984993,0,0,0
128 x 64 B,8,1335,1982398,9696188,27325146,1983275,0,0,0
128 x 64 B,9,1335,1980438,9693190,27325146,1980943,0,0,0
128 x 64 B,10,1335,1991777,9707674,27325146,1986742,0,0,0
128 x 64 B,11,1335,1983058,9708041,27325146,1983586,0,0,0
128 x 64 B,12,1335,1982004,9704494,27325146,1982508,0,0,0
128 x 64 B,13,1335,1981428,9699851,27325146,1981976,0,0,0
128 x 64 B,14,1335,1981458,9701995,27325146,1981959,0,0,0
128 x 64 B,15,1335,1983425,9707915,27325146,1983960,0,0,0
128 x 64 B,16,1335,1981667,9700508,27325146,1982182,0,0,0
128 x 64 B,17,1335,1981451,9697199,27325146,1981970,0,0,0
128 x 64 B,18,1335,1982148,9704866,27325146,1982671,0,0,0
128 x 64 B,19,1335,1978847,9690541,27325146,1979354,0,0,0
128 x 64 B,20,1335,2351967,9709539,27325147,2352476,0,0,0
128 x 64 B,21,1335,1978677,9690624,27325146,1979202,0,0,0
128 x 64 B,22,1335,1980568,9698078,27325146,1981077,0,0,0
128 x 64 B,23,1335,1978780,9692081,27325145,1979282,0,0,0
128 x 64 B,24,1335,1981508,9702363,27325146,1982021,0,0,0
128 x 64 B,25,1335,1979168,9693921,27325146,1979668,0,0,0
128 x 64 B,26,1335,1982032,9702735,27325146,1982546,0,0,0
128 x 64 B,27,1335,1980729,9699315,27325146,1981227,0,0,0
128 x 64 B,28,1335,1982709,9708540,27325146,1983232,0,0,0
128 x 64 B,29,1335,1979019,9690856,27325146,1979509,0,0,0
128 x 64 B,30,1335,1981585,9698931,27325146,1982127,0,0,0
128 x 64 B,31,1335,1979211,9689978,27325146,1979740,0,0,0
129 x 64 B,0,1290,1969672,9645930,27170346,1970190,0,0,0
129 x 64 B,1,1290,1972581,9659078,27170346,1973106,0,0,0
129 x 64 B,2,1290,1969197,9640028,27170346,1969694,0,0,0
129 x 64 B,3,1290,1970372,9648348,27170346,1970879,0,0,0
129 x 64 B,4,1290,1967097,9634177,27170346,1967578,0,0,0
129 x 64 B,5,1290,1971304,9653360,27170346,1971826,0,0,0
129 x 64 B,6,1290,1970109,9647533,27170346,1970595,0,0,0
129 x 64 B,7,1290,1971168,9648063,27170346,1971678,0,0,0
129 x 64 B,8,1290,1966375,9630774,27170346,1966843,0,0,0
129 x 64 B,9,1290,1971108,9651117,27170346,1971618,0,0,0
129 x 64 B,10,1290,1969135,9641595,27170346,1969671,0,0,0
129 x 64 B,11,1290,1979090,9647834,27170346,1974449,0,0,0
129 x 64 B,12,1290,1974297,9663291,27170346,1974948,0,0,0
129 x 64 B,13,1290,1974896,9660889,27170346,1975621,0,0,0
129 x 64 B,14,1290,1970168,9642397,27170346,1970763,0,0,0
129 x 64 B,15,1290,1973233,9647733,27170346,1974042,0,0,0
129 x 64 B,16,1290,1972204,9640537,27170346,1972886,0,0,0
129 x 64 B,17,1290,1979996,9635891,27170346,1973434,0,0,0
129 x 64 B,18,1290,1971508,9649833,27170346,1972058,0,0,0
129 x 64 B,19,1290,1970236,9643654,27170346,1970740,0,0,0
129 x 64 B,20,1290,1969150,9639288,27170346,1969661,0,0,0
129 x 64 B,21,1290,1970722,9646360,27170346,1971236,0,0,0
129 x 64 B,22,1290,1970235,9647345,27170346,1970743,0,0,0
129 x 64 B,23,1290,1972068,9652622,27170346,1972575,0,0,0
129 x 64 B,24,1290,1971250,9648317,27170346,1971751,0,0,0
129 x 64 B,25,1290,1970336,9645691,27170346,1970864,0,0,0
129 x 64 B,26,1290,1972078,9647907,27170346,1972586,0,0,0
129 x 64 B,27,1290,1969856,9645106,27170346,1970369,0,0,0
129 x 64 B,28,1290,1970905,9647388,27170346,1971395,0,0,0
129 x 64 B,29,1290,2381007,9658019,27170346,2381522,0,0,0
129 x 64 B,30,1290,1971544,9651533,27170346,1972038,0,0,0
129 x 64 B,31,1290,1970652,9649421,27170346,1971159,0,0,0
1024 x 64 B,0,166,2006852,9826573,27061022,2007390,0,0,0
1024 x 64 B,1,166,2007309,9826769,27061022,2007823,0,0,0
1024 x 64 B,2,166,2007235,9828058,27061022,2007757,0,0,0
1024 x 64 B,3,166,2004304,9815650,27061022,2004822,0,0,0
1024 x 64 B,4,166,2008162,9833584,27061022,2008677,0,0,0
1024 x 64 B,5,166,2006806,9826402,27061022,2007333,0,0,0
1024 x 64 B,6,166,2010426,9822228,27061022,2009234,0,0,0
1024 x 64 B,7,166,2006255,9821625,27061022,2006769,0,0,0
1024 x 64 B,8,166,2007438,9829076,27061022,2007957,0,0,0
1024 x 64 B,9,166,2006579,9825609,27061022,2007093,0,0,0
1024 x 64 B,10,166,2014844,9818261,27061022,2007987,0,0,0
1024 x 64 B,11,166,2005524,9821672,27061022,2006016,0,0,0
1024 x 64 B,12,166,2007517,9829615,27061022,2008020,0,0,0
1024 x 64 B,13,166,2006354,9824891,27061022,2006856,0,0,0
1024 x 64 B,14,166,2007468,9827515,27061022,2007964,0,0,0
1024 x 64 B,15,166,2004638,9817177,27061022,2005128,0,0,0
1024 x 64 B,16,166,2007841,9830236,27061022,2008331,0,0,0
1024 x 64 B,17,166,2007648,9830346,27061022,2008210,0,0,0
1024 x 64 B,18,166,2009254,9836911,27061022,2009744,0,0,0
1024 x 64 B,19,166,2009014,9830203,27061022,2009552,0,0,0
1024 x 64 B,20,166,2011402,9840898,27061022,2012148,0,0,0
1024 x 64 B,21,166,2008104,9828587,27061022,2008738,0,0,0
1024 x 64 B,22,166,2011777,9838543,27061022,2013152,0,0,0
1024 x 64 B,23,166,2013610,9826579,27061022,2012548,0,0,0
1024 x 64 B,24,166,2016435,9830838,27061022,2011850,0,0,0
1024 x 64 B,25,166,2008593,9830800,27061022,2009099,0,0,0
1024 x 64 B,26,166,2008036,9828174,27061022,2008531,0,0,0
1024 x 64 B,27,166,2007101,9826991,27061022,2007598,0,0,0
1024 x 64 B,28,166,2008280,9830901,27061022,2008775,0,0,0
1024 x 64 B,29,166,2385924,9838522,27061023,2386436,0,0,0
1024 x 64 B,30,166,2005838,9818853,27061022,2006328,0,0,0
1024 x 64 B,31,166,2007149,9829205,27061022,2007641,0,0,0
1 x 128 B,0,17363,1595908,7816734,21964560,1596477,0,0,0
1 x 128 B,1,17363,1600963,7836087,21964561,1601501,0,0,0
1 x 128 B,2,17363,1596663,7819199,21964560,1597157,0,0,0
1 x 128 B,3,17363,1599967,7830654,21964561,1600487,0,0,0
1 x 128 B,4,17363,1599047,7827792,21964561,1599555,0,0,0
1 x 128 B,5,17363,1598103,7825887,21964560,1598642,0,0,0
1 x 128 B,6,17363,1601116,7837822,21964561,1601638,0,0,0
1 x 128 B,7,17363,1595592,7817077,21964560,1596086,0,0,0
1 x 128 B,8,17363,1598895,7827869,21964561,1599417,0,0,0
1 x 128 B,9,17363,1599349,7829586,21964561,1599861,0,0,0
1 x 128 B,10,17363,1596582,7820914,21964560,1597094,0,0,0
1 x 128 B,11,17363,1612640,7826701,21964561,1602646,0,0,0
1 x 128 B,12,17363,1594707,7812213,21964560,1595206,0,0,0
1 x 128 B,13,17363,1598119,7823838,21964561,1598638,0,0,0
1 x 128 B,14,17363,1599532,7829959,21964561,1600055,0,0,0
1 x 128 B,15,17363,1597312,7824679,21964560,1597824,0,0,0
1 x 128 B,16,17363,1598842,7827298,21964561,1599366,0,0,0
1 x 128 B,17,17363,1597044,7822464,21964560,1597578,0,0,0
1 x 128 B,18,17363,1598091,7824558,21964561,1598614,0,0,0
1 x 128 B,19,17363,1599749,7831808,21964561,1600263,0,0,0
1 x 128 B,20,17363,1596197,7819317,21964560,1596719,0,0,0
1 x 128 B,21,17363,1599566,7827296,21964561,1600094,0,0,0
1 x 128 B,22,17363,1596670,7822022,21964560,1597157,0,0,0
1 x 128 B,23,17363,1598510,7826880,21964561,1599032,0,0,0
1 x 128 B,24,17363,1600292,7834953,21964561,1600836,0,0,0
1 x 128 B,25,17363,1596431,7820400,21964560,1596947,0,0,0
1 x 128 B,26,17363,1598219,7825527,21964561,1598734,0,0,0
1 x 128 B,27,17363,1596021,7818916,21964560,1596523,0,0,0
1 x 128 B,28,17363,1597999,7824062,21964561,1598525,0,0,0
1 x 128 B,29,17363,1600600,7830807,21964561,1601145,0,0,0
1 x 128 B,30,17363,1598803,7831467,21964560,1599379,0,0,0
1 x 128 B,31,17363,1600805,7834582,21964561,1601465,0,0,0
3 x 128 B,0,13064,1783331,8724414,31667502,1784047,0,0,0
3 x 128 B,1,13064,1780892,8720590,31667501,1781585,0,0,0
3 x 128 B,2,13064,1785120,8725436,31667502,1785751,0,0,0
3 x 128 B,3,13064,1795495,8740227,31667502,1794005,0,0,0
3 x 128 B,4,13064,1781725,8702020,31667502,1780685,0,0,0
3 x 128 B,5,13064,1786299,8701658,31667502,1781741,0,0,0
3 x 128 B,6,13064,1775502,8697993,31667501,1775999,0,0,0
3 x 128 B,7,13064,1780486,8715823,31667502,1781037,0,0,0
3 x 128 B,8,13064,1775916,8694734,31667502,1776405,0,0,0
3 x 128 B,9,13064,1780870,8714128,31667502,1781378,0,0,0
3 x 128 B,10,13064,1771556,8675405,31667501,1772086,0,0,0
3 x 128 B,11,13064,1774094,8688012,31667502,1774557,0,0,0
3 x 128 B,12,13064,2169557,8706212,31667502,2170071,0,0,0
3 x 128 B,13,13064,1775840,8697185,31667502,1776321,0,0,0
3 x 128 B,14,13064,1780939,8720269,31667502,1781441,0,0,0
3 x 128 B,15,13064,1777494,8704479,31667502,1777994,0,0,0
3 x 128 B,16,13064,1782317,8709215,31667505,1782873,0,0,0
3 x 128 B,17,13064,1772296,8683365,31667501,1772767,0,0,0
3 x 128 B,18,13064,1776445,8699737,31667502,1776947,0,0,0
3 x 128 B,19,13064,1778843,8710271,31667502,1779330,0,0,0
3 x 128 B,20,13064,1780392,8717505,31667502,1780889,0,0,0
3 x 128 B,21,13064,1773879,8690898,31667501,1774347,0,0,0
3 x 128 B,22,13064,1773178,8684503,31667502,1773654,0,0,0
3 x 128 B,23,13064,1780081,8716164,31667502,1780589,0,0,0
3 x 128 B,24,13064,1777465,8704241,31667502,1777935,0,0,0
3 x 128 B,25,13064,1781020,8721468,31667502,1781516,0,0,0
3 x 128 B,26,13064,1773667,8690665,31667501,1774147,0,0,0
3 x 128 B,27,13064,1779401,8712581,31667502,1779915,0,0,0
3 x 128 B,28,13064,1779607,8710639,31667502,1780122,0,0,0
3 x 128 B,29,13064,1779214,8711471,31667502,1779710,0,0,0
3 x 128 B,30,13064,1778852,8710061,31667501,1779350,0,0,0
3 x 128 B,31,13064,1780885,8716735,31667502,1781402,0,0,0
4 x 128 B,0,13405,1744977,8544652,30402906,1745503,0,0,0
4 x 128 B,1,13405,1745203,8545800,30402906,1745711,0,0,0
4 x 128 B,2,13405,1741562,8533053,30402905,1742050,0,0,0
4 x 128 B,3,13405,1745191,8546682,30402906,1745688,0,0,0
4 x 128 B,4,13405,1744730,8542649,30402906,1745230,0,0,0
4 x 128 B,5,13405,1745258,8545650,30402906,1745752,0,0,0
4 x 128 B,6,13405,1742979,8539189,30402905,1743463,0,0,0
4 x 128 B,7,13405,1742591,8534866,30402906,1743060,0,0,0
4 x 128 B,8,13405,1746266,8549325,30402906,1746756,0,0,0
4 x 128 B,9,13405,1747319,8554456,30402906,1747823,0,0,0
4 x 128 B,10,13405,1743973,8542930,30402905,1744567,0,0,0
4 x 128 B,11,13405,1744126,8539373,30402906,1744594,0,0,0
4 x 128 B,12,13405,1754277,8554674,30402906,1754798,0,0,0
4 x 128 B,13,13405,1747849,8551724,30402906,1748525,0,0,0
4 x 128 B,14,13405,1746188,8549782,30402905,1746804,0,0,0
4 x 128 B,15,13405,1752737,8562900,30402906,1753768,0,0,0
4 x 128 B,16,13405,1754498,8547770,30402906,1752933,0,0,0
4 x 128 B,17,13405,1753699,8547025,30402906,1749330,0,0,0
4 x 128 B,18,13405,1744528,8543603,30402905,1745029,0,0,0
4 x 128 B,19,13405,1751066,8539753,30402906,1751573,0,0,0
4 x 128 B,20,13405,1744012,8535803,30402906,1744518,0,0,0
4 x 128 B,21,13405,1747232,8550236,30402906,1747735,0,0,0
4 x 128 B,22,13405,1742360,8534605,30402905,1742856,0,0,0
4 x 128 B,23,13405,1745265,8539922,30402906,1745777,0,0,0
4 x 128 B,24,13405,1746598,8549401,30402906,1747111,0,0,0
4 x 128 B,25,13405,1744749,8543490,30402906,1745261,0,0,0
4 x 128 B,26,13405,1746508,8530453,30402905,1747017,0,0,0
4 x 128 B,27,13405,2146325,8546451,30402907,2146819,0,0,0
4 x 128 B,28,13405,1745498,8550805,30402905,1745991,0,0,0
4 x 128 B,29,13405,1744382,8541285,30402906,1744856,0,0,0
4 x 128 B,30,13405,1745865,8548521,30402906,1746370,0,0,0
4 x 128 B,31,13405,1746339,8547825,30402906,1746826,0,0,0
6 x 128 B,0,8405,1817735,8904401,26551760,1818261,0,0,0
6 x 128 B,1,8405,1820605,8912017,26551761,1821119,0,0,0
6 x 128 B,2,8405,1818775,8904705,26551761,1819305,0,0,0
6 x 128 B,3,8405,1819400,8905009,26551761,1819927,0,0,0
6 x 128 B,4,8405,1821077,8915984,26551761,1821574,0,0,0
6 x 128 B,5,8405,1817434,8904050,26551760,1817898,0,0,0
6 x 128 B,6,8405,1819932,8911207,26551761,1820444,0,0,0
6 x 128 B,7,8405,1818997,8905778,26551761,1819504,0,0,0
6 x 128 B,8,8405,1823400,8925306,26551761,1823901,0,0,0
6 x 128 B,9,8405,1819093,8906602,26551761,1819586,0,0,0
6 x 128 B,10,8405,1822793,8922432,26551761,1823290,0,0,0
6 x 128 B,11,8405,1819084,8911491,26551760,1819609,0,0,0
6 x 128 B,12,8405,1850782,8918689,26551761,1851314,0,0,0
6 x 128 B,13,8405,1821528,8915964,26551761,1822028,0,0,0
6 x 128 B,14,8405,1821662,8920769,26551761,1822152,0,0,0
6 x 128 B,15,8405,1823340,8927424,26551761,1823828,0,0,0
6 x 128 B,16,8405,1820995,8916014,26551761,1821478,0,0,0
6 x 128 B,17,8405,1847742,8906898,26551760,1848232,0,0,0
6 x 128 B,18,8405,1821492,8914976,26551761,1821975,0,0,0
6 x 128 B,19,8405,1824725,8934258,26551761,1825217,0,0,0
6 x 128 B,20,8405,1822276,8917698,26551761,1822775,0,0,0
6 x 128 B,21,8405,1849527,8924848,26551761,1850014,0,0,0
6 x 128 B,22,8405,1821530,8914610,26551761,1822232,0,0,0
6 x 128 B,23,8405,1820733,8918454,26551760,1821347,0,0,0
6 x 128 B,24,8405,1827891,8943528,26551761,1828629,0,0,0
6 x 128 B,25,8405,1824813,8927772,26551761,1825472,0,0,0
6 x 128 B,26,8405,1856820,8921914,26551761,1857818,0,0,0
6 x 128 B,27,8405,1824703,8930946,26551761,1825267,0,0,0
6 x 128 B,28,8405,1824778,8922878,26551761,1825293,0,0,0
6 x 128 B,29,8405,1826102,8911880,26551760,1821478,0,0,0
6 x 128 B,30,8405,1854791,8935715,26551761,1855309,0,0,0
6 x 128 B,31,8405,1821397,8914292,26551761,1821886,0,0,0
8 x 128 B,0,9923,1845804,9036581,27705382,1846350,0,0,0
8 x 128 B,1,9923,1846973,9038652,27705382,1847491,0,0,0
8 x 128 B,2,9923,1843692,9024036,27705382,1844206,0,0,0
8 x 128 B,3,9923,1841705,9021862,27705381,1842218,0,0,0
8 x 128 B,4,9923,1845896,9037594,27705382,1846386,0,0,0
8 x 128 B,5,9923,1842967,9025057,27705382,1843489,0,0,0
8 x 128 B,6,9923,2226425,9039232,27705382,2226950,0,0,0
8 x 128 B,7,9923,1842782,9023860,27705382,1843282,0,0,0
8 x 128 B,8,9923,1847715,9046332,27705382,1848202,0,0,0
8 x 128 B,9,9923,1844764,9033834,27705382,1845252,0,0,0
8 x 128 B,10,9923,1846180,9039330,27705382,1846690,0,0,0
8 x 128 B,11,9923,1844138,9030740,27705382,1844648,0,0,0
8 x 128 B,12,9923,1844055,9034156,27705381,1844565,0,0,0
8 x 128 B,13,9923,1844752,9028299,27705382,1845258,0,0,0
8 x 128 B,14,9923,1846167,9039200,27705382,1846671,0,0,0
8 x 128 B,15,9923,1843469,9026525,27705382,1843969,0,0,0
8 x 128 B,16,9923,1844249,9030264,27705382,1844750,0,0,0
8 x 128 B,17,9923,1844050,9028857,27705382,1844577,0,0,0
8 x 128 B,18,9923,1841754,9022584,27705381,1842273,0,0,0
8 x 128 B,19,9923,1843971,9024965,27705382,1844478,0,0,0
8 x 128 B,20,9923,1844703,9029499,27705382,1845192,0,0,0
8 x 128 B,21,9923,1844713,9031904,27705382,1845213,0,0,0
8 x 128 B,22,9923,1847008,9019709,27705382,1845774,0,0,0
8 x 128 B,23,9923,1845769,9036759,27705382,1846305,0,0,0
8 x 128 B,24,9923,1843568,9027973,27705382,1844088,0,0,0
8 x 128 B,25,9923,1844759,9037598,27705381,1845295,0,0,0
8 x 128 B,26,9923,1843691,9023980,27705382,1844182,0,0,0
8 x 128 B,27,9923,1845165,9035003,27705382,1845663,0,0,0
8 x 128 B,28,9923,1842240,9020809,27705382,1842725,0,0,0
8 x 128 B,29,9923,1843741,9027927,27705382,1844239,0,0,0
8 x 128 B,30,9923,1844150,9029967,27705382,1844643,0,0,0
8 x 128 B,31,9923,1842447,9025602,27705381,1842944,0,0,0
12 x 128 B,0,6095,1871200,9166594,28652960,1871922,0,0,0
12 x 128 B,1,6095,1876722,9181701,28652961,1877475,0,0,0
12 x 128 B,2,6095,1874268,9171084,28652961,1874936,0,0,0
12 x 128 B,3,6095,1876051,9170628,28652961,1877114,0,0,0
12 x 128 B,4,6095,1882982,9170921,28652961,1881303,0,0,0
12 x 128 B,5,6095,1881559,9173859,28652961,1877242,0,0,0
12 x 128 B,6,6095,1873693,9171020,28652961,1874231,0,0,0
12 x 128 B,7,6095,1874611,9175593,28652961,1875125,0,0,0
12 x 128 B,8,6095,1871210,9164645,28652960,1871695,0,0,0
12 x 128 B,9,6095,1874796,9177022,28652961,1875294,0,0,0
12 x 128 B,10,6095,1872756,9170260,28652961,1873260,0,0,0
12 x 128 B,11,6095,1873178,9172497,28652961,1873675,0,0,0
12 x 128 B,12,6095,1872032,9166327,28652961,1872528,0,0,0
12 x 128 B,13,6095,1874875,9175421,28652961,1875382,0,0,0
12 x 128 B,14,6095,1873424,9169833,28652961,1873929,0,0,0
12 x 128 B,15,6095,1874197,9175700,28652961,1874701,0,0,0
12 x 128 B,16,6095,1871431,9168159,28652960,1871920,0,0,0
12 x 128 B,17,6095,1871784,9166299,28652961,1872268,0,0,0
12 x 128 B,18,6095,2256493,9177534,28652962,2256997,0,0,0
12 x 128 B,19,6095,1871375,9168851,28652960,1871876,0,0,0
12 x 128 B,20,6095,1873957,9172933,28652961,1874459,0,0,0
12 x 128 B,21,6095,1896777,9285984,28652961,1897282,0,0,0
12 x 128 B,22,6095,1875374,9182228,28652961,1875878,0,0,0
12 x 128 B,23,6095,1873677,9165888,28652961,1874177,0,0,0
12 x 128 B,24,6095,1884222,9164748,28652961,1873614,0,0,0
12 x 128 B,25,6095,1871787,9166253,28652961,1872274,0,0,0
12 x 128 B,26,6095,1875205,9178903,28652961,1875707,0,0,0
12 x 128 B,27,6095,1870534,9163923,28652960,1871031,0,0,0
12 x 128 B,28,6095,1875192,9181362,28652961,1875706,0,0,0
12 x 128 B,29,6095,1872990,9170470,28652961,1873496,0,0,0
12 x 128 B,30,6095,1883781,9177211,28652961,1884278,0,0,0
12 x 128 B,31,6095,1912058,9180724,28652961,1912611,0,0,0
16 x 128 B,0,5244,1914066,9368777,27389778,1914615,0,0,0
16 x 128 B,1,5244,1914623,9372872,27389778,1915138,0,0,0
16 x 128 B,2,5244,1913487,9365100,27389778,1913996,0,0,0
16 x 128 B,3,5244,1914702,9375445,27389778,1915228,0,0,0
16 x 128 B,4,5244,1914530,9370583,27389778,1915031,0,0,0
16 x 128 B,5,5244,1912446,9369255,27389777,1912964,0,0,0
16 x 128 B,6,5244,1914083,9372758,27389778,1914576,0,0,0
16 x 128 B,7,5244,1915164,9377601,27389778,1915723,0,0,0
16 x 128 B,8,5244,1913490,9368615,27389778,1914109,0,0,0
16 x 128 B,9,5244,1914593,9372391,27389778,1915201,0,0,0
16 x 128 B,10,5244,1918527,9387355,27389778,1919196,0,0,0
16 x 128 B,11,5244,1917090,9379022,27389778,1917846,0,0,0
16 x 128 B,12,5244,1916416,9379389,27389778,1917005,0,0,0
16 x 128 B,13,5244,1926065,9367254,27389778,1923396,0,0,0
16 x 128 B,14,5244,1926042,9376650,27389778,1926626,0,0,0
16 x 128 B,15,5244,1923953,9376672,27389778,1918854,0,0,0
16 x 128 B,16,5244,1917187,9372219,27389778,1917711,0,0,0
16 x 128 B,17,5244,1914303,9372243,27389778,1914804,0,0,0
16 x 128 B,18,5244,1912456,9365213,27389777,1912953,0,0,0
16 x 128 B,19,5244,1913942,9371063,27389778,1914448,0,0,0
16 x 128 B,20,5244,1914641,9374350,27389778,1915155,0,0,0
16 x 128 B,21,5244,1913998,9369559,27389778,1914506,0,0,0
16 x 128 B,22,5244,1913932,9372134,27389778,1914442,0,0,0
16 x 128 B,23,5244,1915008,9371102,27389778,1915514,0,0,0
16 x 128 B,24,5244,1914531,9374617,27389778,1915024,0,0,0
16 x 128 B,25,5244,1913905,9372086,27389778,1914412,0,0,0
16 x 128 B,26,5244,1914523,9371870,27389778,1915039,0,0,0
16 x 128 B,27,5244,1914109,9372101,27389778,1914623,0,0,0
16 x 128 B,28,5244,1914943,9377220,27389778,1915452,0,0,0
16 x 128 B,29,5244,1912561,9365300,27389778,1913051,0,0,0
16 x 128 B,30,5244,1912973,9372589,27389777,1913474,0,0,0
16 x 128 B,31,5244,1915164,9377509,27389778,1915673,0,0,0
24 x 128 B,0,3588,1947371,9535426,27462918,1947937,0,0,0
24 x 128 B,1,3588,1944305,9518756,27462918,1944838,0,0,0
24 x 128 B,2,3588,1946606,9528656,27462918,1947106,0,0,0
24 x 128 B,3,3588,1945439,9523602,27462918,1945961,0,0,0
24 x 128 B,4,3588,1946142,9525437,27462918,1946640,0,0,0
24 x 128 B,5,3588,1945884,9528163,27462918,1946374,0,0,0
24 x 128 B,6,3588,1946754,9530208,27462918,1947252,0,0,0
24 x 128 B,7,3588,1944687,9522882,27462918,1945200,0,0,0
24 x 128 B,8,3588,1946724,9532174,27462918,1947229,0,0,0
24 x 128 B,9,3588,1943950,9520254,27462918,1944454,0,0,0
24 x 128 B,10,3588,1946359,9530166,27462918,1946862,0,0,0
24 x 128 B,11,3588,1944233,9521412,27462918,1944734,0,0,0
24 x 128 B,12,3588,1945949,9525939,27462918,1946445,0,0,0
24 x 128 B,13,3588,1943372,9517311,27462918,1943869,0,0,0
24 x 128 B,14,3588,1945351,9525544,27462918,1945883,0,0,0
24 x 128 B,15,3588,1941675,9513211,27462917,1942142,0,0,0
24 x 128 B,16,3588,1946739,9531440,27462918,1947314,0,0,0
24 x 128 B,17,3588,1944083,9519488,27462918,1944783,0,0,0
24 x 128 B,18,3588,1946000,9526669,27462918,1946509,0,0,0
24 x 128 B,19,3588,1946610,9527835,27462918,1947357,0,0,0
24 x 128 B,20,3588,1947507,9531595,27462918,1948160,0,0,0
24 x 128 B,21,3588,1992971,9536897,27462918,1993649,0,0,0
24 x 128 B,22,3588,1952150,9542828,27462918,1952922,0,0,0
24 x 128 B,23,3588,1951103,9520028,27462918,1949374,0,0,0
24 x 128 B,24,3588,2052374,9532886,27462918,1951563,0,0,0
24 x 128 B,25,3588,1947177,9531065,27462918,1947694,0,0,0
24 x 128 B,26,3588,1945899,9521901,27462918,1946391,0,0,0
24 x 128 B,27,3588,1946091,9527613,27462918,1946586,0,0,0
24 x 128 B,28,3588,1946183,9529224,27462918,1946678,0,0,0
24 x 128 B,29,3588,1944896,9523288,27462918,1945393,0,0,0
24 x 128 B,30,3588,1945469,9526629,27462918,1945967,0,0,0
24 x 128 B,31,3588,1944665,9522414,27462918,1945151,0,0,0
64 x 128 B,0,1377,1974082,9658659,27277359,1974629,0,0,0
64 x 128 B,1,1377,1972878,9659437,27277359,1973408,0,0,0
64 x 128 B,2,1377,1973087,9661918,27277359,1973574,0,0,0
64 x 128 B,3,1377,1973597,9664446,27277359,1974094,0,0,0
64 x 128 B,4,1377,1973044,9661909,27277359,1973529,0,0,0
64 x 128 B,5,1377,1973258,9662923,27277359,1973750,0,0,0
64 x 128 B,6,1377,1973388,9660795,27277359,1973897,0,0,0
64 x 128 B,7,1377,1973272,9663068,27277359,1973812,0,0,0
64 x 128 B,8,1377,1973787,9662536,27277359,1974300,0,0,0
64 x 128 B,9,1377,1974274,9667765,27277359,1974777,0,0,0
64 x 128 B,10,1377,1974626,9668749,27277359,1975125,0,0,0
64 x 128 B,11,1377,1973493,9663251,27277359,1973996,0,0,0
64 x 128 B,12,1377,1971220,9657219,27277358,1971759,0,0,0
64 x 128 B,13,1377,1973485,9658273,27277359,1973978,0,0,0
64 x 128 B,14,1377,1974246,9666614,27277359,1974778,0,0,0
64 x 128 B,15,1377,1972719,9661376,27277359,1973230,0,0,0
64 x 128 B,16,1377,1973681,9664786,27277359,1974205,0,0,0
64 x 128 B,17,1377,1972517,9659477,27277359,1973047,0,0,0
64 x 128 B,18,1377,1973230,9662103,27277359,1973724,0,0,0
64 x 128 B,19,1377,1973174,9660107,27277359,1973677,0,0,0
64 x 128 B,20,1377,1974160,9664856,27277359,1974664,0,0,0
64 x 128 B,21,1377,1971742,9656240,27277359,1972251,0,0,0
64 x 128 B,22,1377,1974421,9668063,27277359,1974935,0,0,0
64 x 128 B,23,1377,1973672,9659227,27277359,1974204,0,0,0
64 x 128 B,24,1377,1979696,9658913,27277359,1975754,0,0,0
64 x 128 B,25,1377,1973006,9658239,27277359,1973682,0,0,0
64 x 128 B,26,1377,1973593,9660196,27277359,1974260,0,0,0
64 x 128 B,27,1377,1974838,9662431,27277359,1975564,0,0,0
64 x 128 B,28,1377,1973780,9660393,27277365,1974446,0,0,0
64 x 128 B,29,1377,1979168,9667090,27277365,1980170,0,0,0
64 x 128 B,30,1377,1981897,9666445,27277359,1980873,0,0,0
64 x 128 B,31,1377,1981975,9658764,27277359,1977353,0,0,0
128 x 128 B,0,696,1991596,9736820,27323238,1992110,0,0,0
128 x 128 B,1,696,1985603,9718515,27323238,1986094,0,0,0
128 x 128 B,2,696,1988804,9734618,27323238,1989293,0,0,0
128 x 128 B,3,696,1987534,9727435,27323238,1988018,0,0,0
128 x 128 B,4,696,1989365,9737980,27323238,1989865,0,0,0
128 x 128 B,5,696,1984392,9717515,27323238,1984876,0,0,0
128 x 128 B,6,696,1987884,9732712,27323238,1988389,0,0,0
128 x 128 B,7,696,1985853,9724523,27323238,1986338,0,0,0
128 x 128 B,8,696,1987013,9731608,27323238,1987511,0,0,0
128 x 128 B,9,696,1985658,9724620,27323238,1986154,0,0,0
128 x 128 B,10,696,1988209,9736226,27323238,1988710,0,0,0
128 x 128 B,11,696,1984742,9719933,27323238,1985217,0,0,0
128 x 128 B,12,696,1986378,9728093,27323238,1986871,0,0,0
128 x 128 B,13,696,1985335,9723158,27323238,1985819,0,0,0
128 x 128 B,14,696,1988551,9737869,27323238,1989041,0,0,0
128 x 128 B,15,696,1984988,9721737,27323238,1985464,0,0,0
128 x 128 B,16,696,1987610,9734848,27323238,1988100,0,0,0
128 x 128 B,17,696,1985121,9721548,27323238,1985611,0,0,0
128 x 128 B,18,696,1989734,9743257,27323238,1990224,0,0,0
128 x 128 B,19,696,1985371,9722368,27323238,1985863,0,0,0
128 x 128 B,20,696,1988205,9737676,27323238,1988705,0,0,0
128 x 128 B,21,696,1986366,9728721,27323238,1986858,0,0,0
128 x 128 B,22,696,1989562,9743115,27323238,1990093,0,0,0
128 x 128 B,23,696,1984835,9720944,27323238,1985323,0,0,0
128 x 128 B,24,696,1985556,9724773,27323238,1986048,0,0,0
128 x 128 B,25,696,1983963,9716281,27323238,1984444,0,0,0
128 x 128 B,26,696,1988153,9735861,27323238,1988660,0,0,0
128 x 128 B,27,696,1984674,9718150,27323238,1985150,0,0,0
128 x 128 B,28,696,1985851,9726298,27323238,1986337,0,0,0
128 x 128 B,29,696,1985021,9721658,27323238,1985496,0,0,0
128 x 128 B,30,696,1989425,9741958,27323238,1989920,0,0,0
128 x 128 B,31,696,1984110,9716319,27323238,1984671,0,0,0
129 x 128 B,0,674,1984238,9704486,27185482,1984806,0,0,0
129 x 128 B,1,674,1986904,9718623,27185482,1987659,0,0,0
129 x 128 B,2,674,1986207,9713691,27185482,1986792,0,0,0
129 x 128 B,3,674,1992656,9716810,27185482,1993230,0,0,0
129 x 128 B,4,674,1996369,9711457,27185482,1994577,0,0,0
129 x 128 B,5,674,1985961,9718884,27185482,1986543,0,0,0
129 x 128 B,6,674,1981742,9701028,27185482,1982228,0,0,0
129 x 128 B,7,674,1985464,9720676,27185482,1985961,0,0,0
129 x 128 B,8,674,1983110,9709332,27185482,1983599,0,0,0
129 x 128 B,9,674,1988791,9725922,27185482,1989359,0,0,0
129 x 128 B,10,674,1982402,9707129,27185482,1983020,0,0,0
129 x 128 B,11,674,1985190,9717087,27185482,1985712,0,0,0
129 x 128 B,12,674,1981958,9705855,27185482,1982429,0,0,0
129 x 128 B,13,674,1982782,9714386,27185481,1983294,0,0,0
129 x 128 B,14,674,1984172,9715486,27185482,1984675,0,0,0
129 x 128 B,15,674,2359309,9721482,27185483,2359796,0,0,0
129 x 128 B,16,674,1979992,9697109,27185482,1980458,0,0,0
129 x 128 B,17,674,1984096,9715793,27185482,1984627,0,0,0
129 x 128 B,18,674,1981453,9704072,27185482,1981924,0,0,0
129 x 128 B,19,674,1983710,9714195,27185482,1984195,0,0,0
129 x 128 B,20,674,1981793,9706357,27185482,1982276,0,0,0
129 x 128 B,21,674,1985834,9724071,27185482,1986332,0,0,0
129 x 128 B,22,674,1987914,9714932,27185482,1988397,0,0,0
129 x 128 B,23,674,1983463,9712914,27185482,1983962,0,0,0
129 x 128 B,24,674,1980749,9700311,27185482,1981245,0,0,0
129 x 128 B,25,674,1984178,9716226,27185482,1984673,0,0,0
129 x 128 B,26,674,1984440,9717120,27185482,1984936,0,0,0
129 x 128 B,27,674,1984748,9719466,27185482,1985241,0,0,0
129 x 128 B,28,674,1983267,9713208,27185482,1983737,0,0,0
129 x 128 B,29,674,1985112,9720557,27185482,1985603,0,0,0
129 x 128 B,30,674,1980451,9699358,27185482,1980925,0,0,0
129 x 128 B,31,674,1984625,9718820,27185482,1985109,0,0,0
1024 x 128 B,0,87,2013267,9854039,27239196,2013862,0,0,0
1024 x 128 B,1,87,2012195,9839071,27239196,2012703,0,0,0
1024 x 128 B,2,87,2009945,9842427,27239196,2010449,0,0,0
1024 x 128 B,3,87,2007901,9833851,27239196,2008389,0,0,0
1024 x 128 B,4,87,2013113,9858391,27239196,2013615,0,0,0
1024 x 128 B,5,87,2010420,9844216,27239196,2010931,0,0,0
1024 x 128 B,6,87,2021552,9897455,27239196,2022396,0,0,0
1024 x 128 B,7,87,2017085,9877257,27239196,2017694,0,0,0
1024 x 128 B,8,87,2045043,10002797,27239196,2045729,0,0,0
1024 x 128 B,9,87,2015356,9864972,27239196,2016121,0,0,0
1024 x 128 B,10,87,2016791,9867823,27239196,2017973,0,0,0
1024 x 128 B,11,87,2022201,9854292,27239196,2020568,0,0,0
1024 x 128 B,12,87,2022963,9841809,27239196,2016060,0,0,0
1024 x 128 B,13,87,2009904,9841799,27239196,2010412,0,0,0
1024 x 128 B,14,87,2011422,9843392,27239196,2011942,0,0,0
1024 x 128 B,15,87,2041464,9845593,27239196,2041983,0,0,0
1024 x 128 B,16,87,2013051,9855383,27239196,2013566,0,0,0
1024 x 128 B,17,87,2008582,9835948,27239196,2009079,0,0,0
1024 x 128 B,18,87,2014308,9860750,27239196,2014825,0,0,0
1024 x 128 B,19,87,2011113,9846261,27239196,2011609,0,0,0
1024 x 128 B,20,87,2013645,9852247,27239196,2014169,0,0,0
1024 x 128 B,21,87,2020579,9850888,27239196,2013730,0,0,0
1024 x 128 B,22,87,2010800,9846381,27239196,2011294,0,0,0
1024 x 128 B,23,87,2017229,9876049,27239196,2017725,0,0,0
1024 x 128 B,24,87,2011040,9844759,27239196,2011529,0,0,0
1024 x 128 B,25,87,2009378,9840670,27239196,2009882,0,0,0
1024 x 128 B,26,87,2010422,9844148,27239196,2010931,0,0,0
1024 x 128 B,27,87,2008615,9836823,27239196,2009107,0,0,0
1024 x 128 B,28,87,2011803,9851473,27239196,2012306,0,0,0
1024 x 128 B,29,87,2008438,9835949,27239196,2008929,0,0,0
1024 x 128 B,30,87,2011516,9849289,27239196,2012012,0,0,0
1024 x 128 B,31,87,2009866,9840628,27239196,2010387,0,0,0
1 x 256 B,0,9675,1775051,8689625,21527241,1775641,0,0,0
1 x 256 B,1,9675,1776956,8691801,21527241,1777495,0,0,0
1 x 256 B,2,9675,1776139,8697318,21527241,1776633,0,0,0
1 x 256 B,3,9675,1772155,8682245,21527240,1772645,0,0,0
1 x 256 B,4,9675,1776295,8697840,21527241,1776808,0,0,0
1 x 256 B,5,9675,1773701,8684779,21527241,1774217,0,0,0
1 x 256 B,6,9675,1775239,8693311,21527241,1775747,0,0,0
1 x 256 B,7,9675,1776289,8701754,21527240,1776803,0,0,0
1 x 256 B,8,9675,1774811,8691156,21527241,1775342,0,0,0
1 x 256 B,9,9675,1774422,8683689,21527241,1774924,0,0,0
1 x 256 B,10,9675,1774816,8688230,21527241,1775315,0,0,0
1 x 256 B,11,9675,1775700,8693717,21527241,1776205,0,0,0
1 x 256 B,12,9675,1773405,8688535,21527240,1773871,0,0,0
1 x 256 B,13,9675,1775754,8694113,21527241,1776252,0,0,0
1 x 256 B,14,9675,1774562,8687541,21527241,1775063,0,0,0
1 x 256 B,15,9675,1775040,8688325,21527241,1775631,0,0,0
1 x 256 B,16,9675,1777233,8691848,21527240,1778032,0,0,0
1 x 256 B,17,9675,1780771,8701694,21527241,1781463,0,0,0
1 x 256 B,18,9675,1772946,8678630,21527241,1773727,0,0,0
1 x 256 B,19,9675,1778448,8698733,21527241,1779113,0,0,0
1 x 256 B,20,9675,1779914,8706970,21527241,1780734,0,0,0
1 x 256 B,21,9675,1774234,8687387,21527240,1774734,0,0,0
1 x 256 B,22,9675,1785517,8691606,21527241,1780062,0,0,0
1 x 256 B,23,9675,1776024,8694965,21527241,1776551,0,0,0
1 x 256 B,24,9675,1775208,8691952,21527241,1775706,0,0,0
1 x 256 B,25,9675,1773586,8689121,21527240,1774092,0,0,0
1 x 256 B,26,9675,1775179,8688989,21527241,1775700,0,0,0
1 x 256 B,27,9675,1774027,8687227,21527241,1774533,0,0,0
1 x 256 B,28,9675,1776833,8699346,21527241,1777337,0,0,0
1 x 256 B,29,9675,1773811,8684300,21527241,1774342,0,0,0
1 x 256 B,30,9675,1773375,8685413,21527240,1773891,0,0,0
1 x 256 B,31,9675,1777203,8699153,21527241,1777737,0,0,0
3 x 256 B,0,7403,1871733,9165247,31477922,1872253,0,0,0
3 x 256 B,1,7403,1869885,9154002,31477922,1870386,0,0,0
3 x 256 B,2,7403,2260329,9150444,31477922,2260837,0,0,0
3 x 256 B,3,7403,1866952,9143561,31477922,1867444,0,0,0
3 x 256 B,4,7403,1869810,9155680,31477922,1870302,0,0,0
3 x 256 B,5,7403,1868228,9149096,31477922,1868716,0,0,0
3 x 256 B,6,7403,1868399,9148954,31477922,1868879,0,0,0
3 x 256 B,7,7403,1866138,9143583,31477921,1866613,0,0,0
3 x 256 B,8,7403,1870421,9159191,31477922,1870916,0,0,0
3 x 256 B,9,7403,1867968,9147725,31477922,1868442,0,0,0
3 x 256 B,10,7403,1872654,9170012,31477922,1873147,0,0,0
3 x 256 B,11,7403,1868537,9149971,31477922,1869026,0,0,0
3 x 256 B,12,7403,1870024,9157279,31477922,1870509,0,0,0
3 x 256 B,13,7403,1867410,9145762,31477922,1867888,0,0,0
3 x 256 B,14,7403,1871011,9161941,31477922,1871504,0,0,0
3 x 256 B,15,7403,1866566,9145130,31477921,1867037,0,0,0
3 x 256 B,16,7403,1868333,9150195,31477922,1868821,0,0,0
3 x 256 B,17,7403,1870818,9157324,31477922,1871305,0,0,0
3 x 256 B,18,7403,1867567,9146611,31477922,1868058,0,0,0
3 x 256 B,19,7403,1869967,9156761,31477922,1870478,0,0,0
3 x 256 B,20,7403,1869230,9154443,31477922,1869713,0,0,0
3 x 256 B,21,7403,1868816,9151169,31477922,1869299,0,0,0
3 x 256 B,22,7403,1868519,9151138,31477922,1869004,0,0,0
3 x 256 B,23,7403,1875702,9149591,31477921,1870625,0,0,0
3 x 256 B,24,7403,1869459,9152543,31477922,1870178,0,0,0
3 x 256 B,25,7403,1870825,9155817,31477922,1871725,0,0,0
3 x 256 B,26,7403,1868817,9149944,31477922,1869303,0,0,0
3 x 256 B,27,7403,1875024,9177518,31477922,1875723,0,0,0
3 x 256 B,28,7403,1874635,9162282,31477922,1875375,0,0,0
3 x 256 B,29,7403,1873981,9165241,31477922,1874702,0,0,0
3 x 256 B,30,7403,1878844,9158189,31477922,1877494,0,0,0
3 x 256 B,31,7403,1873021,9154322,31477921,1872013,0,0,0
4 x 256 B,0,7442,1839502,9003625,30549776,1840066,0,0,0
4 x 256 B,1,7442,1839372,9002693,30549776,1839896,0,0,0
4 x 256 B,2,7442,1838908,9000748,30549776,1839419,0,0,0
4 x 256 B,3,7442,1837582,8997059,30549776,1838079,0,0,0
4 x 256 B,4,7442,2221707,8997688,30549776,2222242,0,0,0
4 x 256 B,5,7442,1852644,8995545,30549776,1853207,0,0,0
4 x 256 B,6,7442,1838548,9002450,30549776,1839053,0,0,0
4 x 256 B,7,7442,1838596,9001401,30549776,1839093,0,0,0
4 x 256 B,8,7442,1838906,9005944,30549775,1839408,0,0,0
4 x 256 B,9,7442,1838224,8999908,30549776,1838713,0,0,0
4 x 256 B,10,7442,1837271,8997025,30549776,1837766,0,0,0
4 x 256 B,11,7442,1837680,8997457,30549776,1838167,0,0,0
4 x 256 B,12,7442,1836266,8991879,30549776,1836751,0,0,0
4 x 256 B,13,7442,1838593,9002240,30549776,1839082,0,0,0
4 x 256 B,14,7442,1834817,8986322,30549775,1835300,0,0,0
4 x 256 B,15,7442,1837585,8998036,30549776,1838090,0,0,0
4 x 256 B,16,7442,1839755,9005029,30549776,1840244,0,0,0
4 x 256 B,17,7442,1839519,9007334,30549776,1840017,0,0,0
4 x 256 B,18,7442,1836995,8994841,30549776,1837474,0,0,0
4 x 256 B,19,7442,1838210,9001046,30549776,1838695,0,0,0
4 x 256 B,20,7442,1835736,8993498,30549775,1836225,0,0,0
4 x 256 B,21,7442,1838299,9000747,30549776,1838791,0,0,0
4 x 256 B,22,7442,1840536,9009193,30549776,1841028,0,0,0
4 x 256 B,23,7442,1836204,8990849,30549776,1836689,0,0,0
4 x 256 B,24,7442,1838809,8997771,30549776,1839317,0,0,0
4 x 256 B,25,7442,1845728,8997456,30549776,1839800,0,0,0
4 x 256 B,26,7442,1836065,8994782,30549775,1836574,0,0,0
4 x 256 B,27,7442,1837762,8997942,30549776,1838259,0,0,0
4 x 256 B,28,7442,1838137,9000743,30549776,1838620,0,0,0
4 x 256 B,29,7442,1838041,8997207,30549776,1838536,0,0,0
4 x 256 B,30,7442,1840124,9010188,30549776,1840615,0,0,0
4 x 256 B,31,7442,1836973,8992362,30549776,1837451,0,0,0
6 x 256 B,0,4438,1877038,9189872,25909410,1877563,0,0,0
6 x 256 B,1,4438,1874797,9183732,25909409,1875282,0,0,0
6 x 256 B,2,4438,1875915,9184404,25909410,1876687,0,0,0
6 x 256 B,3,4438,1907930,9191112,25909410,1908438,0,0,0
6 x 256 B,4,4438,1880084,9199596,25909410,1880839,0,0,0
6 x 256 B,5,4438,1874428,9176510,25909410,1875113,0,0,0
6 x 256 B,6,4438,1876730,9183448,25909410,1877409,0,0,0
6 x 256 B,7,4438,1878123,9185994,25909410,1878915,0,0,0
6 x 256 B,8,4438,1877217,9188275,25909410,1877775,0,0,0
6 x 256 B,9,4438,1882172,9175327,25909409,1877024,0,0,0
6 x 256 B,10,4438,1875034,9182059,25909410,1875524,0,0,0
6 x 256 B,11,4438,1876053,9181606,25909410,1876566,0,0,0
6 x 256 B,12,4438,1877737,9190691,25909410,1878238,0,0,0
6 x 256 B,13,4438,1877962,9190578,25909410,1878468,0,0,0
6 x 256 B,14,4438,1905193,9188707,25909410,1905686,0,0,0
6 x 256 B,15,4438,1874908,9181710,25909410,1875478,0,0,0
6 x 256 B,16,4438,2244794,9184362,25909410,2245336,0,0,0
6 x 256 B,17,4438,1876627,9185519,25909410,1877156,0,0,0
6 x 256 B,18,4438,1876064,9185764,25909410,1876568,0,0,0
6 x 256 B,19,4438,1873900,9176906,25909410,1874399,0,0,0
6 x 256 B,20,4438,1877215,9190853,25909410,1877708,0,0,0
6 x 256 B,21,4438,1874812,9184832,25909409,1875343,0,0,0
6 x 256 B,22,4438,1877517,9190478,25909410,1878025,0,0,0
6 x 256 B,23,4438,1874333,9178455,25909410,1874827,0,0,0
6 x 256 B,24,4438,1876460,9188676,25909410,1876962,0,0,0
6 x 256 B,25,4438,1876105,9182449,25909410,1876599,0,0,0
6 x 256 B,26,4438,1881376,9180295,25909410,1877081,0,0,0
6 x 256 B,27,4438,1875006,9179318,25909410,1875507,0,0,0
6 x 256 B,28,4438,1877409,9193203,25909410,1877901,0,0,0
6 x 256 B,29,4438,1876475,9193645,25909409,1876966,0,0,0
6 x 256 B,30,4438,1875586,9184076,25909410,1876116,0,0,0
6 x 256 B,31,4438,1877475,9192996,25909410,1877976,0,0,0
8 x 256 B,0,5359,1918117,9392286,27433087,1918650,0,0,0
8 x 256 B,1,5359,1919928,9400669,27433087,1920460,0,0,0
8 x 256 B,2,5359,1918207,9392205,27433087,1918756,0,0,0
8 x 256 B,3,5359,1919290,9395447,27433087,1919815,0,0,0
8 x 256 B,4,5359,1918505,9394388,27433087,1919008,0,0,0
8 x 256 B,5,5359,1919087,9397021,27433087,1919590,0,0,0
8 x 256 B,6,5359,1918772,9395391,27433087,1919285,0,0,0
8 x 256 B,7,5359,1918867,9392511,27433087,1919366,0,0,0
8 x 256 B,8,5359,1915781,9385334,27433086,1916260,0,0,0
8 x 256 B,9,5359,1918268,9392912,27433087,1918762,0,0,0
8 x 256 B,10,5359,1919623,9397606,27433087,1920165,0,0,0
8 x 256 B,11,5359,1918837,9393369,27433087,1919432,0,0,0
8 x 256 B,12,5359,1919011,9395281,27433087,1919572,0,0,0
8 x 256 B,13,5359,1918664,9390393,27433087,1919319,0,0,0
8 x 256 B,14,5359,1919687,9394994,27433087,1920338,0,0,0
8 x 256 B,15,5359,1920282,9397473,27433087,1920885,0,0,0
8 x 256 B,16,5359,1923702,9403771,27433087,1924369,0,0,0
8 x 256 B,17,5359,1930046,9387802,27433087,1923400,0,0,0
8 x 256 B,18,5359,1919770,9397671,27433087,1920282,0,0,0
8 x 256 B,19,5359,1919150,9395106,27433087,1919640,0,0,0
8 x 256 B,20,5359,1919720,9398499,27433087,1920204,0,0,0
8 x 256 B,21,5359,1916445,9389275,27433086,1916936,0,0,0
8 x 256 B,22,5359,1921239,9403591,27433087,1921737,0,0,0
8 x 256 B,23,5359,1918060,9391302,27433087,1918559,0,0,0
8 x 256 B,24,5359,1920495,9400548,27433087,1920998,0,0,0
8 x 256 B,25,5359,1917810,9392130,27433087,1918293,0,0,0
8 x 256 B,26,5359,1920202,9402444,27433087,1920725,0,0,0
8 x 256 B,27,5359,2304900,9402703,27433087,2305388,0,0,0
8 x 256 B,28,5359,1917253,9389604,27433087,1917733,0,0,0
8 x 256 B,29,5359,1917488,9390214,27433087,1917968,0,0,0
8 x 256 B,30,5359,1919691,9399352,27433087,1920216,0,0,0
8 x 256 B,31,5359,1917034,9388390,27433087,1917521,0,0,0
12 x 256 B,0,3276,1948345,9540772,29071590,1948875,0,0,0
12 x 256 B,1,3276,1950670,9548352,29071590,1951187,0,0,0
12 x 256 B,2,3276,1948405,9540648,29071590,1948915,0,0,0
12 x 256 B,3,3276,1948916,9541569,29071590,1949411,0,0,0
12 x 256 B,4,3276,1947732,9538707,29071590,1948218,0,0,0
12 x 256 B,5,3276,1949777,9547312,29071590,1950265,0,0,0
12 x 256 B,6,3276,1948450,9542305,29071590,1948955,0,0,0
12 x 256 B,7,3276,1949976,9547880,29071590,1950486,0,0,0
12 x 256 B,8,3276,1947978,9539975,29071590,1948469,0,0,0
12 x 256 B,9,3276,1950834,9549495,29071590,1951318,0,0,0
12 x 256 B,10,3276,1946878,9534633,29071590,1947414,0,0,0
12 x 256 B,11,3276,1946939,9539117,29071589,1947660,0,0,0
12 x 256 B,12,3276,1948533,9542610,29071590,1949019,0,0,0
12 x 256 B,13,3276,1948912,9543551,29071590,1949395,0,0,0
12 x 256 B,14,3276,1949489,9546908,29071590,1949981,0,0,0
12 x 256 B,15,3276,1947523,9538118,29071590,1947996,0,0,0
12 x 256 B,16,3276,1948454,9542392,29071590,1948933,0,0,0
12 x 256 B,17,3276,1950051,9545712,29071590,1950546,0,0,0
12 x 256 B,18,3276,1949824,9544763,29071590,1950309,0,0,0
12 x 256 B,19,3276,1948966,9543728,29071590,1949512,0,0,0
12 x 256 B,20,3276,1949684,9544540,29071590,1950258,0,0,0
12 x 256 B,21,3276,1949948,9544469,29071590,1950669,0,0,0
12 x 256 B,22,3276,1950981,9547672,29071590,1951982,0,0,0
12 x 256 B,23,3276,1949503,9540974,29071590,1950159,0,0,0
12 x 256 B,24,3276,1953759,9551972,29071590,1954450,0,0,0
12 x 256 B,25,3276,1951076,9550749,29071590,1951581,0,0,0
12 x 256 B,26,3276,1959397,9541128,29071590,1953394,0,0,0
12 x 256 B,27,3276,1949517,9542860,29071590,1950006,0,0,0
12 x 256 B,28,3276,1949313,9542861,29071590,1949824,0,0,0
12 x 256 B,29,3276,1947996,9540594,29071590,1948502,0,0,0
12 x 256 B,30,3276,1948904,9543636,29071590,1949404,0,0,0
12 x 256 B,31,3276,1947108,9539120,29071589,1947598,0,0,0
16 x 256 B,0,2770,1955626,9576669,27384586,1956150,0,0,0
16 x 256 B,1,2770,1957949,9586004,27384586,1958448,0,0,0
16 x 256 B,2,2770,1956002,9578874,27384586,1956491,0,0,0
16 x 256 B,3,2770,1957662,9584708,27384586,1958188,0,0,0
16 x 256 B,4,2770,1955389,9573547,27384586,1955876,0,0,0
16 x 256 B,5,2770,1958249,9588408,27384586,1958746,0,0,0
16 x 256 B,6,2770,1954063,9569685,27384586,1954549,0,0,0
16 x 256 B,7,2770,1957215,9584488,27384586,1957718,0,0,0
16 x 256 B,8,2770,1955867,9579333,27384586,1956346,0,0,0
16 x 256 B,9,2770,1958663,9588720,27384586,1959167,0,0,0
16 x 256 B,10,2770,1953823,9569053,27384586,1954304,0,0,0
16 x 256 B,11,2770,1958064,9588506,27384586,1958576,0,0,0
16 x 256 B,12,2770,1954783,9573570,27384586,1955261,0,0,0
16 x 256 B,13,2770,1957277,9584590,27384586,1957781,0,0,0
16 x 256 B,14,2770,1954534,9572880,27384586,1955011,0,0,0
16 x 256 B,15,2770,1956849,9580853,27384586,1957355,0,0,0
16 x 256 B,16,2770,1954236,9570872,27384586,1954722,0,0,0
16 x 256 B,17,2770,1957343,9584817,27384586,1957841,0,0,0
16 x 256 B,18,2770,1954049,9570250,27384586,1954526,0,0,0
16 x 256 B,19,2770,1956723,9581546,27384586,1957231,0,0,0
16 x 256 B,20,2770,1958305,9571376,27384586,1958823,0,0,0
16 x 256 B,21,2770,1958090,9588467,27384586,1958586,0,0,0
16 x 256 B,22,2770,1956985,9584704,27384586,1957464,0,0,0
16 x 256 B,23,2770,1953832,9572747,27384585,1954326,0,0,0
16 x 256 B,24,2770,1955974,9578194,27384586,1956466,0,0,0
16 x 256 B,25,2770,2013817,9583887,27384586,2014364,0,0,0
16 x 256 B,26,2770,1966233,9589803,27384586,1966736,0,0,0
16 x 256 B,27,2770,1955463,9574724,27384586,1956072,0,0,0
16 x 256 B,28,2770,1956088,9576424,27384586,1956638,0,0,0
16 x 256 B,29,2770,1956676,9580636,27384586,1957231,0,0,0
16 x 256 B,30,2770,1957505,9577279,27384586,1958258,0,0,0
16 x 256 B,31,2770,1967258,9587258,27384586,1967918,0,0,0
24 x 256 B,0,1865,1976318,9626839,27328211,1972757,0,0,0
24 x 256 B,1,1865,1973160,9624003,27328211,1968802,0,0,0
24 x 256 B,2,1865,1968354,9635260,27328211,1968877,0,0,0
24 x 256 B,3,1865,1967164,9632949,27328211,1967654,0,0,0
24 x 256 B,4,1865,1966874,9631336,27328211,1967371,0,0,0
24 x 256 B,5,1865,1967100,9630010,27328211,1967598,0,0,0
24 x 256 B,6,1865,1966639,9630271,27328211,1967145,0,0,0
24 x 256 B,7,1865,1967668,9632945,27328211,1968157,0,0,0
24 x 256 B,8,1865,1967447,9630428,27328211,1967940,0,0,0
24 x 256 B,9,1865,1967414,9631452,27328211,1967899,0,0,0
24 x 256 B,10,1865,1968031,9633161,27328211,1968533,0,0,0
24 x 256 B,11,1865,1967811,9633287,27328211,1968322,0,0,0
24 x 256 B,12,1865,1967281,9629450,27328211,1967776,0,0,0
24 x 256 B,13,1865,1968125,9634761,27328211,1968619,0,0,0
24 x 256 B,14,1865,1966952,9631526,27328211,1967462,0,0,0
24 x 256 B,15,1865,1967085,9631852,27328211,1967569,0,0,0
24 x 256 B,16,1865,1967613,9635030,27328211,1968113,0,0,0
24 x 256 B,17,1865,1967089,9632403,27328211,1967580,0,0,0
24 x 256 B,18,1865,1967152,9630277,27328211,1967673,0,0,0
24 x 256 B,19,1865,1967301,9632658,27328211,1967796,0,0,0
24 x 256 B,20,1865,1966961,9632090,27328211,1967468,0,0,0
24 x 256 B,21,1865,1966207,9628326,27328211,1966700,0,0,0
24 x 256 B,22,1865,1965440,9629110,27328210,1965950,0,0,0
24 x 256 B,23,1865,1967276,9632781,27328211,1967777,0,0,0
24 x 256 B,24,1865,1965736,9627033,27328211,1966230,0,0,0
24 x 256 B,25,1865,1973481,9628904,27328211,1968946,0,0,0
24 x 256 B,26,1865,1966834,9627154,27328211,1967329,0,0,0
24 x 256 B,27,1865,1967947,9633085,27328211,1968495,0,0,0
24 x 256 B,28,1865,1965392,9625130,27328211,1965904,0,0,0
24 x 256 B,29,1865,1967665,9634810,27328211,1968175,0,0,0
24 x 256 B,30,1865,1965177,9624474,27328211,1965670,0,0,0
24 x 256 B,31,1865,1967316,9633231,27328211,1967823,0,0,0
64 x 256 B,0,715,1987956,9731206,27519286,1988481,0,0,0
64 x 256 B,1,715,1985394,9721301,27519286,1985899,0,0,0
64 x 256 B,2,715,1988349,9734789,27519286,1988956,0,0,0
64 x 256 B,3,715,1990201,9728709,27519286,1991303,0,0,0
64 x 256 B,4,715,1993118,9750228,27519286,1993764,0,0,0
64 x 256 B,5,715,1988711,9733264,27519286,1989337,0,0,0
64 x 256 B,6,715,1992482,9736979,27519286,1993364,0,0,0
64 x 256 B,7,715,1988785,9728219,27519286,1989347,0,0,0
64 x 256 B,8,715,1996999,9733193,27519286,1991688,0,0,0
64 x 256 B,9,715,1988070,9731665,27519286,1988596,0,0,0
64 x 256 B,10,715,1989742,9738321,27519286,1990249,0,0,0
64 x 256 B,11,715,1989954,9743327,27519286,1990458,0,0,0
64 x 256 B,12,715,1988613,9727378,27519286,1989119,0,0,0
64 x 256 B,13,715,2372225,9745440,27519286,2372708,0,0,0
64 x 256 B,14,715,1986939,9727728,27519286,1987430,0,0,0
64 x 256 B,15,715,1989775,9741348,27519286,1990320,0,0,0
64 x 256 B,16,715,1987766,9734124,27519286,1988257,0,0,0
64 x 256 B,17,715,1989162,9737511,27519286,1989657,0,0,0
64 x 256 B,18,715,1985470,9722896,27519286,1985974,0,0,0
64 x 256 B,19,715,1986787,9729347,27519286,1987282,0,0,0
64 x 256 B,20,715,1987838,9734598,27519286,1988331,0,0,0
64 x 256 B,21,715,1988364,9736928,27519286,1988860,0,0,0
64 x 256 B,22,715,2018982,9738860,27519286,2019514,0,0,0
64 x 256 B,23,715,1987491,9731500,27519286,1987986,0,0,0
64 x 256 B,24,715,1986863,9727596,27519286,1987360,0,0,0
64 x 256 B,25,715,1989736,9743599,27519286,1990240,0,0,0
64 x 256 B,26,715,1986109,9725288,27519286,1986597,0,0,0
64 x 256 B,27,715,1986939,9730072,27519286,1987443,0,0,0
64 x 256 B,28,715,1986531,9728398,27519286,1987045,0,0,0
64 x 256 B,29,715,1988977,9739628,27519286,1989485,0,0,0
64 x 256 B,30,715,1987805,9731639,27519286,1988296,0,0,0
64 x 256 B,31,715,1989088,9740642,27519286,1989590,0,0,0
128 x 256 B,0,358,1999819,9789720,27431758,2000381,0,0,0
128 x 256 B,1,358,1994973,9769628,27431758,1995484,0,0,0
128 x 256 B,2,358,1997111,9779743,27431758,1997654,0,0,0
128 x 256 B,3,358,1996184,9775621,27431758,1996680,0,0,0
128 x 256 B,4,358,1999465,9790850,27431758,1999958,0,0,0
128 x 256 B,5,358,1996184,9771609,27431758,1996681,0,0,0
128 x 256 B,6,358,1996238,9773173,27431758,1996735,0,0,0
128 x 256 B,7,358,1995025,9768448,27431758,1995523,0,0,0
128 x 256 B,8,358,1996412,9774126,27431758,1996969,0,0,0
128 x 256 B,9,358,1999894,9792149,27431758,2024918,0,0,0
128 x 256 B,10,358,2036937,9812262,27431758,2037494,0,0,0
128 x 256 B,11,358,1997310,9776797,27431758,1997954,0,0,0
128 x 256 B,12,358,1998793,9780084,27431758,1999462,0,0,0
128 x 256 B,13,358,2013413,9774796,27431758,2014170,0,0,0
128 x 256 B,14,358,1999218,9785931,27431758,1999827,0,0,0
128 x 256 B,15,358,1997826,9774780,27431758,1998320,0,0,0
128 x 256 B,16,358,2005652,9776112,27431758,1999051,0,0,0
128 x 256 B,17,358,2001178,9782624,27431758,2001711,0,0,0
128 x 256 B,18,358,2046392,9792924,27431758,2046914,0,0,0
128 x 256 B,19,358,2011120,9787165,27431759,2007408,0,0,0
128 x 256 B,20,358,1999399,9785506,27431758,1999960,0,0,0
128 x 256 B,21,358,1996413,9775731,27431758,1996960,0,0,0
128 x 256 B,22,358,2279151,9797036,27431758,2279732,0,0,0
128 x 256 B,23,358,2009209,9784110,27431758,2000272,0,0,0
128 x 256 B,24,358,1998418,9781526,27431758,1998930,0,0,0
128 x 256 B,25,358,1995838,9771872,27431758,1996343,0,0,0
128 x 256 B,26,358,1998558,9785724,27431758,1999053,0,0,0
128 x 256 B,27,358,1996552,9777641,27431758,1997085,0,0,0
128 x 256 B,28,358,1999037,9788074,27431758,1999537,0,0,0
128 x 256 B,29,358,1996100,9775265,27431758,1996610,0,0,0
128 x 256 B,30,358,2000191,9793239,27431758,2000684,0,0,0
128 x 256 B,31,358,1999149,9787382,27431758,1999650,0,0,0
129 x 256 B,0,347,1996730,9777736,27248194,1997253,0,0,0
129 x 256 B,1,347,1997440,9780082,27248194,1997965,0,0,0
129 x 256 B,2,347,1995837,9773995,27248194,1996358,0,0,0
129 x 256 B,3,347,1996951,9778119,27248194,1997467,0,0,0
129 x 256 B,4,347,1997658,9773833,27248194,1998151,0,0,0
129 x 256 B,5,347,1997671,9781611,27248194,1998171,0,0,0
129 x 256 B,6,347,1996751,9775702,27248194,1997243,0,0,0
129 x 256 B,7,347,1997889,9780581,27248194,1998396,0,0,0
129 x 256 B,8,347,1996889,9778839,27248194,1997385,0,0,0
129 x 256 B,9,347,1996401,9774906,27248194,1996905,0,0,0
129 x 256 B,10,347,1996756,9779153,27248194,1997253,0,0,0
129 x 256 B,11,347,1998613,9786145,27248194,1999115,0,0,0
129 x 256 B,12,347,1998160,9784189,27248194,1998672,0,0,0
129 x 256 B,13,347,1997567,9780863,27248194,1998071,0,0,0
129 x 256 B,14,347,1998951,9784593,27248194,1999442,0,0,0
129 x 256 B,15,347,1998027,9780048,27248194,1998540,0,0,0
129 x 256 B,16,347,1995879,9771179,27248194,1996444,0,0,0
129 x 256 B,17,347,2007531,9788201,27248194,2008170,0,0,0
129 x 256 B,18,347,1998226,9777877,27248194,1998899,0,0,0
129 x 256 B,19,347,1998497,9780327,27248194,1999104,0,0,0
129 x 256 B,20,347,1999045,9777693,27248194,1999789,0,0,0
129 x 256 B,21,347,2004812,9785702,27248194,2002946,0,0,0
129 x 256 B,22,347,2005527,9778981,27248194,2001179,0,0,0
129 x 256 B,23,347,1998542,9782838,27248194,1999044,0,0,0
129 x 256 B,24,347,1998366,9782073,27248194,1998864,0,0,0
129 x 256 B,25,347,1998283,9783784,27248194,1998775,0,0,0
129 x 256 B,26,347,1998933,9783895,27248194,1999443,0,0,0
129 x 256 B,27,347,1997523,9777105,27248194,1998025,0,0,0
129 x 256 B,28,347,1999394,9785765,27248194,1999886,0,0,0
129 x 256 B,29,347,1997146,9779507,27248194,1997640,0,0,0
129 x 256 B,30,347,2379198,9787815,27248194,2379714,0,0,0
129 x 256 B,31,347,1999556,9788904,27248194,2000097,0,0,0
1024 x 256 B,0,45,2031713,9948538,27541536,2032312,0,0,0
1024 x 256 B,1,45,2028637,9932803,27541536,2029165,0,0,0
1024 x 256 B,2,45,2029821,9930939,27541537,2030333,0,0,0
1024 x 256 B,3,45,2030380,9939144,27541536,2030890,0,0,0
1024 x 256 B,4,45,2027065,9925379,27541536,2027591,0,0,0
1024 x 256 B,5,45,2028489,9932763,27541536,2029023,0,0,0
1024 x 256 B,6,45,2027745,9926475,27541536,2028281,0,0,0
1024 x 256 B,7,45,2028097,9927384,27541536,2028621,0,0,0
1024 x 256 B,8,45,2029101,9934717,27541536,2029622,0,0,0
1024 x 256 B,9,45,2027245,9926473,27541536,2027776,0,0,0
1024 x 256 B,10,45,2028311,9928964,27541536,2028829,0,0,0
1024 x 256 B,11,45,2028840,9931864,27541536,2029354,0,0,0
1024 x 256 B,12,45,2029530,9937237,27541536,2030035,0,0,0
1024 x 256 B,13,45,2027697,9929073,27541536,2028208,0,0,0
1024 x 256 B,14,45,2028646,9930693,27541536,2029174,0,0,0
1024 x 256 B,15,45,2028201,9928465,27541536,2028714,0,0,0
1024 x 256 B,16,45,2029962,9940246,27541536,2030483,0,0,0
1024 x 256 B,17,45,2028550,9932836,27541536,2029080,0,0,0
1024 x 256 B,18,45,2029602,9936496,27541536,2030135,0,0,0
1024 x 256 B,19,45,2028601,9931693,27541536,2029111,0,0,0
1024 x 256 B,20,45,2120687,9931703,27541536,2061256,0,0,0
1024 x 256 B,21,45,2029973,9938960,27541536,2030487,0,0,0
1024 x 256 B,22,45,2045765,10012713,27541536,2046526,0,0,0
1024 x 256 B,23,45,2076971,10168641,27541536,2077594,0,0,0
1024 x 256 B,24,45,2038745,9977069,27541536,2039468,0,0,0
1024 x 256 B,25,45,2048650,10026548,27541536,2049345,0,0,0
1024 x 256 B,26,45,2035166,9953016,27541536,2036128,0,0,0
1024 x 256 B,27,45,2036559,9928533,27541536,2034772,0,0,0
1024 x 256 B,28,45,2037820,9931085,27541537,2032787,0,0,0
1024 x 256 B,29,45,2029127,9930843,27541536,2029872,0,0,0
1024 x 256 B,30,45,2028112,9928999,27541536,2028621,0,0,0
1024 x 256 B,31,45,2027732,9929124,27541536,2028243,0,0,0
1 x 512 B,0,5129,1905667,9326853,21198523,1906225,0,0,0
1 x 512 B,1,5129,1881312,9212226,21198522,1881851,0,0,0
1 x 512 B,2,5129,1883765,9213625,21198523,1884294,0,0,0
1 x 512 B,3,5129,1882139,9211282,21198523,1882638,0,0,0
1 x 512 B,4,5129,1882674,9215583,21198523,1883195,0,0,0
1 x 512 B,5,5129,1883291,9217602,21198523,1883792,0,0,0
1 x 512 B,6,5129,2245059,9211078,21198523,2245591,0,0,0
1 x 512 B,7,5129,1883178,9216553,21198523,1883739,0,0,0
1 x 512 B,8,5129,1882549,9217045,21198523,1883127,0,0,0
1 x 512 B,9,5129,1882709,9214880,21198523,1883462,0,0,0
1 x 512 B,10,5129,1883299,9216184,21198523,1883818,0,0,0
1 x 512 B,11,5129,1883684,9219325,21198523,1884650,0,0,0
1 x 512 B,12,5129,1883304,9217133,21198523,1883914,0,0,0
1 x 512 B,13,5129,1885974,9218618,21198522,1887161,0,0,0
1 x 512 B,14,5129,1887890,9222005,21198523,1888630,0,0,0
1 x 512 B,15,5129,1894853,9211965,21198523,1887769,0,0,0
1 x 512 B,16,5129,1883370,9214208,21198523,1883907,0,0,0
1 x 512 B,17,5129,1882979,9215596,21198523,1883496,0,0,0
1 x 512 B,18,5129,1882336,9214535,21198523,1882849,0,0,0
1 x 512 B,19,5129,1883498,9215084,21198523,1884023,0,0,0
1 x 512 B,20,5129,1891760,9212965,21198523,1884194,0,0,0
1 x 512 B,21,5129,1879753,9208554,21198522,1880259,0,0,0
1 x 512 B,22,5129,1882385,9213732,21198523,1882927,0,0,0
1 x 512 B,23,5129,1882803,9218814,21198523,1883303,0,0,0
1 x 512 B,24,5129,1882871,9216330,21198523,1883385,0,0,0
1 x 512 B,25,5129,1881982,9214570,21198523,1882487,0,0,0
1 x 512 B,26,5129,1882177,9213162,21198523,1882669,0,0,0
1 x 512 B,27,5129,1881622,9212743,21198523,1882125,0,0,0
1 x 512 B,28,5129,1883854,9215721,21198523,1884379,0,0,0
1 x 512 B,29,5129,1883103,9219585,21198523,1883613,0,0,0
1 x 512 B,30,5129,1881112,9212649,21198522,1881797,0,0,0
1 x 512 B,31,5129,1883034,9217932,21198523,1883719,0,0,0
3 x 512 B,0,3953,1930474,9443742,31402998,1931529,0,0,0
3 x 512 B,1,3953,1928618,9438249,31402998,1929643,0,0,0
3 x 512 B,2,3953,1938393,9435178,31402998,1936253,0,0,0
3 x 512 B,3,3953,1935742,9419055,31402998,1929086,0,0,0
3 x 512 B,4,3953,1928879,9441731,31402998,1929373,0,0,0
3 x 512 B,5,3953,1925793,9429247,31402998,1926289,0,0,0
3 x 512 B,6,3953,1926906,9429718,31402998,1927412,0,0,0
3 x 512 B,7,3953,1927501,9438032,31402998,1928045,0,0,0
3 x 512 B,8,3953,1926615,9433705,31402998,1927099,0,0,0
3 x 512 B,9,3953,1925493,9428112,31402998,1925986,0,0,0
3 x 512 B,10,3953,1927787,9433866,31402998,1928277,0,0,0
3 x 512 B,11,3953,1927393,9433697,31402998,1927964,0,0,0
3 x 512 B,12,3953,1923185,9418892,31402997,1923922,0,0,0
3 x 512 B,13,3953,1927231,9432842,31402998,1927741,0,0,0
3 x 512 B,14,3953,1926365,9428672,31402998,1926869,0,0,0
3 x 512 B,15,3953,1928457,9439198,31402998,1928982,0,0,0
3 x 512 B,16,3953,2300986,9438993,31402999,2301481,0,0,0
3 x 512 B,17,3953,1924666,9429019,31402997,1925155,0,0,0
3 x 512 B,18,3953,1925998,9427101,31402998,1926487,0,0,0
3 x 512 B,19,3953,1926551,9430726,31402998,1927054,0,0,0
3 x 512 B,20,3953,1925579,9427829,31402998,1926069,0,0,0
3 x 512 B,21,3953,1925740,9429217,31402998,1926219,0,0,0
3 x 512 B,22,3953,1925016,9423215,31402998,1925522,0,0,0
3 x 512 B,23,3953,1926274,9428627,31402998,1926777,0,0,0
3 x 512 B,24,3953,1926340,9431474,31402998,1926835,0,0,0
3 x 512 B,25,3953,1927642,9438685,31402998,1928140,0,0,0
3 x 512 B,26,3953,1926683,9429851,31402998,1927172,0,0,0
3 x 512 B,27,3953,1926271,9429029,31402998,1926770,0,0,0
3 x 512 B,28,3953,1925329,9427258,31402998,1925832,0,0,0
3 x 512 B,29,3953,1925382,9427363,31402998,1925884,0,0,0
3 x 512 B,30,3953,1923511,9423580,31402997,1924012,0,0,0
3 x 512 B,31,3953,1925186,9424458,31402998,1925684,0,0,0
4 x 512 B,0,4008,1929902,9449894,31250742,1930448,0,0,0
4 x 512 B,1,4008,1929371,9446559,31250742,1929867,0,0,0
4 x 512 B,2,4008,1931550,9455116,31250742,1932042,0,0,0
4 x 512 B,3,4008,1930885,9452100,31250742,1931386,0,0,0
4 x 512 B,4,4008,1931549,9456380,31250742,1932038,0,0,0
4 x 512 B,5,4008,1931328,9455621,31250742,1932063,0,0,0
4 x 512 B,6,4008,1932542,9458475,31250742,1933123,0,0,0
4 x 512 B,7,4008,1935990,9471602,31250742,1936777,0,0,0
4 x 512 B,8,4008,1932910,9461364,31250742,1933966,0,0,0
4 x 512 B,9,4008,1932384,9453526,31250742,1933047,0,0,0
4 x 512 B,10,4008,1977390,9480107,31250742,1974573,0,0,0
4 x 512 B,11,4008,1939997,9442594,31250742,1934008,0,0,0
4 x 512 B,12,4008,1933260,9463062,31250742,1933775,0,0,0
4 x 512 B,13,4008,1931670,9449541,31250742,1932163,0,0,0
4 x 512 B,14,4008,1929076,9450099,31250741,1929565,0,0,0
4 x 512 B,15,4008,1931840,9453954,31250742,1932341,0,0,0
4 x 512 B,16,4008,1930094,9450150,31250742,1930582,0,0,0
4 x 512 B,17,4008,1930701,9450807,31250742,1931193,0,0,0
4 x 512 B,18,4008,1971570,9568172,31250742,1972060,0,0,0
4 x 512 B,19,4008,1931111,9455642,31250742,1931600,0,0,0
4 x 512 B,20,4008,1929544,9447472,31250742,1930047,0,0,0
4 x 512 B,21,4008,1931748,9455385,31250742,1932241,0,0,0
4 x 512 B,22,4008,1930436,9449418,31250742,1930927,0,0,0
4 x 512 B,23,4008,1930916,9454421,31250742,1931405,0,0,0
4 x 512 B,24,4008,1931588,9457341,31250742,1932127,0,0,0
4 x 512 B,25,4008,1931974,9457190,31250742,1932469,0,0,0
4 x 512 B,26,4008,1931206,9453892,31250742,1931692,0,0,0
4 x 512 B,27,4008,1931947,9459387,31250742,1932437,0,0,0
4 x 512 B,28,4008,1929728,9445172,31250742,1930225,0,0,0
4 x 512 B,29,4008,1928873,9447272,31250741,1929360,0,0,0
4 x 512 B,30,4008,1929839,9445796,31250742,1930327,0,0,0
4 x 512 B,31,4008,1931447,9457526,31250742,1931940,0,0,0
6 x 512 B,0,2297,1921160,9404219,25758924,1921722,0,0,0
6 x 512 B,1,2297,1922434,9410187,25758924,1922931,0,0,0
6 x 512 B,2,2297,1920795,9400005,25758924,1921302,0,0,0
6 x 512 B,3,2297,1951577,9417893,25758924,1952070,0,0,0
6 x 512 B,4,2297,1922087,9409038,25758924,1922594,0,0,0
6 x 512 B,5,2297,1919481,9395773,25758924,1919977,0,0,0
6 x 512 B,6,2297,1920739,9405042,25758924,1921231,0,0,0
6 x 512 B,7,2297,1921801,9410349,25758924,1922294,0,0,0
6 x 512 B,8,2297,1922203,9409839,25758924,1922705,0,0,0
6 x 512 B,9,2297,1920847,9402494,25758924,1921343,0,0,0
6 x 512 B,10,2297,1921504,9408746,25758924,1921996,0,0,0
6 x 512 B,11,2297,1935378,9405656,25758923,1935891,0,0,0
6 x 512 B,12,2297,1932152,9398345,25758924,1932704,0,0,0
6 x 512 B,13,2297,1923137,9412893,25758924,1923641,0,0,0
6 x 512 B,14,2297,1920662,9398934,25758924,1921306,0,0,0
6 x 512 B,15,2297,1923295,9414541,25758924,1923982,0,0,0
6 x 512 B,16,2297,1924183,9411735,25758924,1924845,0,0,0
6 x 512 B,17,2297,1923165,9408241,25758924,1923807,0,0,0
6 x 512 B,18,2297,1954624,9417295,25758924,1955686,0,0,0
6 x 512 B,19,2297,1923350,9406055,25758924,1924018,0,0,0
6 x 512 B,20,2297,1933317,9402861,25758924,1926194,0,0,0
6 x 512 B,21,2297,1922010,9407727,25758924,1922555,0,0,0
6 x 512 B,22,2297,1949672,9403526,25758924,1950171,0,0,0
6 x 512 B,23,2297,1922451,9407045,25758924,1922950,0,0,0
6 x 512 B,24,2297,1921332,9402764,25758924,1921833,0,0,0
6 x 512 B,25,2297,1919712,9403507,25758923,1920207,0,0,0
6 x 512 B,26,2297,1921113,9406745,25758924,1921607,0,0,0
6 x 512 B,27,2297,1950342,9408237,25758924,1950838,0,0,0
6 x 512 B,28,2297,2295416,9407148,25758925,2295910,0,0,0
6 x 512 B,29,2297,1921733,9410026,25758924,1922226,0,0,0
6 x 512 B,30,2297,1918912,9395889,25758924,1919459,0,0,0
6 x 512 B,31,2297,1948016,9402958,25758923,1948755,0,0,0
8 x 512 B,0,2806,1961665,9602554,27473912,1962225,0,0,0
8 x 512 B,1,2806,1958969,9592090,27473912,1959478,0,0,0
8 x 512 B,2,2806,1958178,9585332,27473912,1958674,0,0,0
8 x 512 B,3,2806,1960245,9591913,27473912,1960800,0,0,0
8 x 512 B,4,2806,1959059,9589167,27473912,1959604,0,0,0
8 x 512 B,5,2806,1958721,9591164,27473912,1959231,0,0,0
8 x 512 B,6,2806,1959820,9593105,27473912,1960332,0,0,0
8 x 512 B,7,2806,1959027,9592709,27473912,1959535,0,0,0
8 x 512 B,8,2806,1959953,9594321,27473912,1960445,0,0,0
8 x 512 B,9,2806,1959275,9593248,27473912,1959767,0,0,0
8 x 512 B,10,2806,1958559,9587066,27473912,1959058,0,0,0
8 x 512 B,11,2806,1958313,9589140,27473912,1958822,0,0,0
8 x 512 B,12,2806,1959644,9592651,27473912,1960173,0,0,0
8 x 512 B,13,2806,1959274,9593218,27473912,1959768,0,0,0
8 x 512 B,14,2806,1958602,9588169,27473912,1959107,0,0,0
8 x 512 B,15,2806,1957737,9586127,27473912,1958243,0,0,0
8 x 512 B,16,2806,1959298,9590996,27473912,1959797,0,0,0
8 x 512 B,17,2806,1958597,9589973,27473912,1959080,0,0,0
8 x 512 B,18,2806,1958713,9589083,27473912,1959213,0,0,0
8 x 512 B,19,2806,1965414,9585440,27473912,1960444,0,0,0
8 x 512 B,20,2806,1959988,9594310,27473912,1960502,0,0,0
8 x 512 B,21,2806,1958261,9585134,27473912,1958757,0,0,0
8 x 512 B,22,2806,1961246,9598252,27473912,1973010,0,0,0
8 x 512 B,23,2806,1959882,9593414,27473912,1960511,0,0,0
8 x 512 B,24,2806,1956971,9582149,27473911,1957644,0,0,0
8 x 512 B,25,2806,1960417,9591786,27473912,1961027,0,0,0
8 x 512 B,26,2806,1960187,9589448,27473912,1961102,0,0,0
8 x 512 B,27,2806,1966516,9592020,27473912,1965224,0,0,0
8 x 512 B,28,2806,1965479,9588433,27473912,1962034,0,0,0
8 x 512 B,29,2806,1960821,9594132,27473912,1961323,0,0,0
8 x 512 B,30,2806,1958486,9589749,27473912,1958983,0,0,0
8 x 512 B,31,2806,1960109,9595693,27473912,1960614,0,0,0
12 x 512 B,0,1682,1968131,9633487,28994682,1968665,0,0,0
12 x 512 B,1,1682,1967115,9628436,28994682,1967613,0,0,0
12 x 512 B,2,1682,1968034,9632590,28994682,1968558,0,0,0
12 x 512 B,3,1682,1965867,9625745,28994682,1966391,0,0,0
12 x 512 B,4,1682,2347545,9632784,28994682,2348038,0,0,0
12 x 512 B,5,1682,1967657,9630342,28994682,1968147,0,0,0
12 x 512 B,6,1682,1967822,9632907,28994682,1968327,0,0,0
12 x 512 B,7,1682,1967046,9631866,28994682,1967590,0,0,0
12 x 512 B,8,1682,1967901,9636047,28994682,1968398,0,0,0
12 x 512 B,9,1682,1967529,9630849,28994682,1968033,0,0,0
12 x 512 B,10,1682,1967985,9633436,28994682,1968483,0,0,0
12 x 512 B,11,1682,1966848,9630769,28994682,1967346,0,0,0
12 x 512 B,12,1682,1970145,9635247,28994682,1970639,0,0,0
12 x 512 B,13,1682,1967392,9630046,28994682,1967897,0,0,0
12 x 512 B,14,1682,1967641,9630725,28994682,1968130,0,0,0
12 x 512 B,15,1682,1967947,9631545,28994682,1968501,0,0,0
12 x 512 B,16,1682,1967881,9635387,28994682,1968372,0,0,0
12 x 512 B,17,1682,1967314,9630935,28994682,1967824,0,0,0
12 x 512 B,18,1682,1967619,9633077,28994682,1968111,0,0,0
12 x 512 B,19,1682,1972586,9624655,28994682,1968151,0,0,0
12 x 512 B,20,1682,1967681,9634738,28994682,1968179,0,0,0
12 x 512 B,21,1682,1966826,9627595,28994682,1967325,0,0,0
12 x 512 B,22,1682,1967472,9631705,28994682,1967970,0,0,0
12 x 512 B,23,1682,1966382,9628398,28994682,1966881,0,0,0
12 x 512 B,24,1682,1967089,9631381,28994682,1967570,0,0,0
12 x 512 B,25,1682,1965905,9623783,28994682,1966390,0,0,0
12 x 512 B,26,1682,1967934,9633589,28994682,1968424,0,0,0
12 x 512 B,27,1682,1967582,9633292,28994682,1968084,0,0,0
12 x 512 B,28,1682,1966851,9629850,28994682,1967346,0,0,0
12 x 512 B,29,1682,1967072,9627922,28994682,1967722,0,0,0
12 x 512 B,30,1682,1968279,9633064,28994682,1968819,0,0,0
12 x 512 B,31,1682,1969174,9633614,28994682,1969817,0,0,0
16 x 512 B,0,1425,1980670,9684512,27403116,1982143,0,0,0
16 x 512 B,1,1425,1983436,9675345,27403116,1982266,0,0,0
16 x 512 B,2,1425,1983339,9671786,27403116,1978994,0,0,0
16 x 512 B,3,1425,1977386,9679111,27403116,1977905,0,0,0
16 x 512 B,4,1425,1977214,9674590,27403116,1977771,0,0,0
16 x 512 B,5,1425,1975938,9675284,27403116,1976427,0,0,0
16 x 512 B,6,1425,1973941,9671081,27403115,1974473,0,0,0
16 x 512 B,7,1425,1976475,9678194,27403116,1976969,0,0,0
16 x 512 B,8,1425,1977279,9678649,27403116,1977795,0,0,0
16 x 512 B,9,1425,1977635,9677651,27403116,1978142,0,0,0
16 x 512 B,10,1425,1976919,9675959,27403116,1977419,0,0,0
16 x 512 B,11,1425,1976715,9678518,27403116,1977250,0,0,0
16 x 512 B,12,1425,1975115,9668839,27403116,1975615,0,0,0
16 x 512 B,13,1425,2369876,9685158,27403117,2370407,0,0,0
16 x 512 B,14,1425,1977814,9678959,27403116,1978321,0,0,0
16 x 512 B,15,1425,1976480,9677803,27403116,1976982,0,0,0
16 x 512 B,16,1425,1975572,9674986,27403116,1976066,0,0,0
16 x 512 B,17,1425,1976129,9675804,27403116,1976650,0,0,0
16 x 512 B,18,1425,1983530,9667364,27403116,1976473,0,0,0
16 x 512 B,19,1425,1976373,9677317,27403116,1976872,0,0,0
16 x 512 B,20,1425,1975112,9669698,27403116,1975633,0,0,0
16 x 512 B,21,1425,1976437,9674322,27403116,1976952,0,0,0
16 x 512 B,22,1425,1975641,9674090,27403116,1976148,0,0,0
16 x 512 B,23,1425,1976140,9676475,27403116,1976632,0,0,0
16 x 512 B,24,1425,1974850,9672665,27403115,1975365,0,0,0
16 x 512 B,25,1425,1975733,9671075,27403116,1976265,0,0,0
16 x 512 B,26,1425,1975879,9673136,27403116,1976373,0,0,0
16 x 512 B,27,1425,1976558,9679240,27403116,1977055,0,0,0
16 x 512 B,28,1425,1974089,9667695,27403116,1974592,0,0,0
16 x 512 B,29,1425,1976479,9678371,27403116,1976979,0,0,0
16 x 512 B,30,1425,1974760,9670143,27403116,1975256,0,0,0
16 x 512 B,31,1425,1976538,9678615,27403116,1977042,0,0,0
24 x 512 B,0,958,1988515,9735689,27465268,1989046,0,0,0
24 x 512 B,1,958,1987515,9731994,27465268,1988007,0,0,0
24 x 512 B,2,958,1988511,9733683,27465268,1989002,0,0,0
24 x 512 B,3,958,1985358,9721539,27465268,1986442,0,0,0
24 x 512 B,4,958,1987464,9728854,27465268,1988032,0,0,0
24 x 512 B,5,958,2006710,9732073,27465268,2007476,0,0,0
24 x 512 B,6,958,1989569,9735755,27465268,1990183,0,0,0
24 x 512 B,7,958,1992784,9729734,27465268,1993502,0,0,0
24 x 512 B,8,958,1991601,9736108,27465268,1992289,0,0,0
24 x 512 B,9,958,1992906,9725823,27465268,1991366,0,0,0
24 x 512 B,10,958,1995708,9731228,27465268,1990811,0,0,0
24 x 512 B,11,958,1987829,9729428,27465268,1988343,0,0,0
24 x 512 B,12,958,1987717,9733055,27465268,1988214,0,0,0
24 x 512 B,13,958,1987639,9729914,27465268,1988132,0,0,0
24 x 512 B,14,958,1987464,9731656,27465268,1988004,0,0,0
24 x 512 B,15,958,1986952,9727202,27465268,1987444,0,0,0
24 x 512 B,16,958,1987025,9729652,27465268,1987520,0,0,0
24 x 512 B,17,958,1988978,9735257,27465268,1989530,0,0,0
24 x 512 B,18,958,1987695,9731360,27465268,1988203,0,0,0
24 x 512 B,19,958,1987769,9728524,27465268,1988336,0,0,0
24 x 512 B,20,958,1987546,9731363,27465268,1988038,0,0,0
24 x 512 B,21,958,1988254,9727770,27465268,1988760,0,0,0
24 x 512 B,22,958,1987313,9729384,27465268,1987813,0,0,0
24 x 512 B,23,958,1988328,9732962,27465268,1988834,0,0,0
24 x 512 B,24,958,1987235,9730791,27465268,1987728,0,0,0
24 x 512 B,25,958,1987421,9729341,27465268,1987959,0,0,0
24 x 512 B,26,958,1987311,9731158,27465268,1987804,0,0,0
24 x 512 B,27,958,1987053,9727367,27465268,1987556,0,0,0
24 x 512 B,28,958,1990193,9728931,27465268,1990715,0,0,0
24 x 512 B,29,958,1987763,9729992,27465268,1988258,0,0,0
24 x 512 B,30,958,1988215,9735314,27465268,1988713,0,0,0
24 x 512 B,31,958,1987366,9728966,27465268,1987886,0,0,0
64 x 512 B,0,363,2000498,9793103,27538998,2001039,0,0,0
64 x 512 B,1,363,1999681,9791026,27538998,2000210,0,0,0
64 x 512 B,2,363,2000446,9791450,27538998,2000998,0,0,0
64 x 512 B,3,363,2000235,9794177,27538998,2000759,0,0,0
64 x 512 B,4,363,1999157,9786715,27538998,1999692,0,0,0
64 x 512 B,5,363,1999898,9792716,27538998,2000425,0,0,0
64 x 512 B,6,363,1999762,9789306,27538998,2000267,0,0,0
64 x 512 B,7,363,1999977,9793310,27538998,2000478,0,0,0
64 x 512 B,8,363,2000232,9791129,27538998,2000736,0,0,0
64 x 512 B,9,363,2001419,9796873,27538998,2001920,0,0,0
64 x 512 B,10,363,2000040,9790686,27538998,2000540,0,0,0
64 x 512 B,11,363,2002066,9800043,27538998,2002582,0,0,0
64 x 512 B,12,363,2002833,9804186,27538998,2003458,0,0,0
64 x 512 B,13,363,2002673,9801478,27538998,2003349,0,0,0
64 x 512 B,14,363,2006335,9792037,27538998,2006957,0,0,0
64 x 512 B,15,363,2002766,9792967,27538998,2003582,0,0,0
64 x 512 B,16,363,2005475,9787008,27538998,2003147,0,0,0
64 x 512 B,17,363,2010953,9790876,27538998,2006704,0,0,0
64 x 512 B,18,363,2000920,9790562,27538998,2001410,0,0,0
64 x 512 B,19,363,2000872,9793472,27538998,2001370,0,0,0
64 x 512 B,20,363,2000140,9791850,27538998,2000639,0,0,0
64 x 512 B,21,363,2001728,9795665,27538998,2002227,0,0,0
64 x 512 B,22,363,2000921,9794374,27538998,2001418,0,0,0
64 x 512 B,23,363,2001452,9795874,27538998,2001957,0,0,0
64 x 512 B,24,363,2000059,9792654,27538998,2000556,0,0,0
64 x 512 B,25,363,2002132,9797091,27538998,2002645,0,0,0
64 x 512 B,26,363,2000061,9793667,27538998,2000556,0,0,0
64 x 512 B,27,363,1999805,9792678,27538998,2000333,0,0,0
64 x 512 B,28,363,2000174,9793377,27538998,2000667,0,0,0
64 x 512 B,29,363,2001308,9794174,27538998,2001809,0,0,0
64 x 512 B,30,363,1999907,9792771,27538998,2000419,0,0,0
64 x 512 B,31,363,1999262,9789696,27538998,1999761,0,0,0
128 x 512 B,0,178,1969085,9636157,26945294,1969618,0,0,0
128 x 512 B,1,178,1968354,9638101,26945294,1968904,0,0,0
128 x 512 B,2,178,1967855,9635792,26945294,1968401,0,0,0
128 x 512 B,3,178,1968353,9636369,26945294,1968877,0,0,0
128 x 512 B,4,178,1969490,9637313,26945294,1969989,0,0,0
128 x 512 B,5,178,1968877,9635224,26945294,1969385,0,0,0
128 x 512 B,6,178,1968160,9637138,26945294,1968663,0,0,0
128 x 512 B,7,178,1968454,9633501,26945294,1968972,0,0,0
128 x 512 B,8,178,1969149,9641852,26945294,1969645,0,0,0
128 x 512 B,9,178,1968278,9635332,26945294,1968826,0,0,0
128 x 512 B,10,178,1967250,9633017,26945294,1967741,0,0,0
128 x 512 B,11,178,1968757,9635589,26945294,1969266,0,0,0
128 x 512 B,12,178,1968096,9636939,26945294,1968607,0,0,0
128 x 512 B,13,178,1968271,9634686,26945294,1968775,0,0,0
128 x 512 B,14,178,1969633,9640216,26945294,1970162,0,0,0
128 x 512 B,15,178,1968706,9632618,26945294,1969222,0,0,0
128 x 512 B,16,178,1974794,9634767,26945294,1971146,0,0,0
128 x 512 B,17,178,1969157,9636892,26945294,1969728,0,0,0
128 x 512 B,18,178,1974099,9652372,26945294,1974728,0,0,0
128 x 512 B,19,178,1998968,9643648,26945294,1999527,0,0,0
128 x 512 B,20,178,1975169,9646224,26945294,1975948,0,0,0
128 x 512 B,21,178,1969606,9640460,26945294,1970279,0,0,0
128 x 512 B,22,178,1980132,9649077,26945294,1981104,0,0,0
128 x 512 B,23,178,1969170,9638263,26945294,1969925,0,0,0
128 x 512 B,24,178,1973684,9624955,26945293,1969497,0,0,0
128 x 512 B,25,178,1970242,9646030,26945294,1970742,0,0,0
128 x 512 B,26,178,1971755,9633441,26945294,1972272,0,0,0
128 x 512 B,27,178,1971774,9638303,26945294,1972279,0,0,0
128 x 512 B,28,178,1968179,9632832,26945294,1968683,0,0,0
128 x 512 B,29,178,1969792,9643349,26945294,1970299,0,0,0
128 x 512 B,30,178,1966311,9630390,26945294,1966794,0,0,0
128 x 512 B,31,178,2348843,9643693,26945295,2349367,0,0,0
129 x 512 B,0,175,1997007,9779162,27114866,1997511,0,0,0
129 x 512 B,1,175,1995853,9774725,27114866,1996357,0,0,0
129 x 512 B,2,175,1997222,9779870,27114866,1997761,0,0,0
129 x 512 B,3,175,1997343,9780690,27114866,1997884,0,0,0
129 x 512 B,4,175,1996948,9777654,27114866,1997442,0,0,0
129 x 512 B,5,175,1995644,9773200,27114866,1996130,0,0,0
129 x 512 B,6,175,1996431,9776834,27114866,1996922,0,0,0
129 x 512 B,7,175,1996034,9775838,27114866,1996528,0,0,0
129 x 512 B,8,175,1997016,9777518,27114866,1997520,0,0,0
129 x 512 B,9,175,1996242,9776716,27114866,1996742,0,0,0
129 x 512 B,10,175,1997723,9782415,27114866,1998212,0,0,0
129 x 512 B,11,175,1996621,9777274,27114866,1997133,0,0,0
129 x 512 B,12,175,1996857,9777216,27114866,1997354,0,0,0
129 x 512 B,13,175,1996318,9776538,27114866,1996817,0,0,0
129 x 512 B,14,175,1996173,9775523,27114866,1996686,0,0,0
129 x 512 B,15,175,1996440,9777493,27114866,1996974,0,0,0
129 x 512 B,16,175,1996427,9776919,27114866,1996943,0,0,0
129 x 512 B,17,175,1996109,9775975,27114866,1996620,0,0,0
129 x 512 B,18,175,1995936,9774530,27114866,1996417,0,0,0
129 x 512 B,19,175,1996938,9780217,27114866,1997433,0,0,0
129 x 512 B,20,175,1997496,9776050,27114866,1998005,0,0,0
129 x 512 B,21,175,1996338,9777444,27114866,1996826,0,0,0
129 x 512 B,22,175,1997400,9779558,27114866,1997891,0,0,0
129 x 512 B,23,175,1996664,9776230,27114866,1997163,0,0,0
129 x 512 B,24,175,1997118,9775256,27114866,1997699,0,0,0
129 x 512 B,25,175,1995963,9773389,27114866,1996596,0,0,0
129 x 512 B,26,175,1999683,9780952,27114866,2000299,0,0,0
129 x 512 B,27,175,1998077,9780122,27114866,1998791,0,0,0
129 x 512 B,28,175,1997520,9777051,27114866,1998491,0,0,0
129 x 512 B,29,175,2011300,9778610,27114866,2009199,0,0,0
129 x 512 B,30,175,2002139,9779275,27114866,2000987,0,0,0
129 x 512 B,31,175,2002195,9777443,27114866,1999145,0,0,0
1024 x 512 B,0,23,2044168,10006102,27831332,2044818,0,0,0
1024 x 512 B,1,23,2046452,10008677,27831332,2046981,0,0,0
1024 x 512 B,2,23,2045924,10015610,27831332,2046484,0,0,0
1024 x 512 B,3,23,2043838,10006151,27831332,2044362,0,0,0
1024 x 512 B,4,23,2044783,10008438,27831332,2045323,0,0,0
1024 x 512 B,5,23,2043472,10004171,27831332,2043996,0,0,0
1024 x 512 B,6,23,2044619,10005102,27831332,2045138,0,0,0
1024 x 512 B,7,23,2420217,10014128,27831333,2420751,0,0,0
1024 x 512 B,8,23,2043285,10005081,27831332,2043816,0,0,0
1024 x 512 B,9,23,2042456,9998676,27831332,2042966,0,0,0
1024 x 512 B,10,23,2044313,10005332,27831332,2044827,0,0,0
1024 x 512 B,11,23,2041450,9995857,27831332,2041951,0,0,0
1024 x 512 B,12,23,2043864,10007867,27831332,2044397,0,0,0
1024 x 512 B,13,23,2042250,9999898,27831332,2042769,0,0,0
1024 x 512 B,14,23,2043640,10005137,27831332,2044157,0,0,0
1024 x 512 B,15,23,2042634,9998075,27831332,2043148,0,0,0
1024 x 512 B,16,23,2043321,10005730,27831332,2043854,0,0,0
1024 x 512 B,17,23,2041900,9998182,27831332,2042423,0,0,0
1024 x 512 B,18,23,2044005,10008458,27831332,2044519,0,0,0
1024 x 512 B,19,23,2042385,10001568,27831332,2042881,0,0,0
1024 x 512 B,20,23,2043251,10004551,27831332,2043789,0,0,0
1024 x 512 B,21,23,2043402,9996889,27831332,2043932,0,0,0
1024 x 512 B,22,23,2047250,10014597,27831333,2047769,0,0,0
1024 x 512 B,23,23,2042577,10002961,27831332,2043092,0,0,0
1024 x 512 B,24,23,2042900,10002259,27831332,2043422,0,0,0
1024 x 512 B,25,23,2042441,10001645,27831332,2042958,0,0,0
1024 x 512 B,26,23,2042602,10001195,27831332,2043112,0,0,0
1024 x 512 B,27,23,2040645,9992907,27831332,2041170,0,0,0
1024 x 512 B,28,23,2044003,10004879,27831332,2044519,0,0,0
1024 x 512 B,29,23,2041910,9997143,27831332,2042418,0,0,0
1024 x 512 B,30,23,2044813,10010483,27831332,2045346,0,0,0
1024 x 512 B,31,23,2086977,10085330,27831332,2087740,0,0,0
1 x 1024 B,0,2648,1942776,9504955,21049318,1943851,0,0,0
1 x 1024 B,1,2648,1942549,9496434,21049318,1943154,0,0,0
1 x 1024 B,2,2648,1947158,9500570,21049318,1948018,0,0,0
1 x 1024 B,3,2648,1943836,9502095,21049318,1944454,0,0,0
1 x 1024 B,4,2648,1953849,9496069,21049318,1946549,0,0,0
1 x 1024 B,5,2648,1940501,9499581,21049318,1941014,0,0,0
1 x 1024 B,6,2648,1939676,9499092,21049318,1940178,0,0,0
1 x 1024 B,7,2648,1940744,9503400,21049318,1941299,0,0,0
1 x 1024 B,8,2648,1940950,9505434,21049318,1941465,0,0,0
1 x 1024 B,9,2648,1943774,9498863,21049317,1944316,0,0,0
1 x 1024 B,10,2648,1939486,9492848,21049318,1940000,0,0,0
1 x 1024 B,11,2648,1940006,9496364,21049318,1940508,0,0,0
1 x 1024 B,12,2648,1964483,9497836,21049318,1943463,0,0,0
1 x 1024 B,13,2648,1940328,9500217,21049318,1940842,0,0,0
1 x 1024 B,14,2648,1940781,9500100,21049318,1941269,0,0,0
1 x 1024 B,15,2648,1939182,9494816,21049318,1939678,0,0,0
1 x 1024 B,16,2648,1939912,9499944,21049318,1940419,0,0,0
1 x 1024 B,17,2648,1940700,9501374,21049318,1941209,0,0,0
1 x 1024 B,18,2648,1939767,9499481,21049318,1940280,0,0,0
1 x 1024 B,19,2648,1938790,9495029,21049318,1939302,0,0,0
1 x 1024 B,20,2648,1940502,9500516,21049318,1941011,0,0,0
1 x 1024 B,21,2648,1939543,9495478,21049318,1940054,0,0,0
1 x 1024 B,22,2648,1939479,9497538,21049318,1939988,0,0,0
1 x 1024 B,23,2648,1940038,9500485,21049318,1940537,0,0,0
1 x 1024 B,24,2648,1938872,9495081,21049318,1939371,0,0,0
1 x 1024 B,25,2648,1939573,9498716,21049318,1940067,0,0,0
1 x 1024 B,26,2648,1940549,9499457,21049318,1941055,0,0,0
1 x 1024 B,27,2648,1949814,9499931,21049317,1950375,0,0,0
1 x 1024 B,28,2648,1959616,9502224,21049318,1960191,0,0,0
1 x 1024 B,29,2648,1951736,9495131,21049318,1948436,0,0,0
1 x 1024 B,30,2648,1948032,9500620,21049318,1948547,0,0,0
1 x 1024 B,31,2648,1940342,9498040,21049318,1940855,0,0,0
3 x 1024 B,0,2044,2331677,9575752,31322623,2332307,0,0,0
3 x 1024 B,1,2044,1954202,9566650,31322622,1954721,0,0,0
3 x 1024 B,2,2044,1954106,9568122,31322622,1954601,0,0,0
3 x 1024 B,3,2044,1953167,9568793,31322621,1953684,0,0,0
3 x 1024 B,4,2044,1953824,9566339,31322622,1954336,0,0,0
3 x 1024 B,5,2044,1955973,9576605,31322622,1956513,0,0,0
3 x 1024 B,6,2044,1952985,9562567,31322622,1953689,0,0,0
3 x 1024 B,7,2044,1957453,9578542,31322622,1957950,0,0,0
3 x 1024 B,8,2044,1957398,9577835,31322622,1958113,0,0,0
3 x 1024 B,9,2044,1958446,9579914,31322622,1959084,0,0,0
3 x 1024 B,10,2044,1956207,9566415,31322622,1956906,0,0,0
3 x 1024 B,11,2044,1962971,9574714,31322622,1960937,0,0,0
3 x 1024 B,12,2044,1959408,9567112,31322622,1956504,0,0,0
3 x 1024 B,13,2044,1956466,9577232,31322622,1956953,0,0,0
3 x 1024 B,14,2044,1952570,9560374,31322622,1953049,0,0,0
3 x 1024 B,15,2044,1955996,9576138,31322622,1956486,0,0,0
3 x 1024 B,16,2044,1952803,9563395,31322622,1953320,0,0,0
3 x 1024 B,17,2044,1955352,9573956,31322622,1955848,0,0,0
3 x 1024 B,18,2044,1951894,9559969,31322622,1952373,0,0,0
3 x 1024 B,19,2044,1958049,9578600,31322622,1958546,0,0,0
3 x 1024 B,20,2044,1955882,9574748,31322622,1956387,0,0,0
3 x 1024 B,21,2044,1954216,9565498,31322622,1954720,0,0,0
3 x 1024 B,22,2044,1952247,9560194,31322622,1952717,0,0,0
3 x 1024 B,23,2044,1956267,9579367,31322622,1956753,0,0,0
3 x 1024 B,24,2044,2322551,9563793,31322622,2323028,0,0,0
3 x 1024 B,25,2044,1955598,9575491,31322622,1956094,0,0,0
3 x 1024 B,26,2044,1951381,9556755,31322622,1951859,0,0,0
3 x 1024 B,27,2044,1955077,9573647,31322622,1955578,0,0,0
3 x 1024 B,28,2044,1953780,9568749,31322622,1954280,0,0,0
3 x 1024 B,29,2044,1956733,9578110,31322622,1957220,0,0,0
3 x 1024 B,30,2044,1951762,9559180,31322622,1952225,0,0,0
3 x 1024 B,31,2044,1954583,9571312,31322622,1955089,0,0,0
4 x 1024 B,0,2069,1967662,9634664,31401579,1968177,0,0,0
4 x 1024 B,1,2069,1964010,9619032,31401579,1964489,0,0,0
4 x 1024 B,2,2069,1967517,9635036,31401579,1968010,0,0,0
4 x 1024 B,3,2069,1962656,9616027,31401578,1963124,0,0,0
4 x 1024 B,4,2069,1967379,9634077,31401579,1967901,0,0,0
4 x 1024 B,5,2069,1966178,9625681,31401579,1966693,0,0,0
4 x 1024 B,6,2069,1965477,9625808,31401579,1965968,0,0,0
4 x 1024 B,7,2069,1965423,9624452,31401579,1965901,0,0,0
4 x 1024 B,8,2069,1967983,9636470,31401579,1968482,0,0,0
4 x 1024 B,9,2069,1965099,9622808,31401579,1965587,0,0,0
4 x 1024 B,10,2069,1965761,9627853,31401579,1966283,0,0,0
4 x 1024 B,11,2069,1973617,9627933,31401579,1968407,0,0,0
4 x 1024 B,12,2069,1967755,9634456,31401579,1968255,0,0,0
4 x 1024 B,13,2069,1967298,9628685,31401579,1967908,0,0,0
4 x 1024 B,14,2069,1966628,9629982,31401579,1967155,0,0,0
4 x 1024 B,15,2069,1966097,9625249,31401579,1966747,0,0,0
4 x 1024 B,16,2069,1971515,9642538,31401579,1972289,0,0,0
4 x 1024 B,17,2069,1971023,9643587,31401579,1971627,0,0,0
4 x 1024 B,18,2069,1971800,9641488,31401579,1972897,0,0,0
4 x 1024 B,19,2069,1973430,9626378,31401579,1971910,0,0,0
4 x 1024 B,20,2069,1981071,9631730,31401579,1976360,0,0,0
4 x 1024 B,21,2069,1967782,9631502,31401579,1968302,0,0,0
4 x 1024 B,22,2069,1967444,9630646,31401579,1967997,0,0,0
4 x 1024 B,23,2069,1967788,9632469,31401579,1968287,0,0,0
4 x 1024 B,24,2069,1967126,9626922,31401579,1967627,0,0,0
4 x 1024 B,25,2069,1966572,9629155,31401579,1967084,0,0,0
4 x 1024 B,26,2069,1965573,9625136,31401579,1966067,0,0,0
4 x 1024 B,27,2069,1968531,9634482,31401579,1969022,0,0,0
4 x 1024 B,28,2069,1970768,9638304,31401579,1971297,0,0,0
4 x 1024 B,29,2069,1968864,9639571,31401579,1969358,0,0,0
4 x 1024 B,30,2069,1965808,9625188,31401579,1966295,0,0,0
4 x 1024 B,31,2069,1968279,9637370,31401579,1968769,0,0,0
6 x 1024 B,0,1171,1947627,9536704,25717868,1948137,0,0,0
6 x 1024 B,1,1171,1945717,9526494,25717868,1946214,0,0,0
6 x 1024 B,2,1171,1947715,9537996,25717868,1948267,0,0,0
6 x 1024 B,3,1171,1974789,9538265,25717867,1975506,0,0,0
6 x 1024 B,4,1171,1946710,9532557,25717868,1947251,0,0,0
6 x 1024 B,5,1171,1947496,9536879,25717868,1947990,0,0,0
6 x 1024 B,6,1171,1946138,9531855,25717868,1946644,0,0,0
6 x 1024 B,7,1171,1947140,9535000,25717868,1947640,0,0,0
6 x 1024 B,8,1171,1947067,9535362,25717868,1947556,0,0,0
6 x 1024 B,9,1171,1947959,9536008,25717868,1948440,0,0,0
6 x 1024 B,10,1171,1947392,9533797,25717868,1947878,0,0,0
6 x 1024 B,11,1171,2007688,9531709,25717868,1948413,0,0,0
6 x 1024 B,12,1171,1945805,9528587,25717868,1946297,0,0,0
6 x 1024 B,13,1171,1945059,9524889,25717868,1945542,0,0,0
6 x 1024 B,14,1171,1947744,9539204,25717868,1948271,0,0,0
6 x 1024 B,15,1171,1947295,9534839,25717868,1947794,0,0,0
6 x 1024 B,16,1171,1945458,9527447,25717868,1945952,0,0,0
6 x 1024 B,17,1171,1946882,9530775,25717868,1947366,0,0,0
6 x 1024 B,18,1171,1947254,9535076,25717868,1947752,0,0,0
6 x 1024 B,19,1171,1944878,9522416,25717868,1945366,0,0,0
6 x 1024 B,20,1171,1947949,9537442,25717868,1948649,0,0,0
6 x 1024 B,21,1171,1946374,9529414,25717868,1946876,0,0,0
6 x 1024 B,22,1171,1976731,9538125,25717868,1977418,0,0,0
6 x 1024 B,23,1171,1947386,9530479,25717874,1948209,0,0,0
6 x 1024 B,24,1171,1945680,9532146,25717873,1946543,0,0,0
6 x 1024 B,25,1171,1951288,9531567,25717868,1951973,0,0,0
6 x 1024 B,26,1171,1981350,9532670,25717868,1979765,0,0,0
6 x 1024 B,27,1171,1954312,9528957,25717868,1949595,0,0,0
6 x 1024 B,28,1171,1945437,9522808,25717868,1946337,0,0,0
6 x 1024 B,29,1171,1948560,9528960,25717868,1949058,0,0,0
6 x 1024 B,30,1171,1950348,9536247,25717868,1950909,0,0,0
6 x 1024 B,31,1171,1947081,9533199,25717868,1947580,0,0,0
8 x 1024 B,0,1436,1979431,9691079,27472482,1980092,0,0,0
8 x 1024 B,1,1436,1979874,9686547,27472482,1980588,0,0,0
8 x 1024 B,2,1436,1994480,9754994,27472482,1995148,0,0,0
8 x 1024 B,3,1436,1983078,9695361,27472482,1984470,0,0,0
8 x 1024 B,4,1436,1987019,9680518,27472482,1984868,0,0,0
8 x 1024 B,5,1436,1985579,9680264,27472482,1981002,0,0,0
8 x 1024 B,6,1436,1980031,9690279,27472482,1980553,0,0,0
8 x 1024 B,7,1436,1978631,9682272,27472482,1979160,0,0,0
8 x 1024 B,8,1436,1978118,9684046,27472482,1978663,0,0,0
8 x 1024 B,9,1436,1976952,9678181,27472482,1977492,0,0,0
8 x 1024 B,10,1436,1987042,9680156,27472482,1981081,0,0,0
8 x 1024 B,11,1436,1976937,9675444,27472482,1977457,0,0,0
8 x 1024 B,12,1436,1977645,9684102,27472482,1978176,0,0,0
8 x 1024 B,13,1436,1977557,9678309,27472482,1978076,0,0,0
8 x 1024 B,14,1436,1978401,9683753,27472482,1978940,0,0,0
8 x 1024 B,15,1436,1977057,9680916,27472482,1977585,0,0,0
8 x 1024 B,16,1436,1979126,9688113,27472482,1979642,0,0,0
8 x 1024 B,17,1436,1976319,9678627,27472482,1976837,0,0,0
8 x 1024 B,18,1436,1977238,9683141,27472482,1977766,0,0,0
8 x 1024 B,19,1436,1977582,9683263,27472482,1978099,0,0,0
8 x 1024 B,20,1436,1977015,9682343,27472482,1977525,0,0,0
8 x 1024 B,21,1436,1976050,9677638,27472482,1976562,0,0,0
8 x 1024 B,22,1436,1975708,9674255,27472482,1976225,0,0,0
8 x 1024 B,23,1436,1976897,9679812,27472482,1977416,0,0,0
8 x 1024 B,24,1436,1976576,9679917,27472482,1977100,0,0,0
8 x 1024 B,25,1436,1975319,9673669,27472482,1975834,0,0,0
8 x 1024 B,26,1436,1978296,9686351,27472482,1978813,0,0,0
8 x 1024 B,27,1436,1978938,9686836,27472482,1979459,0,0,0
8 x 1024 B,28,1436,1976596,9679801,27472482,1977113,0,0,0
8 x 1024 B,29,1436,1976857,9679415,27472482,1977374,0,0,0
8 x 1024 B,30,1436,1977798,9683675,27472482,1978359,0,0,0
8 x 1024 B,31,1436,1975962,9674356,27472482,1976624,0,0,0
12 x 1024 B,0,857,1987641,9731142,29105800,1988359,0,0,0
12 x 1024 B,1,857,1990875,9738025,29105800,1991411,0,0,0
12 x 1024 B,2,857,1992755,9744621,29105800,1993664,0,0,0
12 x 1024 B,3,857,1993475,9729520,29105800,1991952,0,0,0
12 x 1024 B,4,857,1991735,9717897,29105800,1987769,0,0,0
12 x 1024 B,5,857,1988478,9734227,29105800,1989047,0,0,0
12 x 1024 B,6,857,1986862,9730603,29105799,1987534,0,0,0
12 x 1024 B,7,857,1985866,9724647,29105800,1986355,0,0,0
12 x 1024 B,8,857,1987878,9729103,29105800,1988379,0,0,0
12 x 1024 B,9,857,1985351,9723275,29105800,1985857,0,0,0
12 x 1024 B,10,857,1988431,9735979,29105800,1988929,0,0,0
12 x 1024 B,11,857,2386868,9739201,29105801,2387360,0,0,0
12 x 1024 B,12,857,1985990,9724751,29105800,1986472,0,0,0
12 x 1024 B,13,857,1988296,9733002,29105800,1988799,0,0,0
12 x 1024 B,14,857,1990338,9731676,29105800,1990824,0,0,0
12 x 1024 B,15,857,1986907,9729635,29105800,1987403,0,0,0
12 x 1024 B,16,857,1985806,9723988,29105800,1986290,0,0,0
12 x 1024 B,17,857,1986823,9729810,29105800,1987327,0,0,0
12 x 1024 B,18,857,1986561,9724910,29105800,1987049,0,0,0
12 x 1024 B,19,857,1986847,9729336,29105800,1987352,0,0,0
12 x 1024 B,20,857,1990171,9725525,29105800,1990666,0,0,0
12 x 1024 B,21,857,1986434,9727460,29105800,1986934,0,0,0
12 x 1024 B,22,857,1987663,9731566,29105800,1988181,0,0,0
12 x 1024 B,23,857,1988167,9732270,29105800,1988666,0,0,0
12 x 1024 B,24,857,1985498,9723089,29105800,1985984,0,0,0
12 x 1024 B,25,857,1987399,9731303,29105800,1987900,0,0,0
12 x 1024 B,26,857,1986753,9726632,29105800,1987254,0,0,0
12 x 1024 B,27,857,1986643,9728395,29105800,1987134,0,0,0
12 x 1024 B,28,857,1985734,9723724,29105800,1986214,0,0,0
12 x 1024 B,29,857,1987308,9731716,29105800,1987796,0,0,0
12 x 1024 B,30,857,1986959,9727530,29105800,1987443,0,0,0
12 x 1024 B,31,857,1986784,9729326,29105800,1987276,0,0,0
16 x 1024 B,0,725,1991691,9753375,27488016,1992238,0,0,0
16 x 1024 B,1,725,1990893,9749188,27488016,1991415,0,0,0
16 x 1024 B,2,725,1990157,9745388,27488016,1990661,0,0,0
16 x 1024 B,3,725,1989996,9745073,27488016,1990494,0,0,0
16 x 1024 B,4,725,1992895,9756979,27488016,1993404,0,0,0
16 x 1024 B,5,725,1990541,9743925,27488016,1991257,0,0,0
16 x 1024 B,6,725,1993352,9756490,27488016,1994015,0,0,0
16 x 1024 B,7,725,1991724,9747324,27488016,1992398,0,0,0
16 x 1024 B,8,725,2048968,9759188,27488016,2032268,0,0,0
16 x 1024 B,9,725,1993978,9750073,27488016,1994971,0,0,0
16 x 1024 B,10,725,1995336,9755749,27488016,1995994,0,0,0
16 x 1024 B,11,725,1998926,9741813,27488016,1993998,0,0,0
16 x 1024 B,12,725,1992693,9750569,27488016,1993225,0,0,0
16 x 1024 B,13,725,1991842,9747380,27488016,1992360,0,0,0
16 x 1024 B,14,725,2044045,9760767,27488016,2044556,0,0,0
16 x 1024 B,15,725,1989831,9742687,27488016,1990354,0,0,0
16 x 1024 B,16,725,1991493,9748433,27488016,1992000,0,0,0
16 x 1024 B,17,725,1990448,9745879,27488016,1990965,0,0,0
16 x 1024 B,18,725,1991929,9754647,27488016,1992447,0,0,0
16 x 1024 B,19,725,2373089,9749350,27488016,2373629,0,0,0
16 x 1024 B,20,725,1996498,9755704,27488016,1997066,0,0,0
16 x 1024 B,21,725,1990286,9746346,27488016,1990790,0,0,0
16 x 1024 B,22,725,1991582,9752082,27488016,1992103,0,0,0
16 x 1024 B,23,725,1990414,9746881,27488016,1990914,0,0,0
16 x 1024 B,24,725,1992522,9754165,27488016,1993031,0,0,0
16 x 1024 B,25,725,1990059,9745145,27488016,1990572,0,0,0
16 x 1024 B,26,725,1991337,9751451,27488016,1991854,0,0,0
16 x 1024 B,27,725,1990107,9744971,27488016,1990605,0,0,0
16 x 1024 B,28,725,1991372,9752080,27488016,1991883,0,0,0
16 x 1024 B,29,725,1990458,9747365,27488016,1990957,0,0,0
16 x 1024 B,30,725,1991779,9750119,27488016,1992299,0,0,0
16 x 1024 B,31,725,1990716,9747823,27488016,1991216,0,0,0
24 x 1024 B,0,483,1992602,9757518,27385017,1993169,0,0,0
24 x 1024 B,1,483,1993893,9763950,27385017,1994441,0,0,0
24 x 1024 B,2,483,1993064,9759293,27385017,1993572,0,0,0
24 x 1024 B,3,483,1994215,9765139,27385017,1994730,0,0,0
24 x 1024 B,4,483,1993591,9759450,27385017,1994159,0,0,0
24 x 1024 B,5,483,1994597,9767029,27385017,1995106,0,0,0
24 x 1024 B,6,483,1993361,9759109,27385017,1993874,0,0,0
24 x 1024 B,7,483,1994408,9766308,27385017,1994947,0,0,0
24 x 1024 B,8,483,1993886,9762941,27385017,1994409,0,0,0
24 x 1024 B,9,483,1993824,9762986,27385017,1994337,0,0,0
24 x 1024 B,10,483,1993459,9759576,27385017,1994056,0,0,0
24 x 1024 B,11,483,1996548,9766283,27385017,1997068,0,0,0
24 x 1024 B,12,483,1996069,9773156,27385017,1996903,0,0,0
24 x 1024 B,13,483,1996882,9775386,27385017,1997485,0,0,0
24 x 1024 B,14,483,1996514,9772168,27385017,1997333,0,0,0
24 x 1024 B,15,483,1996509,9768937,27385017,1997129,0,0,0
24 x 1024 B,16,483,1995651,9766480,27385017,1996500,0,0,0
24 x 1024 B,17,483,2002625,9757809,27385017,2001073,0,0,0
24 x 1024 B,18,483,2002286,9757825,27385017,1998020,0,0,0
24 x 1024 B,19,483,1994408,9762596,27385017,1994929,0,0,0
24 x 1024 B,20,483,1993220,9760597,27385017,1993731,0,0,0
24 x 1024 B,21,483,1993286,9760823,27385017,1993790,0,0,0
24 x 1024 B,22,483,1994489,9765361,27385017,1994998,0,0,0
24 x 1024 B,23,483,1994873,9766219,27385017,1995385,0,0,0
24 x 1024 B,24,483,1994086,9763569,27385017,1994625,0,0,0
24 x 1024 B,25,483,1995807,9769554,27385017,1996331,0,0,0
24 x 1024 B,26,483,1992403,9754146,27385017,1992916,0,0,0
24 x 1024 B,27,483,1993739,9763092,27385017,1994250,0,0,0
24 x 1024 B,28,483,2385879,9758139,27385017,2386402,0,0,0
24 x 1024 B,29,483,1993469,9763430,27385017,1993985,0,0,0
24 x 1024 B,30,483,1992063,9755283,27385017,1992576,0,0,0
24 x 1024 B,31,483,1992162,9756933,27385017,1992664,0,0,0
64 x 1024 B,0,181,1995164,9771437,27261138,1995711,0,0,0
64 x 1024 B,1,181,1994719,9768607,27261138,1995248,0,0,0
64 x 1024 B,2,181,1995436,9771396,27261138,1995988,0,0,0
64 x 1024 B,3,181,1995404,9770894,27261138,1995947,0,0,0
64 x 1024 B,4,181,1997252,9777318,27261138,1997766,0,0,0
64 x 1024 B,5,181,1994624,9768062,27261138,1995139,0,0,0
64 x 1024 B,6,181,1995265,9772258,27261138,1995801,0,0,0
64 x 1024 B,7,181,1994925,9769113,27261138,1995451,0,0,0
64 x 1024 B,8,181,1994995,9770445,27261138,1995485,0,0,0
64 x 1024 B,9,181,1995103,9768615,27261138,1995605,0,0,0
64 x 1024 B,10,181,1994808,9769832,27261138,1995296,0,0,0
64 x 1024 B,11,181,1996086,9775295,27261138,1996569,0,0,0
64 x 1024 B,12,181,1994282,9767266,27261138,1994779,0,0,0
64 x 1024 B,13,181,1995996,9771529,27261138,1996495,0,0,0
64 x 1024 B,14,181,1997263,9780479,27261138,1997796,0,0,0
64 x 1024 B,15,181,1994932,9768389,27261138,1995460,0,0,0
64 x 1024 B,16,181,1995005,9769615,27261138,1995500,0,0,0
64 x 1024 B,17,181,1995067,9769678,27261138,1995551,0,0,0
64 x 1024 B,18,181,1994886,9767457,27261138,1995381,0,0,0
64 x 1024 B,19,181,1996002,9773466,27261138,1996686,0,0,0
64 x 1024 B,20,181,1999496,9778296,27261138,2000042,0,0,0
64 x 1024 B,21,181,1997882,9781334,27261138,1998649,0,0,0
64 x 1024 B,22,181,1998879,9782586,27261138,1999599,0,0,0
64 x 1024 B,23,181,1999408,9780627,27261138,2000413,0,0,0
64 x 1024 B,24,181,2002537,9788217,27261138,2003257,0,0,0
64 x 1024 B,25,181,2002762,9774261,27261138,2000727,0,0,0
64 x 1024 B,26,181,2003691,9782766,27261138,2000693,0,0,0
64 x 1024 B,27,181,1997786,9780611,27261138,1998321,0,0,0
64 x 1024 B,28,181,1995631,9773257,27261138,1996125,0,0,0
64 x 1024 B,29,181,1996243,9775465,27261138,1996738,0,0,0
64 x 1024 B,30,181,1994915,9770306,27261138,1995416,0,0,0
64 x 1024 B,31,181,1996788,9774499,27261138,1997281,0,0,0
128 x 1024 B,0,90,1978971,9686593,27079206,1979507,0,0,0
128 x 1024 B,1,90,1978514,9687802,27079206,1979015,0,0,0
128 x 1024 B,2,90,1977332,9682525,27079206,1977832,0,0,0
128 x 1024 B,3,90,2355594,9696878,27079207,2356102,0,0,0
128 x 1024 B,4,90,1977143,9680364,27079206,1977632,0,0,0
128 x 1024 B,5,90,1985044,9689134,27079206,1980823,0,0,0
128 x 1024 B,6,90,1975691,9680267,27079205,1976199,0,0,0
128 x 1024 B,7,90,1980381,9698259,27079206,1980887,0,0,0
128 x 1024 B,8,90,1979231,9689755,27079206,1979726,0,0,0
128 x 1024 B,9,90,1985649,9688293,27079206,1981887,0,0,0
128 x 1024 B,10,90,1978283,9687235,27079206,1978776,0,0,0
128 x 1024 B,11,90,1978994,9691073,27079206,1979503,0,0,0
128 x 1024 B,12,90,1979412,9692446,27079206,1979902,0,0,0
128 x 1024 B,13,90,1977700,9686198,27079206,1978193,0,0,0
128 x 1024 B,14,90,1979358,9690728,27079206,1979851,0,0,0
128 x 1024 B,15,90,1977760,9686590,27079206,1978252,0,0,0
128 x 1024 B,16,90,1978742,9690030,27079206,1979246,0,0,0
128 x 1024 B,17,90,1977777,9686229,27079206,1978268,0,0,0
128 x 1024 B,18,90,1978514,9688727,27079206,1979018,0,0,0
128 x 1024 B,19,90,1978122,9688053,27079206,1978618,0,0,0
128 x 1024 B,20,90,1978832,9689820,27079206,1979316,0,0,0
128 x 1024 B,21,90,1979543,9693490,27079206,1980037,0,0,0
128 x 1024 B,22,90,1978771,9689939,27079206,1979252,0,0,0
128 x 1024 B,23,90,1977397,9684331,27079206,1977893,0,0,0
128 x 1024 B,24,90,1978479,9688450,27079206,1978970,0,0,0
128 x 1024 B,25,90,1978305,9686225,27079206,1978806,0,0,0
128 x 1024 B,26,90,1980249,9696442,27079206,1980797,0,0,0
128 x 1024 B,27,90,2000461,9793076,27079206,2000984,0,0,0
128 x 1024 B,28,90,1984681,9714419,27079206,1985506,0,0,0
128 x 1024 B,29,90,1982117,9699933,27079206,1982776,0,0,0
128 x 1024 B,30,90,1980569,9693340,27079206,1981162,0,0,0
128 x 1024 B,31,90,1984829,9704488,27079206,1985643,0,0,0
129 x 1024 B,0,87,1981743,9669199,26775834,1978291,0,0,0
129 x 1024 B,1,87,1975690,9666905,26775834,1976248,0,0,0
129 x 1024 B,2,87,1972440,9659603,26775834,1972973,0,0,0
129 x 1024 B,3,87,1974827,9670093,26775834,1975374,0,0,0
129 x 1024 B,4,87,2352635,9674862,26775834,2353134,0,0,0
129 x 1024 B,5,87,1975212,9671389,26775834,1975736,0,0,0
129 x 1024 B,6,87,1973943,9667162,26775834,1974472,0,0,0
129 x 1024 B,7,87,1975869,9667393,26775834,1976382,0,0,0
129 x 1024 B,8,87,1976337,9671245,26775834,1976843,0,0,0
129 x 1024 B,9,87,1974882,9670067,26775834,1975381,0,0,0
129 x 1024 B,10,87,1973346,9663755,26775834,1973849,0,0,0
129 x 1024 B,11,87,1974710,9669343,26775834,1975215,0,0,0
129 x 1024 B,12,87,1973104,9662362,26775834,1973597,0,0,0
129 x 1024 B,13,87,1975011,9669162,26775834,1975512,0,0,0
129 x 1024 B,14,87,1974115,9667990,26775834,1974613,0,0,0
129 x 1024 B,15,87,1975624,9672783,26775834,1976125,0,0,0
129 x 1024 B,16,87,1974817,9669356,26775834,1975314,0,0,0
129 x 1024 B,17,87,1975399,9672388,26775834,1975897,0,0,0
129 x 1024 B,18,87,1975833,9669318,26775834,1976337,0,0,0
129 x 1024 B,19,87,1974686,9669125,26775834,1975200,0,0,0
129 x 1024 B,20,87,1973891,9666254,26775834,1974387,0,0,0
129 x 1024 B,21,87,1975474,9673185,26775834,1975975,0,0,0
129 x 1024 B,22,87,1973976,9666527,26775834,1974475,0,0,0
129 x 1024 B,23,87,1975834,9672512,26775834,1976332,0,0,0
129 x 1024 B,24,87,1974199,9668290,26775834,1974698,0,0,0
129 x 1024 B,25,87,1975046,9671007,26775834,1975549,0,0,0
129 x 1024 B,26,87,1974350,9668811,26775834,1974841,0,0,0
129 x 1024 B,27,87,1974874,9670405,26775834,1975367,0,0,0
129 x 1024 B,28,87,1975448,9670520,26775834,1975956,0,0,0
129 x 1024 B,29,87,1974214,9666513,26775834,1974709,0,0,0
129 x 1024 B,30,87,1973306,9664201,26775834,1973809,0,0,0
129 x 1024 B,31,87,1974784,9669643,26775834,1975270,0,0,0
1024 x 1024 B,0,12,2129950,10421390,28872870,2131119,0,0,0
1024 x 1024 B,1,12,2139128,10467881,28872870,2140030,0,0,0
1024 x 1024 B,2,12,2151937,10517835,28872870,2153094,0,0,0
1024 x 1024 B,3,12,2148659,10449369,28872870,2141282,0,0,0
1024 x 1024 B,4,12,2163978,10583812,28872870,2165251,0,0,0
1024 x 1024 B,5,12,2154352,10440364,28872871,2149006,0,0,0
1024 x 1024 B,6,12,2128759,10407946,28872870,2129535,0,0,0
1024 x 1024 B,7,12,2189093,10563366,28872870,2189798,0,0,0
1024 x 1024 B,8,12,2129528,10425780,28872870,2130230,0,0,0
1024 x 1024 B,9,12,2128434,10413965,28872870,2129158,0,0,0
1024 x 1024 B,10,12,2122104,10390249,28872870,2122842,0,0,0
1024 x 1024 B,11,12,2527075,10399222,28872871,2527840,0,0,0
1024 x 1024 B,12,12,2121532,10387762,28872870,2122286,0,0,0
1024 x 1024 B,13,12,2122931,10393614,28872870,2123657,0,0,0
1024 x 1024 B,14,12,2123983,10395163,28872870,2124743,0,0,0
1024 x 1024 B,15,12,2120894,10383314,28872870,2121612,0,0,0
1024 x 1024 B,16,12,2121384,10386268,28872870,2122083,0,0,0
1024 x 1024 B,17,12,2123901,10391926,28872871,2124573,0,0,0
1024 x 1024 B,18,12,2124482,10397934,28872870,2125179,0,0,0
1024 x 1024 B,19,12,2122155,10390399,28872870,2122858,0,0,0
1024 x 1024 B,20,12,2121169,10385464,28872870,2121874,0,0,0
1024 x 1024 B,21,12,2122682,10391831,28872870,2123413,0,0,0
1024 x 1024 B,22,12,2122038,10388889,28872870,2122744,0,0,0
1024 x 1024 B,23,12,2124182,10395176,28872870,2124895,0,0,0
1024 x 1024 B,24,12,2121051,10384873,28872870,2121796,0,0,0
1024 x 1024 B,25,12,2121764,10388865,28872870,2122467,0,0,0
1024 x 1024 B,26,12,2123161,10394922,28872870,2124057,0,0,0
1024 x 1024 B,27,12,2120107,10380433,28872870,2120802,0,0,0
1024 x 1024 B,28,12,2120975,10384622,28872870,2121670,0,0,0
1024 x 1024 B,29,12,2123361,10395328,28872870,2124066,0,0,0
1024 x 1024 B,30,12,2122693,10389838,28872870,2123388,0,0,0
1024 x 1024 B,31,12,2121523,10387178,28872870,2122227,0,0,0
1 x 2048 B,0,2543,1966623,9628602,19660299,1967195,0,0,0
1 x 2048 B,1,2543,1972865,9652508,19660299,1973366,0,0,0
1 x 2048 B,2,2543,1968671,9637109,19660299,1969181,0,0,0
1 x 2048 B,3,2543,1973545,9665146,19660299,1974045,0,0,0
1 x 2048 B,4,2543,1970499,9644263,19660299,1971010,0,0,0
1 x 2048 B,5,2543,1961709,9604734,19660299,1962318,0,0,0
1 x 2048 B,6,2543,1972227,9655748,19660299,1972821,0,0,0
1 x 2048 B,7,2543,1966193,9619671,19660299,1966911,0,0,0
1 x 2048 B,8,2543,1977123,9673758,19660299,1977778,0,0,0
1 x 2048 B,9,2543,1980976,9640037,19660299,1978724,0,0,0
1 x 2048 B,10,2543,1980436,9674836,19660299,1979425,0,0,0
1 x 2048 B,11,2543,1968983,9606793,19660299,1964554,0,0,0
1 x 2048 B,12,2543,1959607,9594827,19660299,1960110,0,0,0
1 x 2048 B,13,2543,1995740,9774379,19660299,1996237,0,0,0
1 x 2048 B,14,2543,1972948,9658800,19660299,1973490,0,0,0
1 x 2048 B,15,2543,1971031,9648548,19660299,1971535,0,0,0
1 x 2048 B,16,2543,1970437,9643537,19660299,1970933,0,0,0
1 x 2048 B,17,2543,1997653,9783154,19660299,1998137,0,0,0
1 x 2048 B,18,2543,1964183,9617526,19660299,1964672,0,0,0
1 x 2048 B,19,2543,2337671,9639161,19660299,2338184,0,0,0
1 x 2048 B,20,2543,1966087,9626884,19660299,1966574,0,0,0
1 x 2048 B,21,2543,1967224,9633953,19660299,1967725,0,0,0
1 x 2048 B,22,2543,1955884,9576304,19660299,1956378,0,0,0
1 x 2048 B,23,2543,1984629,9717204,19660299,1985177,0,0,0
1 x 2048 B,24,2543,1959055,9589480,19660299,1959551,0,0,0
1 x 2048 B,25,2543,1965911,9627627,19660299,1966403,0,0,0
1 x 2048 B,26,2543,1974912,9670435,19660299,1975402,0,0,0
1 x 2048 B,27,2543,1968940,9642544,19660299,1969428,0,0,0
1 x 2048 B,28,2543,1973737,9664486,19660299,1974271,0,0,0
1 x 2048 B,29,2543,1955981,9579085,19660299,1956472,0,0,0
1 x 2048 B,30,2543,1978677,9688598,19660299,1979192,0,0,0
1 x 2048 B,31,2543,1978836,9688351,19660299,1979375,0,0,0
3 x 2048 B,0,868,1990602,9747830,19913154,1991115,0,0,0
3 x 2048 B,1,868,1993369,9760583,19913154,1993866,0,0,0
3 x 2048 B,2,868,1983521,9713783,19913154,1984017,0,0,0
3 x 2048 B,3,868,1987798,9732803,19913154,1988286,0,0,0
3 x 2048 B,4,868,2005011,9797667,19913154,2005512,0,0,0
3 x 2048 B,5,868,1991819,9753506,19913154,1992312,0,0,0
3 x 2048 B,6,868,1993086,9757977,19913154,1993579,0,0,0
3 x 2048 B,7,868,2001618,9798566,19913154,2002112,0,0,0
3 x 2048 B,8,868,1991474,9752375,19913154,1991961,0,0,0
3 x 2048 B,9,868,1994819,9767112,19913154,1995321,0,0,0
3 x 2048 B,10,868,1990509,9745946,19913154,1991000,0,0,0
3 x 2048 B,11,868,1994055,9762987,19913154,1994550,0,0,0
3 x 2048 B,12,868,1996800,9775962,19913154,1997344,0,0,0
3 x 2048 B,13,868,1999420,9765994,19913154,2000072,0,0,0
3 x 2048 B,14,868,1990430,9740843,19913154,1991062,0,0,0
3 x 2048 B,15,868,1993957,9756263,19913154,1994543,0,0,0
3 x 2048 B,16,868,2006412,9769748,19913154,2004258,0,0,0
3 x 2048 B,17,868,1997259,9751705,19913154,1996323,0,0,0
3 x 2048 B,18,868,1996554,9749982,19913154,1993939,0,0,0
3 x 2048 B,19,868,1991632,9750377,19913154,1992127,0,0,0
3 x 2048 B,20,868,1983823,9715459,19913154,1984316,0,0,0
3 x 2048 B,21,868,1992492,9755993,19913154,1992996,0,0,0
3 x 2048 B,22,868,2002414,9805128,19913154,2002919,0,0,0
3 x 2048 B,23,868,1996630,9772983,19913154,1997140,0,0,0
3 x 2048 B,24,868,1988960,9738956,19913154,1989458,0,0,0
3 x 2048 B,25,868,1992890,9751364,19913154,1993397,0,0,0
3 x 2048 B,26,868,1998224,9782414,19913154,1998719,0,0,0
3 x 2048 B,27,868,2361979,9779464,19913154,2362482,0,0,0
3 x 2048 B,28,868,1990864,9748173,19913154,1991375,0,0,0
3 x 2048 B,29,868,1994424,9756585,19913154,1994926,0,0,0
3 x 2048 B,30,868,1993849,9757114,19913154,1994341,0,0,0
3 x 2048 B,31,868,2001190,9767917,19913154,1996705,0,0,0
4 x 2048 B,0,654,1995330,9767062,19977450,1995870,0,0,0
4 x 2048 B,1,654,1994401,9764264,19977450,1994894,0,0,0
4 x 2048 B,2,654,1997522,9780662,19977450,1998012,0,0,0
4 x 2048 B,3,654,1996832,9778715,19977450,1997353,0,0,0
4 x 2048 B,4,654,1993364,9760707,19977450,1993854,0,0,0
4 x 2048 B,5,654,1996385,9774428,19977450,1996882,0,0,0
4 x 2048 B,6,654,1995719,9769185,19977450,1996213,0,0,0
4 x 2048 B,7,654,1991740,9753749,19977450,1992236,0,0,0
4 x 2048 B,8,654,1996402,9775486,19977450,1996943,0,0,0
4 x 2048 B,9,654,1996174,9776111,19977450,1996669,0,0,0
4 x 2048 B,10,654,1998133,9784136,19977450,1998645,0,0,0
4 x 2048 B,11,654,1997115,9780846,19977450,1997633,0,0,0
4 x 2048 B,12,654,1995176,9766741,19977450,1995682,0,0,0
4 x 2048 B,13,654,1993523,9762861,19977450,1994019,0,0,0
4 x 2048 B,14,654,1993948,9763962,19977450,1994437,0,0,0
4 x 2048 B,15,654,1994114,9765831,19977450,1994608,0,0,0
4 x 2048 B,16,654,1991143,9749644,19977450,1991635,0,0,0
4 x 2048 B,17,654,2000340,9788882,19977450,2000851,0,0,0
4 x 2048 B,18,654,1992451,9754799,19977450,1993013,0,0,0
4 x 2048 B,19,654,1991795,9752316,19977450,1992386,0,0,0
4 x 2048 B,20,654,1995461,9767953,19977450,1996067,0,0,0
4 x 2048 B,21,654,1998931,9782896,19977450,1999598,0,0,0
4 x 2048 B,22,654,1998275,9779407,19977450,1998900,0,0,0
4 x 2048 B,23,654,2004524,9764187,19977450,2002622,0,0,0
4 x 2048 B,24,654,1995239,9744627,19977450,1994095,0,0,0
4 x 2048 B,25,654,1996245,9740196,19977450,1993245,0,0,0
4 x 2048 B,26,654,1993225,9759518,19977450,1993717,0,0,0
4 x 2048 B,27,654,1996167,9774566,19977450,1996659,0,0,0
4 x 2048 B,28,654,2002098,9802979,19977450,2002603,0,0,0
4 x 2048 B,29,654,2001519,9802086,19977450,2002011,0,0,0
4 x 2048 B,30,654,1995218,9767103,19977450,1995706,0,0,0
4 x 2048 B,31,654,1991220,9747613,19977450,1991717,0,0,0
6 x 2048 B,0,437,1998185,9784613,19995738,1998761,0,0,0
6 x 2048 B,1,437,1997956,9778540,19995738,1998513,0,0,0
6 x 2048 B,2,437,2015075,9850079,19995739,2015566,0,0,0
6 x 2048 B,3,437,1995374,9763628,19995738,1995979,0,0,0
6 x 2048 B,4,437,1990523,9746753,19995738,1991034,0,0,0
6 x 2048 B,5,437,1999867,9791631,19995738,2000357,0,0,0
6 x 2048 B,6,437,1998001,9783586,19995738,1998502,0,0,0
6 x 2048 B,7,437,1995457,9770762,19995738,1995970,0,0,0
6 x 2048 B,8,437,1998327,9786618,19995738,1998835,0,0,0
6 x 2048 B,9,437,1998722,9783792,19995738,1999219,0,0,0
6 x 2048 B,10,437,1993605,9763062,19995738,1994129,0,0,0
6 x 2048 B,11,437,1996989,9777890,19995738,1997537,0,0,0
6 x 2048 B,12,437,1997985,9784315,19995738,1998475,0,0,0
6 x 2048 B,13,437,1997262,9779412,19995738,1997760,0,0,0
6 x 2048 B,14,437,1992190,9756415,19995738,1992727,0,0,0
6 x 2048 B,15,437,1993630,9759035,19995738,1994138,0,0,0
6 x 2048 B,16,437,1992871,9759837,19995738,1993371,0,0,0
6 x 2048 B,17,437,1993410,9761183,19995738,1993910,0,0,0
6 x 2048 B,18,437,1997565,9782803,19995738,1998068,0,0,0
6 x 2048 B,19,437,1999720,9791890,19995738,2000208,0,0,0
6 x 2048 B,20,437,1997753,9783363,19995738,1998246,0,0,0
6 x 2048 B,21,437,2000459,9794926,19995738,2000962,0,0,0
6 x 2048 B,22,437,2002774,9805395,19995738,2003294,0,0,0
6 x 2048 B,23,437,1994670,9764572,19995738,1995172,0,0,0
6 x 2048 B,24,437,1995533,9770945,19995738,1996027,0,0,0
6 x 2048 B,25,437,2000980,9797547,19995738,2001468,0,0,0
6 x 2048 B,26,437,1995520,9770958,19995738,1996183,0,0,0
6 x 2048 B,27,437,1996376,9772434,19995738,1996942,0,0,0
6 x 2048 B,28,437,2019982,9788646,19995738,2006154,0,0,0
6 x 2048 B,29,437,2001976,9797108,19995738,2002627,0,0,0
6 x 2048 B,30,437,1999218,9767335,19995738,2000091,0,0,0
6 x 2048 B,31,437,1999019,9782692,19995738,1999585,0,0,0
8 x 2048 B,0,329,2009750,9797322,20058180,2004323,0,0,0
8 x 2048 B,1,329,1999218,9786974,20058180,1999716,0,0,0
8 x 2048 B,2,329,2003121,9803717,20058180,2003626,0,0,0
8 x 2048 B,3,329,2001791,9800993,20058180,2002290,0,0,0
8 x 2048 B,4,329,2375936,9811874,20058180,2376468,0,0,0
8 x 2048 B,5,329,1999432,9791916,20058180,1999922,0,0,0
8 x 2048 B,6,329,2001616,9798429,20058180,2002109,0,0,0
8 x 2048 B,7,329,2018354,9814668,20058180,2018871,0,0,0
8 x 2048 B,8,329,2028172,9830994,20058180,2028752,0,0,0
8 x 2048 B,9,329,2005846,9794700,20058180,2003193,0,0,0
8 x 2048 B,10,329,2003696,9807259,20058180,2004201,0,0,0
8 x 2048 B,11,329,2003979,9815043,20058180,2004478,0,0,0
8 x 2048 B,12,329,2007100,9827653,20058180,2007605,0,0,0
8 x 2048 B,13,329,2005110,9820711,20058180,2005582,0,0,0
8 x 2048 B,14,329,2002774,9807384,20058180,2003264,0,0,0
8 x 2048 B,15,329,1999228,9788922,20058180,1999735,0,0,0
8 x 2048 B,16,329,1998474,9785331,20058180,1998976,0,0,0
8 x 2048 B,17,329,2003176,9810803,20058180,2003656,0,0,0
8 x 2048 B,18,329,2001059,9799003,20058180,2001557,0,0,0
8 x 2048 B,19,329,1998359,9783057,20058180,1998844,0,0,0
8 x 2048 B,20,329,2000420,9795741,20058180,2000911,0,0,0
8 x 2048 B,21,329,1997572,9783364,20058180,1998047,0,0,0
8 x 2048 B,22,329,2004260,9814626,20058180,2004777,0,0,0
8 x 2048 B,23,329,1998874,9781852,20058180,1999347,0,0,0
8 x 2048 B,24,329,2001666,9800721,20058180,2002159,0,0,0
8 x 2048 B,25,329,2001886,9804173,20058180,2002394,0,0,0
8 x 2048 B,26,329,2000235,9794922,20058180,2000731,0,0,0
8 x 2048 B,27,329,1996600,9777679,20058180,1997097,0,0,0
8 x 2048 B,28,329,2001725,9801257,20058180,2002225,0,0,0
8 x 2048 B,29,329,1997495,9781195,20058180,1998004,0,0,0
8 x 2048 B,30,329,2007285,9822032,20058181,2007774,0,0,0
8 x 2048 B,31,329,1999308,9788341,20058180,1999862,0,0,0
12 x 2048 B,0,219,1995916,9771826,20013900,1996744,0,0,0
12 x 2048 B,1,219,1998326,9780595,20013900,1998927,0,0,0
12 x 2048 B,2,219,2004171,9807901,20013900,2005223,0,0,0
12 x 2048 B,3,219,2003494,9790418,20013900,2004097,0,0,0
12 x 2048 B,4,219,2001886,9779121,20013900,2002618,0,0,0
12 x 2048 B,5,219,2005203,9773954,20013900,2000562,0,0,0
12 x 2048 B,6,219,1996795,9777189,20013900,1997288,0,0,0
12 x 2048 B,7,219,1996366,9772916,20013900,1996867,0,0,0
12 x 2048 B,8,219,1993241,9760041,20013900,1993764,0,0,0
12 x 2048 B,9,219,1999869,9788639,20013900,2000354,0,0,0
12 x 2048 B,10,219,1991563,9753796,20013900,1992077,0,0,0
12 x 2048 B,11,219,1997469,9780723,20013900,1997955,0,0,0
12 x 2048 B,12,219,2366992,9785022,20013900,2367513,0,0,0
12 x 2048 B,13,219,1996952,9776721,20013900,1997469,0,0,0
12 x 2048 B,14,219,2001122,9798943,20013900,2001616,0,0,0
12 x 2048 B,15,219,2000341,9793435,20013900,2000827,0,0,0
12 x 2048 B,16,219,1994740,9769450,20013900,1995275,0,0,0
12 x 2048 B,17,219,1995060,9769792,20013900,1995554,0,0,0
12 x 2048 B,18,219,1993890,9765182,20013900,1994384,0,0,0
12 x 2048 B,19,219,1997498,9781300,20013900,1998002,0,0,0
12 x 2048 B,20,219,1997126,9780653,20013900,1997623,0,0,0
12 x 2048 B,21,219,1996015,9773531,20013900,1996499,0,0,0
12 x 2048 B,22,219,1994987,9769000,20013900,1995499,0,0,0
12 x 2048 B,23,219,1999997,9793354,20013900,2000492,0,0,0
12 x 2048 B,24,219,1997130,9781338,20013900,1997626,0,0,0
12 x 2048 B,25,219,1996848,9775893,20013900,1997337,0,0,0
12 x 2048 B,26,219,1994578,9768592,20013900,1995070,0,0,0
12 x 2048 B,27,219,1998677,9784059,20013900,1999178,0,0,0
12 x 2048 B,28,219,1999025,9789121,20013900,1999515,0,0,0
12 x 2048 B,29,219,1994477,9766486,20013900,1994966,0,0,0
12 x 2048 B,30,219,1996788,9779480,20013900,1997281,0,0,0
12 x 2048 B,31,219,1997787,9782976,20013900,1998273,0,0,0
16 x 2048 B,0,165,2004638,9816436,20098356,2005138,0,0,0
16 x 2048 B,1,165,2004705,9816678,20098356,2005203,0,0,0
16 x 2048 B,2,165,2005057,9818111,20098356,2005559,0,0,0
16 x 2048 B,3,165,2003134,9810821,20098356,2003639,0,0,0
16 x 2048 B,4,165,2009223,9836468,20098356,2009729,0,0,0
16 x 2048 B,5,165,2005995,9821932,20098356,2006487,0,0,0
16 x 2048 B,6,165,2010420,9844044,20098356,2011099,0,0,0
16 x 2048 B,7,165,2035262,9834338,20098356,2035824,0,0,0
16 x 2048 B,8,165,2010031,9831371,20098356,2010793,0,0,0
16 x 2048 B,9,165,2064465,9963160,20098356,2065061,0,0,0
16 x 2048 B,10,165,2012016,9843616,20098356,2012610,0,0,0
16 x 2048 B,11,165,2018162,9857238,20098356,2018852,0,0,0
16 x 2048 B,12,165,2010380,9815950,20098356,2009152,0,0,0
16 x 2048 B,13,165,2011118,9822193,20098356,2008385,0,0,0
16 x 2048 B,14,165,2014330,9837014,20098356,2014826,0,0,0
16 x 2048 B,15,165,2005097,9818458,20098356,2005614,0,0,0
16 x 2048 B,16,165,2007761,9829025,20098356,2008247,0,0,0
16 x 2048 B,17,165,2003700,9811247,20098356,2004209,0,0,0
16 x 2048 B,18,165,2008512,9830049,20098356,2009032,0,0,0
16 x 2048 B,19,165,2006740,9827460,20098356,2007248,0,0,0
16 x 2048 B,20,165,2379981,9821376,20098357,2380481,0,0,0
16 x 2048 B,21,165,2008478,9833024,20098356,2008968,0,0,0
16 x 2048 B,22,165,2003613,9807473,20098356,2004252,0,0,0
16 x 2048 B,23,165,2005231,9817274,20098356,2005801,0,0,0
16 x 2048 B,24,165,2071323,9826017,20098356,2011983,0,0,0
16 x 2048 B,25,165,2011079,9839650,20098362,2011871,0,0,0
16 x 2048 B,26,165,2008501,9815076,20098362,2009520,0,0,0
16 x 2048 B,27,165,2038063,9942880,20098356,2036670,0,0,0
16 x 2048 B,28,165,2030685,9904517,20098356,2026877,0,0,0
16 x 2048 B,29,165,2007196,9823034,20098356,2007697,0,0,0
16 x 2048 B,30,165,2006251,9820436,20098356,2006771,0,0,0
16 x 2048 B,31,165,2016132,9869624,20098356,2016652,0,0,0
24 x 2048 B,0,110,2005251,9814115,20091426,2005786,0,0,0
24 x 2048 B,1,110,2004817,9812992,20091426,2005322,0,0,0
24 x 2048 B,2,110,2006846,9825731,20091426,2007344,0,0,0
24 x 2048 B,3,110,2005982,9822502,20091426,2006483,0,0,0
24 x 2048 B,4,110,2021753,9893312,20091426,2022273,0,0,0
24 x 2048 B,5,110,2007212,9825218,20091426,2007709,0,0,0
24 x 2048 B,6,110,2005294,9818531,20091426,2005796,0,0,0
24 x 2048 B,7,110,2005940,9821690,20091426,2006436,0,0,0
24 x 2048 B,8,110,2003815,9809228,20091426,2004321,0,0,0
24 x 2048 B,9,110,2005375,9816643,20091426,2005891,0,0,0
24 x 2048 B,10,110,2005086,9817421,20091426,2005573,0,0,0
24 x 2048 B,11,110,2011384,9847480,20091426,2011884,0,0,0
24 x 2048 B,12,110,2005027,9814452,20091426,2005527,0,0,0
24 x 2048 B,13,110,2008790,9831165,20091426,2009351,0,0,0
24 x 2048 B,14,110,2005785,9820365,20091426,2006302,0,0,0
24 x 2048 B,15,110,2009006,9829448,20091426,2009696,0,0,0
24 x 2048 B,16,110,2008082,9822907,20091426,2008860,0,0,0
24 x 2048 B,17,110,2007147,9818782,20091426,2008171,0,0,0
24 x 2048 B,18,110,2016949,9834399,20091426,2015056,0,0,0
24 x 2048 B,19,110,2013100,9819480,20091426,2008446,0,0,0
24 x 2048 B,20,110,2007419,9822324,20091426,2007928,0,0,0
24 x 2048 B,21,110,2004866,9816679,20091426,2005405,0,0,0
24 x 2048 B,22,110,2004674,9813600,20091426,2005177,0,0,0
24 x 2048 B,23,110,2011457,9845172,20091426,2011956,0,0,0
24 x 2048 B,24,110,2017849,9824074,20091427,2012301,0,0,0
24 x 2048 B,25,110,2006292,9818486,20091426,2006781,0,0,0
24 x 2048 B,26,110,2009743,9825488,20091426,2010245,0,0,0
24 x 2048 B,27,110,2009390,9832077,20091426,2009906,0,0,0
24 x 2048 B,28,110,2005182,9818500,20091426,2005700,0,0,0
24 x 2048 B,29,110,2373328,9812098,20091426,2373861,0,0,0
24 x 2048 B,30,110,2008208,9832546,20091426,2008702,0,0,0
24 x 2048 B,31,110,2005414,9815172,20091426,2005906,0,0,0
64 x 2048 B,0,42,2040620,9992047,20447898,2041195,0,0,0
64 x 2048 B,1,42,2038897,9981152,20447898,2039447,0,0,0
64 x 2048 B,2,42,2041091,9991662,20447898,2041597,0,0,0
64 x 2048 B,3,42,2038562,9982246,20447898,2039115,0,0,0
64 x 2048 B,4,42,2040337,9990658,20447898,2040839,0,0,0
64 x 2048 B,5,42,2041053,9992591,20447898,2041547,0,0,0
64 x 2048 B,6,42,2042832,9999998,20447898,2043334,0,0,0
64 x 2048 B,7,42,2041509,9996174,20447898,2042060,0,0,0
64 x 2048 B,8,42,2041999,9998208,20447898,2042544,0,0,0
64 x 2048 B,9,42,2041617,9988567,20447898,2042166,0,0,0
64 x 2048 B,10,42,2046633,10016018,20447898,2047169,0,0,0
64 x 2048 B,11,42,2042299,9997526,20447898,2042899,0,0,0
64 x 2048 B,12,42,2041344,9990078,20447898,2041887,0,0,0
64 x 2048 B,13,42,2070513,10135849,20447898,2071074,0,0,0
64 x 2048 B,14,42,2042040,9995011,20447898,2042578,0,0,0
64 x 2048 B,15,42,2043009,9998876,20447898,2043521,0,0,0
64 x 2048 B,16,42,2041076,9994358,20447898,2041573,0,0,0
64 x 2048 B,17,42,2040534,9990185,20447898,2041035,0,0,0
64 x 2048 B,18,42,2041588,9993424,20447898,2042169,0,0,0
64 x 2048 B,19,42,2048239,10020921,20447899,2049177,0,0,0
64 x 2048 B,20,42,2042619,9995788,20447898,2043181,0,0,0
64 x 2048 B,21,42,2044607,9998922,20447898,2045355,0,0,0
64 x 2048 B,22,42,2044196,9999699,20447898,2044939,0,0,0
64 x 2048 B,23,42,2044596,9999782,20447898,2045400,0,0,0
64 x 2048 B,24,42,2048532,9979052,20447898,2046955,0,0,0
64 x 2048 B,25,42,2048996,9993605,20447898,2044755,0,0,0
64 x 2048 B,26,42,2041047,9990963,20447898,2041556,0,0,0
64 x 2048 B,27,42,2039417,9986777,20447898,2039968,0,0,0
64 x 2048 B,28,42,2040256,9986541,20447898,2040774,0,0,0
64 x 2048 B,29,42,2041554,9994541,20447898,2042054,0,0,0
64 x 2048 B,30,42,2041539,9996805,20447898,2042034,0,0,0
64 x 2048 B,31,42,2042000,9988963,20447898,2042501,0,0,0
128 x 2048 B,0,21,2041842,9991539,20445252,2042396,0,0,0
128 x 2048 B,1,21,2039944,9988103,20445252,2040447,0,0,0
128 x 2048 B,2,21,2040638,9992403,20445252,2041150,0,0,0
128 x 2048 B,3,21,2408184,9984920,20445253,2408706,0,0,0
128 x 2048 B,4,21,2039629,9985075,20445252,2040135,0,0,0
128 x 2048 B,5,21,2042592,10002018,20445252,2043089,0,0,0
128 x 2048 B,6,21,2043244,10004897,20445252,2043745,0,0,0
128 x 2048 B,7,21,2041213,9993601,20445252,2041711,0,0,0
128 x 2048 B,8,21,2040079,9985902,20445252,2040585,0,0,0
128 x 2048 B,9,21,2042651,10001591,20445252,2043160,0,0,0
128 x 2048 B,10,21,2040565,9992035,20445252,2041081,0,0,0
128 x 2048 B,11,21,2041076,9991966,20445252,2041575,0,0,0
128 x 2048 B,12,21,2038757,9980917,20445252,2039282,0,0,0
128 x 2048 B,13,21,2043169,10004822,20445252,2043676,0,0,0
128 x 2048 B,14,21,2042247,9993709,20445252,2042759,0,0,0
128 x 2048 B,15,21,2038521,9979392,20445252,2039026,0,0,0
128 x 2048 B,16,21,2041477,9993624,20445252,2041976,0,0,0
128 x 2048 B,17,21,2043205,10005123,20445252,2043703,0,0,0
128 x 2048 B,18,21,2042353,10000855,20445252,2042849,0,0,0
128 x 2048 B,19,21,2040635,9990464,20445252,2041136,0,0,0
128 x 2048 B,20,21,2043965,9988559,20445253,2044487,0,0,0
128 x 2048 B,21,21,2038095,9979870,20445252,2038596,0,0,0
128 x 2048 B,22,21,2039842,9988085,20445252,2040351,0,0,0
128 x 2048 B,23,21,2042361,9998361,20445252,2042858,0,0,0
128 x 2048 B,24,21,2040926,9989488,20445252,2041444,0,0,0
128 x 2048 B,25,21,2038645,9981465,20445252,2039255,0,0,0
128 x 2048 B,26,21,2039840,9982087,20445252,2040356,0,0,0
128 x 2048 B,27,21,2051713,10021392,20445252,2052464,0,0,0
128 x 2048 B,28,21,2042340,9994808,20445252,2042998,0,0,0
128 x 2048 B,29,21,2047893,10011613,20445252,2048622,0,0,0
128 x 2048 B,30,21,2046676,10000853,20445252,2047320,0,0,0
128 x 2048 B,31,21,2076028,10115167,20445252,2070988,0,0,0
129 x 2048 B,0,21,2077538,10168188,20604957,2078063,0,0,0
129 x 2048 B,1,21,2056768,10071086,20604957,2057272,0,0,0
129 x 2048 B,2,21,2052218,10050384,20604957,2052721,0,0,0
129 x 2048 B,3,21,2427872,10067992,20604958,2428373,0,0,0
129 x 2048 B,4,21,2054591,10061289,20604957,2055104,0,0,0
129 x 2048 B,5,21,2052758,10048477,20604957,2053260,0,0,0
129 x 2048 B,6,21,2054758,10056044,20604957,2055277,0,0,0
129 x 2048 B,7,21,2054492,10060649,20604957,2054994,0,0,0
129 x 2048 B,8,21,2056780,10072340,20604957,2057292,0,0,0
129 x 2048 B,9,21,2056429,10070640,20604957,2056919,0,0,0
129 x 2048 B,10,21,2060498,10083372,20604957,2061028,0,0,0
129 x 2048 B,11,21,2055546,10063273,20604957,2056062,0,0,0
129 x 2048 B,12,21,2053939,10058249,20604957,2054445,0,0,0
129 x 2048 B,13,21,2054281,10057342,20604957,2054772,0,0,0
129 x 2048 B,14,21,2057975,10072886,20604958,2058489,0,0,0
129 x 2048 B,15,21,2052372,10051377,20604957,2052869,0,0,0
129 x 2048 B,16,21,2056637,10070869,20604957,2057142,0,0,0
129 x 2048 B,17,21,2056862,10069566,20604957,2057368,0,0,0
129 x 2048 B,18,21,2064342,10070790,20604957,2059288,0,0,0
129 x 2048 B,19,21,2054133,10060309,20604957,2054636,0,0,0
129 x 2048 B,20,21,2054425,10060082,20604957,2054923,0,0,0
129 x 2048 B,21,21,2052854,10053561,20604957,2053348,0,0,0
129 x 2048 B,22,21,2053233,10054565,20604957,2053747,0,0,0
129 x 2048 B,23,21,2054355,10060211,20604957,2054855,0,0,0
129 x 2048 B,24,21,2059531,10082447,20604957,2060036,0,0,0
129 x 2048 B,25,21,2053827,10058675,20604957,2054323,0,0,0
129 x 2048 B,26,21,2056828,10071646,20604957,2057331,0,0,0
129 x 2048 B,27,21,2056745,10071538,20604957,2057238,0,0,0
129 x 2048 B,28,21,2055468,10065029,20604957,2055967,0,0,0
129 x 2048 B,29,21,2057776,10077578,20604957,2058268,0,0,0
129 x 2048 B,30,21,2056272,10064726,20604957,2056815,0,0,0
129 x 2048 B,31,21,2055843,10067036,20604957,2056606,0,0,0
1024 x 2048 B,0,3,2346312,11467445,23363305,2348102,0,0,0
1024 x 2048 B,1,3,2368019,11478955,23363304,2364266,0,0,0
1024 x 2048 B,2,3,2337114,11415325,23363304,2336289,0,0,0
1024 x 2048 B,3,3,2346196,11415090,23363305,2339869,0,0,0
1024 x 2048 B,4,3,2336954,11436093,23363304,2337639,0,0,0
1024 x 2048 B,5,3,2333750,11421095,23363304,2334476,0,0,0
1024 x 2048 B,6,3,2339602,11441154,23363305,2340335,0,0,0
1024 x 2048 B,7,3,2333993,11426771,23363304,2334698,0,0,0
1024 x 2048 B,8,3,2699239,11393995,23363305,2699881,0,0,0
1024 x 2048 B,9,3,2329790,11405193,23363304,2330484,0,0,0
1024 x 2048 B,10,3,2334444,11416526,23363305,2335100,0,0,0
1024 x 2048 B,11,3,2333238,11417917,23363304,2333921,0,0,0
1024 x 2048 B,12,3,2332572,11413082,23363304,2333232,0,0,0
1024 x 2048 B,13,3,2346411,11435318,23363305,2341607,0,0,0
1024 x 2048 B,14,3,2373894,11617939,23363304,2374610,0,0,0
1024 x 2048 B,15,3,2342132,11453449,23363304,2342831,0,0,0
1024 x 2048 B,16,3,2335893,11424972,23363305,2336564,0,0,0
1024 x 2048 B,17,3,2331814,11409008,23363304,2332478,0,0,0
1024 x 2048 B,18,3,2330460,11405582,23363304,2331150,0,0,0
1024 x 2048 B,19,3,2328900,11396206,23363305,2329567,0,0,0
1024 x 2048 B,20,3,2333214,11420570,23363304,2334057,0,0,0
1024 x 2048 B,21,3,2331312,11414906,23363304,2331982,0,0,0
1024 x 2048 B,22,3,2332755,11414411,23363305,2333408,0,0,0
1024 x 2048 B,23,3,2332728,11419834,23363304,2333422,0,0,0
1024 x 2048 B,24,3,2330959,11410898,23363304,2331616,0,0,0
1024 x 2048 B,25,3,2334896,11421163,23363305,2335538,0,0,0
1024 x 2048 B,26,3,2329723,11406660,23363304,2330441,0,0,0
1024 x 2048 B,27,3,2330937,11410517,23363304,2331605,0,0,0
1024 x 2048 B,28,3,2335809,11429445,23363305,2336476,0,0,0
1024 x 2048 B,29,3,2328643,11401850,23363304,2329293,0,0,0
1024 x 2048 B,30,3,2334468,11424980,23363304,2335169,0,0,0
1024 x 2048 B,31,3,2332512,11404514,23363305,2333255,0,0,0
1 x 2047 B,0,1310,1976181,9671355,20213666,1977107,0,0,0
1 x 2047 B,1,1310,1978764,9667958,20213666,1979429,0,0,0
1 x 2047 B,2,1310,1980385,9666790,20213666,1981077,0,0,0
1 x 2047 B,3,1310,1990565,9674065,20213666,1987482,0,0,0
1 x 2047 B,4,1310,1985673,9661998,20213666,1978725,0,0,0
1 x 2047 B,5,1310,1974144,9662940,20213666,1974656,0,0,0
1 x 2047 B,6,1310,1973688,9664746,20213666,1974173,0,0,0
1 x 2047 B,7,1310,1977052,9664613,20213666,1977575,0,0,0
1 x 2047 B,8,1310,1981622,9662557,20213666,1976795,0,0,0
1 x 2047 B,9,1310,1972372,9662897,20213665,1972867,0,0,0
1 x 2047 B,10,1310,1975227,9666749,20213666,1975720,0,0,0
1 x 2047 B,11,1310,1973836,9666158,20213666,1974325,0,0,0
1 x 2047 B,12,1310,1973290,9665073,20213666,1973771,0,0,0
1 x 2047 B,13,1310,2345924,9663110,20213667,2346416,0,0,0
1 x 2047 B,14,1310,1974629,9669398,20213666,1975127,0,0,0
1 x 2047 B,15,1310,1972839,9662635,20213666,1973300,0,0,0
1 x 2047 B,16,1310,1973986,9666243,20213666,1974473,0,0,0
1 x 2047 B,17,1310,1972459,9660456,20213666,1972928,0,0,0
1 x 2047 B,18,1310,1974423,9668681,20213666,1974921,0,0,0
1 x 2047 B,19,1310,1972231,9659730,20213666,1972704,0,0,0
1 x 2047 B,20,1310,1974582,9668993,20213666,1975070,0,0,0
1 x 2047 B,21,1310,1973858,9666676,20213666,1974342,0,0,0
1 x 2047 B,22,1310,1973714,9664275,20213666,1974244,0,0,0
1 x 2047 B,23,1310,1973201,9662805,20213666,1973699,0,0,0
1 x 2047 B,24,1310,1972928,9666212,20213665,1973414,0,0,0
1 x 2047 B,25,1310,1973411,9663635,20213666,1973895,0,0,0
1 x 2047 B,26,1310,1973367,9664799,20213666,1973881,0,0,0
1 x 2047 B,27,1310,1974656,9666824,20213666,1975187,0,0,0
1 x 2047 B,28,1310,1973599,9665977,20213666,1974095,0,0,0
1 x 2047 B,29,1310,1972655,9659644,20213666,1973136,0,0,0
1 x 2047 B,30,1310,1973096,9662061,20213666,1973585,0,0,0
1 x 2047 B,31,1310,1973888,9666065,20213666,1974373,0,0,0
3 x 2047 B,0,444,1996960,9778197,20441238,1997466,0,0,0
3 x 2047 B,1,444,1996825,9778818,20441238,1997320,0,0,0
3 x 2047 B,2,444,1996206,9775969,20441238,1996707,0,0,0
3 x 2047 B,3,444,1996299,9777467,20441238,1996789,0,0,0
3 x 2047 B,4,444,1995933,9773347,20441238,1996464,0,0,0
3 x 2047 B,5,444,1996827,9778394,20441238,1997397,0,0,0
3 x 2047 B,6,444,1996942,9777544,20441238,1997615,0,0,0
3 x 2047 B,7,444,1999481,9775659,20441238,1999979,0,0,0
3 x 2047 B,8,444,2017113,9785942,20441238,2005823,0,0,0
3 x 2047 B,9,444,1998958,9783422,20441238,1999575,0,0,0
3 x 2047 B,10,444,2002468,9779759,20441238,2003380,0,0,0
3 x 2047 B,11,444,2004290,9778766,20441238,2002884,0,0,0
3 x 2047 B,12,444,2006428,9783370,20441238,2002078,0,0,0
3 x 2047 B,13,444,1998040,9782023,20441238,1998546,0,0,0
3 x 2047 B,14,444,1997445,9781149,20441238,1997959,0,0,0
3 x 2047 B,15,444,1995969,9774853,20441238,1996461,0,0,0
3 x 2047 B,16,444,2002906,9782184,20441238,2003402,0,0,0
3 x 2047 B,17,444,1997150,9778248,20441238,1997655,0,0,0
3 x 2047 B,18,444,1997795,9775251,20441238,1998327,0,0,0
3 x 2047 B,19,444,1996774,9777281,20441238,1997268,0,0,0
3 x 2047 B,20,444,1997443,9777264,20441238,1997933,0,0,0
3 x 2047 B,21,444,1997450,9780218,20441238,1997982,0,0,0
3 x 2047 B,22,444,1996856,9777400,20441238,1997343,0,0,0
3 x 2047 B,23,444,1996278,9775518,20441238,1996816,0,0,0
3 x 2047 B,24,444,1997279,9778132,20441238,1997769,0,0,0
3 x 2047 B,25,444,1996996,9776838,20441238,1997500,0,0,0
3 x 2047 B,26,444,1995908,9774114,20441238,1996395,0,0,0
3 x 2047 B,27,444,2000249,9777904,20441238,2000760,0,0,0
3 x 2047 B,28,444,1996888,9778477,20441238,1997372,0,0,0
3 x 2047 B,29,444,1997138,9779732,20441238,1997672,0,0,0
3 x 2047 B,30,444,1997462,9780282,20441238,1997957,0,0,0
3 x 2047 B,31,444,1997732,9779332,20441238,1998229,0,0,0
4 x 2047 B,0,333,1995272,9771009,20427252,1995783,0,0,0
4 x 2047 B,1,333,1994777,9768629,20427252,1995303,0,0,0
4 x 2047 B,2,333,1995627,9772618,20427252,1996122,0,0,0
4 x 2047 B,3,333,1995387,9768635,20427252,1995873,0,0,0
4 x 2047 B,4,333,1996266,9773545,20427252,1996761,0,0,0
4 x 2047 B,5,333,1995569,9772300,20427252,1996046,0,0,0
4 x 2047 B,6,333,1995514,9771814,20427252,1996012,0,0,0
4 x 2047 B,7,333,1994911,9768876,20427252,1995407,0,0,0
4 x 2047 B,8,333,1996239,9775628,20427252,1996733,0,0,0
4 x 2047 B,9,333,1995829,9770888,20427252,1996319,0,0,0
4 x 2047 B,10,333,1995722,9770848,20427252,1996215,0,0,0
4 x 2047 B,11,333,1994911,9768267,20427252,1995390,0,0,0
4 x 2047 B,12,333,1995540,9771116,20427252,1996034,0,0,0
4 x 2047 B,13,333,1995723,9770671,20427252,1996395,0,0,0
4 x 2047 B,14,333,1999868,9775780,20427252,2000487,0,0,0
4 x 2047 B,15,333,1998086,9778614,20427252,1998736,0,0,0
4 x 2047 B,16,333,1998154,9776567,20427252,1998726,0,0,0
4 x 2047 B,17,333,2003258,9781817,20427252,2004271,0,0,0
4 x 2047 B,18,333,2000034,9777760,20427252,2000724,0,0,0
4 x 2047 B,19,333,2004293,9766298,20427252,1999261,0,0,0
4 x 2047 B,20,333,1994829,9767014,20427252,1995347,0,0,0
4 x 2047 B,21,333,1994358,9766316,20427252,1994843,0,0,0
4 x 2047 B,22,333,1994602,9768760,20427252,1995098,0,0,0
4 x 2047 B,23,333,1995365,9771149,20427252,1995900,0,0,0
4 x 2047 B,24,333,1994882,9769524,20427252,1995382,0,0,0
4 x 2047 B,25,333,2002888,9769897,20427255,2003376,0,0,0
4 x 2047 B,26,333,1994907,9769646,20427252,1995412,0,0,0
4 x 2047 B,27,333,1996509,9771444,20427252,1997001,0,0,0
4 x 2047 B,28,333,1995863,9772409,20427252,1996366,0,0,0
4 x 2047 B,29,333,1996863,9773785,20427252,1997357,0,0,0
4 x 2047 B,30,333,1996720,9777770,20427252,1997222,0,0,0
4 x 2047 B,31,333,1996799,9777890,20427252,1997284,0,0,0
6 x 2047 B,0,223,2004302,9812704,20505216,2004824,0,0,0
6 x 2047 B,1,223,2002880,9806105,20505216,2003390,0,0,0
6 x 2047 B,2,223,2003575,9809095,20505216,2004063,0,0,0
6 x 2047 B,3,223,2004406,9810535,20505216,2004913,0,0,0
6 x 2047 B,4,223,2004747,9811749,20505216,2005259,0,0,0
6 x 2047 B,5,223,2002986,9808222,20505216,2003533,0,0,0
6 x 2047 B,6,223,2004014,9808819,20505216,2004559,0,0,0
6 x 2047 B,7,223,2003330,9810531,20505216,2003820,0,0,0
6 x 2047 B,8,223,2002918,9807825,20505216,2003414,0,0,0
6 x 2047 B,9,223,2002652,9808135,20505216,2003143,0,0,0
6 x 2047 B,10,223,2002545,9806120,20505216,2003034,0,0,0
6 x 2047 B,11,223,2002357,9806077,20505216,2002877,0,0,0
6 x 2047 B,12,223,2002859,9808269,20505216,2003356,0,0,0
6 x 2047 B,13,223,2002271,9806414,20505216,2002809,0,0,0
6 x 2047 B,14,223,2003349,9809323,20505216,2003835,0,0,0
6 x 2047 B,15,223,2002898,9808028,20505216,2003391,0,0,0
6 x 2047 B,16,223,2003095,9806971,20505216,2003589,0,0,0
6 x 2047 B,17,223,2002591,9808246,20505216,2003089,0,0,0
6 x 2047 B,18,223,2003005,9807359,20505216,2003492,0,0,0
6 x 2047 B,19,223,2001979,9803584,20505216,2002481,0,0,0
6 x 2047 B,20,223,2003834,9809717,20505216,2004540,0,0,0
6 x 2047 B,21,223,2005668,9810441,20505216,2006383,0,0,0
6 x 2047 B,22,223,2005856,9815507,20505216,2006543,0,0,0
6 x 2047 B,23,223,2005698,9812813,20505216,2006324,0,0,0
6 x 2047 B,24,223,2012509,9819295,20505216,2013532,0,0,0
6 x 2047 B,25,223,2008128,9806769,20505216,2008641,0,0,0
6 x 2047 B,26,223,2004992,9808438,20505216,2005496,0,0,0
6 x 2047 B,27,223,2009216,9808820,20505216,2005994,0,0,0
6 x 2047 B,28,223,2004676,9811162,20505216,2005171,0,0,0
6 x 2047 B,29,223,2002819,9805008,20505216,2003355,0,0,0
6 x 2047 B,30,223,2005486,9813918,20505216,2005977,0,0,0
6 x 2047 B,31,223,2003747,9811261,20505216,2004238,0,0,0
8 x 2047 B,0,167,2003170,9788152,20467552,2003684,0,0,0
8 x 2047 B,1,167,2000894,9792386,20467552,2001416,0,0,0
8 x 2047 B,2,167,2000338,9792427,20467552,2000848,0,0,0
8 x 2047 B,3,167,2000567,9795325,20467552,2001067,0,0,0
8 x 2047 B,4,167,1998558,9786896,20467552,1999070,0,0,0
8 x 2047 B,5,167,2000332,9794725,20467552,2000827,0,0,0
8 x 2047 B,6,167,1999116,9790027,20467552,1999629,0,0,0
8 x 2047 B,7,167,2000297,9791167,20467552,2000799,0,0,0
8 x 2047 B,8,167,1998664,9788300,20467552,1999161,0,0,0
8 x 2047 B,9,167,1998990,9788606,20467552,1999481,0,0,0
8 x 2047 B,10,167,1999469,9790527,20467552,1999975,0,0,0
8 x 2047 B,11,167,2000138,9793972,20467552,2000632,0,0,0
8 x 2047 B,12,167,2000270,9791011,20467552,2000806,0,0,0
8 x 2047 B,13,167,1999762,9792163,20467552,2000251,0,0,0
8 x 2047 B,14,167,1998898,9789247,20467552,1999395,0,0,0
8 x 2047 B,15,167,1999735,9791907,20467552,2000224,0,0,0
8 x 2047 B,16,167,1998649,9788112,20467552,1999135,0,0,0
8 x 2047 B,17,167,1999785,9791755,20467552,2000270,0,0,0
8 x 2047 B,18,167,1999864,9789401,20467552,2000354,0,0,0
8 x 2047 B,19,167,2000194,9793822,20467552,2000690,0,0,0
8 x 2047 B,20,167,1998720,9788856,20467552,1999219,0,0,0
8 x 2047 B,21,167,2000162,9793819,20467552,2000672,0,0,0
8 x 2047 B,22,167,1999266,9789929,20467552,1999802,0,0,0
8 x 2047 B,23,167,2000266,9790574,20467552,2000765,0,0,0
8 x 2047 B,24,167,1998501,9787138,20467552,1998993,0,0,0
8 x 2047 B,25,167,2000889,9793098,20467552,2001385,0,0,0
8 x 2047 B,26,167,1999110,9788835,20467552,1999718,0,0,0
8 x 2047 B,27,167,2000844,9794169,20467552,2001510,0,0,0
8 x 2047 B,28,167,2000752,9793453,20467552,2001333,0,0,0
8 x 2047 B,29,167,2003683,9801402,20467552,2004737,0,0,0
8 x 2047 B,30,167,2001383,9793072,20467552,2002000,0,0,0
8 x 2047 B,31,167,2005608,9792646,20467552,2006717,0,0,0
12 x 2047 B,0,111,2003019,9769687,20399280,1999044,0,0,0
12 x 2047 B,1,111,1994506,9759664,20399280,1995002,0,0,0
12 x 2047 B,2,111,1991770,9751535,20399280,1992293,0,0,0
12 x 2047 B,3,111,1993160,9755309,20399280,1993705,0,0,0
12 x 2047 B,4,111,1992773,9756085,20399280,1993253,0,0,0
12 x 2047 B,5,111,1993072,9755746,20399280,1993567,0,0,0
12 x 2047 B,6,111,1992544,9754878,20399280,1993048,0,0,0
12 x 2047 B,7,111,1998799,9765532,20399280,1999384,0,0,0
12 x 2047 B,8,111,1993955,9759407,20399280,1994593,0,0,0
12 x 2047 B,9,111,1990526,9751597,20399279,1991260,0,0,0
12 x 2047 B,10,111,1992911,9753521,20399280,1993414,0,0,0
12 x 2047 B,11,111,1991654,9753253,20399280,1992147,0,0,0
12 x 2047 B,12,111,1993668,9756759,20399280,1994161,0,0,0
12 x 2047 B,13,111,1991883,9754455,20399280,1992375,0,0,0
12 x 2047 B,14,111,1992443,9755944,20399280,1992940,0,0,0
12 x 2047 B,15,111,1992559,9755136,20399280,1993062,0,0,0
12 x 2047 B,16,111,1992621,9756953,20399280,1993113,0,0,0
12 x 2047 B,17,111,1993147,9756924,20399280,1993653,0,0,0
12 x 2047 B,18,111,1993000,9759066,20399280,1993543,0,0,0
12 x 2047 B,19,111,1991498,9753255,20399280,1991989,0,0,0
12 x 2047 B,20,111,1993670,9754444,20399280,1994186,0,0,0
12 x 2047 B,21,111,1992153,9756169,20399280,1992658,0,0,0
12 x 2047 B,22,111,1993027,9755936,20399280,1993532,0,0,0
12 x 2047 B,23,111,1992025,9755216,20399280,1992523,0,0,0
12 x 2047 B,24,111,1992703,9757471,20399280,1993207,0,0,0
12 x 2047 B,25,111,1991478,9752830,20399280,1991971,0,0,0
12 x 2047 B,26,111,1992125,9754865,20399280,1992631,0,0,0
12 x 2047 B,27,111,1991670,9753920,20399280,1992160,0,0,0
12 x 2047 B,28,111,1993069,9759398,20399280,1993565,0,0,0
12 x 2047 B,29,111,1992601,9755036,20399280,1993092,0,0,0
12 x 2047 B,30,111,1992815,9758692,20399280,1993347,0,0,0
12 x 2047 B,31,111,1992038,9755139,20399280,1992571,0,0,0
16 x 2047 B,0,84,2010227,9843967,20579526,2010793,0,0,0
16 x 2047 B,1,84,2013892,9854792,20579526,2014606,0,0,0
16 x 2047 B,2,84,2016629,9871728,20579526,2017186,0,0,0
16 x 2047 B,3,84,2032649,9858320,20579527,2020989,0,0,0
16 x 2047 B,4,84,2013317,9850478,20579526,2013907,0,0,0
16 x 2047 B,5,84,2018582,9848387,20579526,2019650,0,0,0
16 x 2047 B,6,84,2018715,9845878,20579526,2016651,0,0,0
16 x 2047 B,7,84,2018010,9842410,20579526,2013551,0,0,0
16 x 2047 B,8,84,2012386,9852062,20579526,2012896,0,0,0
16 x 2047 B,9,84,2014182,9846639,20579526,2014669,0,0,0
16 x 2047 B,10,84,2011566,9846919,20579526,2012058,0,0,0
16 x 2047 B,11,84,2027351,9920537,20579526,2027846,0,0,0
16 x 2047 B,12,84,2011524,9848901,20579526,2012023,0,0,0
16 x 2047 B,13,84,2010416,9844744,20579526,2010905,0,0,0
16 x 2047 B,14,84,2383418,9846652,20579526,2383900,0,0,0
16 x 2047 B,15,84,2010981,9846201,20579526,2011520,0,0,0
16 x 2047 B,16,84,2011425,9846866,20579526,2011950,0,0,0
16 x 2047 B,17,84,2009834,9841844,20579526,2010314,0,0,0
16 x 2047 B,18,84,2010196,9844065,20579526,2010691,0,0,0
16 x 2047 B,19,84,2009793,9842068,20579526,2010291,0,0,0
16 x 2047 B,20,84,2011049,9848134,20579526,2011558,0,0,0
16 x 2047 B,21,84,2010695,9843575,20579526,2011190,0,0,0
16 x 2047 B,22,84,2011458,9847553,20579526,2011954,0,0,0
16 x 2047 B,23,84,2009604,9841152,20579526,2010087,0,0,0
16 x 2047 B,24,84,2011374,9849625,20579526,2011871,0,0,0
16 x 2047 B,25,84,2010343,9843497,20579526,2010829,0,0,0
16 x 2047 B,26,84,2010818,9846641,20579526,2011319,0,0,0
16 x 2047 B,27,84,2010942,9845282,20579526,2011431,0,0,0
16 x 2047 B,28,84,2011180,9848309,20579526,2011731,0,0,0
16 x 2047 B,29,84,2012104,9842265,20579526,2012606,0,0,0
16 x 2047 B,30,84,2010883,9847067,20579526,2011381,0,0,0
16 x 2047 B,31,84,2009835,9842413,20579526,2010362,0,0,0
24 x 2047 B,0,56,2010652,9845505,20575998,2011165,0,0,0
24 x 2047 B,1,56,2013121,9851520,20575998,2013637,0,0,0
24 x 2047 B,2,56,2042892,9847153,20575998,2026351,0,0,0
24 x 2047 B,3,56,2016602,9849782,20575998,2015290,0,0,0
24 x 2047 B,4,56,2012298,9850309,20575998,2012794,0,0,0
24 x 2047 B,5,56,2012057,9849028,20575998,2012548,0,0,0
24 x 2047 B,6,56,2012358,9848132,20575998,2012853,0,0,0
24 x 2047 B,7,56,2011787,9849287,20575998,2012439,0,0,0
24 x 2047 B,8,56,2013215,9847259,20575998,2013719,0,0,0
24 x 2047 B,9,56,2018920,9847936,20575998,2019524,0,0,0
24 x 2047 B,10,56,2013693,9855140,20575998,2014615,0,0,0
24 x 2047 B,11,56,2017976,9855842,20575998,2018617,0,0,0
24 x 2047 B,12,56,2025266,9860305,20575998,2022929,0,0,0
24 x 2047 B,13,56,2022747,9844015,20575998,2016472,0,0,0
24 x 2047 B,14,56,2012302,9850423,20575998,2012818,0,0,0
24 x 2047 B,15,56,2011575,9849801,20575998,2012086,0,0,0
24 x 2047 B,16,56,2012420,9847551,20575998,2012918,0,0,0
24 x 2047 B,17,56,2017239,9847590,20575998,2017742,0,0,0
24 x 2047 B,18,56,2011804,9847527,20575998,2012299,0,0,0
24 x 2047 B,19,56,2012447,9849577,20575998,2012940,0,0,0
24 x 2047 B,20,56,2011363,9845593,20575998,2011854,0,0,0
24 x 2047 B,21,56,2011015,9847342,20575998,2011497,0,0,0
24 x 2047 B,22,56,2375030,9848916,20575998,2375526,0,0,0
24 x 2047 B,23,56,2010320,9844171,20575998,2010849,0,0,0
24 x 2047 B,24,56,2011097,9847912,20575998,2011593,0,0,0
24 x 2047 B,25,56,2010366,9844606,20575998,2010867,0,0,0
24 x 2047 B,26,56,2011567,9849887,20575998,2012067,0,0,0
24 x 2047 B,27,56,2011525,9847078,20575998,2012035,0,0,0
24 x 2047 B,28,56,2011524,9847895,20575998,2012022,0,0,0
24 x 2047 B,29,56,2010694,9846082,20575998,2011177,0,0,0
24 x 2047 B,30,56,2011166,9848344,20575998,2011685,0,0,0
24 x 2047 B,31,56,2011546,9848430,20575998,2012052,0,0,0
64 x 2047 B,0,21,2017383,9839968,20571588,2012444,0,0,0
64 x 2047 B,1,21,2009735,9840898,20571588,2010247,0,0,0
64 x 2047 B,2,21,2009418,9840040,20571588,2009917,0,0,0
64 x 2047 B,3,21,2009837,9841495,20571588,2010338,0,0,0
64 x 2047 B,4,21,2009124,9838393,20571588,2009616,0,0,0
64 x 2047 B,5,21,2009755,9841533,20571588,2010265,0,0,0
64 x 2047 B,6,21,2009918,9839179,20571588,2010428,0,0,0
64 x 2047 B,7,21,2009558,9840491,20571588,2010048,0,0,0
64 x 2047 B,8,21,2009483,9837199,20571588,2009982,0,0,0
64 x 2047 B,9,21,2009805,9841517,20571588,2010302,0,0,0
64 x 2047 B,10,21,2009424,9840125,20571588,2009927,0,0,0
64 x 2047 B,11,21,2009928,9842298,20571588,2010435,0,0,0
64 x 2047 B,12,21,2009884,9842322,20571588,2010388,0,0,0
64 x 2047 B,13,21,2010350,9843017,20571588,2010846,0,0,0
64 x 2047 B,14,21,2010597,9842000,20571588,2011255,0,0,0
64 x 2047 B,15,21,2012593,9850410,20571588,2013220,0,0,0
64 x 2047 B,16,21,2013516,9854717,20571588,2014231,0,0,0
64 x 2047 B,17,21,2012227,9848244,20571588,2012834,0,0,0
64 x 2047 B,18,21,2012606,9846792,20571588,2013673,0,0,0
64 x 2047 B,19,21,2027800,9845858,20571589,2023352,0,0,0
64 x 2047 B,20,21,2014895,9839840,20571588,2012022,0,0,0
64 x 2047 B,21,21,2010499,9844658,20571588,2011014,0,0,0
64 x 2047 B,22,21,2008913,9838139,20571588,2009418,0,0,0
64 x 2047 B,23,21,2010234,9841820,20571588,2010776,0,0,0
64 x 2047 B,24,21,2010526,9842086,20571588,2011023,0,0,0
64 x 2047 B,25,21,2010122,9842434,20571588,2010619,0,0,0
64 x 2047 B,26,21,2010565,9842039,20571588,2011063,0,0,0
64 x 2047 B,27,21,2010376,9842153,20571588,2010880,0,0,0
64 x 2047 B,28,21,2010778,9839665,20571588,2011285,0,0,0
64 x 2047 B,29,21,2009896,9841516,20571588,2010389,0,0,0
64 x 2047 B,30,21,2009050,9838046,20571588,2009545,0,0,0
64 x 2047 B,31,21,2379322,9834837,20571588,2374939,0,0,0
128 x 2047 B,0,11,2105893,10307097,21549784,2106478,0,0,0
128 x 2047 B,1,11,2106611,10310230,21549785,2107182,0,0,0
128 x 2047 B,2,11,2106095,10310284,21549784,2106853,0,0,0
128 x 2047 B,3,11,2105666,10308622,21549784,2106162,0,0,0
128 x 2047 B,4,11,2105402,10309871,21549784,2105907,0,0,0
128 x 2047 B,5,11,2108000,10306921,21549784,2108498,0,0,0
128 x 2047 B,6,11,2105058,10307454,21549784,2105558,0,0,0
128 x 2047 B,7,11,2105543,10307608,21549784,2106048,0,0,0
128 x 2047 B,8,11,2104751,10305988,21549784,2105259,0,0,0
128 x 2047 B,9,11,2105807,10311300,21549784,2106312,0,0,0
128 x 2047 B,10,11,2105096,10306641,21549784,2105588,0,0,0
128 x 2047 B,11,11,2107112,10310449,21549785,2107613,0,0,0
128 x 2047 B,12,11,2105333,10309174,21549784,2105823,0,0,0
128 x 2047 B,13,11,2105808,10308291,21549784,2106310,0,0,0
128 x 2047 B,14,11,2105390,10308803,21549784,2105887,0,0,0
128 x 2047 B,15,11,2107886,10314232,21549784,2108589,0,0,0
128 x 2047 B,16,11,2128919,10421131,21549784,2129494,0,0,0
128 x 2047 B,17,11,2108015,10316698,21549784,2108741,0,0,0
128 x 2047 B,18,11,2108186,10317787,21549790,2108725,0,0,0
128 x 2047 B,19,11,2113216,10313737,21549790,2114042,0,0,0
128 x 2047 B,20,11,2120069,10311448,21549785,2116439,0,0,0
128 x 2047 B,21,11,2108002,10312673,21549784,2108563,0,0,0
128 x 2047 B,22,11,2106195,10307942,21549784,2106851,0,0,0
128 x 2047 B,23,11,2106742,10311250,21549784,2107298,0,0,0
128 x 2047 B,24,11,2103980,10302815,21549784,2104472,0,0,0
128 x 2047 B,25,11,2105314,10308048,21549784,2105808,0,0,0
128 x 2047 B,26,11,2105391,10306687,21549784,2105893,0,0,0
128 x 2047 B,27,11,2106256,10310989,21549784,2107072,0,0,0
128 x 2047 B,28,11,2104924,10304785,21549784,2105559,0,0,0
128 x 2047 B,29,11,2538722,10306278,21549785,2476882,0,0,0
128 x 2047 B,30,11,2105252,10308759,21549784,2105904,0,0,0
128 x 2047 B,31,11,2109600,10312224,21549784,2110357,0,0,0
129 x 2047 B,0,11,2155547,10497703,21718129,2150276,0,0,0
129 x 2047 B,1,11,2121771,10386371,21718128,2122296,0,0,0
129 x 2047 B,2,11,2120232,10382663,21718128,2120720,0,0,0
129 x 2047 B,3,11,2126147,10386218,21718128,2126656,0,0,0
129 x 2047 B,4,11,2495125,10385082,21718128,2495628,0,0,0
129 x 2047 B,5,11,2123151,10391920,21718129,2123643,0,0,0
129 x 2047 B,6,11,2121103,10388479,21718128,2121610,0,0,0
129 x 2047 B,7,11,2122666,10388155,21718128,2123165,0,0,0
129 x 2047 B,8,11,2121190,10385587,21718128,2121687,0,0,0
129 x 2047 B,9,11,2121313,10385890,21718128,2121811,0,0,0
129 x 2047 B,10,11,2120357,10385074,21718128,2120856,0,0,0
129 x 2047 B,11,11,2121709,10389237,21718128,2122208,0,0,0
129 x 2047 B,12,11,2120902,10386517,21718128,2121403,0,0,0
129 x 2047 B,13,11,2122044,10388116,21718129,2122532,0,0,0
129 x 2047 B,14,11,2121395,10388099,21718128,2121893,0,0,0
129 x 2047 B,15,11,2120780,10385185,21718128,2121272,0,0,0
129 x 2047 B,16,11,2121690,10389851,21718128,2122189,0,0,0
129 x 2047 B,17,11,2120082,10383571,21718128,2120575,0,0,0
129 x 2047 B,18,11,2121432,10389038,21718128,2121939,0,0,0
129 x 2047 B,19,11,2120993,10386492,21718128,2121473,0,0,0
129 x 2047 B,20,11,2121573,10389172,21718128,2122071,0,0,0
129 x 2047 B,21,11,2120990,10383770,21718129,2121487,0,0,0
129 x 2047 B,22,11,2123326,10390548,21718128,2123823,0,0,0
129 x 2047 B,23,11,2120919,10385635,21718128,2121465,0,0,0
129 x 2047 B,24,11,2120675,10384016,21718128,2121325,0,0,0
129 x 2047 B,25,11,2120654,10383840,21718128,2121167,0,0,0
129 x 2047 B,26,11,2125087,10396196,21718128,2125812,0,0,0
129 x 2047 B,27,11,2122690,10387148,21718128,2123461,0,0,0
129 x 2047 B,28,11,2124046,10394948,21718128,2125062,0,0,0
129 x 2047 B,29,11,2133401,10393396,21718129,2131546,0,0,0
129 x 2047 B,30,11,2129906,10384750,21718128,2125501,0,0,0
129 x 2047 B,31,11,2121979,10388135,21718128,2122484,0,0,0
1024 x 2047 B,0,2,3062204,14989548,31343211,3063151,0,0,0
1024 x 2047 B,1,2,3437399,14997686,31343212,3438069,0,0,0
1024 x 2047 B,2,2,3067704,15010484,31343211,3068360,0,0,0
1024 x 2047 B,3,2,3064470,14997460,31343211,3065118,0,0,0
1024 x 2047 B,4,2,3062737,14991764,31343211,3063378,0,0,0
1024 x 2047 B,5,2,3062466,14990476,31343211,3063108,0,0,0
1024 x 2047 B,6,2,3063227,14992831,31343211,3063856,0,0,0
1024 x 2047 B,7,2,3064719,14998631,31343211,3065372,0,0,0
1024 x 2047 B,8,2,3071109,15004720,31343211,3071776,0,0,0
1024 x 2047 B,9,2,3063129,14991843,31343211,3063807,0,0,0
1024 x 2047 B,10,2,3063203,14992970,31343211,3063874,0,0,0
1024 x 2047 B,11,2,3065687,14997259,31343212,3066339,0,0,0
1024 x 2047 B,12,2,3063849,14996602,31343211,3064495,0,0,0
1024 x 2047 B,13,2,3066895,15007847,31343211,3067533,0,0,0
1024 x 2047 B,14,2,3073252,14990224,31343211,3067836,0,0,0
1024 x 2047 B,15,2,3064168,14995604,31343211,3064843,0,0,0
1024 x 2047 B,16,2,3065944,15004629,31343211,3066634,0,0,0
1024 x 2047 B,17,2,3066118,15003288,31343211,3066770,0,0,0
1024 x 2047 B,18,2,3064723,14997639,31343211,3065466,0,0,0
1024 x 2047 B,19,2,3085878,15089557,31343211,3086715,0,0,0
1024 x 2047 B,20,2,3070958,15017813,31343211,3071986,0,0,0
1024 x 2047 B,21,2,3074971,15037036,31343211,3076135,0,0,0
1024 x 2047 B,22,2,3086627,15001960,31343211,3081361,0,0,0
1024 x 2047 B,23,2,3073711,14992177,31343211,3068256,0,0,0
1024 x 2047 B,24,2,3069033,15008033,31343211,3069826,0,0,0
1024 x 2047 B,25,2,3067415,14995607,31343212,3068057,0,0,0
1024 x 2047 B,26,2,3063889,14994709,31343211,3064545,0,0,0
1024 x 2047 B,27,2,3436942,14993384,31343211,3437556,0,0,0
1024 x 2047 B,28,2,3064692,14997120,31343211,3065400,0,0,0
1024 x 2047 B,29,2,3067548,15012588,31343211,3068220,0,0,0
1024 x 2047 B,30,2,3065280,14997489,31343211,3065950,0,0,0
1024 x 2047 B,31,2,3064453,14998391,31343211,3065109,0,0,0
1 x 2049 B,0,2250,1971209,9643253,20144616,1971789,0,0,0
1 x 2049 B,1,2250,1988497,9737097,20144616,1988990,0,0,0
1 x 2049 B,2,2250,2001993,9802840,20144616,2002490,0,0,0
1 x 2049 B,3,2250,1981283,9701465,20144616,1981776,0,0,0
1 x 2049 B,4,2250,2001613,9790280,20144616,2002116,0,0,0
1 x 2049 B,5,2250,1973116,9613229,20144616,1965627,0,0,0
1 x 2049 B,6,2250,1976670,9678830,20144616,1977175,0,0,0
1 x 2049 B,7,2250,1975992,9675303,20144616,1976503,0,0,0
1 x 2049 B,8,2250,1972099,9651732,20144616,1972609,0,0,0
1 x 2049 B,9,2250,1969387,9643089,20144616,1969893,0,0,0
1 x 2049 B,10,2250,1972637,9658841,20144616,1973131,0,0,0
1 x 2049 B,11,2250,1975157,9671121,20144616,1975651,0,0,0
1 x 2049 B,12,2250,1972008,9652175,20144616,1972499,0,0,0
1 x 2049 B,13,2250,1989718,9742761,20144616,1990249,0,0,0
1 x 2049 B,14,2250,1962352,9608631,20144616,1962850,0,0,0
1 x 2049 B,15,2250,1966894,9630820,20144616,1967427,0,0,0
1 x 2049 B,16,2250,1977824,9670906,20144616,1978337,0,0,0
1 x 2049 B,17,2250,1973912,9664035,20144616,1974415,0,0,0
1 x 2049 B,18,2250,1979687,9692640,20144616,1980217,0,0,0
1 x 2049 B,19,2250,1982796,9707229,20144616,1983385,0,0,0
1 x 2049 B,20,2250,1972123,9648080,20144616,1972641,0,0,0
1 x 2049 B,21,2250,1993621,9753692,20144616,1994447,0,0,0
1 x 2049 B,22,2250,1978686,9684347,20144616,1979335,0,0,0
1 x 2049 B,23,2250,1984944,9665880,20144616,1983403,0,0,0
1 x 2049 B,24,2250,1972870,9635259,20144616,1971808,0,0,0
1 x 2049 B,25,2250,1986269,9688985,20144616,1981652,0,0,0
1 x 2049 B,26,2250,1983051,9710363,20144616,1983545,0,0,0
1 x 2049 B,27,2250,1992493,9754210,20144616,1993000,0,0,0
1 x 2049 B,28,2250,1985008,9716950,20144616,1985501,0,0,0
1 x 2049 B,29,2250,1970794,9649724,20144616,1971300,0,0,0
1 x 2049 B,30,2250,1965752,9623456,20144616,1966240,0,0,0
1 x 2049 B,31,2250,1976583,9675285,20144616,1977091,0,0,0
3 x 2049 B,0,768,1996670,9777302,20434542,1997186,0,0,0
3 x 2049 B,1,768,2354991,9749015,20434542,2355504,0,0,0
3 x 2049 B,2,768,1994208,9761125,20434542,1994704,0,0,0
3 x 2049 B,3,768,1995769,9769523,20434542,1996267,0,0,0
3 x 2049 B,4,768,1990016,9744466,20434542,1990551,0,0,0
3 x 2049 B,5,768,1992201,9755187,20434542,1992722,0,0,0
3 x 2049 B,6,768,1996282,9771927,20434542,1996778,0,0,0
3 x 2049 B,7,768,1990684,9745235,20434542,1991166,0,0,0
3 x 2049 B,8,768,1993978,9763831,20434542,1994474,0,0,0
3 x 2049 B,9,768,1990520,9746608,20434542,1991005,0,0,0
3 x 2049 B,10,768,1998310,9781993,20434542,1998820,0,0,0
3 x 2049 B,11,768,1989919,9740931,20434542,1990418,0,0,0
3 x 2049 B,12,768,1998667,9786755,20434542,1999161,0,0,0
3 x 2049 B,13,768,1993984,9763268,20434542,1994491,0,0,0
3 x 2049 B,14,768,1991956,9750573,20434542,1992443,0,0,0
3 x 2049 B,15,768,1998421,9782926,20434542,1998976,0,0,0
3 x 2049 B,16,768,1999706,9791690,20434542,2000206,0,0,0
3 x 2049 B,17,768,1994097,9764342,20434542,1994612,0,0,0
3 x 2049 B,18,768,2001358,9797826,20434542,2001853,0,0,0
3 x 2049 B,19,768,2002196,9801161,20434542,2002690,0,0,0
3 x 2049 B,20,768,1998102,9783655,20434542,1998617,0,0,0
3 x 2049 B,21,768,1999783,9792333,20434542,2000272,0,0,0
3 x 2049 B,22,768,1994614,9764843,20434542,1995105,0,0,0
3 x 2049 B,23,768,1994852,9765347,20434542,1995331,0,0,0
3 x 2049 B,24,768,1992140,9753557,20434542,1992636,0,0,0
3 x 2049 B,25,768,2001121,9798159,20434542,2001663,0,0,0
3 x 2049 B,26,768,1993147,9754919,20434542,1993802,0,0,0
3 x 2049 B,27,768,1991198,9746935,20434542,1991780,0,0,0
3 x 2049 B,28,768,1995557,9765818,20434542,1996223,0,0,0
3 x 2049 B,29,768,1990600,9743393,20434542,1991462,0,0,0
3 x 2049 B,30,768,1996155,9764393,20434542,1997278,0,0,0
3 x 2049 B,31,768,1996769,9764082,20434542,1997475,0,0,0
4 x 2049 B,0,574,1987236,9727660,20339482,1987760,0,0,0
4 x 2049 B,1,574,1985722,9722745,20339482,1986260,0,0,0
4 x 2049 B,2,574,1995450,9735402,20339482,1990396,0,0,0
4 x 2049 B,3,574,1982421,9707601,20339482,1982916,0,0,0
4 x 2049 B,4,574,1984662,9718100,20339482,1985208,0,0,0
4 x 2049 B,5,574,1982924,9708935,20339482,1983421,0,0,0
4 x 2049 B,6,574,1982054,9705501,20339482,1982562,0,0,0
4 x 2049 B,7,574,1980037,9690082,20339482,1980541,0,0,0
4 x 2049 B,8,574,1979153,9692578,20339482,1979662,0,0,0
4 x 2049 B,9,574,1982656,9709699,20339482,1983152,0,0,0
4 x 2049 B,10,574,2349055,9721822,20339482,2349551,0,0,0
4 x 2049 B,11,574,1982337,9708224,20339482,1982832,0,0,0
4 x 2049 B,12,574,1980890,9701155,20339482,1981375,0,0,0
4 x 2049 B,13,574,1984299,9714380,20339482,1984788,0,0,0
4 x 2049 B,14,574,1986027,9726103,20339482,1986540,0,0,0
4 x 2049 B,15,574,1984435,9715686,20339482,1984923,0,0,0
4 x 2049 B,16,574,1991557,9753437,20339482,1992049,0,0,0
4 x 2049 B,17,574,1982615,9708380,20339482,1983123,0,0,0
4 x 2049 B,18,574,1982871,9710749,20339482,1983364,0,0,0
4 x 2049 B,19,574,1978012,9686445,20339482,1978506,0,0,0
4 x 2049 B,20,574,1980531,9699554,20339482,1981028,0,0,0
4 x 2049 B,21,574,1980171,9697800,20339482,1980691,0,0,0
4 x 2049 B,22,574,1980175,9697573,20339482,1980667,0,0,0
4 x 2049 B,23,574,1986373,9724918,20339482,1986867,0,0,0
4 x 2049 B,24,574,1982711,9709929,20339482,1983207,0,0,0
4 x 2049 B,25,574,1984741,9717409,20339482,1985242,0,0,0
4 x 2049 B,26,574,1979815,9695787,20339482,1980328,0,0,0
4 x 2049 B,27,574,1981629,9703229,20339482,1982134,0,0,0
4 x 2049 B,28,574,1987703,9733988,20339482,1988195,0,0,0
4 x 2049 B,29,574,1986160,9726926,20339482,1986655,0,0,0
4 x 2049 B,30,574,1983863,9715442,20339482,1984400,0,0,0
4 x 2049 B,31,574,1979917,9694217,20339482,1980428,0,0,0
6 x 2049 B,0,386,1999144,9783016,20492334,1999661,0,0,0
6 x 2049 B,1,386,2008838,9803433,20492334,2009411,0,0,0
6 x 2049 B,2,386,2002916,9799586,20492334,2003613,0,0,0
6 x 2049 B,3,386,1996358,9772263,20492334,1997131,0,0,0
6 x 2049 B,4,386,2004309,9796585,20492334,2005276,0,0,0
6 x 2049 B,5,386,2002437,9765454,20492334,2001030,0,0,0
6 x 2049 B,6,386,2002814,9768621,20492334,1998650,0,0,0
6 x 2049 B,7,386,1995120,9766896,20492334,1995627,0,0,0
6 x 2049 B,8,386,1998850,9787082,20492334,1999346,0,0,0
6 x 2049 B,9,386,2001339,9801201,20492334,2001835,0,0,0
6 x 2049 B,10,386,1997669,9778969,20492334,1998163,0,0,0
6 x 2049 B,11,386,1997930,9771935,20492334,1998476,0,0,0
6 x 2049 B,12,386,1995962,9773585,20492334,1996452,0,0,0
6 x 2049 B,13,386,1994930,9768120,20492334,1995423,0,0,0
6 x 2049 B,14,386,1999271,9787987,20492334,1999780,0,0,0
6 x 2049 B,15,386,1998554,9783991,20492334,1999036,0,0,0
6 x 2049 B,16,386,1999756,9791434,20492334,2000268,0,0,0
6 x 2049 B,17,386,1994360,9764913,20492334,1994836,0,0,0
6 x 2049 B,18,386,2359663,9770834,20492334,2360168,0,0,0
6 x 2049 B,19,386,1998545,9788410,20492334,1999013,0,0,0
6 x 2049 B,20,386,1997256,9779947,20492334,1997748,0,0,0
6 x 2049 B,21,386,1996528,9778482,20492334,1997014,0,0,0
6 x 2049 B,22,386,1997230,9779297,20492334,1997724,0,0,0
6 x 2049 B,23,386,1995052,9770679,20492334,1995536,0,0,0
6 x 2049 B,24,386,1997930,9783794,20492334,1998429,0,0,0
6 x 2049 B,25,386,2000571,9798046,20492334,2001052,0,0,0
6 x 2049 B,26,386,1999617,9792245,20492334,2000108,0,0,0
6 x 2049 B,27,386,1993944,9765648,20492334,1994422,0,0,0
6 x 2049 B,28,386,1996393,9773078,20492334,1996884,0,0,0
6 x 2049 B,29,386,1997357,9777477,20492334,1997848,0,0,0
6 x 2049 B,30,386,1999592,9791640,20492334,2000133,0,0,0
6 x 2049 B,31,386,2001410,9802432,20492334,2001891,0,0,0
8 x 2049 B,0,290,1998816,9785420,20515546,1999338,0,0,0
8 x 2049 B,1,290,2005129,9783776,20515546,2000483,0,0,0
8 x 2049 B,2,290,2001190,9801360,20515546,2001674,0,0,0
8 x 2049 B,3,290,1999605,9791438,20515546,2000096,0,0,0
8 x 2049 B,4,290,1997531,9783052,20515546,1998008,0,0,0
8 x 2049 B,5,290,1998304,9784481,20515546,1998848,0,0,0
8 x 2049 B,6,290,1997472,9779168,20515546,1998032,0,0,0
8 x 2049 B,7,290,1999542,9788777,20515546,2000198,0,0,0
8 x 2049 B,8,290,2000441,9793778,20515546,2001130,0,0,0
8 x 2049 B,9,290,2002365,9796486,20515546,2003024,0,0,0
8 x 2049 B,10,290,2000645,9791824,20515546,2001270,0,0,0
8 x 2049 B,11,290,2006031,9807455,20515546,2006891,0,0,0
8 x 2049 B,12,290,2004048,9785004,20515546,2002834,0,0,0
8 x 2049 B,13,290,2007197,9788704,20515546,2002194,0,0,0
8 x 2049 B,14,290,2001141,9797193,20515546,2001632,0,0,0
8 x 2049 B,15,290,2000964,9792099,20515546,2001460,0,0,0
8 x 2049 B,16,290,2000764,9792263,20515546,2001260,0,0,0
8 x 2049 B,17,290,1998742,9786768,20515546,1999235,0,0,0
8 x 2049 B,18,290,1996799,9778749,20515546,1997305,0,0,0
8 x 2049 B,19,290,2371810,9798640,20515547,2372304,0,0,0
8 x 2049 B,20,290,1998961,9788768,20515546,1999462,0,0,0
8 x 2049 B,21,290,1999437,9788145,20515546,1999929,0,0,0
8 x 2049 B,22,290,1998030,9784270,20515546,1998522,0,0,0
8 x 2049 B,23,290,1997161,9779774,20515546,1997675,0,0,0
8 x 2049 B,24,290,2000302,9795124,20515546,2000799,0,0,0
8 x 2049 B,25,290,1997900,9783547,20515546,1998384,0,0,0
8 x 2049 B,26,290,2001283,9799986,20515546,2001789,0,0,0
8 x 2049 B,27,290,2001360,9798010,20515546,2001864,0,0,0
8 x 2049 B,28,290,1998698,9784647,20515546,1999185,0,0,0
8 x 2049 B,29,290,1998079,9783933,20515546,1998566,0,0,0
8 x 2049 B,30,290,2000345,9795691,20515546,2000858,0,0,0
8 x 2049 B,31,290,1995612,9772360,20515546,1996101,0,0,0
12 x 2049 B,0,194,2006297,9822033,20574066,2006814,0,0,0
12 x 2049 B,1,194,2008624,9835883,20574066,2009122,0,0,0
12 x 2049 B,2,194,2009326,9837003,20574066,2009826,0,0,0
12 x 2049 B,3,194,2006796,9826804,20574066,2007284,0,0,0
12 x 2049 B,4,194,2008292,9834028,20574066,2008793,0,0,0
12 x 2049 B,5,194,2007704,9831657,20574066,2008198,0,0,0
12 x 2049 B,6,194,2010185,9843363,20574066,2010675,0,0,0
12 x 2049 B,7,194,2003928,9813185,20574066,2004435,0,0,0
12 x 2049 B,8,194,2005129,9816278,20574066,2005638,0,0,0
12 x 2049 B,9,194,2004955,9817934,20574066,2005449,0,0,0
12 x 2049 B,10,194,2010682,9844190,20574066,2011176,0,0,0
12 x 2049 B,11,194,2010567,9845320,20574066,2011056,0,0,0
12 x 2049 B,12,194,2004687,9815153,20574066,2005182,0,0,0
12 x 2049 B,13,194,2010295,9843417,20574066,2010806,0,0,0
12 x 2049 B,14,194,2009616,9836856,20574066,2010260,0,0,0
12 x 2049 B,15,194,2011302,9839905,20574066,2011803,0,0,0
12 x 2049 B,16,194,2013666,9853086,20574066,2014306,0,0,0
12 x 2049 B,17,194,2014877,9858223,20574066,2015495,0,0,0
12 x 2049 B,18,194,2014528,9849452,20574066,2015383,0,0,0
12 x 2049 B,19,194,2013968,9828921,20574066,2012335,0,0,0
12 x 2049 B,20,194,2018683,9845580,20574066,2014754,0,0,0
12 x 2049 B,21,194,2005927,9820900,20574066,2006425,0,0,0
12 x 2049 B,22,194,2011718,9840969,20574066,2012219,0,0,0
12 x 2049 B,23,194,2006743,9824781,20574066,2007252,0,0,0
12 x 2049 B,24,194,2009907,9838380,20574066,2010409,0,0,0
12 x 2049 B,25,194,2008162,9830441,20574066,2008684,0,0,0
12 x 2049 B,26,194,2010630,9843411,20574066,2011160,0,0,0
12 x 2049 B,27,194,2376495,9825730,20574066,2377011,0,0,0
12 x 2049 B,28,194,2009115,9835664,20574066,2009613,0,0,0
12 x 2049 B,29,194,2009533,9838409,20574066,2010028,0,0,0
12 x 2049 B,30,194,2011973,9852646,20574066,2012469,0,0,0
12 x 2049 B,31,194,2006322,9824596,20574066,2006820,0,0,0
16 x 2049 B,0,145,1999473,9786642,20497276,2000000,0,0,0
16 x 2049 B,1,145,2004480,9815842,20497276,2004997,0,0,0
16 x 2049 B,2,145,2007011,9828297,20497276,2007505,0,0,0
16 x 2049 B,3,145,1998876,9788455,20497276,1999367,0,0,0
16 x 2049 B,4,145,2000864,9795410,20497276,2001374,0,0,0
16 x 2049 B,5,145,1997987,9780950,20497276,1998505,0,0,0
16 x 2049 B,6,145,2004790,9810278,20497276,2005304,0,0,0
16 x 2049 B,7,145,2006494,9823192,20497276,2007045,0,0,0
16 x 2049 B,8,145,2005083,9813117,20497276,2005598,0,0,0
16 x 2049 B,9,145,1998212,9781787,20497276,1998760,0,0,0
16 x 2049 B,10,145,2000202,9790185,20497276,2000703,0,0,0
16 x 2049 B,11,145,2005664,9819737,20497276,2006168,0,0,0
16 x 2049 B,12,145,1999580,9785078,20497276,2000072,0,0,0
16 x 2049 B,13,145,1999889,9789139,20497276,2000394,0,0,0
16 x 2049 B,14,145,1997376,9779698,20497276,1997887,0,0,0
16 x 2049 B,15,145,2000827,9777484,20497276,2001330,0,0,0
16 x 2049 B,16,145,2001985,9799901,20497276,2002485,0,0,0
16 x 2049 B,17,145,2003643,9808146,20497276,2004163,0,0,0
16 x 2049 B,18,145,1997985,9783696,20497276,1998493,0,0,0
16 x 2049 B,19,145,1999740,9790380,20497276,2000228,0,0,0
16 x 2049 B,20,145,2005230,9814141,20497276,2006072,0,0,0
16 x 2049 B,21,145,2002067,9798097,20497276,2002624,0,0,0
16 x 2049 B,22,145,2002636,9802729,20497276,2003425,0,0,0
16 x 2049 B,23,145,2007922,9826051,20497276,2008707,0,0,0
16 x 2049 B,24,145,2003666,9802481,20497276,2004462,0,0,0
16 x 2049 B,25,145,2005651,9805870,20497276,2006527,0,0,0
16 x 2049 B,26,145,2005504,9781358,20497276,2003597,0,0,0
16 x 2049 B,27,145,2007349,9788567,20497276,2002309,0,0,0
16 x 2049 B,28,145,1999174,9787799,20497276,1999682,0,0,0
16 x 2049 B,29,145,2003734,9812367,20497276,2004227,0,0,0
16 x 2049 B,30,145,2011155,9807916,20497277,2006401,0,0,0
16 x 2049 B,31,145,1995761,9776268,20497275,1997980,0,0,0
24 x 2049 B,0,97,2006445,9823761,20561844,2007073,0,0,0
24 x 2049 B,1,97,2005361,9819300,20561844,2005850,0,0,0
24 x 2049 B,2,97,2367258,9807189,20561844,2367759,0,0,0
24 x 2049 B,3,97,2005682,9815970,20561844,2006192,0,0,0
24 x 2049 B,4,97,2003228,9808946,20561844,2003734,0,0,0
24 x 2049 B,5,97,2005514,9820241,20561844,2006009,0,0,0
24 x 2049 B,6,97,2006521,9819996,20561844,2007032,0,0,0
24 x 2049 B,7,97,2005185,9813209,20561844,2005688,0,0,0
24 x 2049 B,8,97,2002436,9804876,20561844,2002924,0,0,0
24 x 2049 B,9,97,2003016,9808081,20561844,2003507,0,0,0
24 x 2049 B,10,97,2006149,9823512,20561844,2006655,0,0,0
24 x 2049 B,11,97,2007340,9823904,20561844,2007832,0,0,0
24 x 2049 B,12,97,2004397,9814681,20561844,2004896,0,0,0
24 x 2049 B,13,97,2003045,9808125,20561844,2003533,0,0,0
24 x 2049 B,14,97,2003068,9808632,20561844,2003573,0,0,0
24 x 2049 B,15,97,2006718,9821118,20561844,2007212,0,0,0
24 x 2049 B,16,97,2003868,9812386,20561844,2004388,0,0,0
24 x 2049 B,17,97,2003923,9812176,20561844,2004416,0,0,0
24 x 2049 B,18,97,2005394,9819913,20561844,2005887,0,0,0
24 x 2049 B,19,97,2008157,9828158,20561844,2008668,0,0,0
24 x 2049 B,20,97,2002133,9803648,20561844,2002633,0,0,0
24 x 2049 B,21,97,2004355,9814493,20561844,2004854,0,0,0
24 x 2049 B,22,97,2005162,9814738,20561844,2005667,0,0,0
24 x 2049 B,23,97,2005616,9816121,20561844,2006104,0,0,0
24 x 2049 B,24,97,2001629,9801795,20561844,2002115,0,0,0
24 x 2049 B,25,97,2005305,9818594,20561844,2005847,0,0,0
24 x 2049 B,26,97,2005437,9819401,20561844,2005992,0,0,0
24 x 2049 B,27,97,2009854,9833335,20561844,2010552,0,0,0
24 x 2049 B,28,97,2014332,9824217,20561844,2010313,0,0,0
24 x 2049 B,29,97,2011245,9841300,20561844,2011928,0,0,0
24 x 2049 B,30,97,2010528,9840252,20561844,2011140,0,0,0
24 x 2049 B,31,97,2012059,9842374,20561844,2013132,0,0,0
64 x 2049 B,0,37,2045710,9976946,20907364,2041344,0,0,0
64 x 2049 B,1,37,2043034,10001794,20907364,2043524,0,0,0
64 x 2049 B,2,37,2042637,10001672,20907364,2043135,0,0,0
64 x 2049 B,3,37,2038565,9973781,20907364,2039093,0,0,0
64 x 2049 B,4,37,2038071,9976931,20907364,2038571,0,0,0
64 x 2049 B,5,37,2040532,9976370,20907365,2041078,0,0,0
64 x 2049 B,6,37,2036640,9967788,20907364,2037145,0,0,0
64 x 2049 B,7,37,2041536,9992696,20907364,2042040,0,0,0
64 x 2049 B,8,37,2037713,9977403,20907364,2038216,0,0,0
64 x 2049 B,9,37,2038071,9980560,20907364,2038582,0,0,0
64 x 2049 B,10,37,2399235,9972277,20907364,2399731,0,0,0
64 x 2049 B,11,37,2038323,9979002,20907364,2039060,0,0,0
64 x 2049 B,12,37,2038247,9978421,20907364,2038745,0,0,0
64 x 2049 B,13,37,2038101,9979730,20907364,2038605,0,0,0
64 x 2049 B,14,37,2041961,9999369,20907364,2042466,0,0,0
64 x 2049 B,15,37,2038261,9981386,20907364,2038752,0,0,0
64 x 2049 B,16,37,2038015,9980678,20907364,2038513,0,0,0
64 x 2049 B,17,37,2044032,10009971,20907364,2044532,0,0,0
64 x 2049 B,18,37,2042555,10002310,20907364,2043050,0,0,0
64 x 2049 B,19,37,2044442,10008874,20907364,2044944,0,0,0
64 x 2049 B,20,37,2038347,9973831,20907365,2038843,0,0,0
64 x 2049 B,21,37,2035122,9966932,20907364,2035619,0,0,0
64 x 2049 B,22,37,2038779,9983278,20907364,2039280,0,0,0
64 x 2049 B,23,37,2036423,9973071,20907364,2036916,0,0,0
64 x 2049 B,24,37,2036311,9971156,20907364,2036818,0,0,0
64 x 2049 B,25,37,2034922,9965960,20907364,2035414,0,0,0
64 x 2049 B,26,37,2038331,9973898,20907364,2038825,0,0,0
64 x 2049 B,27,37,2045299,9968941,20907364,2037801,0,0,0
64 x 2049 B,28,37,2038089,9979817,20907364,2038586,0,0,0
64 x 2049 B,29,37,2037127,9976704,20907364,2037628,0,0,0
64 x 2049 B,30,37,2041089,9995021,20907364,2041595,0,0,0
64 x 2049 B,31,37,2038249,9977862,20907364,2038749,0,0,0
128 x 2049 B,0,19,2100395,10282594,21470024,2101117,0,0,0
128 x 2049 B,1,19,2116448,10362076,21470024,2117072,0,0,0
128 x 2049 B,2,19,2098388,10264135,21470025,2099083,0,0,0
128 x 2049 B,3,19,2095201,10257390,21470024,2095856,0,0,0
128 x 2049 B,4,19,2096106,10249202,21470024,2097196,0,0,0
128 x 2049 B,5,19,2099074,10262305,21470024,2099602,0,0,0
128 x 2049 B,6,19,2099482,10236035,21470024,2094332,0,0,0
128 x 2049 B,7,19,2091376,10236234,21470024,2091880,0,0,0
128 x 2049 B,8,19,2093874,10252869,21470024,2094366,0,0,0
128 x 2049 B,9,19,2093103,10246039,21470024,2093602,0,0,0
128 x 2049 B,10,19,2465738,10256080,21470025,2466245,0,0,0
128 x 2049 B,11,19,2094641,10254385,21470024,2095146,0,0,0
128 x 2049 B,12,19,2091929,10243861,21470024,2092424,0,0,0
128 x 2049 B,13,19,2095800,10254523,21470024,2096304,0,0,0
128 x 2049 B,14,19,2091195,10239820,21470024,2091703,0,0,0
128 x 2049 B,15,19,2094988,10258004,21470024,2095489,0,0,0
128 x 2049 B,16,19,2092416,10246936,21470024,2092903,0,0,0
128 x 2049 B,17,19,2090577,10238138,21470024,2091100,0,0,0
128 x 2049 B,18,19,2093846,10247964,21470024,2094334,0,0,0
128 x 2049 B,19,19,2093741,10245382,21470025,2094242,0,0,0
128 x 2049 B,20,19,2092323,10240603,21470024,2092824,0,0,0
128 x 2049 B,21,19,2099851,10264574,21470024,2100353,0,0,0
128 x 2049 B,22,19,2123333,10244093,21470024,2123879,0,0,0
128 x 2049 B,23,19,2099150,10238719,21470024,2094963,0,0,0
128 x 2049 B,24,19,2093315,10247762,21470024,2093822,0,0,0
128 x 2049 B,25,19,2090571,10236540,21470024,2091065,0,0,0
128 x 2049 B,26,19,2092562,10245677,21470024,2093061,0,0,0
128 x 2049 B,27,19,2098718,10274438,21470024,2099216,0,0,0
128 x 2049 B,28,19,2094545,10258155,21470024,2095037,0,0,0
128 x 2049 B,29,19,2095824,10257316,21470025,2096310,0,0,0
128 x 2049 B,30,19,2091627,10242854,21470024,2092126,0,0,0
128 x 2049 B,31,19,2093401,10251126,21470024,2093911,0,0,0
129 x 2049 B,0,18,1996627,9775007,20498928,1997141,0,0,0
129 x 2049 B,1,18,2003172,9809603,20498928,2003669,0,0,0
129 x 2049 B,2,18,1998315,9784903,20498928,1998803,0,0,0
129 x 2049 B,3,18,1998494,9786389,20498928,1998990,0,0,0
129 x 2049 B,4,18,1994740,9767176,20498928,1995239,0,0,0
129 x 2049 B,5,18,1996638,9775988,20498928,1997197,0,0,0
129 x 2049 B,6,18,1999306,9781778,20498928,1999992,0,0,0
129 x 2049 B,7,18,1998062,9780558,20498928,1998673,0,0,0
129 x 2049 B,8,18,1999933,9787316,20498928,2000604,0,0,0
129 x 2049 B,9,18,2005945,9804905,20498928,2007596,0,0,0
129 x 2049 B,10,18,2000843,9783116,20498928,2001803,0,0,0
129 x 2049 B,11,18,2003897,9781411,20498928,2002419,0,0,0
129 x 2049 B,12,18,2010832,9800740,20498928,2006260,0,0,0
129 x 2049 B,13,18,2020854,9888395,20498928,2021425,0,0,0
129 x 2049 B,14,18,1996562,9773991,20498928,1997126,0,0,0
129 x 2049 B,15,18,1999765,9791401,20498928,2000255,0,0,0
129 x 2049 B,16,18,1996896,9778875,20498928,1997395,0,0,0
129 x 2049 B,17,18,2367113,9783220,20498928,2367617,0,0,0
129 x 2049 B,18,18,1998858,9784884,20498928,1999350,0,0,0
129 x 2049 B,19,18,1996728,9776983,20498928,1997227,0,0,0
129 x 2049 B,20,18,2002425,9801382,20498928,2002923,0,0,0
129 x 2049 B,21,18,1999973,9793483,20498928,2000477,0,0,0
129 x 2049 B,22,18,2000354,9795371,20498928,2000844,0,0,0
129 x 2049 B,23,18,1999897,9794051,20498928,2000390,0,0,0
129 x 2049 B,24,18,1997897,9780241,20498928,1998391,0,0,0
129 x 2049 B,25,18,1998281,9785385,20498928,1998785,0,0,0
129 x 2049 B,26,18,1997959,9783490,20498928,1998460,0,0,0
129 x 2049 B,27,18,1998489,9785505,20498928,1998992,0,0,0
129 x 2049 B,28,18,1998579,9784578,20498928,1999076,0,0,0
129 x 2049 B,29,18,1996240,9773144,20498928,1996745,0,0,0
129 x 2049 B,30,18,1998164,9784656,20498928,1998658,0,0,0
129 x 2049 B,31,18,1998074,9784519,20498928,1998567,0,0,0
1024 x 2049 B,0,3,2673831,13088599,27117288,2675020,0,0,0
1024 x 2049 B,1,3,2675171,13088210,27117289,2675986,0,0,0
1024 x 2049 B,2,3,2703392,13225723,27117289,2704201,0,0,0
1024 x 2049 B,3,3,2677586,13108101,27117288,2678431,0,0,0
1024 x 2049 B,4,3,2674899,13086693,27117289,2675738,0,0,0
1024 x 2049 B,5,3,2674568,13081687,27117289,2675307,0,0,0
1024 x 2049 B,6,3,2679543,13119188,27117288,2680522,0,0,0
1024 x 2049 B,7,3,2679724,13113941,27117289,2680536,0,0,0
1024 x 2049 B,8,3,2706190,13237680,27117289,2707017,0,0,0
1024 x 2049 B,9,3,2703899,13235842,27117288,2704870,0,0,0
1024 x 2049 B,10,3,2667266,13038989,27117289,2668289,0,0,0
1024 x 2049 B,11,3,2666028,13028748,27117289,2667061,0,0,0
1024 x 2049 B,12,3,2697481,13187825,27117288,2698710,0,0,0
1024 x 2049 B,13,3,2671731,12972868,27117289,2662727,0,0,0
1024 x 2049 B,14,3,2668265,13051654,27117289,2668954,0,0,0
1024 x 2049 B,15,3,2652529,12984755,27117288,2653234,0,0,0
1024 x 2049 B,16,3,2655923,12989860,27117289,2656641,0,0,0
1024 x 2049 B,17,3,2651619,12971341,27117289,2652262,0,0,0
1024 x 2049 B,18,3,3022277,12973785,27117289,3023046,0,0,0
1024 x 2049 B,19,3,2651053,12975359,27117288,2652011,0,0,0
1024 x 2049 B,20,3,2691297,13143499,27117289,2692499,0,0,0
1024 x 2049 B,21,3,2674534,13068117,27117295,2675955,0,0,0
1024 x 2049 B,22,3,2727665,13297445,27117295,2729338,0,0,0
1024 x 2049 B,23,3,2659943,12983430,27117288,2658538,0,0,0
1024 x 2049 B,24,3,2664560,12975567,27117289,2658293,0,0,0
1024 x 2049 B,25,3,2657527,13008810,27117288,2658248,0,0,0
1024 x 2049 B,26,3,2655523,13000432,27117288,2656423,0,0,0
1024 x 2049 B,27,3,2660277,13004127,27117289,2660941,0,0,0
1024 x 2049 B,28,3,2653188,12986158,27117288,2653921,0,0,0
1024 x 2049 B,29,3,2657717,13004614,27117289,2658400,0,0,0
1024 x 2049 B,30,3,3024667,12997208,27117289,3025358,0,0,0
1024 x 2049 B,31,3,2653990,12983339,27117289,2654688,0,0,0
