point,sample,calls,wall_ns,p_cycles,p_instructions,p_ns,e_cycles,e_instructions,e_ns
1 x 64 B,0,28011,1277527,6245667,21624857,1278089,0,0,0
1 x 64 B,1,28011,1287145,6279529,21624857,1287647,0,0,0
1 x 64 B,2,28011,1284192,6255600,21624858,1284696,0,0,0
1 x 64 B,3,28011,1287920,6306451,21624857,1288426,0,0,0
1 x 64 B,4,28011,1273655,6239076,21624857,1274139,0,0,0
1 x 64 B,5,28011,1282991,6271608,21624858,1283493,0,0,0
1 x 64 B,6,28011,1277073,6255183,21624857,1277588,0,0,0
1 x 64 B,7,28011,1276957,6254679,21624857,1277442,0,0,0
1 x 64 B,8,28011,1282320,6280735,21624857,1282818,0,0,0
1 x 64 B,9,28011,1327081,6487417,21624858,1327591,0,0,0
1 x 64 B,10,28011,1329832,6513558,21624857,1330384,0,0,0
1 x 64 B,11,28011,1279961,6269536,21624857,1280479,0,0,0
1 x 64 B,12,28011,1282900,6277135,21624858,1283414,0,0,0
1 x 64 B,13,28011,1275614,6248504,21624857,1276095,0,0,0
1 x 64 B,14,28011,1280880,6273946,21624857,1281382,0,0,0
1 x 64 B,15,28011,1274112,6240991,21624857,1274589,0,0,0
1 x 64 B,16,28011,1280075,6265901,21624858,1280570,0,0,0
1 x 64 B,17,28011,1277995,6260107,21624857,1278534,0,0,0
1 x 64 B,18,28011,1278896,6264449,21624857,1279383,0,0,0
1 x 64 B,19,28011,1281312,6272089,21624858,1281808,0,0,0
1 x 64 B,20,28011,1283397,6286594,21624857,1283911,0,0,0
1 x 64 B,21,28011,1278546,6259686,21624857,1279034,0,0,0
1 x 64 B,22,28011,1278170,6259087,21624857,1278670,0,0,0
1 x 64 B,23,28011,1282938,6279724,21624858,1283433,0,0,0
1 x 64 B,24,28011,1277038,6252660,21624857,1277529,0,0,0
1 x 64 B,25,28011,1277176,6256080,21624857,1277681,0,0,0
1 x 64 B,26,28011,1277956,6259743,21624857,1278437,0,0,0
1 x 64 B,27,28011,1279605,6263335,21624858,1280098,0,0,0
1 x 64 B,28,28011,1278900,6264124,21624857,1279408,0,0,0
1 x 64 B,29,28011,1293055,6333923,21624857,1293537,0,0,0
1 x 64 B,30,28011,1280497,6266627,21624858,1281003,0,0,0
1 x 64 B,31,28011,1277830,6258633,21624857,1278330,0,0,0
3 x 64 B,0,18065,1596214,7797576,21100286,1596775,0,0,0
3 x 64 B,1,18065,1611838,7812875,21100285,1599075,0,0,0
3 x 64 B,2,18065,1595067,7808796,21100286,1595579,0,0,0
3 x 64 B,3,18065,1596312,7820286,21100285,1596843,0,0,0
3 x 64 B,4,18065,1596814,7818226,21100286,1597321,0,0,0
3 x 64 B,5,18065,1594962,7808724,21100286,1595471,0,0,0
3 x 64 B,6,18065,1593154,7804666,21100285,1593632,0,0,0
3 x 64 B,7,18065,1598532,7817429,21100286,1599048,0,0,0
3 x 64 B,8,18065,1596572,7820607,21100285,1597082,0,0,0
3 x 64 B,9,18065,1595768,7813286,21100286,1596274,0,0,0
3 x 64 B,10,18065,1595330,7809248,21100286,1595863,0,0,0
3 x 64 B,11,18065,1595542,7816572,21100285,1596292,0,0,0
3 x 64 B,12,18065,1597028,7818484,21100286,1597535,0,0,0
3 x 64 B,13,18065,1594262,7803456,21100285,1594866,0,0,0
3 x 64 B,14,18065,1598297,7816764,21100286,1598829,0,0,0
3 x 64 B,15,18065,1595130,7813806,21100285,1595877,0,0,0
3 x 64 B,16,18065,1602095,7812819,21100286,1602644,0,0,0
3 x 64 B,17,18065,1597574,7811486,21100286,1598185,0,0,0
3 x 64 B,18,18065,1598008,7823058,21100285,1598719,0,0,0
3 x 64 B,19,18065,1595388,7806253,21100286,1596077,0,0,0
3 x 64 B,20,18065,1599946,7812719,21100285,1600923,0,0,0
3 x 64 B,21,18065,1601545,7828248,21100286,1602432,0,0,0
3 x 64 B,22,18065,1605338,7819532,21100286,1603139,0,0,0
3 x 64 B,23,18065,1604476,7796955,21100285,1595152,0,0,0
3 x 64 B,24,18065,1596600,7808614,21100286,1597142,0,0,0
3 x 64 B,25,18065,1593451,7806213,21100285,1593944,0,0,0
3 x 64 B,26,18065,1623743,7816480,21100286,1624260,0,0,0
3 x 64 B,27,18065,1602175,7818503,21100286,1600067,0,0,0
3 x 64 B,28,18065,1610953,7822339,21100285,1611481,0,0,0
3 x 64 B,29,18065,1597930,7803332,21100286,1598461,0,0,0
3 x 64 B,30,18065,1597281,7817304,21100286,1597816,0,0,0
3 x 64 B,31,18065,1598021,7814449,21100285,1598508,0,0,0
4 x 64 B,0,22996,1555223,7597031,28699374,1555763,0,0,0
4 x 64 B,1,22996,1551089,7597584,28699373,1551614,0,0,0
4 x 64 B,2,22996,1550585,7590513,28699374,1551105,0,0,0
4 x 64 B,3,22996,1551522,7587514,28699373,1552012,0,0,0
4 x 64 B,4,22996,1550226,7588696,28699374,1550724,0,0,0
4 x 64 B,5,22996,1548728,7586778,28699373,1549236,0,0,0
4 x 64 B,6,22996,1553032,7591009,28699374,1553544,0,0,0
4 x 64 B,7,22996,1616529,7591802,28699374,1554272,0,0,0
4 x 64 B,8,22996,1547183,7579575,28699373,1547673,0,0,0
4 x 64 B,9,22996,1553829,7596098,28699374,1554349,0,0,0
4 x 64 B,10,22996,1551666,7583645,28699373,1552194,0,0,0
4 x 64 B,11,22996,1552728,7601367,28699374,1553254,0,0,0
4 x 64 B,12,22996,1547871,7582361,28699373,1548369,0,0,0
4 x 64 B,13,22996,1549887,7585581,28699374,1550441,0,0,0
4 x 64 B,14,22996,1552422,7597635,28699373,1552985,0,0,0
4 x 64 B,15,22996,1553682,7600896,28699374,1554235,0,0,0
4 x 64 B,16,22996,1555148,7606927,28699374,1555781,0,0,0
4 x 64 B,17,22996,1548791,7586843,28699373,1549314,0,0,0
4 x 64 B,18,22996,1552440,7595645,28699374,1552983,0,0,0
4 x 64 B,19,22996,1553653,7608028,28699373,1554267,0,0,0
4 x 64 B,20,22996,1552558,7595981,28699374,1553079,0,0,0
4 x 64 B,21,22996,1552534,7602376,28699373,1553044,0,0,0
4 x 64 B,22,22996,1552679,7599491,28699374,1553259,0,0,0
4 x 64 B,23,22996,1550450,7592499,28699373,1550972,0,0,0
4 x 64 B,24,22996,1550824,7592207,28699374,1551346,0,0,0
4 x 64 B,25,22996,1550262,7587527,28699374,1550790,0,0,0
4 x 64 B,26,22996,1549623,7590800,28699373,1550129,0,0,0
4 x 64 B,27,22996,1553835,7606667,28699374,1554370,0,0,0
4 x 64 B,28,22996,1550257,7591732,28699373,1550793,0,0,0
4 x 64 B,29,22996,1551477,7592224,28699374,1552006,0,0,0
4 x 64 B,30,22996,1549457,7587979,28699373,1550031,0,0,0
4 x 64 B,31,22996,1550723,7589782,28699374,1551246,0,0,0
6 x 64 B,0,15000,1645925,8055030,25770366,1646717,0,0,0
6 x 64 B,1,15000,1647720,8069484,25770365,1648409,0,0,0
6 x 64 B,2,15000,1648259,8064258,25770366,1649019,0,0,0
6 x 64 B,3,15000,1649423,8079548,25770365,1650077,0,0,0
6 x 64 B,4,15000,1649162,8066813,25770366,1650038,0,0,0
6 x 64 B,5,15000,1657563,8054272,25770366,1655204,0,0,0
6 x 64 B,6,15000,1648162,8048090,25770365,1646850,0,0,0
6 x 64 B,7,15000,1646602,8057511,25770366,1647154,0,0,0
6 x 64 B,8,15000,1649311,8071038,25770366,1649867,0,0,0
6 x 64 B,9,15000,1648447,8073415,25770365,1648940,0,0,0
6 x 64 B,10,15000,1649805,8072518,25770366,1650351,0,0,0
6 x 64 B,11,15000,1646998,8061377,25770366,1647498,0,0,0
6 x 64 B,12,15000,1644008,8054109,25770365,1644509,0,0,0
6 x 64 B,13,15000,1645477,8053608,25770366,1645978,0,0,0
6 x 64 B,14,15000,1646360,8052908,25770366,1646858,0,0,0
6 x 64 B,15,15000,1645187,8055587,25770365,1645684,0,0,0
6 x 64 B,16,15000,1649195,8072905,25770366,1649706,0,0,0
6 x 64 B,17,15000,1650465,8073903,25770366,1650971,0,0,0
6 x 64 B,18,15000,1649138,8074828,25770365,1649639,0,0,0
6 x 64 B,19,15000,1644578,8051218,25770366,1645082,0,0,0
6 x 64 B,20,15000,1647503,8060680,25770366,1648003,0,0,0
6 x 64 B,21,15000,1675060,8053421,25770365,1675545,0,0,0
6 x 64 B,22,15000,1646654,8061793,25770366,1647158,0,0,0
6 x 64 B,23,15000,1646170,8064164,25770365,1646669,0,0,0
6 x 64 B,24,15000,1645817,8057840,25770366,1646318,0,0,0
6 x 64 B,25,15000,1651342,8081879,25770366,1651847,0,0,0
6 x 64 B,26,15000,1642137,8044721,25770365,1642615,0,0,0
6 x 64 B,27,15000,1644674,8051481,25770366,1645176,0,0,0
6 x 64 B,28,15000,1646716,8062181,25770366,1647217,0,0,0
6 x 64 B,29,15000,1642581,8046668,25770365,1643082,0,0,0
6 x 64 B,30,15000,1647293,8063411,25770366,1647803,0,0,0
6 x 64 B,31,15000,1643616,8047824,25770366,1644116,0,0,0
8 x 64 B,0,17420,1721596,8431953,26600705,1722142,0,0,0
8 x 64 B,1,17420,1724528,8441169,26600706,1725091,0,0,0
8 x 64 B,2,17420,1724289,8442697,26600706,1724797,0,0,0
8 x 64 B,3,17420,1724170,8442158,26600706,1724673,0,0,0
8 x 64 B,4,17420,1725205,8451532,26600705,1725713,0,0,0
8 x 64 B,5,17420,1723382,8437910,26600706,1723878,0,0,0
8 x 64 B,6,17420,1724995,8443194,26600706,1725500,0,0,0
8 x 64 B,7,17420,1721969,8435748,26600705,1722468,0,0,0
8 x 64 B,8,17420,1724841,8443771,26600706,1725344,0,0,0
8 x 64 B,9,17420,1723285,8437576,26600706,1723777,0,0,0
8 x 64 B,10,17420,1724373,8443134,26600706,1724874,0,0,0
8 x 64 B,11,17420,1725327,8432872,26600705,1725838,0,0,0
8 x 64 B,12,17420,1724438,8438753,26600706,1724942,0,0,0
8 x 64 B,13,17420,1725818,8446843,26600706,1726360,0,0,0
8 x 64 B,14,17420,1723904,8438241,26600706,1724583,0,0,0
8 x 64 B,15,17420,1723518,8439787,26600705,1724111,0,0,0
8 x 64 B,16,17420,1726599,8448928,26600706,1727364,0,0,0
8 x 64 B,17,17420,1727310,8450643,26600706,1727967,0,0,0
8 x 64 B,18,17420,1724209,8442498,26600705,1724829,0,0,0
8 x 64 B,19,17420,1741112,8435554,26600706,1731909,0,0,0
8 x 64 B,20,17420,1725846,8441727,26600706,1726504,0,0,0
8 x 64 B,21,17420,1733732,8440460,26600706,1726999,0,0,0
8 x 64 B,22,17420,1719327,8422808,26600705,1719806,0,0,0
8 x 64 B,23,17420,1723681,8440143,26600706,1724161,0,0,0
8 x 64 B,24,17420,1723124,8433519,26600706,1723605,0,0,0
8 x 64 B,25,17420,1724407,8441552,26600706,1724901,0,0,0
8 x 64 B,26,17420,1722648,8438526,26600705,1723134,0,0,0
8 x 64 B,27,17420,1722666,8435443,26600706,1723155,0,0,0
8 x 64 B,28,17420,1726643,8452220,26600706,1727198,0,0,0
8 x 64 B,29,17420,1722154,8435669,26600705,1722624,0,0,0
8 x 64 B,30,17420,1725754,8444882,26600706,1726287,0,0,0
8 x 64 B,31,17420,1724125,8436589,26600706,1724622,0,0,0
12 x 64 B,0,11228,1789730,8759597,28216330,1790247,0,0,0
12 x 64 B,1,11228,1788244,8760316,28216329,1788727,0,0,0
12 x 64 B,2,11228,1790381,8766005,28216330,1790883,0,0,0
12 x 64 B,3,11228,1791045,8769783,28216330,1791543,0,0,0
12 x 64 B,4,11228,1789856,8764446,28216330,1790348,0,0,0
12 x 64 B,5,11228,1791590,8768414,28216330,1792095,0,0,0
12 x 64 B,6,11228,1788509,8759822,28216329,1788986,0,0,0
12 x 64 B,7,11228,1791674,8767623,28216330,1792166,0,0,0
12 x 64 B,8,11228,1790599,8767977,28216330,1791108,0,0,0
12 x 64 B,9,11228,1789225,8757422,28216330,1789711,0,0,0
12 x 64 B,10,11228,1790410,8767243,28216330,1790915,0,0,0
12 x 64 B,11,11228,1788555,8763067,28216329,1789051,0,0,0
12 x 64 B,12,11228,1792444,8776062,28216330,1792997,0,0,0
12 x 64 B,13,11228,1790440,8763406,28216330,1790952,0,0,0
12 x 64 B,14,11228,1790104,8764615,28216330,1790608,0,0,0
12 x 64 B,15,11228,1791377,8766871,28216330,1791891,0,0,0
12 x 64 B,16,11228,1786913,8754749,28216329,1787388,0,0,0
12 x 64 B,17,11228,1790756,8769031,28216330,1791245,0,0,0
12 x 64 B,18,11228,1790494,8768362,28216330,1790989,0,0,0
12 x 64 B,19,11228,1791030,8769818,28216330,1791528,0,0,0
12 x 64 B,20,11228,1789663,8763175,28216330,1790166,0,0,0
12 x 64 B,21,11228,1789300,8766284,28216329,1789799,0,0,0
12 x 64 B,22,11228,1795593,8754440,28216330,1791538,0,0,0
12 x 64 B,23,11228,1789129,8761460,28216330,1789634,0,0,0
12 x 64 B,24,11228,1791511,8765437,28216330,1792016,0,0,0
12 x 64 B,25,11228,1788583,8762223,28216329,1789066,0,0,0
12 x 64 B,26,11228,1791014,8763603,28216330,1791741,0,0,0
12 x 64 B,27,11228,1790441,8763806,28216330,1790973,0,0,0
12 x 64 B,28,11228,1790989,8767251,28216330,1791761,0,0,0
12 x 64 B,29,11228,1790577,8761510,28216330,1791265,0,0,0
12 x 64 B,30,11228,1790275,8765518,28216329,1790871,0,0,0
12 x 64 B,31,11228,1794249,8777227,28216330,1795276,0,0,0
16 x 64 B,0,9471,1818847,8861522,26424456,1813329,0,0,0
16 x 64 B,1,9471,1813211,8873641,26424456,1813730,0,0,0
16 x 64 B,2,9471,1813284,8875282,26424456,1813797,0,0,0
16 x 64 B,3,9471,1812195,8873339,26424456,1812700,0,0,0
16 x 64 B,4,9471,1808775,8859630,26424455,1809255,0,0,0
16 x 64 B,5,9471,1810730,8865168,26424456,1811219,0,0,0
16 x 64 B,6,9471,1813078,8873880,26424456,1813596,0,0,0
16 x 64 B,7,9471,1811339,8867493,26424456,1811836,0,0,0
16 x 64 B,8,9471,1812418,8874533,26424456,1812918,0,0,0
16 x 64 B,9,9471,1810592,8864460,26424455,1811093,0,0,0
16 x 64 B,10,9471,1811297,8869981,26424456,1811797,0,0,0
16 x 64 B,11,9471,1810857,8867801,26424456,1811352,0,0,0
16 x 64 B,12,9471,1811108,8869119,26424456,1811610,0,0,0
16 x 64 B,13,9471,1810265,8865431,26424456,1810762,0,0,0
16 x 64 B,14,9471,1808537,8860675,26424455,1809008,0,0,0
16 x 64 B,15,9471,1812270,8870581,26424456,1812777,0,0,0
16 x 64 B,16,9471,1810127,8863359,26424456,1810624,0,0,0
16 x 64 B,17,9471,1811951,8869276,26424456,1812449,0,0,0
16 x 64 B,18,9471,1808849,8857874,26424456,1809338,0,0,0
16 x 64 B,19,9471,1811412,8870259,26424456,1811906,0,0,0
16 x 64 B,20,9471,1809220,8864083,26424455,1809726,0,0,0
16 x 64 B,21,9471,1811137,8869310,26424456,1811637,0,0,0
16 x 64 B,22,9471,1811484,8870596,26424456,1811989,0,0,0
16 x 64 B,23,9471,1811211,8868908,26424456,1811716,0,0,0
16 x 64 B,24,9471,1843046,8870721,26424456,1843550,0,0,0
16 x 64 B,25,9471,1809639,8864015,26424455,1810130,0,0,0
16 x 64 B,26,9471,1812138,8873795,26424456,1812638,0,0,0
16 x 64 B,27,9471,1810303,8865087,26424456,1810802,0,0,0
16 x 64 B,28,9471,1811548,8867294,26424456,1812042,0,0,0
16 x 64 B,29,9471,1810633,8866827,26424456,1811135,0,0,0
16 x 64 B,30,9471,1810363,8869481,26424455,1810862,0,0,0
16 x 64 B,31,9471,1812426,8873980,26424456,1812926,0,0,0
24 x 64 B,0,6681,1894316,9273057,27078459,1894865,0,0,0
24 x 64 B,1,6681,1894740,9276105,27078459,1895235,0,0,0
24 x 64 B,2,6681,1894383,9276133,27078459,1894879,0,0,0
24 x 64 B,3,6681,1893673,9272566,27078459,1894229,0,0,0
24 x 64 B,4,6681,1895701,9279851,27078459,1896399,0,0,0
24 x 64 B,5,6681,1896464,9275180,27078459,1896966,0,0,0
24 x 64 B,6,6681,1915049,9281084,27078459,1915922,0,0,0
24 x 64 B,7,6681,1890924,9262337,27078458,1891536,0,0,0
24 x 64 B,8,6681,1898403,9289435,27078459,1899031,0,0,0
24 x 64 B,9,6681,1897020,9276093,27078459,1897792,0,0,0
24 x 64 B,10,6681,1901774,9278568,27078459,1899950,0,0,0
24 x 64 B,11,6681,1900855,9265536,27078459,1896131,0,0,0
24 x 64 B,12,6681,1898096,9281731,27078459,1898600,0,0,0
24 x 64 B,13,6681,1894430,9275168,27078459,1894922,0,0,0
24 x 64 B,14,6681,1896753,9280774,27078459,1897267,0,0,0
24 x 64 B,15,6681,1893339,9271116,27078459,1893840,0,0,0
24 x 64 B,16,6681,1896390,9284505,27078459,1896887,0,0,0
24 x 64 B,17,6681,2274461,9274252,27078459,2274983,0,0,0
24 x 64 B,18,6681,1894955,9278991,27078459,1895482,0,0,0
24 x 64 B,19,6681,1892323,9266382,27078459,1892843,0,0,0
24 x 64 B,20,6681,1894976,9276773,27078459,1895498,0,0,0
24 x 64 B,21,6681,1893268,9275584,27078458,1893778,0,0,0
24 x 64 B,22,6681,1894250,9276502,27078459,1894769,0,0,0
24 x 64 B,23,6681,1895611,9281012,27078459,1896163,0,0,0
24 x 64 B,24,6681,1895052,9280560,27078459,1895574,0,0,0
24 x 64 B,25,6681,1893675,9272648,27078459,1894195,0,0,0
24 x 64 B,26,6681,1893006,9270573,27078459,1893518,0,0,0
24 x 64 B,27,6681,1892885,9268604,27078459,1893447,0,0,0
24 x 64 B,28,6681,1894521,9272206,27078459,1895006,0,0,0
24 x 64 B,29,6681,1895048,9276385,27078459,1895566,0,0,0
24 x 64 B,30,6681,1889882,9258671,27078458,1890351,0,0,0
24 x 64 B,31,6681,1895558,9281809,27078459,1896069,0,0,0
64 x 64 B,0,2636,1957869,9586880,27330414,1958427,0,0,0
64 x 64 B,1,2636,1955143,9571059,27330414,1955656,0,0,0
64 x 64 B,2,2636,1956995,9576351,27330414,1957496,0,0,0
64 x 64 B,3,2636,1954037,9569405,27330414,1954545,0,0,0
64 x 64 B,4,2636,1956515,9580047,27330414,1957028,0,0,0
64 x 64 B,5,2636,1954753,9572416,27330414,1955258,0,0,0
64 x 64 B,6,2636,1956675,9582075,27330414,1957175,0,0,0
64 x 64 B,7,2636,1955496,9575559,27330414,1955990,0,0,0
64 x 64 B,8,2636,1957086,9583541,27330414,1957581,0,0,0
64 x 64 B,9,2636,1956218,9576727,27330414,1956712,0,0,0
64 x 64 B,10,2636,1956896,9582535,27330414,1957401,0,0,0
64 x 64 B,11,2636,1955046,9569363,27330414,1955534,0,0,0
64 x 64 B,12,2636,1957624,9583034,27330414,1958115,0,0,0
64 x 64 B,13,2636,1957227,9581630,27330414,1957866,0,0,0
64 x 64 B,14,2636,1961537,9584685,27330414,1962329,0,0,0
64 x 64 B,15,2636,1955539,9572291,27330414,1956264,0,0,0
64 x 64 B,16,2636,1959573,9589106,27330414,1960280,0,0,0
64 x 64 B,17,2636,1966020,9578406,27330414,1964388,0,0,0
64 x 64 B,18,2636,1958542,9567743,27330414,1957607,0,0,0
64 x 64 B,19,2636,1963591,9572260,27330414,1958690,0,0,0
64 x 64 B,20,2636,1955187,9573024,27330414,1955685,0,0,0
64 x 64 B,21,2636,1955781,9577602,27330413,1956304,0,0,0
64 x 64 B,22,2636,1957554,9584833,27330414,1958110,0,0,0
64 x 64 B,23,2636,1956074,9575595,27330414,1956568,0,0,0
64 x 64 B,24,2636,1957948,9574510,27330414,1958461,0,0,0
64 x 64 B,25,2636,1956417,9577793,27330414,1956916,0,0,0
64 x 64 B,26,2636,1955725,9574662,27330414,1956227,0,0,0
64 x 64 B,27,2636,2335938,9589818,27330415,2336448,0,0,0
64 x 64 B,28,2636,1956058,9578434,27330414,1956566,0,0,0
64 x 64 B,29,2636,1956083,9579198,27330414,1956590,0,0,0
64 x 64 B,30,2636,1955329,9579309,27330413,1955847,0,0,0
64 x 64 B,31,2636,1956774,9581673,27330414,1957324,0,0,0
128 x 64 B,0,1334,1979874,9691406,27310014,1980423,0,0,0
128 x 64 B,1,1334,1977728,9685425,27310014,1978258,0,0,0
128 x 64 B,2,1334,1986719,9693886,27310014,1987253,0,0,0
128 x 64 B,3,1334,1989549,9706307,27310014,1990078,0,0,0
128 x 64 B,4,1334,1985481,9696452,27310014,1986010,0,0,0
128 x 64 B,5,1334,1983395,9687783,27310014,1983921,0,0,0
128 x 64 B,6,1334,1985816,9700058,27310014,1986336,0,0,0
128 x 64 B,7,1334,1985799,9693871,27310014,1986326,0,0,0
128 x 64 B,8,1334,1983741,9685410,27310014,1984262,0,0,0
128 x 64 B,9,1334,1986363,9703642,27310014,1986916,0,0,0
128 x 64 B,10,1334,1985986,9699542,27310014,1986512,0,0,0
128 x 64 B,11,1334,1983744,9688523,27310014,1984272,0,0,0
128 x 64 B,12,1334,1983372,9685995,27310014,1983894,0,0,0
128 x 64 B,13,1334,1985223,9697068,27310014,1985750,0,0,0
128 x 64 B,14,1334,1984960,9691545,27310014,1985503,0,0,0
128 x 64 B,15,1334,1984781,9695658,27310014,1985309,0,0,0
128 x 64 B,16,1334,1985381,9696171,27310014,1985905,0,0,0
128 x 64 B,17,1334,1984954,9693131,27310014,1985499,0,0,0
128 x 64 B,18,1334,1985783,9697073,27310014,1986302,0,0,0
128 x 64 B,19,1334,1988375,9701669,27310014,1988973,0,0,0
128 x 64 B,20,1334,1977786,9681300,27310014,1978529,0,0,0
128 x 64 B,21,1334,1984663,9695523,27310014,1985212,0,0,0
128 x 64 B,22,1334,1981072,9689423,27310014,1981888,0,0,0
128 x 64 B,23,1334,1980837,9690425,27310014,1981473,0,0,0
128 x 64 B,24,1334,1980713,9689246,27310014,1981365,0,0,0
128 x 64 B,25,1334,1997985,9688659,27310014,1987508,0,0,0
128 x 64 B,26,1334,1985977,9692363,27310014,1984927,0,0,0
128 x 64 B,27,1334,2015056,9700744,27310014,2014089,0,0,0
128 x 64 B,28,1334,1979500,9689930,27310014,1980023,0,0,0
128 x 64 B,29,1334,1981351,9699211,27310014,1981886,0,0,0
128 x 64 B,30,1334,1979308,9692178,27310014,1979823,0,0,0
128 x 64 B,31,1334,1981684,9699469,27310014,1982200,0,0,0
129 x 64 B,0,1292,1974386,9660364,27218930,1974945,0,0,0
129 x 64 B,1,1292,1972858,9660035,27218930,1973385,0,0,0
129 x 64 B,2,1292,1974411,9665401,27218930,1974934,0,0,0
129 x 64 B,3,1292,2360263,9662982,27218930,2360786,0,0,0
129 x 64 B,4,1292,1974687,9666573,27218930,1975206,0,0,0
129 x 64 B,5,1292,1974057,9666110,27218930,1974582,0,0,0
129 x 64 B,6,1292,1976057,9673067,27218930,1976576,0,0,0
129 x 64 B,7,1292,1973118,9657790,27218930,1973632,0,0,0
129 x 64 B,8,1292,1975389,9670675,27218930,1975905,0,0,0
129 x 64 B,9,1292,1994692,9662609,27218930,1995261,0,0,0
129 x 64 B,10,1292,2007808,9680071,27218930,2008340,0,0,0
129 x 64 B,11,1292,1972683,9658821,27218930,1973226,0,0,0
129 x 64 B,12,1292,1975594,9670639,27218930,1976117,0,0,0
129 x 64 B,13,1292,1974938,9670516,27218930,1975460,0,0,0
129 x 64 B,14,1292,1979742,9668416,27218930,1980266,0,0,0
129 x 64 B,15,1292,2013278,9668939,27218930,2013949,0,0,0
129 x 64 B,16,1292,1983287,9666348,27218930,1983871,0,0,0
129 x 64 B,17,1292,1975036,9669726,27218930,1975575,0,0,0
129 x 64 B,18,1292,1974574,9664557,27218930,1975100,0,0,0
129 x 64 B,19,1292,1974506,9666415,27218930,1975023,0,0,0
129 x 64 B,20,1292,1977452,9680020,27218930,1977972,0,0,0
129 x 64 B,21,1292,1974437,9668223,27218930,1974971,0,0,0
129 x 64 B,22,1292,1975804,9668905,27218930,1976318,0,0,0
129 x 64 B,23,1292,1974275,9666077,27218930,1974795,0,0,0
129 x 64 B,24,1292,1975327,9665982,27218930,1975850,0,0,0
129 x 64 B,25,1292,1974936,9669112,27218930,1975437,0,0,0
129 x 64 B,26,1292,1974817,9665428,27218930,1975329,0,0,0
129 x 64 B,27,1292,1975968,9670492,27218930,1976923,0,0,0
129 x 64 B,28,1292,1988981,9669450,27218930,1989536,0,0,0
129 x 64 B,29,1292,1982440,9662439,27218930,1983188,0,0,0
129 x 64 B,30,1292,1975671,9668690,27218930,1976495,0,0,0
129 x 64 B,31,1292,1979620,9657272,27218930,1980334,0,0,0
1024 x 64 B,0,164,1991530,9699342,26736794,1985679,0,0,0
1024 x 64 B,1,164,1985570,9704683,26736794,1986208,0,0,0
1024 x 64 B,2,164,1989463,9709383,26736794,1990235,0,0,0
1024 x 64 B,3,164,1987786,9707556,26736794,1988313,0,0,0
1024 x 64 B,4,164,1984175,9710465,26736794,1984680,0,0,0
1024 x 64 B,5,164,1982366,9705836,26736794,1982877,0,0,0
1024 x 64 B,6,164,1981008,9693038,26736794,1981511,0,0,0
1024 x 64 B,7,164,1985020,9704580,26736794,1985736,0,0,0
1024 x 64 B,8,164,1983638,9706507,26736794,1984345,0,0,0
1024 x 64 B,9,164,1986085,9713235,26736794,1986732,0,0,0
1024 x 64 B,10,164,1981594,9701227,26736794,1982101,0,0,0
1024 x 64 B,11,164,1983727,9709174,26736794,1984233,0,0,0
1024 x 64 B,12,164,1978991,9689828,26736794,1979496,0,0,0
1024 x 64 B,13,164,1987450,9711663,26736794,1988261,0,0,0
1024 x 64 B,14,164,1988362,9698746,26736794,1987113,0,0,0
1024 x 64 B,15,164,2004063,9704567,26736794,1999628,0,0,0
1024 x 64 B,16,164,1997464,9700307,26736794,1998065,0,0,0
1024 x 64 B,17,164,1984099,9711089,26736794,1984637,0,0,0
1024 x 64 B,18,164,1980829,9698141,26736794,1981353,0,0,0
1024 x 64 B,19,164,1983401,9704434,26736794,1983918,0,0,0
1024 x 64 B,20,164,1979238,9691555,26736794,1979748,0,0,0
1024 x 64 B,21,164,1982969,9704971,26736794,1983491,0,0,0
1024 x 64 B,22,164,1989997,9697530,26736794,1983306,0,0,0
1024 x 64 B,23,164,1985007,9707493,26736794,1985538,0,0,0
1024 x 64 B,24,164,1981311,9695421,26736794,1981822,0,0,0
1024 x 64 B,25,164,1978365,9691967,26736793,1978894,0,0,0
1024 x 64 B,26,164,1981542,9702906,26736794,1982079,0,0,0
1024 x 64 B,27,164,1982270,9706447,26736794,1982794,0,0,0
1024 x 64 B,28,164,1980930,9696862,26736794,1981447,0,0,0
1024 x 64 B,29,164,1983146,9708930,26736794,1983668,0,0,0
1024 x 64 B,30,164,1985266,9721054,26736794,1985800,0,0,0
1024 x 64 B,31,164,1980259,9696685,26736794,1980785,0,0,0
1 x 128 B,0,17183,1593375,7795267,22510096,1593992,0,0,0
1 x 128 B,1,17183,1593069,7796285,22510096,1593603,0,0,0
1 x 128 B,2,17183,1589685,7786412,22510095,1590321,0,0,0
1 x 128 B,3,17183,1594648,7803092,22510096,1595421,0,0,0
1 x 128 B,4,17183,1589461,7781676,22510095,1590105,0,0,0
1 x 128 B,5,17183,1595135,7805968,22510096,1595945,0,0,0
1 x 128 B,6,17183,1594856,7802594,22510096,1595535,0,0,0
1 x 128 B,7,17183,1595346,7790903,22510095,1595919,0,0,0
1 x 128 B,8,17183,1596377,7806837,22510096,1597500,0,0,0
1 x 128 B,9,17183,1593917,7794504,22510095,1594605,0,0,0
1 x 128 B,10,17183,1593072,7788478,22510096,1593599,0,0,0
1 x 128 B,11,17183,1601348,7789066,22510096,1595371,0,0,0
1 x 128 B,12,17183,1590095,7788123,22510095,1590609,0,0,0
1 x 128 B,13,17183,1594380,7804965,22510096,1594926,0,0,0
1 x 128 B,14,17183,1589699,7783171,22510095,1590224,0,0,0
1 x 128 B,15,17183,1591227,7786843,22510096,1591728,0,0,0
1 x 128 B,16,17183,1593544,7797071,22510096,1594067,0,0,0
1 x 128 B,17,17183,1590063,7786272,22510095,1590584,0,0,0
1 x 128 B,18,17183,1591603,7789556,22510096,1592123,0,0,0
1 x 128 B,19,17183,1590352,7786753,22510095,1590877,0,0,0
1 x 128 B,20,17183,1595467,7790999,22510096,1595992,0,0,0
1 x 128 B,21,17183,1590467,7790153,22510095,1590987,0,0,0
1 x 128 B,22,17183,1591862,7787899,22510096,1592409,0,0,0
1 x 128 B,23,17183,1590740,7788446,22510096,1591261,0,0,0
1 x 128 B,24,17183,1590217,7789910,22510095,1590739,0,0,0
1 x 128 B,25,17183,1591172,7790133,22510096,1591689,0,0,0
1 x 128 B,26,17183,1590093,7790057,22510095,1590664,0,0,0
1 x 128 B,27,17183,1592556,7793463,22510096,1593075,0,0,0
1 x 128 B,28,17183,1590781,7788859,22510096,1591317,0,0,0
1 x 128 B,29,17183,1589604,7786701,22510095,1590129,0,0,0
1 x 128 B,30,17183,1590562,7783226,22510096,1591084,0,0,0
1 x 128 B,31,17183,1590562,7791924,22510095,1591083,0,0,0
3 x 128 B,0,13015,1769496,8665073,31561741,1770073,0,0,0
3 x 128 B,1,13015,1771018,8670636,31561741,1771538,0,0,0
3 x 128 B,2,13015,1772888,8679758,31561741,1773393,0,0,0
3 x 128 B,3,13015,1767551,8659096,31561740,1768036,0,0,0
3 x 128 B,4,13015,1770569,8667111,31561741,1771065,0,0,0
3 x 128 B,5,13015,1771397,8668458,31561741,1771910,0,0,0
3 x 128 B,6,13015,1765442,8643681,31561741,1765936,0,0,0
3 x 128 B,7,13015,1771009,8671738,31561741,1771521,0,0,0
3 x 128 B,8,13015,1768287,8663286,31561740,1768786,0,0,0
3 x 128 B,9,13015,1769235,8660054,31561741,1769733,0,0,0
3 x 128 B,10,13015,1769862,8665687,31561741,1770366,0,0,0
3 x 128 B,11,13015,1769968,8663198,31561741,1770472,0,0,0
3 x 128 B,12,13015,1769598,8669372,31561740,1770094,0,0,0
3 x 128 B,13,13015,1768733,8660505,31561741,1769234,0,0,0
3 x 128 B,14,13015,1768846,8660990,31561741,1769348,0,0,0
3 x 128 B,15,13015,1768921,8659503,31561741,1769477,0,0,0
3 x 128 B,16,13015,1770396,8665143,31561741,1770930,0,0,0
3 x 128 B,17,13015,1767904,8658123,31561740,1768637,0,0,0
3 x 128 B,18,13015,1772795,8657586,31561741,1773308,0,0,0
3 x 128 B,19,13015,1775287,8685519,31561741,1776005,0,0,0
3 x 128 B,20,13015,1771692,8668976,31561741,1772376,0,0,0
3 x 128 B,21,13015,1772790,8664334,31561740,1773559,0,0,0
3 x 128 B,22,13015,1774557,8665659,31561741,1775314,0,0,0
3 x 128 B,23,13015,1767509,8651681,31561741,1767996,0,0,0
3 x 128 B,24,13015,1774674,8644337,31561741,1770151,0,0,0
3 x 128 B,25,13015,1775116,8665447,31561740,1775610,0,0,0
3 x 128 B,26,13015,1770643,8662961,31561741,1771128,0,0,0
3 x 128 B,27,13015,1769561,8664555,31561741,1770058,0,0,0
3 x 128 B,28,13015,1771046,8666703,31561741,1771529,0,0,0
3 x 128 B,29,13015,1768475,8659659,31561741,1768965,0,0,0
3 x 128 B,30,13015,1765139,8640713,31561740,1765662,0,0,0
3 x 128 B,31,13015,1778566,8665638,31561741,1779060,0,0,0
4 x 128 B,0,13391,1742353,8530281,30384545,1742891,0,0,0
4 x 128 B,1,13391,1742845,8529082,30384545,1743328,0,0,0
4 x 128 B,2,13391,1738954,8519134,30384544,1739443,0,0,0
4 x 128 B,3,13391,1740806,8524216,30384545,1741302,0,0,0
4 x 128 B,4,13391,1742780,8532960,30384545,1743277,0,0,0
4 x 128 B,5,13391,1742013,8530084,30384545,1742498,0,0,0
4 x 128 B,6,13391,1737863,8513645,30384544,1738352,0,0,0
4 x 128 B,7,13391,1739554,8515374,30384545,1740050,0,0,0
4 x 128 B,8,13391,1743800,8537749,30384545,1744290,0,0,0
4 x 128 B,9,13391,1739794,8516262,30384545,1740274,0,0,0
4 x 128 B,10,13391,1739305,8521008,30384544,1739794,0,0,0
4 x 128 B,11,13391,1741062,8523781,30384545,1741554,0,0,0
4 x 128 B,12,13391,1740986,8525079,30384545,1741466,0,0,0
4 x 128 B,13,13391,1737533,8512116,30384544,1738018,0,0,0
4 x 128 B,14,13391,1739906,8519498,30384545,1740400,0,0,0
4 x 128 B,15,13391,1742057,8529216,30384545,1742545,0,0,0
4 x 128 B,16,13391,1740978,8521842,30384545,1741466,0,0,0
4 x 128 B,17,13391,1739229,8520805,30384544,1739714,0,0,0
4 x 128 B,18,13391,1741434,8524465,30384545,1741921,0,0,0
4 x 128 B,19,13391,1739071,8515916,30384545,1739567,0,0,0
4 x 128 B,20,13391,1740236,8519795,30384545,1740762,0,0,0
4 x 128 B,21,13391,1735308,8501169,30384544,1735777,0,0,0
4 x 128 B,22,13391,1741625,8527440,30384545,1742131,0,0,0
4 x 128 B,23,13391,1741826,8527928,30384545,1742309,0,0,0
4 x 128 B,24,13391,1742613,8528061,30384545,1743116,0,0,0
4 x 128 B,25,13391,1741175,8529944,30384544,1741677,0,0,0
4 x 128 B,26,13391,1741038,8524511,30384545,1741523,0,0,0
4 x 128 B,27,13391,1741495,8524993,30384545,1741977,0,0,0
4 x 128 B,28,13391,1743180,8535408,30384545,1743800,0,0,0
4 x 128 B,29,13391,1741811,8519630,30384544,1742393,0,0,0
4 x 128 B,30,13391,1740404,8515786,30384545,1741028,0,0,0
4 x 128 B,31,13391,1758029,8535297,30384545,1758681,0,0,0
6 x 128 B,0,8244,1785105,8725644,26051406,1786372,0,0,0
6 x 128 B,1,8244,1808509,8720846,26051405,1794534,0,0,0
6 x 128 B,2,8244,1787150,8739532,26051406,1787983,0,0,0
6 x 128 B,3,8244,1789959,8736629,26051406,1788590,0,0,0
6 x 128 B,4,8244,1788500,8723012,26051406,1784843,0,0,0
6 x 128 B,5,8244,1782399,8724252,26051406,1782899,0,0,0
6 x 128 B,6,8244,1782453,8715259,26051405,1782920,0,0,0
6 x 128 B,7,8244,1783043,8728098,26051406,1783544,0,0,0
6 x 128 B,8,8244,1782998,8726752,26051406,1783499,0,0,0
6 x 128 B,9,8244,1782989,8725048,26051406,1783497,0,0,0
6 x 128 B,10,8244,1810589,8731500,26051406,1811078,0,0,0
6 x 128 B,11,8244,1781579,8727350,26051405,1782064,0,0,0
6 x 128 B,12,8244,1781983,8725016,26051406,1782464,0,0,0
6 x 128 B,13,8244,1782468,8726748,26051406,1782980,0,0,0
6 x 128 B,14,8244,1781923,8724411,26051406,1782444,0,0,0
6 x 128 B,15,8244,1780943,8722895,26051405,1781428,0,0,0
6 x 128 B,16,8244,1783669,8727430,26051406,1784199,0,0,0
6 x 128 B,17,8244,1812869,8732387,26051406,1813349,0,0,0
6 x 128 B,18,8244,1782061,8725711,26051406,1782545,0,0,0
6 x 128 B,19,8244,1783184,8730535,26051406,1783662,0,0,0
6 x 128 B,20,8244,1781300,8727081,26051405,1781789,0,0,0
6 x 128 B,21,8244,1785007,8738814,26051406,1785487,0,0,0
6 x 128 B,22,8244,1782569,8728294,26051406,1783061,0,0,0
6 x 128 B,23,8244,1784038,8732610,26051406,1784569,0,0,0
6 x 128 B,24,8244,1784367,8737402,26051406,1784852,0,0,0
6 x 128 B,25,8244,1781988,8728909,26051405,1782472,0,0,0
6 x 128 B,26,8244,1781712,8724072,26051406,1782239,0,0,0
6 x 128 B,27,8244,1783165,8730668,26051406,1783650,0,0,0
6 x 128 B,28,8244,1783436,8730987,26051406,1783915,0,0,0
6 x 128 B,29,8244,1812973,8736979,26051406,1813466,0,0,0
6 x 128 B,30,8244,1780111,8720620,26051405,1780591,0,0,0
6 x 128 B,31,8244,1783061,8731488,26051406,1783552,0,0,0
8 x 128 B,0,9904,1839092,9006467,27662238,1839723,0,0,0
8 x 128 B,1,9904,1841754,9015457,27662238,1842280,0,0,0
8 x 128 B,2,9904,1842348,9017595,27662238,1842863,0,0,0
8 x 128 B,3,9904,1838757,9007893,27662237,1839271,0,0,0
8 x 128 B,4,9904,1844210,9008590,27662238,1842853,0,0,0
8 x 128 B,5,9904,1841799,9014082,27662238,1842334,0,0,0
8 x 128 B,6,9904,1839363,9003314,27662238,1839882,0,0,0
8 x 128 B,7,9904,1842499,9018726,27662238,1843155,0,0,0
8 x 128 B,8,9904,1839095,9001740,27662238,1839856,0,0,0
8 x 128 B,9,9904,1846990,9020562,27662238,1847527,0,0,0
8 x 128 B,10,9904,1838919,9006394,27662237,1839731,0,0,0
8 x 128 B,11,9904,1839881,9004841,27662238,1840622,0,0,0
8 x 128 B,12,9904,1877608,9021420,27662238,1878378,0,0,0
8 x 128 B,13,9904,1843682,9013133,27662238,1844548,0,0,0
8 x 128 B,14,9904,1847122,9007454,27662238,1845652,0,0,0
8 x 128 B,15,9904,1845242,9011567,27662238,1844163,0,0,0
8 x 128 B,16,9904,1839633,9009620,27662237,1840159,0,0,0
8 x 128 B,17,9904,1842110,9013717,27662238,1842646,0,0,0
8 x 128 B,18,9904,1841760,9017314,27662238,1842336,0,0,0
8 x 128 B,19,9904,1844818,9014975,27662238,1845417,0,0,0
8 x 128 B,20,9904,1842395,9018864,27662238,1842930,0,0,0
8 x 128 B,21,9904,1841669,9013503,27662238,1842199,0,0,0
8 x 128 B,22,9904,1843335,9020791,27662238,1843857,0,0,0
8 x 128 B,23,9904,1837389,8998248,27662237,1837927,0,0,0
8 x 128 B,24,9904,1841353,9014104,27662238,1841888,0,0,0
8 x 128 B,25,9904,1840835,9013264,27662238,1841359,0,0,0
8 x 128 B,26,9904,1840407,9007898,27662238,1840944,0,0,0
8 x 128 B,27,9904,1840953,9010496,27662238,1841482,0,0,0
8 x 128 B,28,9904,1840404,9010924,27662238,1840937,0,0,0
8 x 128 B,29,9904,1837488,9001623,27662237,1838025,0,0,0
8 x 128 B,30,9904,1841147,9012407,27662238,1841679,0,0,0
8 x 128 B,31,9904,1842001,9018967,27662238,1842532,0,0,0
12 x 128 B,0,6193,1900665,9306431,29119852,1901213,0,0,0
12 x 128 B,1,6193,1901248,9306699,29119852,1901757,0,0,0
12 x 128 B,2,6193,1901082,9308560,29119852,1901598,0,0,0
12 x 128 B,3,6193,1931092,9311528,29119852,1931695,0,0,0
12 x 128 B,4,6193,1905666,9309182,29119852,1906192,0,0,0
12 x 128 B,5,6193,1909081,9300683,29119852,1902656,0,0,0
12 x 128 B,6,6193,1901507,9311016,29119852,1902008,0,0,0
12 x 128 B,7,6193,1897993,9295653,29119851,1898492,0,0,0
12 x 128 B,8,6193,1900185,9303327,29119852,1900684,0,0,0
12 x 128 B,9,6193,1899633,9300302,29119852,1900169,0,0,0
12 x 128 B,10,6193,1901401,9306426,29119852,1901891,0,0,0
12 x 128 B,11,6193,1901059,9305709,29119852,1901552,0,0,0
12 x 128 B,12,6193,1900522,9305232,29119852,1901018,0,0,0
12 x 128 B,13,6193,1900318,9304741,29119852,1900835,0,0,0
12 x 128 B,14,6193,1900735,9305034,29119852,1901229,0,0,0
12 x 128 B,15,6193,1901064,9306127,29119852,1901564,0,0,0
12 x 128 B,16,6193,1899599,9299248,29119852,1900089,0,0,0
12 x 128 B,17,6193,1897358,9293568,29119851,1897961,0,0,0
12 x 128 B,18,6193,1900413,9299294,29119852,1901171,0,0,0
12 x 128 B,19,6193,1918929,9301494,29119852,1920015,0,0,0
12 x 128 B,20,6193,1902892,9310947,29119852,1903588,0,0,0
12 x 128 B,21,6193,1903244,9314801,29119852,1903880,0,0,0
12 x 128 B,22,6193,1904724,9297624,29119852,1905723,0,0,0
12 x 128 B,23,6193,1908503,9303571,29119852,1907001,0,0,0
12 x 128 B,24,6193,1906948,9296936,29119852,1902557,0,0,0
12 x 128 B,25,6193,1901091,9304153,29119852,1901598,0,0,0
12 x 128 B,26,6193,1899424,9300042,29119852,1899934,0,0,0
12 x 128 B,27,6193,1898072,9298639,29119851,1898574,0,0,0
12 x 128 B,28,6193,1900872,9304803,29119852,1901368,0,0,0
12 x 128 B,29,6193,1900406,9302559,29119852,1900893,0,0,0
12 x 128 B,30,6193,1902936,9301247,29119852,1903423,0,0,0
12 x 128 B,31,6193,1930539,9306330,29119852,1931029,0,0,0
16 x 128 B,0,5248,1918702,9386787,27415918,1919249,0,0,0
16 x 128 B,1,5248,1921612,9389966,27415921,1922118,0,0,0
16 x 128 B,2,5248,1917192,9385157,27415918,1917697,0,0,0
16 x 128 B,3,5248,2285382,9385375,27415918,2285893,0,0,0
16 x 128 B,4,5248,1917717,9387479,27415918,1918217,0,0,0
16 x 128 B,5,5248,1915950,9381120,27415918,1916449,0,0,0
16 x 128 B,6,5248,1917629,9390009,27415918,1918127,0,0,0
16 x 128 B,7,5248,1917862,9387866,27415918,1918384,0,0,0
16 x 128 B,8,5248,1917380,9385461,27415918,1917883,0,0,0
16 x 128 B,9,5248,1916393,9383551,27415918,1916904,0,0,0
16 x 128 B,10,5248,1916325,9383161,27415918,1916826,0,0,0
16 x 128 B,11,5248,1916035,9379319,27415918,1916530,0,0,0
16 x 128 B,12,5248,1914597,9376573,27415917,1915102,0,0,0
16 x 128 B,13,5248,1918522,9393989,27415918,1919018,0,0,0
16 x 128 B,14,5248,1916830,9386312,27415918,1917321,0,0,0
16 x 128 B,15,5248,1916866,9383611,27415918,1917365,0,0,0
16 x 128 B,16,5248,1917528,9386365,27415918,1918034,0,0,0
16 x 128 B,17,5248,1917473,9389281,27415918,1917980,0,0,0
16 x 128 B,18,5248,1916263,9382912,27415918,1916785,0,0,0
16 x 128 B,19,5248,1917395,9377633,27415918,1917918,0,0,0
16 x 128 B,20,5248,1958916,9385996,27415918,1959428,0,0,0
16 x 128 B,21,5248,1922254,9390864,27415918,1922758,0,0,0
16 x 128 B,22,5248,1916683,9384717,27415918,1917181,0,0,0
16 x 128 B,23,5248,1917332,9385615,27415918,1917846,0,0,0
16 x 128 B,24,5248,1913864,9376256,27415917,1914370,0,0,0
16 x 128 B,25,5248,1917060,9383918,27415918,1917616,0,0,0
16 x 128 B,26,5248,1918376,9391002,27415918,1918947,0,0,0
16 x 128 B,27,5248,1918904,9392964,27415918,1919577,0,0,0
16 x 128 B,28,5248,1935340,9384236,27415918,1935949,0,0,0
16 x 128 B,29,5248,1925744,9390514,27415918,1926425,0,0,0
16 x 128 B,30,5248,1918612,9384108,27415918,1919221,0,0,0
16 x 128 B,31,5248,1922603,9381183,27415918,1923434,0,0,0
24 x 128 B,0,3551,1939369,9423669,27183271,1933309,0,0,0
24 x 128 B,1,3551,1926981,9429848,27183271,1927500,0,0,0
24 x 128 B,2,3551,1926755,9427042,27183271,1927277,0,0,0
24 x 128 B,3,3551,1926525,9429737,27183271,1927025,0,0,0
24 x 128 B,4,3551,1927043,9431766,27183271,1927541,0,0,0
24 x 128 B,5,3551,1930302,9429164,27183271,1930806,0,0,0
24 x 128 B,6,3551,2023242,9434415,27183271,1961399,0,0,0
24 x 128 B,7,3551,1927086,9432835,27183271,1927603,0,0,0
24 x 128 B,8,3551,1926070,9422532,27183270,1926720,0,0,0
24 x 128 B,9,3551,1926365,9429437,27183271,1926876,0,0,0
24 x 128 B,10,3551,1926670,9433351,27183271,1927177,0,0,0
24 x 128 B,11,3551,1926980,9432616,27183271,1927489,0,0,0
24 x 128 B,12,3551,1925711,9429642,27183271,1926211,0,0,0
24 x 128 B,13,3551,1926644,9430275,27183271,1927136,0,0,0
24 x 128 B,14,3551,1925732,9429420,27183271,1926245,0,0,0
24 x 128 B,15,3551,1926069,9428636,27183271,1926584,0,0,0
24 x 128 B,16,3551,1925726,9429016,27183271,1926238,0,0,0
24 x 128 B,17,3551,1926186,9429053,27183271,1926686,0,0,0
24 x 128 B,18,3551,1926304,9432157,27183271,1926812,0,0,0
24 x 128 B,19,3551,1926500,9430717,27183271,1926995,0,0,0
24 x 128 B,20,3551,1925679,9428248,27183271,1926182,0,0,0
24 x 128 B,21,3551,1924830,9426335,27183270,1925339,0,0,0
24 x 128 B,22,3551,1926478,9432351,27183271,1926979,0,0,0
24 x 128 B,23,3551,1926085,9427706,27183271,1926592,0,0,0
24 x 128 B,24,3551,1925215,9426955,27183271,1925728,0,0,0
24 x 128 B,25,3551,1927089,9432670,27183271,1927591,0,0,0
24 x 128 B,26,3551,1926399,9432725,27183271,1926903,0,0,0
24 x 128 B,27,3551,1925940,9427751,27183271,1926435,0,0,0
24 x 128 B,28,3551,1926032,9430463,27183271,1926561,0,0,0
24 x 128 B,29,3551,1926824,9432635,27183271,1927322,0,0,0
24 x 128 B,30,3551,1926788,9434405,27183271,1927284,0,0,0
24 x 128 B,31,3551,1926598,9430539,27183271,1927110,0,0,0
64 x 128 B,0,1378,1970851,9645814,27298546,1971376,0,0,0
64 x 128 B,1,1378,1970904,9648871,27298546,1971716,0,0,0
64 x 128 B,2,1378,1971669,9646466,27298546,1972357,0,0,0
64 x 128 B,3,1378,1990846,9654914,27298546,1991581,0,0,0
64 x 128 B,4,1378,1974063,9660750,27298546,1974758,0,0,0
64 x 128 B,5,1378,1972151,9653435,27298546,1972847,0,0,0
64 x 128 B,6,1378,1979131,9657364,27298546,1980060,0,0,0
64 x 128 B,7,1378,1976860,9649578,27298546,1975876,0,0,0
64 x 128 B,8,1378,1976650,9648725,27298546,1973355,0,0,0
64 x 128 B,9,1378,1977905,9652429,27298546,1978388,0,0,0
64 x 128 B,10,1378,1971690,9654692,27298546,1972175,0,0,0
64 x 128 B,11,1378,1970641,9650525,27298545,1971133,0,0,0
64 x 128 B,12,1378,1971039,9649095,27298546,1971533,0,0,0
64 x 128 B,13,1378,1972007,9652904,27298546,1972509,0,0,0
64 x 128 B,14,1378,1973431,9647234,27298546,1973929,0,0,0
64 x 128 B,15,1378,1971661,9649957,27298546,1972151,0,0,0
64 x 128 B,16,1378,1971176,9649134,27298546,1971660,0,0,0
64 x 128 B,17,1378,1972093,9656163,27298546,1972589,0,0,0
64 x 128 B,18,1378,1971863,9655622,27298546,1972356,0,0,0
64 x 128 B,19,1378,1971365,9650294,27298546,1971868,0,0,0
64 x 128 B,20,1378,1974737,9646849,27298546,1975233,0,0,0
64 x 128 B,21,1378,1971688,9654980,27298546,1972181,0,0,0
64 x 128 B,22,1378,1969797,9646081,27298546,1970290,0,0,0
64 x 128 B,23,1378,1970115,9647556,27298546,1970606,0,0,0
64 x 128 B,24,1378,1969004,9642277,27298546,1969483,0,0,0
64 x 128 B,25,1378,1970898,9648592,27298546,1971385,0,0,0
64 x 128 B,26,1378,1971572,9647896,27298546,1972053,0,0,0
64 x 128 B,27,1378,1971729,9655316,27298546,1972230,0,0,0
64 x 128 B,28,1378,1970577,9649936,27298546,1971065,0,0,0
64 x 128 B,29,1378,1971412,9653888,27298546,1971899,0,0,0
64 x 128 B,30,1378,1969740,9645743,27298546,1970233,0,0,0
64 x 128 B,31,1378,1971053,9652414,27298546,1971567,0,0,0
128 x 128 B,0,698,1993108,9757681,27402450,1993618,0,0,0
128 x 128 B,1,698,1992492,9754216,27402450,1992988,0,0,0
128 x 128 B,2,698,1992497,9757781,27402450,1992986,0,0,0
128 x 128 B,3,698,1991065,9747393,27402450,1991567,0,0,0
128 x 128 B,4,698,1991752,9751118,27402450,1992263,0,0,0
128 x 128 B,5,698,1997986,9746298,27402450,1992865,0,0,0
128 x 128 B,6,698,1993047,9754605,27402450,1993551,0,0,0
128 x 128 B,7,698,1991379,9750753,27402450,1991885,0,0,0
128 x 128 B,8,698,1992654,9755394,27402450,1993237,0,0,0
128 x 128 B,9,698,1994259,9752756,27402450,1995025,0,0,0
128 x 128 B,10,698,1992730,9748162,27402450,1993330,0,0,0
128 x 128 B,11,698,2010030,9754989,27402450,2010652,0,0,0
128 x 128 B,12,698,1993195,9752566,27402450,1994362,0,0,0
128 x 128 B,13,698,1994661,9747891,27402450,1995280,0,0,0
128 x 128 B,14,698,1996994,9751987,27402450,1997982,0,0,0
128 x 128 B,15,698,1996813,9743337,27402450,1995153,0,0,0
128 x 128 B,16,698,1998331,9743233,27402450,1993272,0,0,0
128 x 128 B,17,698,1997975,9761115,27402450,1998539,0,0,0
128 x 128 B,18,698,1995726,9753507,27402450,1996240,0,0,0
128 x 128 B,19,698,1992290,9750886,27402450,1992800,0,0,0
128 x 128 B,20,698,1991364,9746708,27402450,1991892,0,0,0
128 x 128 B,21,698,1991003,9743456,27402450,1991527,0,0,0
128 x 128 B,22,698,1991129,9749189,27402450,1991645,0,0,0
128 x 128 B,23,698,1992394,9751486,27402450,1992909,0,0,0
128 x 128 B,24,698,1992218,9755065,27402450,1992728,0,0,0
128 x 128 B,25,698,1991898,9746571,27402450,1992407,0,0,0
128 x 128 B,26,698,1990906,9747979,27402450,1991419,0,0,0
128 x 128 B,27,698,1992483,9756180,27402450,1992999,0,0,0
128 x 128 B,28,698,1991760,9753059,27402450,1992261,0,0,0
128 x 128 B,29,698,1991900,9749303,27402450,1992406,0,0,0
128 x 128 B,30,698,1992255,9755512,27402450,1992764,0,0,0
128 x 128 B,31,698,1991052,9747206,27402450,1991558,0,0,0
129 x 128 B,0,674,1984118,9708221,27188178,1984673,0,0,0
129 x 128 B,1,674,1984351,9717097,27188178,1984863,0,0,0
129 x 128 B,2,674,1983162,9711104,27188178,1983666,0,0,0
129 x 128 B,3,674,1984024,9711619,27188178,1984531,0,0,0
129 x 128 B,4,674,1983610,9711051,27188178,1984113,0,0,0
129 x 128 B,5,674,1983695,9713200,27188178,1984203,0,0,0
129 x 128 B,6,674,1984884,9719374,27188178,1985394,0,0,0
129 x 128 B,7,674,1984149,9712861,27188178,1984646,0,0,0
129 x 128 B,8,674,1985299,9718572,27188178,1985802,0,0,0
129 x 128 B,9,674,1982125,9705616,27188178,1982645,0,0,0
129 x 128 B,10,674,1982407,9707461,27188178,1982922,0,0,0
129 x 128 B,11,674,1984334,9714606,27188178,1984844,0,0,0
129 x 128 B,12,674,1984493,9714122,27188178,1984992,0,0,0
129 x 128 B,13,674,1983926,9714747,27188178,1984437,0,0,0
129 x 128 B,14,674,1982977,9710020,27188178,1983478,0,0,0
129 x 128 B,15,674,1984494,9713771,27188178,1985059,0,0,0
129 x 128 B,16,674,1984279,9710937,27188178,1985005,0,0,0
129 x 128 B,17,674,1996865,9712826,27188178,1997375,0,0,0
129 x 128 B,18,674,1992397,9718661,27188178,1993120,0,0,0
129 x 128 B,19,674,1985366,9717472,27188178,1986570,0,0,0
129 x 128 B,20,674,1987344,9703553,27188178,1989074,0,0,0
129 x 128 B,21,674,1992582,9718369,27188178,1991337,0,0,0
129 x 128 B,22,674,1987697,9706191,27188178,1986569,0,0,0
129 x 128 B,23,674,1981287,9705816,27188177,1981801,0,0,0
129 x 128 B,24,674,1984564,9714008,27188178,1985082,0,0,0
129 x 128 B,25,674,1985139,9717789,27188178,1985648,0,0,0
129 x 128 B,26,674,1983419,9711248,27188178,1983985,0,0,0
129 x 128 B,27,674,1987285,9713206,27188178,1987780,0,0,0
129 x 128 B,28,674,1984815,9716434,27188178,1985312,0,0,0
129 x 128 B,29,674,1984604,9710757,27188178,1985105,0,0,0
129 x 128 B,30,674,1982871,9709048,27188178,1983383,0,0,0
129 x 128 B,31,674,1985055,9709683,27188178,1985574,0,0,0
1024 x 128 B,0,86,1984469,9722693,26927997,1985033,0,0,0
1024 x 128 B,1,86,1986336,9726163,26927998,1986899,0,0,0
1024 x 128 B,2,86,1987306,9724225,26927998,1987810,0,0,0
1024 x 128 B,3,86,1986820,9728998,26927998,1987338,0,0,0
1024 x 128 B,4,86,1986742,9728530,26927998,1987259,0,0,0
1024 x 128 B,5,86,1986679,9728213,26927998,1987196,0,0,0
1024 x 128 B,6,86,1986839,9723966,26927998,1987358,0,0,0
1024 x 128 B,7,86,1987145,9730629,26927998,1987669,0,0,0
1024 x 128 B,8,86,1986928,9729423,26927998,1987474,0,0,0
1024 x 128 B,9,86,1986340,9725700,26927998,1986863,0,0,0
1024 x 128 B,10,86,1987648,9727906,26927998,1988173,0,0,0
1024 x 128 B,11,86,1987333,9731622,26927998,1987861,0,0,0
1024 x 128 B,12,86,1986308,9726944,26927998,1986834,0,0,0
1024 x 128 B,13,86,1987055,9730379,26927998,1987578,0,0,0
1024 x 128 B,14,86,1988443,9730204,26927998,1988965,0,0,0
1024 x 128 B,15,86,1986390,9726986,26927998,1986913,0,0,0
1024 x 128 B,16,86,1986187,9724244,26927998,1986710,0,0,0
1024 x 128 B,17,86,1986657,9727788,26927998,1987176,0,0,0
1024 x 128 B,18,86,1987643,9727998,26927998,1988171,0,0,0
1024 x 128 B,19,86,1987733,9732961,26927998,1988286,0,0,0
1024 x 128 B,20,86,1986165,9725954,26927998,1986677,0,0,0
1024 x 128 B,21,86,1986659,9728405,26927998,1987176,0,0,0
1024 x 128 B,22,86,1990417,9740530,26927998,1990938,0,0,0
1024 x 128 B,23,86,1997246,9779152,26927998,1997864,0,0,0
1024 x 128 B,24,86,2006924,9812274,26927998,2007505,0,0,0
1024 x 128 B,25,86,2039547,9938643,26927998,2040131,0,0,0
1024 x 128 B,26,86,1992882,9751939,26927998,1993528,0,0,0
1024 x 128 B,27,86,1989042,9733540,26927998,1989672,0,0,0
1024 x 128 B,28,86,2028419,9731331,26927998,2025980,0,0,0
1024 x 128 B,29,86,1991474,9725095,26927998,1990407,0,0,0
1024 x 128 B,30,86,1995250,9723685,26927998,1990089,0,0,0
1024 x 128 B,31,86,1986855,9726986,26927998,1987348,0,0,0
1 x 256 B,0,9625,1773802,8679549,21849116,1774392,0,0,0
1 x 256 B,1,9625,1772596,8678103,21849116,1773128,0,0,0
1 x 256 B,2,9625,1778594,8673283,21849116,1774035,0,0,0
1 x 256 B,3,9625,1774345,8683690,21849115,1774861,0,0,0
1 x 256 B,4,9625,1772243,8669196,21849116,1772842,0,0,0
1 x 256 B,5,9625,1774103,8682238,21849116,1774634,0,0,0
1 x 256 B,6,9625,1775200,8690118,21849116,1775735,0,0,0
1 x 256 B,7,9625,1772059,8675832,21849116,1772566,0,0,0
1 x 256 B,8,9625,1770827,8672888,21849115,1771344,0,0,0
1 x 256 B,9,9625,2136793,8671541,21849116,2137300,0,0,0
1 x 256 B,10,9625,1772249,8676864,21849116,1772762,0,0,0
1 x 256 B,11,9625,1771810,8674889,21849116,1772329,0,0,0
1 x 256 B,12,9625,1773917,8679087,21849116,1774424,0,0,0
1 x 256 B,13,9625,1772408,8677629,21849116,1772908,0,0,0
1 x 256 B,14,9625,1770040,8671178,21849115,1770539,0,0,0
1 x 256 B,15,9625,1772337,8677195,21849116,1772854,0,0,0
1 x 256 B,16,9625,1772536,8675401,21849116,1773036,0,0,0
1 x 256 B,17,9625,1773320,8679210,21849116,1773858,0,0,0
1 x 256 B,18,9625,1770213,8672268,21849115,1770722,0,0,0
1 x 256 B,19,9625,1772462,8677614,21849116,1772979,0,0,0
1 x 256 B,20,9625,1773013,8680449,21849116,1773521,0,0,0
1 x 256 B,21,9625,1773164,8675704,21849116,1773671,0,0,0
1 x 256 B,22,9625,1771117,8676525,21849115,1771629,0,0,0
1 x 256 B,23,9625,1771271,8672431,21849116,1771773,0,0,0
1 x 256 B,24,9625,1772398,8677607,21849116,1772901,0,0,0
1 x 256 B,25,9625,1771582,8671649,21849116,1772090,0,0,0
1 x 256 B,26,9625,1772772,8677077,21849116,1773282,0,0,0
1 x 256 B,27,9625,1769951,8671054,21849115,1770459,0,0,0
1 x 256 B,28,9625,1771255,8672193,21849116,1771756,0,0,0
1 x 256 B,29,9625,1770658,8669250,21849116,1771161,0,0,0
1 x 256 B,30,9625,1773443,8678168,21849116,1773939,0,0,0
1 x 256 B,31,9625,1770313,8672454,21849115,1770814,0,0,0
3 x 256 B,0,7411,1872548,9166548,31519349,1873121,0,0,0
3 x 256 B,1,7411,1872425,9163398,31519349,1873291,0,0,0
3 x 256 B,2,7411,1874978,9161791,31519349,1875512,0,0,0
3 x 256 B,3,7411,1871371,9158420,31519349,1872166,0,0,0
3 x 256 B,4,7411,1873759,9171086,31519349,1874346,0,0,0
3 x 256 B,5,7411,1873513,9168421,31519349,1874145,0,0,0
3 x 256 B,6,7411,1876936,9173208,31519349,1877590,0,0,0
3 x 256 B,7,7411,1871539,9156697,31519348,1872024,0,0,0
3 x 256 B,8,7411,1879455,9155300,31519349,1874427,0,0,0
3 x 256 B,9,7411,1874601,9163496,31519349,1875125,0,0,0
3 x 256 B,10,7411,1870545,9154500,31519349,1871063,0,0,0
3 x 256 B,11,7411,1871208,9157947,31519349,1871703,0,0,0
3 x 256 B,12,7411,2253363,9155318,31519349,2253844,0,0,0
3 x 256 B,13,7411,1870753,9160111,31519349,1871249,0,0,0
3 x 256 B,14,7411,1871645,9161575,31519349,1872134,0,0,0
3 x 256 B,15,7411,1871429,9160403,31519349,1871910,0,0,0
3 x 256 B,16,7411,1872481,9163470,31519349,1872991,0,0,0
3 x 256 B,17,7411,1869231,9152505,31519349,1869738,0,0,0
3 x 256 B,18,7411,1868436,9153837,31519348,1868932,0,0,0
3 x 256 B,19,7411,1872083,9160826,31519349,1872584,0,0,0
3 x 256 B,20,7411,1871135,9161718,31519349,1871639,0,0,0
3 x 256 B,21,7411,1870969,9161443,31519349,1871473,0,0,0
3 x 256 B,22,7411,1870128,9156928,31519349,1870627,0,0,0
3 x 256 B,23,7411,1871568,9158986,31519349,1872077,0,0,0
3 x 256 B,24,7411,1871872,9166138,31519349,1872378,0,0,0
3 x 256 B,25,7411,1871938,9165958,31519349,1872447,0,0,0
3 x 256 B,26,7411,1867828,9150854,31519348,1868310,0,0,0
3 x 256 B,27,7411,1870866,9157329,31519349,1871350,0,0,0
3 x 256 B,28,7411,1871153,9159736,31519349,1871693,0,0,0
3 x 256 B,29,7411,1872016,9166517,31519349,1872503,0,0,0
3 x 256 B,30,7411,1872192,9166281,31519349,1872722,0,0,0
3 x 256 B,31,7411,1871712,9161185,31519349,1872201,0,0,0
4 x 256 B,0,7454,1845429,9035343,30606490,1845953,0,0,0
4 x 256 B,1,7454,1843141,9028945,30606489,1843619,0,0,0
4 x 256 B,2,7454,1843105,9024279,30606490,1843610,0,0,0
4 x 256 B,3,7454,1846081,9033884,30606490,1846560,0,0,0
4 x 256 B,4,7454,1844736,9032351,30606490,1845226,0,0,0
4 x 256 B,5,7454,1844533,9031359,30606490,1845024,0,0,0
4 x 256 B,6,7454,1850166,9025096,30606490,1845794,0,0,0
4 x 256 B,7,7454,1845127,9028657,30606490,1845632,0,0,0
4 x 256 B,8,7454,1842486,9026577,30606489,1842985,0,0,0
4 x 256 B,9,7454,1845505,9034472,30606490,1846014,0,0,0
4 x 256 B,10,7454,1846195,9037118,30606490,1846691,0,0,0
4 x 256 B,11,7454,1848805,9049088,30606490,1849501,0,0,0
4 x 256 B,12,7454,1850244,9039941,30606490,1850933,0,0,0
4 x 256 B,13,7454,1849081,9043259,30606490,1850299,0,0,0
4 x 256 B,14,7454,1843371,9030171,30606489,1844126,0,0,0
4 x 256 B,15,7454,1846247,9036543,30606490,1847137,0,0,0
4 x 256 B,16,7454,1857865,9064577,30606490,1858583,0,0,0
4 x 256 B,17,7454,1891072,9018870,30606490,1889209,0,0,0
4 x 256 B,18,7454,1859634,9022413,30606490,1854003,0,0,0
4 x 256 B,19,7454,1881595,9028164,30606490,1882128,0,0,0
4 x 256 B,20,7454,1873132,9037562,30606490,1873643,0,0,0
4 x 256 B,21,7454,1853066,9040852,30606490,1848995,0,0,0
4 x 256 B,22,7454,1841832,9023069,30606489,1842340,0,0,0
4 x 256 B,23,7454,1844936,9032833,30606490,1845449,0,0,0
4 x 256 B,24,7454,2121688,9027691,30606490,2122188,0,0,0
4 x 256 B,25,7454,1845449,9033115,30606490,1845954,0,0,0
4 x 256 B,26,7454,1845604,9036716,30606490,1846114,0,0,0
4 x 256 B,27,7454,1845444,9034824,30606490,1845948,0,0,0
4 x 256 B,28,7454,1845218,9031591,30606490,1845725,0,0,0
4 x 256 B,29,7454,1844578,9028678,30606490,1845081,0,0,0
4 x 256 B,30,7454,1842847,9028313,30606489,1843345,0,0,0
4 x 256 B,31,7454,1845924,9038005,30606490,1846442,0,0,0
6 x 256 B,0,4427,1877288,9182640,25849619,1877846,0,0,0
6 x 256 B,1,4427,1877402,9187069,25849619,1877973,0,0,0
6 x 256 B,2,4427,1880240,9192535,25849619,1881018,0,0,0
6 x 256 B,3,4427,1895369,9185192,25849619,1895952,0,0,0
6 x 256 B,4,4427,1879352,9195943,25849619,1880124,0,0,0
6 x 256 B,5,4427,1881617,9195234,25849619,1882367,0,0,0
6 x 256 B,6,4427,1877977,9182932,25849618,1878779,0,0,0
6 x 256 B,7,4427,1877327,9184521,25849619,1878060,0,0,0
6 x 256 B,8,4427,1876992,9175870,25849619,1877598,0,0,0
6 x 256 B,9,4427,1883753,9180488,25849619,1878618,0,0,0
6 x 256 B,10,4427,1905549,9193696,25849619,1906069,0,0,0
6 x 256 B,11,4427,1875391,9177068,25849619,1875900,0,0,0
6 x 256 B,12,4427,1880009,9190853,25849619,1880512,0,0,0
6 x 256 B,13,4427,1873160,9167492,25849619,1873704,0,0,0
6 x 256 B,14,4427,1906170,9189253,25849619,1906663,0,0,0
6 x 256 B,15,4427,1869530,9155582,25849618,1870098,0,0,0
6 x 256 B,16,4427,1876609,9181371,25849619,1877117,0,0,0
6 x 256 B,17,4427,1874568,9174917,25849619,1875080,0,0,0
6 x 256 B,18,4427,1872252,9165518,25849619,1872753,0,0,0
6 x 256 B,19,4427,1877184,9188951,25849619,1877812,0,0,0
6 x 256 B,20,4427,1875315,9180276,25849619,1875988,0,0,0
6 x 256 B,21,4427,1881600,9192944,25849619,1882122,0,0,0
6 x 256 B,22,4427,1876031,9180932,25849619,1876878,0,0,0
6 x 256 B,23,4427,1878051,9197311,25849618,1878712,0,0,0
6 x 256 B,24,4427,1878873,9189916,25849619,1879893,0,0,0
6 x 256 B,25,4427,1887866,9211732,25849619,1889075,0,0,0
6 x 256 B,26,4427,1884982,9182922,25849619,1881842,0,0,0
6 x 256 B,27,4427,1882314,9177434,25849619,1877584,0,0,0
6 x 256 B,28,4427,1875852,9184641,25849619,1876352,0,0,0
6 x 256 B,29,4427,1876500,9185192,25849619,1877011,0,0,0
6 x 256 B,30,4427,1876196,9182763,25849619,1876712,0,0,0
6 x 256 B,31,4427,1872707,9173884,25849618,1873209,0,0,0
8 x 256 B,0,5355,1916973,9381938,27417966,1917519,0,0,0
8 x 256 B,1,5355,1918346,9389839,27417966,1918859,0,0,0
8 x 256 B,2,5355,2314352,9392153,27417967,2314861,0,0,0
8 x 256 B,3,5355,1918366,9389520,27417966,1918890,0,0,0
8 x 256 B,4,5355,1913733,9375493,27417965,1914244,0,0,0
8 x 256 B,5,5355,1917062,9383764,27417966,1917616,0,0,0
8 x 256 B,6,5355,1916869,9385821,27417966,1917380,0,0,0
8 x 256 B,7,5355,1917609,9385903,27417966,1918113,0,0,0
8 x 256 B,8,5355,1916812,9385776,27417966,1917324,0,0,0
8 x 256 B,9,5355,1917225,9385111,27417966,1917736,0,0,0
8 x 256 B,10,5355,1916740,9383688,27417966,1917244,0,0,0
8 x 256 B,11,5355,1918403,9390017,27417966,1918896,0,0,0
8 x 256 B,12,5355,1917451,9387228,27417966,1917942,0,0,0
8 x 256 B,13,5355,1918375,9390757,27417966,1918886,0,0,0
8 x 256 B,14,5355,1916236,9382497,27417966,1916737,0,0,0
8 x 256 B,15,5355,1918436,9390328,27417966,1918937,0,0,0
8 x 256 B,16,5355,1914989,9380730,27417965,1915476,0,0,0
8 x 256 B,17,5355,1920543,9385258,27417966,1921038,0,0,0
8 x 256 B,18,5355,1917410,9386051,27417966,1917911,0,0,0
8 x 256 B,19,5355,1917418,9387615,27417966,1917909,0,0,0
8 x 256 B,20,5355,1918303,9383389,27417966,1918802,0,0,0
8 x 256 B,21,5355,1917051,9386336,27417966,1917541,0,0,0
8 x 256 B,22,5355,1916724,9382379,27417966,1917222,0,0,0
8 x 256 B,23,5355,1917048,9386886,27417966,1917541,0,0,0
8 x 256 B,24,5355,1916774,9382096,27417966,1917282,0,0,0
8 x 256 B,25,5355,1916644,9384720,27417966,1917136,0,0,0
8 x 256 B,26,5355,1916703,9381987,27417966,1917195,0,0,0
8 x 256 B,27,5355,1917109,9384598,27417966,1917660,0,0,0
8 x 256 B,28,5355,1917347,9384079,27417966,1917976,0,0,0
8 x 256 B,29,5355,1916397,9387548,27417965,1917109,0,0,0
8 x 256 B,30,5355,1919861,9387575,27417966,1920446,0,0,0
8 x 256 B,31,5355,1919202,9388188,27417966,1920272,0,0,0
12 x 256 B,0,3272,1953116,9535025,29039366,1954070,0,0,0
12 x 256 B,1,3272,1953921,9552783,29039366,1954655,0,0,0
12 x 256 B,2,3272,1952226,9528791,29039366,1950469,0,0,0
12 x 256 B,3,3272,1953486,9526434,29039366,1949435,0,0,0
12 x 256 B,4,3272,1946910,9528414,29039366,1947422,0,0,0
12 x 256 B,5,3272,1948164,9533084,29039366,1948679,0,0,0
12 x 256 B,6,3272,1946951,9533557,29039366,1947568,0,0,0
12 x 256 B,7,3272,1950070,9538329,29039366,1950571,0,0,0
12 x 256 B,8,3272,1947057,9529900,29039366,1947550,0,0,0
12 x 256 B,9,3272,1947882,9533320,29039366,1948385,0,0,0
12 x 256 B,10,3272,1947631,9529539,29039366,1948141,0,0,0
12 x 256 B,11,3272,1947000,9533657,29039366,1947509,0,0,0
12 x 256 B,12,3272,2321193,9531821,29039366,2321707,0,0,0
12 x 256 B,13,3272,1947467,9533110,29039366,1947969,0,0,0
12 x 256 B,14,3272,1946115,9529565,29039366,1946626,0,0,0
12 x 256 B,15,3272,1946621,9531774,29039366,1947121,0,0,0
12 x 256 B,16,3272,1947109,9531437,29039366,1947605,0,0,0
12 x 256 B,17,3272,1946715,9529182,29039366,1947218,0,0,0
12 x 256 B,18,3272,1946011,9529112,29039366,1946515,0,0,0
12 x 256 B,19,3272,1947449,9535599,29039366,1947947,0,0,0
12 x 256 B,20,3272,1947553,9533382,29039366,1948062,0,0,0
12 x 256 B,21,3272,1947329,9532959,29039366,1947825,0,0,0
12 x 256 B,22,3272,1944883,9528201,29039365,1945378,0,0,0
12 x 256 B,23,3272,1947571,9536934,29039366,1948073,0,0,0
12 x 256 B,24,3272,1946399,9530392,29039366,1946900,0,0,0
12 x 256 B,25,3272,1947063,9531675,29039366,1947562,0,0,0
12 x 256 B,26,3272,1946883,9530653,29039366,1947383,0,0,0
12 x 256 B,27,3272,1947029,9533901,29039366,1947537,0,0,0
12 x 256 B,28,3272,1946854,9533191,29039366,1947359,0,0,0
12 x 256 B,29,3272,1947009,9530368,29039366,1947516,0,0,0
12 x 256 B,30,3272,1946319,9526626,29039366,1946824,0,0,0
12 x 256 B,31,3272,1946968,9533650,29039366,1947471,0,0,0
16 x 256 B,0,2771,1958323,9586292,27397243,1958886,0,0,0
16 x 256 B,1,2771,1958415,9586313,27397243,1958937,0,0,0
16 x 256 B,2,2771,1958229,9587116,27397243,1958763,0,0,0
16 x 256 B,3,2771,1958854,9588900,27397243,1959500,0,0,0
16 x 256 B,4,2771,1959532,9589855,27397243,1960290,0,0,0
16 x 256 B,5,2771,1960225,9580459,27397243,1960809,0,0,0
16 x 256 B,6,2771,1960114,9591804,27397243,1960888,0,0,0
16 x 256 B,7,2771,1968521,9580811,27397243,1962094,0,0,0
16 x 256 B,8,2771,1961049,9587314,27397243,1961764,0,0,0
16 x 256 B,9,2771,1966905,9581936,27397243,1965165,0,0,0
16 x 256 B,10,2771,1968624,9576809,27397243,1962736,0,0,0
16 x 256 B,11,2771,1957227,9581425,27397243,1957753,0,0,0
16 x 256 B,12,2771,1958110,9582782,27397243,1958628,0,0,0
16 x 256 B,13,2771,1957907,9587347,27397243,1958428,0,0,0
16 x 256 B,14,2771,1955539,9577826,27397242,1956044,0,0,0
16 x 256 B,15,2771,1957651,9585614,27397243,1958192,0,0,0
16 x 256 B,16,2771,1957498,9585677,27397243,1958002,0,0,0
16 x 256 B,17,2771,1958790,9586279,27397243,1959296,0,0,0
16 x 256 B,18,2771,1957478,9580603,27397243,1957991,0,0,0
16 x 256 B,19,2771,1958778,9586414,27397243,1959269,0,0,0
16 x 256 B,20,2771,1956015,9577328,27397243,1956512,0,0,0
16 x 256 B,21,2771,1958573,9587550,27397243,1959060,0,0,0
16 x 256 B,22,2771,2340020,9594917,27397244,2340517,0,0,0
16 x 256 B,23,2771,1955937,9582563,27397242,1956423,0,0,0
16 x 256 B,24,2771,1956112,9578458,27397243,1956599,0,0,0
16 x 256 B,25,2771,1958479,9587751,27397243,1958983,0,0,0
16 x 256 B,26,2771,1956863,9579938,27397243,1957356,0,0,0
16 x 256 B,27,2771,1958514,9590347,27397243,1959006,0,0,0
16 x 256 B,28,2771,1957866,9585391,27397243,1958371,0,0,0
16 x 256 B,29,2771,1958007,9584556,27397243,1958512,0,0,0
16 x 256 B,30,2771,1957897,9583912,27397243,1958391,0,0,0
16 x 256 B,31,2771,1959326,9590366,27397243,1959825,0,0,0
24 x 256 B,0,1870,1973632,9660710,27403346,1974201,0,0,0
24 x 256 B,1,1870,1972537,9656233,27403346,1973023,0,0,0
24 x 256 B,2,1870,1971470,9653226,27403346,1971963,0,0,0
24 x 256 B,3,1870,1971456,9653565,27403346,1971991,0,0,0
24 x 256 B,4,1870,1972486,9656176,27403346,1972968,0,0,0
24 x 256 B,5,1870,1972837,9654986,27403346,1973322,0,0,0
24 x 256 B,6,1870,1972919,9660561,27403346,1973411,0,0,0
24 x 256 B,7,1870,2023879,9660144,27403346,2004655,0,0,0
24 x 256 B,8,1870,1973883,9662101,27403346,1974399,0,0,0
24 x 256 B,9,1870,1970994,9648497,27403346,1971496,0,0,0
24 x 256 B,10,1870,1972681,9657307,27403346,1973241,0,0,0
24 x 256 B,11,1870,1971553,9652644,27403346,1972421,0,0,0
24 x 256 B,12,1870,1973314,9656706,27403346,1973968,0,0,0
24 x 256 B,13,1870,1980957,9656852,27403346,1981678,0,0,0
24 x 256 B,14,1870,1989456,9663269,27403346,1990218,0,0,0
24 x 256 B,15,1870,1975024,9664667,27403346,1975765,0,0,0
24 x 256 B,16,1870,1976433,9653541,27403346,1977751,0,0,0
24 x 256 B,17,1870,1980103,9657956,27403346,1978586,0,0,0
24 x 256 B,18,1870,1979537,9659105,27403346,1975801,0,0,0
24 x 256 B,19,1870,1973570,9656476,27403346,1974075,0,0,0
24 x 256 B,20,1870,1972628,9659267,27403346,1973138,0,0,0
24 x 256 B,21,1870,1973527,9663232,27403346,1974086,0,0,0
24 x 256 B,22,1870,1972298,9657751,27403346,1972791,0,0,0
24 x 256 B,23,1870,1973026,9657608,27403346,1973522,0,0,0
24 x 256 B,24,1870,1971995,9655497,27403346,1972495,0,0,0
24 x 256 B,25,1870,1972163,9656306,27403346,1972670,0,0,0
24 x 256 B,26,1870,1973296,9660322,27403346,1973791,0,0,0
24 x 256 B,27,1870,1973548,9655330,27403346,1974051,0,0,0
24 x 256 B,28,1870,1969814,9649776,27403345,1970317,0,0,0
24 x 256 B,29,1870,1971434,9653227,27403346,1971938,0,0,0
24 x 256 B,30,1870,1972394,9655418,27403346,1972900,0,0,0
24 x 256 B,31,1870,2346996,9661009,27403347,2347509,0,0,0
64 x 256 B,0,715,1987008,9729667,27520001,1987536,0,0,0
64 x 256 B,1,715,1987029,9729969,27520001,1987571,0,0,0
64 x 256 B,2,715,1986808,9723442,27520001,1987320,0,0,0
64 x 256 B,3,715,1985439,9721749,27520001,1985943,0,0,0
64 x 256 B,4,715,1986542,9727174,27520001,1987050,0,0,0
64 x 256 B,5,715,1987596,9732561,27520001,1988109,0,0,0
64 x 256 B,6,715,1988536,9730759,27520001,1989040,0,0,0
64 x 256 B,7,715,1987121,9730437,27520001,1987625,0,0,0
64 x 256 B,8,715,1986472,9726725,27520001,1986990,0,0,0
64 x 256 B,9,715,1987732,9731762,27520001,1988233,0,0,0
64 x 256 B,10,715,1985974,9719416,27520001,1986478,0,0,0
64 x 256 B,11,715,1987268,9731235,27520001,1987783,0,0,0
64 x 256 B,12,715,1985819,9724093,27520001,1986320,0,0,0
64 x 256 B,13,715,1987049,9729447,27520001,1987562,0,0,0
64 x 256 B,14,715,1987339,9726646,27520001,1987845,0,0,0
64 x 256 B,15,715,1986713,9728428,27520001,1987211,0,0,0
64 x 256 B,16,715,1987070,9730395,27520001,1987578,0,0,0
64 x 256 B,17,715,1986682,9725425,27520001,1987215,0,0,0
64 x 256 B,18,715,1987646,9726367,27520001,1988288,0,0,0
64 x 256 B,19,715,1987168,9727742,27520001,1987893,0,0,0
64 x 256 B,20,715,2005407,9728502,27520001,2006000,0,0,0
64 x 256 B,21,715,1988227,9728945,27520001,1988878,0,0,0
64 x 256 B,22,715,1987388,9722434,27520001,1988160,0,0,0
64 x 256 B,23,715,1993412,9728071,27520001,1994490,0,0,0
64 x 256 B,24,715,1990149,9729453,27520001,1990859,0,0,0
64 x 256 B,25,715,2021981,9736809,27520001,2022644,0,0,0
64 x 256 B,26,715,2000457,9725533,27520001,1994726,0,0,0
64 x 256 B,27,715,1988986,9734454,27520001,1989544,0,0,0
64 x 256 B,28,715,1990800,9729004,27520001,1991300,0,0,0
64 x 256 B,29,715,1987396,9730644,27520001,1987883,0,0,0
64 x 256 B,30,715,1986412,9726094,27520001,1986916,0,0,0
64 x 256 B,31,715,2372475,9731107,27520001,2372984,0,0,0
128 x 256 B,0,358,1997528,9781394,27432116,1998056,0,0,0
128 x 256 B,1,358,1999625,9778691,27432116,2000140,0,0,0
128 x 256 B,2,358,1997628,9778459,27432116,1998157,0,0,0
128 x 256 B,3,358,1997906,9779060,27432116,1998435,0,0,0
128 x 256 B,4,358,1998773,9787099,27432116,1999310,0,0,0
128 x 256 B,5,358,2006311,9785805,27432116,2001047,0,0,0
128 x 256 B,6,358,1998862,9782515,27432116,1999381,0,0,0
128 x 256 B,7,358,1997586,9776565,27432116,1998105,0,0,0
128 x 256 B,8,358,1997203,9777858,27432116,1997722,0,0,0
128 x 256 B,9,358,1998129,9778913,27432116,1998646,0,0,0
128 x 256 B,10,358,1996394,9772765,27432116,1996903,0,0,0
128 x 256 B,11,358,1998852,9783444,27432116,1999366,0,0,0
128 x 256 B,12,358,1997374,9780541,27432116,1997879,0,0,0
128 x 256 B,13,358,1998489,9785920,27432116,1999005,0,0,0
128 x 256 B,14,358,1998676,9784148,27432116,1999180,0,0,0
128 x 256 B,15,358,1998649,9783587,27432116,1999143,0,0,0
128 x 256 B,16,358,1996741,9777530,27432116,1997238,0,0,0
128 x 256 B,17,358,1996485,9776140,27432116,1996983,0,0,0
128 x 256 B,18,358,1996212,9771039,27432116,1996702,0,0,0
128 x 256 B,19,358,1996995,9776409,27432116,1997497,0,0,0
128 x 256 B,20,358,1997210,9779787,27432116,1997710,0,0,0
128 x 256 B,21,358,1997186,9779652,27432116,1997697,0,0,0
128 x 256 B,22,358,1996365,9773735,27432116,1996877,0,0,0
128 x 256 B,23,358,1997332,9776587,27432116,1997838,0,0,0
128 x 256 B,24,358,1997696,9780618,27432116,1998195,0,0,0
128 x 256 B,25,358,1996782,9774908,27432116,1997345,0,0,0
128 x 256 B,26,358,2004968,9789480,27432116,2005737,0,0,0
128 x 256 B,27,358,2017202,9784978,27432116,2017815,0,0,0
128 x 256 B,28,358,2000473,9789467,27432116,2001124,0,0,0
128 x 256 B,29,358,1997510,9774065,27432116,1998145,0,0,0
128 x 256 B,30,358,2003136,9777073,27432116,2004328,0,0,0
128 x 256 B,31,358,2000981,9778971,27432116,2001795,0,0,0
129 x 256 B,0,344,1980710,9694980,27013998,1981304,0,0,0
129 x 256 B,1,344,1987176,9698727,27013998,1987695,0,0,0
129 x 256 B,2,344,1980569,9695505,27013998,1981067,0,0,0
129 x 256 B,3,344,1983875,9701040,27013998,1984377,0,0,0
129 x 256 B,4,344,2028111,9706898,27013998,2017176,0,0,0
129 x 256 B,5,344,1983588,9707686,27013998,1984083,0,0,0
129 x 256 B,6,344,2355772,9708137,27013998,2356267,0,0,0
129 x 256 B,7,344,1982518,9707417,27013998,1983074,0,0,0
129 x 256 B,8,344,1981319,9701782,27013998,1981822,0,0,0
129 x 256 B,9,344,1988120,9690133,27013998,1988609,0,0,0
129 x 256 B,10,344,1981116,9696902,27013998,1981605,0,0,0
129 x 256 B,11,344,1982394,9706476,27013998,1982889,0,0,0
129 x 256 B,12,344,1979927,9694604,27013998,1980418,0,0,0
129 x 256 B,13,344,1980999,9701507,27013998,1981486,0,0,0
129 x 256 B,14,344,1980183,9696043,27013998,1980685,0,0,0
129 x 256 B,15,344,1987806,9704959,27013998,1988293,0,0,0
129 x 256 B,16,344,1981176,9701321,27013998,1981658,0,0,0
129 x 256 B,17,344,1980581,9699384,27013998,1981076,0,0,0
129 x 256 B,18,344,1982325,9706250,27013998,1982815,0,0,0
129 x 256 B,19,344,1983415,9708586,27013998,1983901,0,0,0
129 x 256 B,20,344,1983215,9710368,27013998,1983696,0,0,0
129 x 256 B,21,344,1983398,9709189,27013998,1983882,0,0,0
129 x 256 B,22,344,1981084,9700411,27013998,1981575,0,0,0
129 x 256 B,23,344,1981252,9697568,27013998,1981747,0,0,0
129 x 256 B,24,344,1981139,9700474,27013998,1981629,0,0,0
129 x 256 B,25,344,2029132,9694917,27013998,2029696,0,0,0
129 x 256 B,26,344,1993974,9705240,27013998,1994484,0,0,0
129 x 256 B,27,344,1983109,9705633,27013998,1983671,0,0,0
129 x 256 B,28,344,1982154,9701900,27013998,1982643,0,0,0
129 x 256 B,29,344,1982113,9702520,27013998,1982598,0,0,0
129 x 256 B,30,344,1982103,9704326,27013998,1982595,0,0,0
129 x 256 B,31,344,1983413,9708873,27013998,1983900,0,0,0
1024 x 256 B,0,44,1997730,9760785,26930478,1998612,0,0,0
1024 x 256 B,1,44,2021354,9819562,26930478,2021972,0,0,0
1024 x 256 B,2,44,1985594,9716016,26930478,1986199,0,0,0
1024 x 256 B,3,44,2061848,9716387,26930478,1995501,0,0,0
1024 x 256 B,4,44,1989451,9710965,26930478,1990175,0,0,0
1024 x 256 B,5,44,1986128,9690999,26930478,1984644,0,0,0
1024 x 256 B,6,44,1984381,9695384,26930478,1983338,0,0,0
1024 x 256 B,7,44,1981512,9697127,26930478,1982050,0,0,0
1024 x 256 B,8,44,1981837,9700986,26930478,1982383,0,0,0
1024 x 256 B,9,44,1979819,9693869,26930478,1980352,0,0,0
1024 x 256 B,10,44,2016927,9696896,26930478,2017449,0,0,0
1024 x 256 B,11,44,1993818,9696810,26930478,1994354,0,0,0
1024 x 256 B,12,44,1984360,9693383,26930478,1984868,0,0,0
1024 x 256 B,13,44,1984541,9696714,26930478,1985046,0,0,0
1024 x 256 B,14,44,1993060,9702727,26930478,1993844,0,0,0
1024 x 256 B,15,44,2027716,9696243,26930478,2028239,0,0,0
1024 x 256 B,16,44,1992060,9688337,26930478,1992586,0,0,0
1024 x 256 B,17,44,1980517,9697802,26930478,1981061,0,0,0
1024 x 256 B,18,44,1981492,9702258,26930478,1982010,0,0,0
1024 x 256 B,19,44,1979677,9693387,26930478,1980199,0,0,0
1024 x 256 B,20,44,1980747,9694631,26930478,1981295,0,0,0
1024 x 256 B,21,44,1980014,9695180,26930478,1980536,0,0,0
1024 x 256 B,22,44,1979998,9695356,26930478,1980506,0,0,0
1024 x 256 B,23,44,1981276,9694874,26930478,1981809,0,0,0
1024 x 256 B,24,44,1978889,9690997,26930478,1979413,0,0,0
1024 x 256 B,25,44,1980521,9697877,26930478,1981037,0,0,0
1024 x 256 B,26,44,1980949,9699498,26930478,1981467,0,0,0
1024 x 256 B,27,44,1980776,9695328,26930478,1981291,0,0,0
1024 x 256 B,28,44,1981136,9698452,26930478,1981652,0,0,0
1024 x 256 B,29,44,1980478,9697288,26930478,1980996,0,0,0
1024 x 256 B,30,44,1980613,9698024,26930478,1981126,0,0,0
1024 x 256 B,31,44,1979890,9692142,26930478,1980410,0,0,0
1 x 512 B,0,5110,1880967,9192798,21349946,1881512,0,0,0
1 x 512 B,1,5110,1877689,9193397,21349946,1878188,0,0,0
1 x 512 B,2,5110,1891396,9184753,21349946,1881892,0,0,0
1 x 512 B,3,5110,1873502,9176390,21349945,1873996,0,0,0
1 x 512 B,4,5110,1877967,9193001,21349946,1878491,0,0,0
1 x 512 B,5,5110,1904527,9188893,21349946,1905074,0,0,0
1 x 512 B,6,5110,1917213,9190841,21349946,1917740,0,0,0
1 x 512 B,7,5110,1916085,9188865,21349946,1916904,0,0,0
1 x 512 B,8,5110,1923675,9203965,21349946,1924285,0,0,0
1 x 512 B,9,5110,1910739,9197692,21349946,1911454,0,0,0
1 x 512 B,10,5110,1884409,9199106,21349946,1885097,0,0,0
1 x 512 B,11,5110,1884198,9195358,21349946,1884882,0,0,0
1 x 512 B,12,5110,1890384,9198627,21349946,1887935,0,0,0
1 x 512 B,13,5110,1879010,9183245,21349945,1877898,0,0,0
1 x 512 B,14,5110,1887111,9188251,21349946,1880642,0,0,0
1 x 512 B,15,5110,1883156,9188854,21349946,1879956,0,0,0
1 x 512 B,16,5110,1878038,9191649,21349946,1878557,0,0,0
1 x 512 B,17,5110,1876646,9188010,21349946,1877165,0,0,0
1 x 512 B,18,5110,1878197,9193247,21349946,1878721,0,0,0
1 x 512 B,19,5110,1878072,9195104,21349946,1878589,0,0,0
1 x 512 B,20,5110,1883308,9194938,21349946,1883830,0,0,0
1 x 512 B,21,5110,1875715,9187836,21349945,1876228,0,0,0
1 x 512 B,22,5110,1879832,9189966,21349946,1880332,0,0,0
1 x 512 B,23,5110,1883018,9184142,21349946,1879892,0,0,0
1 x 512 B,24,5110,1879409,9190568,21349946,1879921,0,0,0
1 x 512 B,25,5110,1877154,9188330,21349946,1877673,0,0,0
1 x 512 B,26,5110,1876474,9186862,21349946,1876994,0,0,0
1 x 512 B,27,5110,1877595,9192394,21349946,1878112,0,0,0
1 x 512 B,28,5110,1876079,9183792,21349946,1876591,0,0,0
1 x 512 B,29,5110,1875827,9189433,21349945,1876348,0,0,0
1 x 512 B,30,5110,1875267,9187527,21349946,1877138,0,0,0
1 x 512 B,31,5110,1876521,9187447,21349946,1877048,0,0,0
3 x 512 B,0,3949,1924325,9418356,31375171,1924847,0,0,0
3 x 512 B,1,3949,1924244,9421163,31375171,1924747,0,0,0
3 x 512 B,2,3949,1924567,9423338,31375171,1925075,0,0,0
3 x 512 B,3,3949,1927440,9420667,31375171,1927947,0,0,0
3 x 512 B,4,3949,1925319,9420336,31375171,1925822,0,0,0
3 x 512 B,5,3949,1925170,9426437,31375171,1925674,0,0,0
3 x 512 B,6,3949,1925272,9426912,31375171,1925780,0,0,0
3 x 512 B,7,3949,1922849,9415254,31375171,1923349,0,0,0
3 x 512 B,8,3949,1923749,9416557,31375171,1924254,0,0,0
3 x 512 B,9,3949,1924245,9421840,31375171,1924742,0,0,0
3 x 512 B,10,3949,1921703,9414699,31375170,1922207,0,0,0
3 x 512 B,11,3949,1924572,9423743,31375171,1925077,0,0,0
3 x 512 B,12,3949,1923115,9414814,31375171,1923620,0,0,0
3 x 512 B,13,3949,1924647,9422508,31375171,1925239,0,0,0
3 x 512 B,14,3949,1924542,9419826,31375171,1925040,0,0,0
3 x 512 B,15,3949,1925290,9424540,31375171,1925851,0,0,0
3 x 512 B,16,3949,1923257,9417000,31375171,1924013,0,0,0
3 x 512 B,17,3949,1933168,9418077,31375171,1933747,0,0,0
3 x 512 B,18,3949,1935911,9425638,31375171,1936611,0,0,0
3 x 512 B,19,3949,1923048,9414095,31375171,1923683,0,0,0
3 x 512 B,20,3949,1928433,9417501,31375171,1929186,0,0,0
3 x 512 B,21,3949,1927739,9430903,31375171,1928487,0,0,0
3 x 512 B,22,3949,1954920,9413909,31375171,1949431,0,0,0
3 x 512 B,23,3949,1953296,9417300,31375171,1953791,0,0,0
3 x 512 B,24,3949,1924837,9417274,31375170,1925345,0,0,0
3 x 512 B,25,3949,1925181,9422719,31375171,1925738,0,0,0
3 x 512 B,26,3949,1924354,9422526,31375171,1924854,0,0,0
3 x 512 B,27,3949,1925479,9427637,31375171,1925978,0,0,0
3 x 512 B,28,3949,1922354,9413049,31375171,1922850,0,0,0
3 x 512 B,29,3949,1924129,9421090,31375171,1924624,0,0,0
3 x 512 B,30,3949,1923477,9413650,31375171,1923985,0,0,0
3 x 512 B,31,3949,1926835,9428436,31375171,1927343,0,0,0
4 x 512 B,0,3961,1907751,9340760,30888244,1908289,0,0,0
4 x 512 B,1,3961,1907588,9340155,30888244,1908089,0,0,0
4 x 512 B,2,3961,1909696,9346889,30888244,1910195,0,0,0
4 x 512 B,3,3961,1906006,9334069,30888244,1906509,0,0,0
4 x 512 B,4,3961,1908235,9344071,30888244,1908738,0,0,0
4 x 512 B,5,3961,1906017,9337923,30888243,1906494,0,0,0
4 x 512 B,6,3961,1908239,9343969,30888244,1908741,0,0,0
4 x 512 B,7,3961,1906846,9337101,30888244,1907349,0,0,0
4 x 512 B,8,3961,1906484,9335483,30888244,1906981,0,0,0
4 x 512 B,9,3961,1908894,9343037,30888244,1909404,0,0,0
4 x 512 B,10,3961,1907457,9339274,30888244,1907959,0,0,0
4 x 512 B,11,3961,1906332,9334807,30888244,1906833,0,0,0
4 x 512 B,12,3961,1908629,9345688,30888244,1909171,0,0,0
4 x 512 B,13,3961,1906753,9335833,30888244,1907258,0,0,0
4 x 512 B,14,3961,1908711,9341774,30888244,1909214,0,0,0
4 x 512 B,15,3961,1906173,9334410,30888244,1906668,0,0,0
4 x 512 B,16,3961,1904061,9328787,30888243,1904559,0,0,0
4 x 512 B,17,3961,1907649,9340909,30888244,1908151,0,0,0
4 x 512 B,18,3961,1907824,9341434,30888244,1908334,0,0,0
4 x 512 B,19,3961,1908972,9344133,30888244,1909518,0,0,0
4 x 512 B,20,3961,1904811,9327163,30888244,1905314,0,0,0
4 x 512 B,21,3961,1907134,9338177,30888244,1907638,0,0,0
4 x 512 B,22,3961,1906113,9333736,30888244,1906617,0,0,0
4 x 512 B,23,3961,1909770,9346680,30888244,1910269,0,0,0
4 x 512 B,24,3961,1908049,9341720,30888244,1908596,0,0,0
4 x 512 B,25,3961,1910948,9352990,30888244,1911726,0,0,0
4 x 512 B,26,3961,1923198,9349184,30888244,1923716,0,0,0
4 x 512 B,27,3961,1910880,9336225,30888243,1911977,0,0,0
4 x 512 B,28,3961,1911031,9344328,30888244,1911696,0,0,0
4 x 512 B,29,3961,1918771,9346265,30888244,1919615,0,0,0
4 x 512 B,30,3961,1913502,9343863,30888244,1914238,0,0,0
4 x 512 B,31,3961,1912652,9335836,30888244,1911043,0,0,0
6 x 512 B,0,2266,1896454,9283577,25413556,1896987,0,0,0
6 x 512 B,1,2266,1900169,9286392,25413556,1900664,0,0,0
6 x 512 B,2,2266,1896334,9283513,25413556,1896839,0,0,0
6 x 512 B,3,2266,1922718,9276561,25413556,1923218,0,0,0
6 x 512 B,4,2266,1894424,9275869,25413556,1894931,0,0,0
6 x 512 B,5,2266,1896055,9283649,25413556,1896549,0,0,0
6 x 512 B,6,2266,1893273,9275977,25413555,1893767,0,0,0
6 x 512 B,7,2266,1926820,9290760,25413556,1927318,0,0,0
6 x 512 B,8,2266,1894174,9275120,25413556,1894674,0,0,0
6 x 512 B,9,2266,1896212,9284730,25413556,1896708,0,0,0
6 x 512 B,10,2266,1896685,9286583,25413556,1897188,0,0,0
6 x 512 B,11,2266,1896042,9283820,25413556,1896544,0,0,0
6 x 512 B,12,2266,1896684,9283510,25413556,1897177,0,0,0
6 x 512 B,13,2266,1894636,9276978,25413556,1895176,0,0,0
6 x 512 B,14,2266,1922881,9280280,25413556,1923379,0,0,0
6 x 512 B,15,2266,1896657,9286895,25413556,1897168,0,0,0
6 x 512 B,16,2266,1892299,9271334,25413555,1892767,0,0,0
6 x 512 B,17,2266,1896466,9286007,25413556,1896969,0,0,0
6 x 512 B,18,2266,1897390,9287968,25413556,1897924,0,0,0
6 x 512 B,19,2266,1896713,9287316,25413556,1897276,0,0,0
6 x 512 B,20,2266,1895857,9280471,25413556,1896352,0,0,0
6 x 512 B,21,2266,1896132,9284997,25413556,1896626,0,0,0
6 x 512 B,22,2266,1896186,9281946,25413556,1896687,0,0,0
6 x 512 B,23,2266,1898929,9295167,25413556,1899436,0,0,0
6 x 512 B,24,2266,1895250,9280335,25413556,1895748,0,0,0
6 x 512 B,25,2266,1896546,9287162,25413556,1897051,0,0,0
6 x 512 B,26,2266,1891934,9269278,25413555,1892434,0,0,0
6 x 512 B,27,2266,1895332,9277887,25413556,1895841,0,0,0
6 x 512 B,28,2266,1895746,9282786,25413556,1896250,0,0,0
6 x 512 B,29,2266,1895175,9281085,25413556,1895676,0,0,0
6 x 512 B,30,2266,1896178,9284521,25413556,1896678,0,0,0
6 x 512 B,31,2266,1907900,9284217,25413556,1908426,0,0,0
8 x 512 B,0,2785,1942666,9508138,27271086,1943437,0,0,0
8 x 512 B,1,2785,1944610,9516573,27271086,1945331,0,0,0
8 x 512 B,2,2785,1958037,9514219,27271086,1958544,0,0,0
8 x 512 B,3,2785,1984505,9521392,27271086,1985163,0,0,0
8 x 512 B,4,2785,1945016,9513364,27271086,1946148,0,0,0
8 x 512 B,5,2785,1978703,9522223,27271086,1980157,0,0,0
8 x 512 B,6,2785,1945915,9511205,27271086,1946640,0,0,0
8 x 512 B,7,2785,1953717,9505410,27271086,1946236,0,0,0
8 x 512 B,8,2785,1943357,9511486,27271086,1943887,0,0,0
8 x 512 B,9,2785,1939734,9502971,27271085,1940246,0,0,0
8 x 512 B,10,2785,1946169,9515968,27271086,1946722,0,0,0
8 x 512 B,11,2785,1945167,9518905,27271086,1945682,0,0,0
8 x 512 B,12,2785,1943843,9513486,27271086,1944350,0,0,0
8 x 512 B,13,2785,1943229,9510359,27271086,1943745,0,0,0
8 x 512 B,14,2785,1942041,9508237,27271086,1942550,0,0,0
8 x 512 B,15,2785,2336143,9525487,27271087,2336661,0,0,0
8 x 512 B,16,2785,1939918,9503957,27271085,1940432,0,0,0
8 x 512 B,17,2785,1942888,9510135,27271086,1943405,0,0,0
8 x 512 B,18,2785,1942631,9512042,27271086,1943144,0,0,0
8 x 512 B,19,2785,1942828,9510205,27271086,1943354,0,0,0
8 x 512 B,20,2785,1943148,9514401,27271086,1943679,0,0,0
8 x 512 B,21,2785,1942858,9510072,27271086,1943372,0,0,0
8 x 512 B,22,2785,1943541,9513848,27271086,1944041,0,0,0
8 x 512 B,23,2785,1943709,9514688,27271086,1944216,0,0,0
8 x 512 B,24,2785,1942635,9510916,27271086,1943129,0,0,0
8 x 512 B,25,2785,1942820,9510656,27271086,1943340,0,0,0
8 x 512 B,26,2785,1942426,9511219,27271086,1942926,0,0,0
8 x 512 B,27,2785,1943628,9513658,27271086,1944141,0,0,0
8 x 512 B,28,2785,1943076,9514263,27271086,1943577,0,0,0
8 x 512 B,29,2785,1943033,9511987,27271086,1943535,0,0,0
8 x 512 B,30,2785,1942417,9510945,27271086,1942920,0,0,0
8 x 512 B,31,2785,1942804,9510552,27271086,1943310,0,0,0
12 x 512 B,0,1688,1972675,9656042,29099798,1973187,0,0,0
12 x 512 B,1,1688,1973672,9661929,29099798,1974170,0,0,0
12 x 512 B,2,1688,1973498,9661301,29099798,1974002,0,0,0
12 x 512 B,3,1688,1974580,9664399,29099798,1975078,0,0,0
12 x 512 B,4,1688,1978922,9655271,29099798,1974571,0,0,0
12 x 512 B,5,1688,1970657,9654602,29099797,1971158,0,0,0
12 x 512 B,6,1688,1973769,9664520,29099798,1974257,0,0,0
12 x 512 B,7,1688,1973961,9662555,29099798,1974461,0,0,0
12 x 512 B,8,1688,1973947,9659114,29099798,1974455,0,0,0
12 x 512 B,9,1688,1975084,9667931,29099798,1975708,0,0,0
12 x 512 B,10,1688,1978253,9668479,29099798,1978951,0,0,0
12 x 512 B,11,1688,1975885,9669273,29099798,1976628,0,0,0
12 x 512 B,12,1688,1973427,9659100,29099798,1974081,0,0,0
12 x 512 B,13,1688,1976519,9669468,29099798,1977427,0,0,0
12 x 512 B,14,1688,1981823,9662205,29099798,1980335,0,0,0
12 x 512 B,15,1688,1980758,9657788,29099798,1976159,0,0,0
12 x 512 B,16,1688,1974048,9661249,29099798,1974574,0,0,0
12 x 512 B,17,1688,1973853,9662848,29099798,1974359,0,0,0
12 x 512 B,18,1688,1974084,9662381,29099798,1974579,0,0,0
12 x 512 B,19,1688,1973088,9660810,29099798,1973589,0,0,0
12 x 512 B,20,1688,1973630,9662497,29099798,1974146,0,0,0
12 x 512 B,21,1688,1974006,9656385,29099798,1974500,0,0,0
12 x 512 B,22,1688,1973770,9661230,29099798,1974275,0,0,0
12 x 512 B,23,1688,1973918,9665278,29099798,1974416,0,0,0
12 x 512 B,24,1688,1972983,9660815,29099798,1973482,0,0,0
12 x 512 B,25,1688,1973768,9661320,29099798,1974275,0,0,0
12 x 512 B,26,1688,1973323,9660335,29099798,1973832,0,0,0
12 x 512 B,27,1688,1973494,9663416,29099798,1973991,0,0,0
12 x 512 B,28,1688,1972486,9658683,29099798,1972986,0,0,0
12 x 512 B,29,1688,1973857,9662321,29099798,1974355,0,0,0
12 x 512 B,30,1688,1973570,9660863,29099798,1974068,0,0,0
12 x 512 B,31,1688,1973507,9663651,29099798,1974008,0,0,0
16 x 512 B,0,1428,1980467,9694809,27462234,1981009,0,0,0
16 x 512 B,1,1428,1980319,9694187,27462234,1980840,0,0,0
16 x 512 B,2,1428,1979819,9695033,27462234,1980344,0,0,0
16 x 512 B,3,1428,1986165,9688643,27462234,1981406,0,0,0
16 x 512 B,4,1428,1980017,9692058,27462234,1980552,0,0,0
16 x 512 B,5,1428,1992937,9695135,27462234,1993466,0,0,0
16 x 512 B,6,1428,1980093,9695321,27462234,1980620,0,0,0
16 x 512 B,7,1428,1979726,9693785,27462234,1980250,0,0,0
16 x 512 B,8,1428,1980563,9693666,27462234,1981106,0,0,0
16 x 512 B,9,1428,1980203,9693427,27462234,1980811,0,0,0
16 x 512 B,10,1428,1980014,9694987,27462234,1980538,0,0,0
16 x 512 B,11,1428,1981602,9690118,27462234,1982184,0,0,0
16 x 512 B,12,1428,2014721,9693595,27462234,2015335,0,0,0
16 x 512 B,13,1428,2022499,9686624,27462234,2018668,0,0,0
16 x 512 B,14,1428,1983611,9698460,27462234,1984114,0,0,0
16 x 512 B,15,1428,1980502,9693829,27462234,1980997,0,0,0
16 x 512 B,16,1428,1979688,9690173,27462234,1980352,0,0,0
16 x 512 B,17,1428,2384844,9706544,27462234,2385486,0,0,0
16 x 512 B,18,1428,1982622,9701816,27462234,1983319,0,0,0
16 x 512 B,19,1428,1981726,9699138,27462234,1982717,0,0,0
16 x 512 B,20,1428,1984379,9698417,27462234,1985290,0,0,0
16 x 512 B,21,1428,1982420,9699051,27462234,1983108,0,0,0
16 x 512 B,22,1428,1982159,9695581,27462234,1982741,0,0,0
16 x 512 B,23,1428,1987116,9686211,27462234,1981283,0,0,0
16 x 512 B,24,1428,1981783,9695112,27462234,1982473,0,0,0
16 x 512 B,25,1428,1986803,9706674,27462234,1987351,0,0,0
16 x 512 B,26,1428,1980794,9698383,27462234,1981304,0,0,0
16 x 512 B,27,1428,1981367,9688651,27462234,1981882,0,0,0
16 x 512 B,28,1428,1986301,9691783,27462234,1986801,0,0,0
16 x 512 B,29,1428,1984158,9690477,27462234,1984786,0,0,0
16 x 512 B,30,1428,1983645,9696972,27462234,1984643,0,0,0
16 x 512 B,31,1428,1982577,9696467,27462234,1983125,0,0,0
24 x 512 B,0,957,1986242,9718433,27437556,1987128,0,0,0
24 x 512 B,1,957,1988628,9723827,27437556,1989206,0,0,0
24 x 512 B,2,957,2008049,9718757,27437556,1992934,0,0,0
24 x 512 B,3,957,1993809,9720821,27437556,1992635,0,0,0
24 x 512 B,4,957,1992725,9712348,27437556,1988772,0,0,0
24 x 512 B,5,957,1986843,9718797,27437556,1987347,0,0,0
24 x 512 B,6,957,1986221,9720868,27437556,1986765,0,0,0
24 x 512 B,7,957,1986036,9724662,27437556,1986530,0,0,0
24 x 512 B,8,957,2374821,9719868,27437556,2375301,0,0,0
24 x 512 B,9,957,1985526,9719855,27437556,1986012,0,0,0
24 x 512 B,10,957,1985466,9719237,27437556,1985952,0,0,0
24 x 512 B,11,957,1985857,9723835,27437556,1986351,0,0,0
24 x 512 B,12,957,1986127,9720121,27437556,1986649,0,0,0
24 x 512 B,13,957,1986782,9724535,27437556,1987298,0,0,0
24 x 512 B,14,957,1986230,9723023,27437556,1986757,0,0,0
24 x 512 B,15,957,1985292,9721230,27437556,1985799,0,0,0
24 x 512 B,16,957,1986030,9724589,27437556,1986536,0,0,0
24 x 512 B,17,957,1986071,9722549,27437556,1986587,0,0,0
24 x 512 B,18,957,1985960,9718408,27437556,1986463,0,0,0
24 x 512 B,19,957,1984195,9716040,27437556,1984707,0,0,0
24 x 512 B,20,957,1985003,9719703,27437556,1985509,0,0,0
24 x 512 B,21,957,1985950,9719731,27437556,1986454,0,0,0
24 x 512 B,22,957,1985318,9717602,27437556,1985823,0,0,0
24 x 512 B,23,957,1985090,9717939,27437556,1985834,0,0,0
24 x 512 B,24,957,1987336,9719679,27437556,1987881,0,0,0
24 x 512 B,25,957,1987432,9727421,27437556,1988154,0,0,0
24 x 512 B,26,957,1986996,9723258,27437556,1987757,0,0,0
24 x 512 B,27,957,1992305,9724389,27437556,1993231,0,0,0
24 x 512 B,28,957,1994204,9718266,27437556,1992485,0,0,0
24 x 512 B,29,957,1995768,9712212,27437556,1989771,0,0,0
24 x 512 B,30,957,1985762,9716989,27437556,1986295,0,0,0
24 x 512 B,31,957,1986188,9722696,27437556,1986686,0,0,0
64 x 512 B,0,362,1995926,9772895,27463496,1996446,0,0,0
64 x 512 B,1,362,1995275,9767907,27463496,1995859,0,0,0
64 x 512 B,2,362,1996525,9773571,27463496,1997029,0,0,0
64 x 512 B,3,362,1997490,9766077,27463496,1998010,0,0,0
64 x 512 B,4,362,1996360,9772622,27463496,1996866,0,0,0
64 x 512 B,5,362,1996066,9769442,27463496,1996572,0,0,0
64 x 512 B,6,362,1996381,9771044,27463496,1996889,0,0,0
64 x 512 B,7,362,1995505,9770243,27463496,1996013,0,0,0
64 x 512 B,8,362,1995027,9768758,27463496,1995532,0,0,0
64 x 512 B,9,362,2370021,9775635,27463496,2370537,0,0,0
64 x 512 B,10,362,1995841,9771274,27463496,1996348,0,0,0
64 x 512 B,11,362,1995709,9772444,27463496,1996225,0,0,0
64 x 512 B,12,362,1996202,9773441,27463496,1996726,0,0,0
64 x 512 B,13,362,1996492,9768663,27463496,1997006,0,0,0
64 x 512 B,14,362,1995441,9768845,27463496,1995942,0,0,0
64 x 512 B,15,362,1995329,9770518,27463496,1995840,0,0,0
64 x 512 B,16,362,1995061,9769283,27463496,1995608,0,0,0
64 x 512 B,17,362,1996507,9768870,27463496,1997017,0,0,0
64 x 512 B,18,362,1996248,9771889,27463496,1996757,0,0,0
64 x 512 B,19,362,1995006,9769007,27463496,1995518,0,0,0
64 x 512 B,20,362,1996086,9773389,27463496,1996597,0,0,0
64 x 512 B,21,362,1995333,9768791,27463496,1995836,0,0,0
64 x 512 B,22,362,1995544,9769060,27463496,1996052,0,0,0
64 x 512 B,23,362,1995357,9770657,27463496,1995862,0,0,0
64 x 512 B,24,362,1996548,9772023,27463496,1997050,0,0,0
64 x 512 B,25,362,1996312,9771502,27463496,1996820,0,0,0
64 x 512 B,26,362,1995451,9768370,27463496,1995959,0,0,0
64 x 512 B,27,362,1995049,9769251,27463496,1995561,0,0,0
64 x 512 B,28,362,1996513,9775496,27463496,1997029,0,0,0
64 x 512 B,29,362,1994763,9762758,27463496,1995276,0,0,0
64 x 512 B,30,362,1995647,9771243,27463496,1996373,0,0,0
64 x 512 B,31,362,1999110,9772919,27463496,1999763,0,0,0
128 x 512 B,0,178,1971430,9646604,26945472,1972490,0,0,0
128 x 512 B,1,178,1978444,9655177,26945472,1979843,0,0,0
128 x 512 B,2,178,1979146,9639577,26945472,1976959,0,0,0
128 x 512 B,3,178,1979938,9637683,26945472,1973765,0,0,0
128 x 512 B,4,178,1974179,9642813,26945472,1974720,0,0,0
128 x 512 B,5,178,1971106,9646780,26945472,1971619,0,0,0
128 x 512 B,6,178,1969096,9640973,26945472,1969607,0,0,0
128 x 512 B,7,178,1969809,9644631,26945472,1970355,0,0,0
128 x 512 B,8,178,1970361,9645523,26945472,1970888,0,0,0
128 x 512 B,9,178,2348292,9650202,26945472,2348848,0,0,0
128 x 512 B,10,178,1970081,9645609,26945472,1970593,0,0,0
128 x 512 B,11,178,1969610,9644333,26945472,1970111,0,0,0
128 x 512 B,12,178,1970073,9642138,26945472,1970579,0,0,0
128 x 512 B,13,178,1970081,9643212,26945472,1970576,0,0,0
128 x 512 B,14,178,1968563,9639259,26945472,1969096,0,0,0
128 x 512 B,15,178,1971318,9649652,26945472,1971814,0,0,0
128 x 512 B,16,178,1969875,9643230,26945472,1970383,0,0,0
128 x 512 B,17,178,1971493,9651202,26945472,1972005,0,0,0
128 x 512 B,18,178,1971253,9651982,26945472,1971773,0,0,0
128 x 512 B,19,178,1969959,9645769,26945472,1970458,0,0,0
128 x 512 B,20,178,1969607,9642705,26945472,1970114,0,0,0
128 x 512 B,21,178,1970311,9644225,26945472,1970814,0,0,0
128 x 512 B,22,178,1969704,9644967,26945472,1970203,0,0,0
128 x 512 B,23,178,1969553,9644271,26945472,1970060,0,0,0
128 x 512 B,24,178,1969802,9638799,26945472,1970317,0,0,0
128 x 512 B,25,178,1970266,9647487,26945472,1970792,0,0,0
128 x 512 B,26,178,1969353,9643356,26945472,1969883,0,0,0
128 x 512 B,27,178,1970885,9650523,26945472,1971391,0,0,0
128 x 512 B,28,178,1970156,9641323,26945472,1970657,0,0,0
128 x 512 B,29,178,1969569,9643451,26945472,1970070,0,0,0
128 x 512 B,30,178,1969579,9644283,26945472,1970075,0,0,0
128 x 512 B,31,178,1969365,9643832,26945472,1969852,0,0,0
129 x 512 B,0,171,1953714,9564841,26495790,1954255,0,0,0
129 x 512 B,1,171,1953525,9565466,26495790,1954042,0,0,0
129 x 512 B,2,171,1953869,9564234,26495790,1954389,0,0,0
129 x 512 B,3,171,1953936,9561862,26495790,1954460,0,0,0
129 x 512 B,4,171,1952244,9556738,26495790,1952813,0,0,0
129 x 512 B,5,171,1954836,9567961,26495790,1955708,0,0,0
129 x 512 B,6,171,1951317,9557146,26495789,1952000,0,0,0
129 x 512 B,7,171,1956059,9570590,26495790,1956851,0,0,0
129 x 512 B,8,171,1954007,9563965,26495790,1954669,0,0,0
129 x 512 B,9,171,1957319,9569235,26495790,1958225,0,0,0
129 x 512 B,10,171,1955094,9561112,26495790,1955713,0,0,0
129 x 512 B,11,171,1964645,9557436,26495790,1957601,0,0,0
129 x 512 B,12,171,1953836,9563627,26495790,1954402,0,0,0
129 x 512 B,13,171,1953759,9560528,26495790,1954304,0,0,0
129 x 512 B,14,171,1953469,9560581,26495790,1953987,0,0,0
129 x 512 B,15,171,1952885,9561558,26495790,1953413,0,0,0
129 x 512 B,16,171,1953516,9561899,26495790,1954026,0,0,0
129 x 512 B,17,171,1954941,9566963,26495790,1955458,0,0,0
129 x 512 B,18,171,2329490,9563924,26495790,2329999,0,0,0
129 x 512 B,19,171,1953338,9564704,26495790,1953856,0,0,0
129 x 512 B,20,171,1953281,9561871,26495790,1953795,0,0,0
129 x 512 B,21,171,1954999,9568239,26495790,1955513,0,0,0
129 x 512 B,22,171,1953445,9565252,26495790,1953950,0,0,0
129 x 512 B,23,171,1953217,9563693,26495790,1953729,0,0,0
129 x 512 B,24,171,1953387,9562246,26495790,1953895,0,0,0
129 x 512 B,25,171,1952819,9559360,26495790,1953330,0,0,0
129 x 512 B,26,171,1952782,9562006,26495790,1953293,0,0,0
129 x 512 B,27,171,1953111,9563060,26495790,1953628,0,0,0
129 x 512 B,28,171,1953459,9562764,26495790,1953978,0,0,0
129 x 512 B,29,171,1953810,9564457,26495790,1954338,0,0,0
129 x 512 B,30,171,1952890,9560557,26495790,1953404,0,0,0
129 x 512 B,31,171,1953771,9566899,26495790,1954277,0,0,0
1024 x 512 B,0,23,2045577,10011685,27831838,2046214,0,0,0
1024 x 512 B,1,23,2043302,10004945,27831838,2043865,0,0,0
1024 x 512 B,2,23,2044422,10010379,27831838,2044944,0,0,0
1024 x 512 B,3,23,2044297,10007015,27831838,2044820,0,0,0
1024 x 512 B,4,23,2044116,10005979,27831838,2044633,0,0,0
1024 x 512 B,5,23,2043545,10004336,27831838,2044090,0,0,0
1024 x 512 B,6,23,2043699,10007055,27831838,2044279,0,0,0
1024 x 512 B,7,23,2046404,10013408,27831839,2046960,0,0,0
1024 x 512 B,8,23,2044246,10006325,27831838,2044783,0,0,0
1024 x 512 B,9,23,2042780,10000922,27831838,2043295,0,0,0
1024 x 512 B,10,23,2044568,10008163,27831838,2045086,0,0,0
1024 x 512 B,11,23,2064757,10103957,27831838,2065571,0,0,0
1024 x 512 B,12,23,2058180,10065986,27831838,2058835,0,0,0
1024 x 512 B,13,23,2128852,10264530,27831838,2129567,0,0,0
1024 x 512 B,14,23,2046421,10015399,27831838,2047153,0,0,0
1024 x 512 B,15,23,2047242,10018984,27831838,2048227,0,0,0
1024 x 512 B,16,23,2056277,10001331,27831838,2053749,0,0,0
1024 x 512 B,17,23,2058456,10008159,27831838,2051006,0,0,0
1024 x 512 B,18,23,2044581,10006747,27831838,2045130,0,0,0
1024 x 512 B,19,23,2044423,10006863,27831838,2044945,0,0,0
1024 x 512 B,20,23,2044069,10006583,27831838,2044591,0,0,0
1024 x 512 B,21,23,2044997,10011846,27831838,2045572,0,0,0
1024 x 512 B,22,23,2043798,10004002,27831838,2044335,0,0,0
1024 x 512 B,23,23,2042357,10000737,27831838,2042884,0,0,0
1024 x 512 B,24,23,2042737,10000969,27831838,2043278,0,0,0
1024 x 512 B,25,23,2046875,10010410,27831839,2047415,0,0,0
1024 x 512 B,26,23,2420182,9997076,27831838,2420725,0,0,0
1024 x 512 B,27,23,2043577,10006535,27831838,2044141,0,0,0
1024 x 512 B,28,23,2041951,9998262,27831838,2042493,0,0,0
1024 x 512 B,29,23,2044648,10003085,27831838,2045234,0,0,0
1024 x 512 B,30,23,2051478,10000004,27831838,2044161,0,0,0
1024 x 512 B,31,23,2043733,10006903,27831838,2044273,0,0,0
1 x 1024 B,0,2641,1934747,9473286,21112520,1935323,0,0,0
1 x 1024 B,1,2641,1933866,9466437,21112520,1934358,0,0,0
1 x 1024 B,2,2641,1934622,9473016,21112520,1935142,0,0,0
1 x 1024 B,3,2641,1934365,9471505,21112520,1934879,0,0,0
1 x 1024 B,4,2641,1935402,9475609,21112520,1935955,0,0,0
1 x 1024 B,5,2641,1935586,9474030,21112520,1936112,0,0,0
1 x 1024 B,6,2641,1935518,9475325,21112520,1936037,0,0,0
1 x 1024 B,7,2641,1934207,9470289,21112520,1934721,0,0,0
1 x 1024 B,8,2641,1934557,9472430,21112520,1935063,0,0,0
1 x 1024 B,9,2641,1934544,9470692,21112520,1935035,0,0,0
1 x 1024 B,10,2641,1937547,9481264,21112520,1938051,0,0,0
1 x 1024 B,11,2641,1932000,9464992,21112519,1932523,0,0,0
1 x 1024 B,12,2641,1934946,9473649,21112520,1935441,0,0,0
1 x 1024 B,13,2641,1933780,9468790,21112520,1934273,0,0,0
1 x 1024 B,14,2641,1935235,9471556,21112520,1935751,0,0,0
1 x 1024 B,15,2641,1936441,9480142,21112520,1936936,0,0,0
1 x 1024 B,16,2641,1935219,9475052,21112520,1935708,0,0,0
1 x 1024 B,17,2641,1935126,9474167,21112520,1935674,0,0,0
1 x 1024 B,18,2641,1934066,9469631,21112520,1934772,0,0,0
1 x 1024 B,19,2641,1936554,9479520,21112520,1937096,0,0,0
1 x 1024 B,20,2641,1936845,9480240,21112520,1937574,0,0,0
1 x 1024 B,21,2641,1938095,9484740,21112520,1938895,0,0,0
1 x 1024 B,22,2641,1936167,9472677,21112520,1936771,0,0,0
1 x 1024 B,23,2641,1947971,9472461,21112520,1945432,0,0,0
1 x 1024 B,24,2641,1946343,9466772,21112520,1938789,0,0,0
1 x 1024 B,25,2641,1935716,9472308,21112520,1936220,0,0,0
1 x 1024 B,26,2641,1934695,9472976,21112520,1935256,0,0,0
1 x 1024 B,27,2641,1935037,9475669,21112519,1935542,0,0,0
1 x 1024 B,28,2641,1934165,9471048,21112520,1934669,0,0,0
1 x 1024 B,29,2641,1934950,9473942,21112520,1935454,0,0,0
1 x 1024 B,30,2641,1935461,9475472,21112520,1935966,0,0,0
1 x 1024 B,31,2641,1935300,9472134,21112520,1935808,0,0,0
3 x 1024 B,0,2049,1959188,9592043,31401291,1959724,0,0,0
3 x 1024 B,1,2049,1958342,9586313,31401291,1958849,0,0,0
3 x 1024 B,2,2049,1959137,9589776,31401291,1959647,0,0,0
3 x 1024 B,3,2049,2350058,9586216,31401291,2350574,0,0,0
3 x 1024 B,4,2049,1958065,9588156,31401291,1958582,0,0,0
3 x 1024 B,5,2049,1958737,9588799,31401291,1959232,0,0,0
3 x 1024 B,6,2049,1959611,9592445,31401291,1960110,0,0,0
3 x 1024 B,7,2049,1958820,9591899,31401291,1959322,0,0,0
3 x 1024 B,8,2049,1958316,9589006,31401291,1958812,0,0,0
3 x 1024 B,9,2049,1958565,9588032,31401291,1959111,0,0,0
3 x 1024 B,10,2049,1958767,9586042,31401291,1959275,0,0,0
3 x 1024 B,11,2049,1958570,9590591,31401291,1959084,0,0,0
3 x 1024 B,12,2049,1958377,9589210,31401291,1958878,0,0,0
3 x 1024 B,13,2049,1958577,9588007,31401297,1959103,0,0,0
3 x 1024 B,14,2049,1958990,9589808,31401297,1959500,0,0,0
3 x 1024 B,15,2049,1959106,9591574,31401291,1959614,0,0,0
3 x 1024 B,16,2049,1958161,9588544,31401291,1958690,0,0,0
3 x 1024 B,17,2049,1958449,9587338,31401291,1958996,0,0,0
3 x 1024 B,18,2049,1958914,9589122,31401291,1959412,0,0,0
3 x 1024 B,19,2049,1958773,9591656,31401291,1959271,0,0,0
3 x 1024 B,20,2049,1958876,9591111,31401291,1959375,0,0,0
3 x 1024 B,21,2049,1958983,9589804,31401291,1959484,0,0,0
3 x 1024 B,22,2049,1958270,9587239,31401291,1958783,0,0,0
3 x 1024 B,23,2049,1957934,9587452,31401291,1958427,0,0,0
3 x 1024 B,24,2049,1957629,9584603,31401291,1958130,0,0,0
3 x 1024 B,25,2049,1958331,9585067,31401291,1958869,0,0,0
3 x 1024 B,26,2049,1979791,9593836,31401291,1980427,0,0,0
3 x 1024 B,27,2049,1975940,9591830,31401291,1976454,0,0,0
3 x 1024 B,28,2049,1968634,9597169,31401291,1969282,0,0,0
3 x 1024 B,29,2049,1963507,9582265,31401290,1958762,0,0,0
3 x 1024 B,30,2049,1961931,9600267,31401291,1962770,0,0,0
3 x 1024 B,31,2049,1965680,9601728,31401291,1966451,0,0,0
4 x 1024 B,0,2033,1939310,9456334,30857240,1934648,0,0,0
4 x 1024 B,1,2033,1932523,9460021,30857240,1933033,0,0,0
4 x 1024 B,2,2033,1932517,9459332,30857240,1933032,0,0,0
4 x 1024 B,3,2033,1933198,9463234,30857240,1933702,0,0,0
4 x 1024 B,4,2033,1932343,9461574,30857240,1932842,0,0,0
4 x 1024 B,5,2033,1931547,9458669,30857240,1932072,0,0,0
4 x 1024 B,6,2033,1931253,9454104,30857240,1931762,0,0,0
4 x 1024 B,7,2033,1933469,9462626,30857240,1933997,0,0,0
4 x 1024 B,8,2033,1932325,9459438,30857240,1932854,0,0,0
4 x 1024 B,9,2033,1932330,9456280,30857240,1932842,0,0,0
4 x 1024 B,10,2033,1932635,9460793,30857240,1933234,0,0,0
4 x 1024 B,11,2033,1932702,9458768,30857240,1933287,0,0,0
4 x 1024 B,12,2033,1933813,9455950,30857240,1934397,0,0,0
4 x 1024 B,13,2033,1934319,9451634,30857240,1932700,0,0,0
4 x 1024 B,14,2033,1932160,9458853,30857240,1932672,0,0,0
4 x 1024 B,15,2033,1935263,9459856,30857240,1935764,0,0,0
4 x 1024 B,16,2033,1934640,9466919,30857240,1935144,0,0,0
4 x 1024 B,17,2033,1931442,9454972,30857240,1931964,0,0,0
4 x 1024 B,18,2033,1932919,9463952,30857240,1933415,0,0,0
4 x 1024 B,19,2033,1933842,9465634,30857240,1934339,0,0,0
4 x 1024 B,20,2033,1933003,9464608,30857240,1933503,0,0,0
4 x 1024 B,21,2033,1933620,9464560,30857240,1934122,0,0,0
4 x 1024 B,22,2033,1933193,9463612,30857240,1933692,0,0,0
4 x 1024 B,23,2033,1931658,9458865,30857240,1932158,0,0,0
4 x 1024 B,24,2033,1932520,9462418,30857240,1933018,0,0,0
4 x 1024 B,25,2033,1932150,9457192,30857240,1932649,0,0,0
4 x 1024 B,26,2033,1932561,9463662,30857240,1933056,0,0,0
4 x 1024 B,27,2033,1932074,9460788,30857240,1932575,0,0,0
4 x 1024 B,28,2033,1932964,9460301,30857240,1933539,0,0,0
4 x 1024 B,29,2033,2023786,9453384,30857240,1962638,0,0,0
4 x 1024 B,30,2033,1930694,9456993,30857239,1931189,0,0,0
4 x 1024 B,31,2033,1932918,9461754,30857240,1933414,0,0,0
6 x 1024 B,0,1187,1973954,9663472,26070447,1974505,0,0,0
6 x 1024 B,1,1187,1974656,9666592,26070447,1975464,0,0,0
6 x 1024 B,2,1187,1975066,9664554,26070447,1976439,0,0,0
6 x 1024 B,3,1187,2005427,9675476,26070447,2006176,0,0,0
6 x 1024 B,4,1187,1975363,9666853,26070447,1976078,0,0,0
6 x 1024 B,5,1187,1976389,9669454,26070447,1977346,0,0,0
6 x 1024 B,6,1187,1975087,9661822,26070447,1975644,0,0,0
6 x 1024 B,7,1187,1985197,9663690,26070447,1979391,0,0,0
6 x 1024 B,8,1187,1975044,9664548,26070447,1975556,0,0,0
6 x 1024 B,9,1187,1976020,9671373,26070447,1976526,0,0,0
6 x 1024 B,10,1187,1973675,9663442,26070447,1974186,0,0,0
6 x 1024 B,11,1187,1974316,9663774,26070447,1974827,0,0,0
6 x 1024 B,12,1187,1973878,9664476,26070447,1974432,0,0,0
6 x 1024 B,13,1187,2371085,9666679,26070448,2371587,0,0,0
6 x 1024 B,14,1187,1971765,9660058,26070446,1972265,0,0,0
6 x 1024 B,15,1187,1975672,9672142,26070447,1976175,0,0,0
6 x 1024 B,16,1187,1973159,9661273,26070447,1973662,0,0,0
6 x 1024 B,17,1187,1976176,9672523,26070447,1976684,0,0,0
6 x 1024 B,18,1187,1973097,9661374,26070447,1973635,0,0,0
6 x 1024 B,19,1187,1974498,9665154,26070447,1974996,0,0,0
6 x 1024 B,20,1187,2003890,9669997,26070447,2004395,0,0,0
6 x 1024 B,21,1187,1978203,9661481,26070447,1978738,0,0,0
6 x 1024 B,22,1187,1975131,9669932,26070447,1975631,0,0,0
6 x 1024 B,23,1187,1974834,9667492,26070447,1975335,0,0,0
6 x 1024 B,24,1187,1974268,9657688,26070447,1974798,0,0,0
6 x 1024 B,25,1187,1973970,9663433,26070447,1974473,0,0,0
6 x 1024 B,26,1187,2003324,9669060,26070447,2003819,0,0,0
6 x 1024 B,27,1187,1974378,9665458,26070447,1974884,0,0,0
6 x 1024 B,28,1187,1982555,9659227,26070447,1975668,0,0,0
6 x 1024 B,29,1187,1973167,9658932,26070447,1973678,0,0,0
6 x 1024 B,30,1187,1974023,9666323,26070447,1974530,0,0,0
6 x 1024 B,31,1187,1976177,9672912,26070447,1976686,0,0,0
8 x 1024 B,0,1414,1946008,9526072,27053014,1946539,0,0,0
8 x 1024 B,1,1414,1945273,9525398,27053014,1945775,0,0,0
8 x 1024 B,2,1414,1947069,9531128,27053014,1947572,0,0,0
8 x 1024 B,3,1414,1946267,9530245,27053014,1946787,0,0,0
8 x 1024 B,4,1414,1946986,9531147,27053014,1947486,0,0,0
8 x 1024 B,5,1414,1946467,9531207,27053014,1946971,0,0,0
8 x 1024 B,6,1414,1948077,9534152,27053014,1948600,0,0,0
8 x 1024 B,7,1414,1947316,9529892,27053014,1947819,0,0,0
8 x 1024 B,8,1414,1946742,9529802,27053014,1947436,0,0,0
8 x 1024 B,9,1414,1947764,9533828,27053014,1948376,0,0,0
8 x 1024 B,10,1414,1947956,9532250,27053014,1948643,0,0,0
8 x 1024 B,11,1414,1947219,9529220,27053014,1947952,0,0,0
8 x 1024 B,12,1414,1944742,9525586,27053013,1945523,0,0,0
8 x 1024 B,13,1414,1954048,9542635,27053014,1954922,0,0,0
8 x 1024 B,14,1414,1951756,9526127,27053014,1950128,0,0,0
8 x 1024 B,15,1414,1954662,9529822,27053014,1949572,0,0,0
8 x 1024 B,16,1414,1946760,9530976,27053014,1947273,0,0,0
8 x 1024 B,17,1414,1948781,9538919,27053014,1949278,0,0,0
8 x 1024 B,18,1414,1946694,9530204,27053014,1947206,0,0,0
8 x 1024 B,19,1414,1946530,9530407,27053014,1947032,0,0,0
8 x 1024 B,20,1414,1946090,9525829,27053014,1946589,0,0,0
8 x 1024 B,21,1414,1947836,9534678,27053014,1948339,0,0,0
8 x 1024 B,22,1414,2320797,9533185,27053014,2321296,0,0,0
8 x 1024 B,23,1414,1946662,9531700,27053014,1947175,0,0,0
8 x 1024 B,24,1414,1946648,9527752,27053014,1947172,0,0,0
8 x 1024 B,25,1414,1946930,9531332,27053014,1947441,0,0,0
8 x 1024 B,26,1414,1946114,9529468,27053014,1946618,0,0,0
8 x 1024 B,27,1414,1946521,9531282,27053014,1947028,0,0,0
8 x 1024 B,28,1414,1947065,9530939,27053014,1947618,0,0,0
8 x 1024 B,29,1414,1947334,9532412,27053014,1947840,0,0,0
8 x 1024 B,30,1414,1945662,9527026,27053014,1946180,0,0,0
8 x 1024 B,31,1414,1945868,9527161,27053014,1946382,0,0,0
12 x 1024 B,0,858,1989320,9738372,29140620,1989833,0,0,0
12 x 1024 B,1,858,1988035,9733789,29140620,1988533,0,0,0
12 x 1024 B,2,858,1989668,9740901,29140620,1990170,0,0,0
12 x 1024 B,3,858,1988605,9734927,29140620,1989107,0,0,0
12 x 1024 B,4,858,1988276,9733230,29140620,1988821,0,0,0
12 x 1024 B,5,858,1988588,9737595,29140620,1989094,0,0,0
12 x 1024 B,6,858,1988540,9734272,29140620,1989051,0,0,0
12 x 1024 B,7,858,1988877,9734914,29140620,1989378,0,0,0
12 x 1024 B,8,858,1989235,9738000,29140620,1989728,0,0,0
12 x 1024 B,9,858,1988763,9739429,29140620,1989285,0,0,0
12 x 1024 B,10,858,1988887,9739150,29140620,1989392,0,0,0
12 x 1024 B,11,858,1988940,9735961,29140620,1989444,0,0,0
12 x 1024 B,12,858,1988713,9735433,29140620,1989219,0,0,0
12 x 1024 B,13,858,1988391,9736940,29140620,1988903,0,0,0
12 x 1024 B,14,858,1989238,9735887,29140620,1989739,0,0,0
12 x 1024 B,15,858,1988336,9733495,29140620,1988903,0,0,0
12 x 1024 B,16,858,1989155,9734212,29140620,1989909,0,0,0
12 x 1024 B,17,858,1989610,9738690,29140620,1990261,0,0,0
12 x 1024 B,18,858,1991386,9743372,29140620,1992110,0,0,0
12 x 1024 B,19,858,1989383,9734975,29140620,1990059,0,0,0
12 x 1024 B,20,858,1993626,9736415,29140620,1994476,0,0,0
12 x 1024 B,21,858,1997074,9733077,29140620,1993720,0,0,0
12 x 1024 B,22,858,1995663,9731138,29140620,1990589,0,0,0
12 x 1024 B,23,858,1989033,9735920,29140620,1989550,0,0,0
12 x 1024 B,24,858,1987818,9734089,29140620,1988319,0,0,0
12 x 1024 B,25,858,1989432,9738046,29140620,1989976,0,0,0
12 x 1024 B,26,858,1988226,9734563,29140620,1988731,0,0,0
12 x 1024 B,27,858,1989130,9736413,29140620,1989616,0,0,0
12 x 1024 B,28,858,1988220,9734483,29140620,1988708,0,0,0
12 x 1024 B,29,858,1988718,9734377,29140620,1989213,0,0,0
12 x 1024 B,30,858,1988721,9737860,29140620,1989222,0,0,0
12 x 1024 B,31,858,2364115,9739474,29140620,2364628,0,0,0
16 x 1024 B,0,719,1999589,9680359,27261251,2000107,0,0,0
16 x 1024 B,1,719,1974035,9665994,27261251,1974527,0,0,0
16 x 1024 B,2,719,1974356,9664706,27261251,1974836,0,0,0
16 x 1024 B,3,719,1973538,9663722,27261251,1974023,0,0,0
16 x 1024 B,4,719,1975852,9669451,27261251,1976347,0,0,0
16 x 1024 B,5,719,1974473,9668272,27261251,1974961,0,0,0
16 x 1024 B,6,719,1973763,9662143,27261251,1974251,0,0,0
16 x 1024 B,7,719,1974442,9668037,27261251,1974945,0,0,0
16 x 1024 B,8,719,1974518,9665628,27261251,1975017,0,0,0
16 x 1024 B,9,719,1974696,9668778,27261251,1975188,0,0,0
16 x 1024 B,10,719,1974357,9664476,27261251,1974846,0,0,0
16 x 1024 B,11,719,1973634,9664327,27261251,1974122,0,0,0
16 x 1024 B,12,719,1975967,9672635,27261251,1976464,0,0,0
16 x 1024 B,13,719,1974674,9669432,27261251,1975173,0,0,0
16 x 1024 B,14,719,1973984,9663596,27261251,1974469,0,0,0
16 x 1024 B,15,719,1975164,9671600,27261251,1975656,0,0,0
16 x 1024 B,16,719,1974249,9664554,27261251,1974732,0,0,0
16 x 1024 B,17,719,1974865,9670501,27261251,1975354,0,0,0
16 x 1024 B,18,719,1974577,9664854,27261251,1975070,0,0,0
16 x 1024 B,19,719,1973675,9664020,27261251,1974203,0,0,0
16 x 1024 B,20,719,1972779,9662353,27261250,1973267,0,0,0
16 x 1024 B,21,719,1976145,9675259,27261251,1976635,0,0,0
16 x 1024 B,22,719,1974388,9665151,27261251,1974900,0,0,0
16 x 1024 B,23,719,1974480,9663386,27261251,1975110,0,0,0
16 x 1024 B,24,719,1975255,9669991,27261251,1975924,0,0,0
16 x 1024 B,25,719,1976156,9670546,27261251,1976895,0,0,0
16 x 1024 B,26,719,1986841,9670457,27261251,1981670,0,0,0
16 x 1024 B,27,719,1976808,9672828,27261251,1977635,0,0,0
16 x 1024 B,28,719,1978696,9672862,27261251,1979399,0,0,0
16 x 1024 B,29,719,1986837,9660527,27261251,1979510,0,0,0
16 x 1024 B,30,719,1975103,9665570,27261251,1975642,0,0,0
16 x 1024 B,31,719,1973922,9665316,27261251,1974435,0,0,0
24 x 1024 B,0,483,1994337,9765091,27385500,1994875,0,0,0
24 x 1024 B,1,483,1994610,9766850,27385500,1995153,0,0,0
24 x 1024 B,2,483,1994032,9763204,27385500,1994562,0,0,0
24 x 1024 B,3,483,1994596,9757245,27385500,1995103,0,0,0
24 x 1024 B,4,483,1994734,9766977,27385500,1995253,0,0,0
24 x 1024 B,5,483,1993982,9763407,27385500,1994495,0,0,0
24 x 1024 B,6,483,1994445,9765528,27385500,1994956,0,0,0
24 x 1024 B,7,483,2392539,9774533,27385501,2393079,0,0,0
24 x 1024 B,8,483,1994490,9765423,27385500,1994998,0,0,0
24 x 1024 B,9,483,1993939,9763395,27385500,1994445,0,0,0
24 x 1024 B,10,483,1995508,9767290,27385500,1996021,0,0,0
24 x 1024 B,11,483,1995002,9766829,27385500,1995510,0,0,0
24 x 1024 B,12,483,1993269,9760809,27385500,1993774,0,0,0
24 x 1024 B,13,483,1994166,9764753,27385500,1994684,0,0,0
24 x 1024 B,14,483,1994422,9762821,27385500,1994930,0,0,0
24 x 1024 B,15,483,1994556,9764167,27385500,1995060,0,0,0
24 x 1024 B,16,483,1994853,9767970,27385500,1995352,0,0,0
24 x 1024 B,17,483,1993724,9762763,27385500,1994224,0,0,0
24 x 1024 B,18,483,1995006,9766370,27385500,1995528,0,0,0
24 x 1024 B,19,483,1995240,9767274,27385500,1995741,0,0,0
24 x 1024 B,20,483,1994522,9766544,27385500,1995026,0,0,0
24 x 1024 B,21,483,1994289,9765566,27385500,1994798,0,0,0
24 x 1024 B,22,483,1995198,9767381,27385500,1995704,0,0,0
24 x 1024 B,23,483,1994210,9762324,27385500,1994714,0,0,0
24 x 1024 B,24,483,1997194,9775641,27385500,1997707,0,0,0
24 x 1024 B,25,483,1998977,9761326,27385500,1996375,0,0,0
24 x 1024 B,26,483,1993974,9760447,27385500,1994479,0,0,0
24 x 1024 B,27,483,1994505,9763298,27385500,1995018,0,0,0
24 x 1024 B,28,483,1995172,9768985,27385500,1995673,0,0,0
24 x 1024 B,29,483,1994597,9764436,27385500,1995170,0,0,0
24 x 1024 B,30,483,1998796,9781124,27385500,1999414,0,0,0
24 x 1024 B,31,483,1996236,9768771,27385500,1996844,0,0,0
64 x 1024 B,0,175,1934148,9466525,26357641,1935052,0,0,0
64 x 1024 B,1,175,1931875,9462477,26357640,1932468,0,0,0
64 x 1024 B,2,175,1944165,9459368,26357641,1941432,0,0,0
64 x 1024 B,3,175,1936588,9456645,26357641,1935625,0,0,0
64 x 1024 B,4,175,1939271,9453499,26357641,1934271,0,0,0
64 x 1024 B,5,175,1931992,9460003,26357641,1932497,0,0,0
64 x 1024 B,6,175,1932679,9460344,26357641,1933191,0,0,0
64 x 1024 B,7,175,1931665,9456008,26357641,1932173,0,0,0
64 x 1024 B,8,175,1932457,9461108,26357641,1932953,0,0,0
64 x 1024 B,9,175,1931164,9455345,26357641,1931659,0,0,0
64 x 1024 B,10,175,1931627,9455138,26357641,1932126,0,0,0
64 x 1024 B,11,175,1933216,9462606,26357641,1933726,0,0,0
64 x 1024 B,12,175,1932007,9458605,26357641,1932509,0,0,0
64 x 1024 B,13,175,1931690,9457345,26357641,1932183,0,0,0
64 x 1024 B,14,175,1932144,9457865,26357641,1932631,0,0,0
64 x 1024 B,15,175,1931806,9455954,26357641,1932300,0,0,0
64 x 1024 B,16,175,2320201,9461058,26357641,2320705,0,0,0
64 x 1024 B,17,175,1931284,9456498,26357641,1931794,0,0,0
64 x 1024 B,18,175,1933119,9462774,26357641,1933629,0,0,0
64 x 1024 B,19,175,1931817,9456264,26357641,1932332,0,0,0
64 x 1024 B,20,175,1933051,9464719,26357641,1933550,0,0,0
64 x 1024 B,21,175,1930787,9454175,26357641,1931291,0,0,0
64 x 1024 B,22,175,1929464,9452733,26357640,1930008,0,0,0
64 x 1024 B,23,175,1931755,9456435,26357641,1932251,0,0,0
64 x 1024 B,24,175,1932749,9460804,26357641,1933233,0,0,0
64 x 1024 B,25,175,1932141,9461028,26357641,1932642,0,0,0
64 x 1024 B,26,175,1932066,9459549,26357641,1932561,0,0,0
64 x 1024 B,27,175,1931440,9453618,26357641,1931935,0,0,0
64 x 1024 B,28,175,1932745,9461582,26357641,1933236,0,0,0
64 x 1024 B,29,175,1931479,9456514,26357641,1932009,0,0,0
64 x 1024 B,30,175,1931919,9459828,26357641,1932417,0,0,0
64 x 1024 B,31,175,1932583,9460388,26357641,1933082,0,0,0
128 x 1024 B,0,90,1977905,9685108,27079296,1978440,0,0,0
128 x 1024 B,1,90,1979898,9691046,27079296,1980398,0,0,0
128 x 1024 B,2,90,1979790,9691642,27079296,1980281,0,0,0
128 x 1024 B,3,90,1980761,9696027,27079296,1981250,0,0,0
128 x 1024 B,4,90,1979443,9690005,27079296,1980057,0,0,0
128 x 1024 B,5,90,1982263,9704173,27079296,1983207,0,0,0
128 x 1024 B,6,90,1981727,9697958,27079296,1982238,0,0,0
128 x 1024 B,7,90,1986702,9719415,27079296,1987537,0,0,0
128 x 1024 B,8,90,1979977,9691761,27079296,1980861,0,0,0
128 x 1024 B,9,90,1981891,9697436,27079296,1982582,0,0,0
128 x 1024 B,10,90,1991115,9696676,27079296,1988893,0,0,0
128 x 1024 B,11,90,1988717,9683791,27079296,1983028,0,0,0
128 x 1024 B,12,90,1980872,9695086,27079296,1981413,0,0,0
128 x 1024 B,13,90,1980161,9692160,27079296,1980708,0,0,0
128 x 1024 B,14,90,1979844,9691349,27079296,1980364,0,0,0
128 x 1024 B,15,90,1979674,9694062,27079296,1980184,0,0,0
128 x 1024 B,16,90,1979428,9690413,27079296,1979943,0,0,0
128 x 1024 B,17,90,2371431,9692864,27079296,2371956,0,0,0
128 x 1024 B,18,90,2004606,9690630,27079296,2005123,0,0,0
128 x 1024 B,19,90,1980132,9695870,27079296,1980637,0,0,0
128 x 1024 B,20,90,1992564,9690522,27079296,1993087,0,0,0
128 x 1024 B,21,90,2035029,9689550,27079296,2035554,0,0,0
128 x 1024 B,22,90,1991727,9687935,27079296,1992271,0,0,0
128 x 1024 B,23,90,1989973,9680365,27079296,1981274,0,0,0
128 x 1024 B,24,90,1979133,9688650,27079296,1979649,0,0,0
128 x 1024 B,25,90,1980179,9692980,27079296,1980711,0,0,0
128 x 1024 B,26,90,1980050,9691373,27079296,1980555,0,0,0
128 x 1024 B,27,90,1980310,9695332,27079296,1980863,0,0,0
128 x 1024 B,28,90,1981851,9699107,27079296,1982553,0,0,0
128 x 1024 B,29,90,1981182,9697649,27079296,1981767,0,0,0
128 x 1024 B,30,90,1981240,9697163,27079296,1981909,0,0,0
128 x 1024 B,31,90,1981611,9696754,27079296,1982316,0,0,0
129 x 1024 B,0,87,1979617,9677934,26776182,1980591,0,0,0
129 x 1024 B,1,87,1975701,9672432,26776182,1976267,0,0,0
129 x 1024 B,2,87,1984312,9666462,26776182,1979113,0,0,0
129 x 1024 B,3,87,1977026,9675049,26776182,1977547,0,0,0
129 x 1024 B,4,87,1989333,9673025,26776182,1989882,0,0,0
129 x 1024 B,5,87,1976320,9675678,26776182,1976853,0,0,0
129 x 1024 B,6,87,1978906,9673637,26776182,1979416,0,0,0
129 x 1024 B,7,87,1976264,9673957,26776182,1976780,0,0,0
129 x 1024 B,8,87,1977926,9671310,26776182,1978448,0,0,0
129 x 1024 B,9,87,1975805,9673595,26776182,1976314,0,0,0
129 x 1024 B,10,87,1976651,9673918,26776182,1977152,0,0,0
129 x 1024 B,11,87,1974572,9664685,26776182,1975117,0,0,0
129 x 1024 B,12,87,1976315,9672336,26776182,1976933,0,0,0
129 x 1024 B,13,87,1993854,9672433,26776182,1994459,0,0,0
129 x 1024 B,14,87,1981418,9681584,26776182,1982103,0,0,0
129 x 1024 B,15,87,1976688,9674701,26776182,1977522,0,0,0
129 x 1024 B,16,87,1983198,9679303,26776182,1984224,0,0,0
129 x 1024 B,17,87,1983310,9668040,26776182,1981584,0,0,0
129 x 1024 B,18,87,1983527,9670646,26776182,1978546,0,0,0
129 x 1024 B,19,87,1977403,9674055,26776182,1977917,0,0,0
129 x 1024 B,20,87,1979620,9671635,26776182,1980122,0,0,0
129 x 1024 B,21,87,1977426,9670242,26776182,1977931,0,0,0
129 x 1024 B,22,87,1975420,9672085,26776182,1975927,0,0,0
129 x 1024 B,23,87,1977770,9667763,26776182,1978296,0,0,0
129 x 1024 B,24,87,1976405,9673429,26776182,1976912,0,0,0
129 x 1024 B,25,87,1974996,9670272,26776182,1975495,0,0,0
129 x 1024 B,26,87,2359348,9674620,26776182,2359868,0,0,0
129 x 1024 B,27,87,1975728,9671720,26776182,1976265,0,0,0
129 x 1024 B,28,87,1975935,9673405,26776182,1976463,0,0,0
129 x 1024 B,29,87,1975824,9673660,26776182,1976344,0,0,0
129 x 1024 B,30,87,1974973,9670474,26776182,1975488,0,0,0
129 x 1024 B,31,87,1975617,9667171,26776182,1976137,0,0,0
1024 x 1024 B,0,12,2132434,10439824,28873134,2133439,0,0,0
1024 x 1024 B,1,12,2131194,10432889,28873134,2131862,0,0,0
1024 x 1024 B,2,12,2131753,10430842,28873134,2132473,0,0,0
1024 x 1024 B,3,12,2131651,10435423,28873134,2132359,0,0,0
1024 x 1024 B,4,12,2131433,10433289,28873134,2132127,0,0,0
1024 x 1024 B,5,12,2130632,10431255,28873134,2131498,0,0,0
1024 x 1024 B,6,12,2134376,10436737,28873135,2135140,0,0,0
1024 x 1024 B,7,12,2130664,10431388,28873134,2131397,0,0,0
1024 x 1024 B,8,12,2137018,10430260,28873134,2137697,0,0,0
1024 x 1024 B,9,12,2130876,10428639,28873134,2131572,0,0,0
1024 x 1024 B,10,12,2131414,10432118,28873134,2132113,0,0,0
1024 x 1024 B,11,12,2131208,10431697,28873134,2131867,0,0,0
1024 x 1024 B,12,12,2131355,10434652,28873134,2132018,0,0,0
1024 x 1024 B,13,12,2134474,10437435,28873135,2135246,0,0,0
1024 x 1024 B,14,12,2130190,10429057,28873134,2130851,0,0,0
1024 x 1024 B,15,12,2130724,10431834,28873134,2131385,0,0,0
1024 x 1024 B,16,12,2131338,10431618,28873134,2132042,0,0,0
1024 x 1024 B,17,12,2135327,10443287,28873134,2136059,0,0,0
1024 x 1024 B,18,12,2141326,10479298,28873134,2142146,0,0,0
1024 x 1024 B,19,12,2149257,10497946,28873134,2150040,0,0,0
1024 x 1024 B,20,12,2145014,10483541,28873135,2145923,0,0,0
1024 x 1024 B,21,12,2158150,10529375,28873134,2159070,0,0,0
1024 x 1024 B,22,12,2149683,10510905,28873134,2150521,0,0,0
1024 x 1024 B,23,12,2136646,10443765,28873134,2137298,0,0,0
1024 x 1024 B,24,12,2133083,10440362,28873134,2133717,0,0,0
1024 x 1024 B,25,12,2133739,10439661,28873134,2134373,0,0,0
1024 x 1024 B,26,12,2131850,10434808,28873134,2132524,0,0,0
1024 x 1024 B,27,12,2139668,10438626,28873135,2140331,0,0,0
1024 x 1024 B,28,12,2130908,10431026,28873134,2131604,0,0,0
1024 x 1024 B,29,12,2134015,10430339,28873134,2134622,0,0,0
1024 x 1024 B,30,12,2131257,10431135,28873134,2131919,0,0,0
1024 x 1024 B,31,12,2131237,10428289,28873134,2131924,0,0,0
1 x 2048 B,0,2078,1640089,8026528,16154738,1640670,0,0,0
1 x 2048 B,1,2078,1637688,8019957,16154737,1638219,0,0,0
1 x 2048 B,2,2078,1611308,7887528,16154738,1611828,0,0,0
1 x 2048 B,3,2078,1608652,7874134,16154738,1609164,0,0,0
1 x 2048 B,4,2078,1605840,7866591,16154737,1606345,0,0,0
1 x 2048 B,5,2078,1608954,7873939,16154738,1609457,0,0,0
1 x 2048 B,6,2078,1628526,7975186,16154737,1629037,0,0,0
1 x 2048 B,7,2078,1615704,7909759,16154738,1616241,0,0,0
1 x 2048 B,8,2078,1611156,7887080,16154738,1611708,0,0,0
1 x 2048 B,9,2078,1637597,8022254,16154737,1638109,0,0,0
1 x 2048 B,10,2078,1616955,7912921,16154738,1617461,0,0,0
1 x 2048 B,11,2078,1615544,7905662,16154738,1616058,0,0,0
1 x 2048 B,12,2078,1621322,7942409,16154737,1621836,0,0,0
1 x 2048 B,13,2078,1632560,7991537,16154738,1633067,0,0,0
1 x 2048 B,14,2078,1630821,7986128,16154737,1631336,0,0,0
1 x 2048 B,15,2078,1615224,7907296,16154738,1615730,0,0,0
1 x 2048 B,16,2078,1635970,8004125,16154738,1636474,0,0,0
1 x 2048 B,17,2078,1624207,7956853,16154737,1624709,0,0,0
1 x 2048 B,18,2078,1625249,7953918,16154738,1625757,0,0,0
1 x 2048 B,19,2078,1637062,8011769,16154738,1637567,0,0,0
1 x 2048 B,20,2078,1599262,7833365,16154737,1599767,0,0,0
1 x 2048 B,21,2078,1612223,7890010,16154738,1612737,0,0,0
1 x 2048 B,22,2078,1645975,8014647,16154737,1641538,0,0,0
1 x 2048 B,23,2078,1602300,7843617,16154738,1602811,0,0,0
1 x 2048 B,24,2078,1606272,7859027,16154738,1606774,0,0,0
1 x 2048 B,25,2078,1619114,7930742,16154737,1619622,0,0,0
1 x 2048 B,26,2078,1630567,7979634,16154738,1631081,0,0,0
1 x 2048 B,27,2078,1601336,7836671,16154738,1601841,0,0,0
1 x 2048 B,28,2078,1614053,7905574,16154737,1614555,0,0,0
1 x 2048 B,29,2078,1613708,7894662,16154738,1614373,0,0,0
1 x 2048 B,30,2078,1605611,7861470,16154737,1606373,0,0,0
1 x 2048 B,31,2078,1631351,7957399,16154738,1632028,0,0,0
3 x 2048 B,0,866,1989061,9735845,19897582,1990097,0,0,0
3 x 2048 B,1,866,2006727,9749498,19897582,2004912,0,0,0
3 x 2048 B,2,866,1986050,9699176,19897582,1984992,0,0,0
3 x 2048 B,3,866,1993112,9714110,19897582,1987712,0,0,0
3 x 2048 B,4,866,1983290,9709513,19897582,1983803,0,0,0
3 x 2048 B,5,866,1990182,9742404,19897582,1990689,0,0,0
3 x 2048 B,6,866,1986984,9727076,19897582,1987491,0,0,0
3 x 2048 B,7,866,1988494,9736641,19897582,1989003,0,0,0
3 x 2048 B,8,866,1987473,9707027,19897582,1988024,0,0,0
3 x 2048 B,9,866,1996629,9773968,19897582,1997138,0,0,0
3 x 2048 B,10,866,1990492,9730533,19897582,1990991,0,0,0
3 x 2048 B,11,866,1994596,9764560,19897582,1995090,0,0,0
3 x 2048 B,12,866,1994257,9766320,19897582,1994760,0,0,0
3 x 2048 B,13,866,2361166,9778012,19897582,2361667,0,0,0
3 x 2048 B,14,866,1988491,9735831,19897582,1988986,0,0,0
3 x 2048 B,15,866,1987038,9726387,19897582,1987537,0,0,0
3 x 2048 B,16,866,1980979,9701428,19897582,1981472,0,0,0
3 x 2048 B,17,866,1987780,9732346,19897582,1988273,0,0,0
3 x 2048 B,18,866,1986542,9727472,19897582,1987031,0,0,0
3 x 2048 B,19,866,1993474,9758423,19897582,1993965,0,0,0
3 x 2048 B,20,866,1981851,9705695,19897582,1982375,0,0,0
3 x 2048 B,21,866,1990332,9745792,19897582,1990831,0,0,0
3 x 2048 B,22,866,1987045,9729319,19897582,1987543,0,0,0
3 x 2048 B,23,866,2004531,9725744,19897582,1989270,0,0,0
3 x 2048 B,24,866,1991016,9743869,19897582,1991524,0,0,0
3 x 2048 B,25,866,1994345,9764722,19897582,1994853,0,0,0
3 x 2048 B,26,866,1994755,9767481,19897582,1995282,0,0,0
3 x 2048 B,27,866,1989114,9739818,19897582,1989619,0,0,0
3 x 2048 B,28,866,1991999,9750045,19897582,1992502,0,0,0
3 x 2048 B,29,866,1985948,9724117,19897582,1986451,0,0,0
3 x 2048 B,30,866,1985664,9720260,19897582,1986229,0,0,0
3 x 2048 B,31,866,2000258,9792651,19897582,2000767,0,0,0
4 x 2048 B,0,984,1960229,9597987,31078038,1960765,0,0,0
4 x 2048 B,1,984,1960916,9601214,31078038,1961430,0,0,0
4 x 2048 B,2,984,1959804,9595164,31078038,1960303,0,0,0
4 x 2048 B,3,984,1959604,9589798,31078038,1960165,0,0,0
4 x 2048 B,4,984,1961217,9598611,31078038,1961953,0,0,0
4 x 2048 B,5,984,1979233,9599034,31078038,1979965,0,0,0
4 x 2048 B,6,984,1962874,9603827,31078038,1963531,0,0,0
4 x 2048 B,7,984,1962403,9600816,31078038,1963172,0,0,0
4 x 2048 B,8,984,1970562,9616320,31078038,1971431,0,0,0
4 x 2048 B,9,984,1964951,9588946,31078038,1963425,0,0,0
4 x 2048 B,10,984,1966292,9586495,31078038,1961027,0,0,0
4 x 2048 B,11,984,1960774,9597201,31078038,1961319,0,0,0
4 x 2048 B,12,984,1959846,9590883,31078038,1960357,0,0,0
4 x 2048 B,13,984,1959952,9596853,31078038,1960456,0,0,0
4 x 2048 B,14,984,1960507,9600071,31078038,1961006,0,0,0
4 x 2048 B,15,984,1958676,9592252,31078038,1959178,0,0,0
4 x 2048 B,16,984,1957578,9590347,31078037,1958082,0,0,0
4 x 2048 B,17,984,1962908,9597733,31078038,1963405,0,0,0
4 x 2048 B,18,984,1961921,9597056,31078038,1962426,0,0,0
4 x 2048 B,19,984,1958972,9591824,31078038,1959469,0,0,0
4 x 2048 B,20,984,1961841,9592931,31078038,1962380,0,0,0
4 x 2048 B,21,984,1959369,9593472,31078038,1959873,0,0,0
4 x 2048 B,22,984,1960546,9596748,31078038,1961047,0,0,0
4 x 2048 B,23,984,2339697,9600509,31078039,2340208,0,0,0
4 x 2048 B,24,984,1960495,9600162,31078038,1960999,0,0,0
4 x 2048 B,25,984,1959332,9593105,31078038,1959835,0,0,0
4 x 2048 B,26,984,1957122,9585772,31078037,1957625,0,0,0
4 x 2048 B,27,984,1958270,9589318,31078038,1958767,0,0,0
4 x 2048 B,28,984,1960613,9600720,31078038,1961112,0,0,0
4 x 2048 B,29,984,1960848,9598928,31078038,1961348,0,0,0
4 x 2048 B,30,984,1959670,9594600,31078038,1960178,0,0,0
4 x 2048 B,31,984,1960643,9597845,31078038,1961146,0,0,0
6 x 2048 B,0,565,1962426,9609086,25792051,1962949,0,0,0
6 x 2048 B,1,565,1964022,9613320,25792051,1964512,0,0,0
6 x 2048 B,2,565,1962093,9605455,25792051,1962593,0,0,0
6 x 2048 B,3,565,1991061,9613401,25792051,1991596,0,0,0
6 x 2048 B,4,565,1961768,9605534,25792051,1962262,0,0,0
6 x 2048 B,5,565,1963743,9613006,25792051,1964231,0,0,0
6 x 2048 B,6,565,1961455,9603189,25792051,1961949,0,0,0
6 x 2048 B,7,565,1962410,9609308,25792051,1962904,0,0,0
6 x 2048 B,8,565,1962463,9609442,25792051,1962952,0,0,0
6 x 2048 B,9,565,1996108,9612829,25792051,1996609,0,0,0
6 x 2048 B,10,565,1963014,9608993,25792051,1963577,0,0,0
6 x 2048 B,11,565,1963758,9611053,25792051,1964409,0,0,0
6 x 2048 B,12,565,1968085,9612617,25792051,1968651,0,0,0
6 x 2048 B,13,565,1979828,9618677,25792051,1980550,0,0,0
6 x 2048 B,14,565,1964408,9612777,25792051,1965196,0,0,0
6 x 2048 B,15,565,1970622,9617815,25792051,1971456,0,0,0
6 x 2048 B,16,565,1965166,9615579,25792051,1965932,0,0,0
6 x 2048 B,17,565,1975917,9604216,25792051,1968707,0,0,0
6 x 2048 B,18,565,1968182,9614246,25792051,1968729,0,0,0
6 x 2048 B,19,565,1963450,9610077,25792051,1963956,0,0,0
6 x 2048 B,20,565,1965033,9608065,25792051,1965535,0,0,0
6 x 2048 B,21,565,1962601,9609737,25792051,1963145,0,0,0
6 x 2048 B,22,565,1964605,9614896,25792051,1965144,0,0,0
6 x 2048 B,23,565,2332905,9609795,25792051,2333396,0,0,0
6 x 2048 B,24,565,1964519,9617248,25792051,1965013,0,0,0
6 x 2048 B,25,565,1963445,9613993,25792051,1963935,0,0,0
6 x 2048 B,26,565,1964053,9613734,25792051,1964552,0,0,0
6 x 2048 B,27,565,1963887,9609340,25792051,1964383,0,0,0
6 x 2048 B,28,565,1964171,9617625,25792051,1964669,0,0,0
6 x 2048 B,29,565,1962300,9608670,25792051,1962797,0,0,0
6 x 2048 B,30,565,1964245,9615623,25792051,1964743,0,0,0
6 x 2048 B,31,565,1962702,9608090,25792051,1963194,0,0,0
8 x 2048 B,0,685,1959431,9594140,27315426,1959964,0,0,0
8 x 2048 B,1,685,1959973,9594394,27315426,1960473,0,0,0
8 x 2048 B,2,685,1960769,9599064,27315426,1961264,0,0,0
8 x 2048 B,3,685,1959737,9595986,27315426,1960235,0,0,0
8 x 2048 B,4,685,1958855,9591520,27315426,1959343,0,0,0
8 x 2048 B,5,685,1958277,9592410,27315425,1958772,0,0,0
8 x 2048 B,6,685,1960898,9598045,27315426,1961393,0,0,0
8 x 2048 B,7,685,1958909,9592084,27315426,1959400,0,0,0
8 x 2048 B,8,685,1960651,9600278,27315426,1961142,0,0,0
8 x 2048 B,9,685,1960669,9598035,27315426,1961173,0,0,0
8 x 2048 B,10,685,1961265,9599363,27315426,1961761,0,0,0
8 x 2048 B,11,685,1960503,9599738,27315426,1961021,0,0,0
8 x 2048 B,12,685,1960225,9598587,27315426,1960737,0,0,0
8 x 2048 B,13,685,1959753,9593842,27315426,1960278,0,0,0
8 x 2048 B,14,685,1960631,9597338,27315426,1961125,0,0,0
8 x 2048 B,15,685,1959430,9593877,27315426,1959925,0,0,0
8 x 2048 B,16,685,1959988,9597748,27315426,1960485,0,0,0
8 x 2048 B,17,685,1960305,9595572,27315426,1960795,0,0,0
8 x 2048 B,18,685,1961166,9597152,27315426,1961736,0,0,0
8 x 2048 B,19,685,1964535,9604368,27315426,1965227,0,0,0
8 x 2048 B,20,685,1966469,9604333,27315426,1967159,0,0,0
8 x 2048 B,21,685,1974229,9588770,27315426,1965431,0,0,0
8 x 2048 B,22,685,1961416,9598513,27315426,1962271,0,0,0
8 x 2048 B,23,685,1976605,9595860,27315426,1974331,0,0,0
8 x 2048 B,24,685,1965570,9601555,27315426,1964743,0,0,0
8 x 2048 B,25,685,1967747,9592337,27315426,1963009,0,0,0
8 x 2048 B,26,685,1960195,9595070,27315426,1960696,0,0,0
8 x 2048 B,27,685,1960902,9594164,27315426,1961462,0,0,0
8 x 2048 B,28,685,1965060,9594955,27315426,1962318,0,0,0
8 x 2048 B,29,685,1962607,9596352,27315426,1963133,0,0,0
8 x 2048 B,30,685,1961616,9602585,27315426,1962113,0,0,0
8 x 2048 B,31,685,1960460,9593308,27315426,1960962,0,0,0
12 x 2048 B,0,404,1966259,9542140,28534886,1966770,0,0,0
12 x 2048 B,1,404,1947584,9533719,28534886,1948091,0,0,0
12 x 2048 B,2,404,1946322,9527312,28534886,1946832,0,0,0
12 x 2048 B,3,404,1948798,9539346,28534886,1949289,0,0,0
12 x 2048 B,4,404,1946832,9532770,28534886,1947332,0,0,0
12 x 2048 B,5,404,1945811,9527244,28534886,1946307,0,0,0
12 x 2048 B,6,404,1946878,9530189,28534886,1947416,0,0,0
12 x 2048 B,7,404,1945235,9528596,28534885,1945736,0,0,0
12 x 2048 B,8,404,1946681,9528109,28534886,1947188,0,0,0
12 x 2048 B,9,404,1947670,9533923,28534886,1948184,0,0,0
12 x 2048 B,10,404,1950424,9537277,28534886,1950914,0,0,0
12 x 2048 B,11,404,1947832,9534846,28534886,1948319,0,0,0
12 x 2048 B,12,404,1946365,9527125,28534886,1946879,0,0,0
12 x 2048 B,13,404,1947960,9538116,28534886,1948455,0,0,0
12 x 2048 B,14,404,1946905,9533044,28534886,1947404,0,0,0
12 x 2048 B,15,404,1947026,9531083,28534886,1947522,0,0,0
12 x 2048 B,16,404,1947887,9533505,28534886,1948388,0,0,0
12 x 2048 B,17,404,1947220,9534266,28534886,1947710,0,0,0
12 x 2048 B,18,404,1946987,9531464,28534886,1947483,0,0,0
12 x 2048 B,19,404,1947020,9533432,28534886,1947511,0,0,0
12 x 2048 B,20,404,1953640,9531478,28534886,1949679,0,0,0
12 x 2048 B,21,404,1947996,9538304,28534886,1948492,0,0,0
12 x 2048 B,22,404,1947563,9533535,28534886,1948054,0,0,0
12 x 2048 B,23,404,1946979,9533467,28534886,1947479,0,0,0
12 x 2048 B,24,404,1947116,9529539,28534886,1947617,0,0,0
12 x 2048 B,25,404,1948161,9534076,28534886,1948660,0,0,0
12 x 2048 B,26,404,1949205,9540104,28534886,1949754,0,0,0
12 x 2048 B,27,404,1950795,9554213,28534885,1951456,0,0,0
12 x 2048 B,28,404,1951825,9553198,28534886,1952367,0,0,0
12 x 2048 B,29,404,1951786,9551199,28534886,1952501,0,0,0
12 x 2048 B,30,404,1950445,9543096,28534886,1951121,0,0,0
12 x 2048 B,31,404,1952377,9538495,28534886,1953329,0,0,0
16 x 2048 B,0,347,1996801,9733465,27384218,1992056,0,0,0
16 x 2048 B,1,347,1988786,9729696,27384218,1989315,0,0,0
16 x 2048 B,2,347,1989087,9735200,27384218,1989628,0,0,0
16 x 2048 B,3,347,1988965,9734699,27384218,1989532,0,0,0
16 x 2048 B,4,347,1987262,9729633,27384218,1987789,0,0,0
16 x 2048 B,5,347,1987203,9726918,27384218,1987739,0,0,0
16 x 2048 B,6,347,1987377,9726698,27384218,1987908,0,0,0
16 x 2048 B,7,347,1987696,9729346,27384218,1988215,0,0,0
16 x 2048 B,8,347,1987443,9731514,27384218,1987938,0,0,0
16 x 2048 B,9,347,2381230,9740445,27384219,2381759,0,0,0
16 x 2048 B,10,347,1988320,9733225,27384218,1988850,0,0,0
16 x 2048 B,11,347,1987704,9732864,27384218,1988232,0,0,0
16 x 2048 B,12,347,1987524,9732417,27384218,1988060,0,0,0
16 x 2048 B,13,347,1986433,9723571,27384218,1987016,0,0,0
16 x 2048 B,14,347,1987094,9727506,27384218,1987623,0,0,0
16 x 2048 B,15,347,1986303,9726553,27384218,1986839,0,0,0
16 x 2048 B,16,347,1987457,9731821,27384218,1987995,0,0,0
16 x 2048 B,17,347,1986439,9723545,27384218,1986968,0,0,0
16 x 2048 B,18,347,1984397,9721750,27384217,1984909,0,0,0
16 x 2048 B,19,347,1986949,9726537,27384218,1987473,0,0,0
16 x 2048 B,20,347,2088657,9739710,27384219,2024503,0,0,0
16 x 2048 B,21,347,1986584,9723340,27384218,1987116,0,0,0
16 x 2048 B,22,347,1987609,9729729,27384218,1988128,0,0,0
16 x 2048 B,23,347,1986526,9727399,27384218,1987052,0,0,0
16 x 2048 B,24,347,1988007,9731828,27384218,1988528,0,0,0
16 x 2048 B,25,347,1987766,9729838,27384218,1988290,0,0,0
16 x 2048 B,26,347,1991946,9731494,27384218,1992448,0,0,0
16 x 2048 B,27,347,1985748,9727313,27384217,1986258,0,0,0
16 x 2048 B,28,347,1987533,9730815,27384218,1988055,0,0,0
16 x 2048 B,29,347,1988304,9729620,27384218,1988826,0,0,0
16 x 2048 B,30,347,1987689,9731937,27384218,1988210,0,0,0
16 x 2048 B,31,347,1987461,9729452,27384218,1987977,0,0,0
24 x 2048 B,0,228,1971011,9645921,27039114,1971959,0,0,0
24 x 2048 B,1,228,1970033,9642097,27039114,1970548,0,0,0
24 x 2048 B,2,228,1971574,9644206,27039114,1972373,0,0,0
24 x 2048 B,3,228,1970987,9643971,27039114,1971732,0,0,0
24 x 2048 B,4,228,1969379,9638738,27039114,1970016,0,0,0
24 x 2048 B,5,228,1976072,9649476,27039114,1976948,0,0,0
24 x 2048 B,6,228,1976280,9628985,27039114,1972850,0,0,0
24 x 2048 B,7,228,1977779,9639911,27039114,1972394,0,0,0
24 x 2048 B,8,228,1969300,9642223,27039114,1969822,0,0,0
24 x 2048 B,9,228,1969128,9636513,27039114,1969620,0,0,0
24 x 2048 B,10,228,1967898,9635884,27039114,1968402,0,0,0
24 x 2048 B,11,228,1968128,9637001,27039114,1968624,0,0,0
24 x 2048 B,12,228,1968881,9640681,27039114,1969389,0,0,0
24 x 2048 B,13,228,1969566,9637454,27039114,1970080,0,0,0
24 x 2048 B,14,228,1969001,9640090,27039114,1969509,0,0,0
24 x 2048 B,15,228,1969207,9637406,27039114,1969718,0,0,0
24 x 2048 B,16,228,1968775,9639363,27039114,1969291,0,0,0
24 x 2048 B,17,228,1969038,9636203,27039114,1969549,0,0,0
24 x 2048 B,18,228,2338506,9639516,27039114,2339022,0,0,0
24 x 2048 B,19,228,1969228,9640809,27039114,1969723,0,0,0
24 x 2048 B,20,228,1968196,9636415,27039114,1968685,0,0,0
24 x 2048 B,21,228,1969696,9638337,27039114,1970205,0,0,0
24 x 2048 B,22,228,1968638,9639268,27039114,1969131,0,0,0
24 x 2048 B,23,228,1968235,9634813,27039114,1968738,0,0,0
24 x 2048 B,24,228,1967927,9635820,27039114,1968425,0,0,0
24 x 2048 B,25,228,1969390,9637646,27039114,1969882,0,0,0
24 x 2048 B,26,228,1969569,9638911,27039114,1970071,0,0,0
24 x 2048 B,27,228,1968968,9639770,27039114,1969502,0,0,0
24 x 2048 B,28,228,1968448,9638210,27039114,1968941,0,0,0
24 x 2048 B,29,228,1968863,9635260,27039114,1969373,0,0,0
24 x 2048 B,30,228,1968551,9639269,27039114,1969046,0,0,0
24 x 2048 B,31,228,1969138,9641905,27039114,1969624,0,0,0
64 x 2048 B,0,86,1974151,9660069,27095612,1974665,0,0,0
64 x 2048 B,1,86,1973287,9662409,27095612,1973787,0,0,0
64 x 2048 B,2,86,1972293,9657801,27095612,1972783,0,0,0
64 x 2048 B,3,86,1971983,9656157,27095612,1972483,0,0,0
64 x 2048 B,4,86,1972503,9652915,27095612,1973000,0,0,0
64 x 2048 B,5,86,1972579,9658786,27095612,1973106,0,0,0
64 x 2048 B,6,86,1972976,9658603,27095612,1973500,0,0,0
64 x 2048 B,7,86,1973487,9661280,27095612,1974067,0,0,0
64 x 2048 B,8,86,1976885,9672130,27095612,1977535,0,0,0
64 x 2048 B,9,86,1977359,9663200,27095612,1978479,0,0,0
64 x 2048 B,10,86,1976374,9670070,27095612,1977026,0,0,0
64 x 2048 B,11,86,1974105,9657900,27095612,1974722,0,0,0
64 x 2048 B,12,86,1984562,9661231,27095612,1981921,0,0,0
64 x 2048 B,13,86,1977736,9658281,27095612,1976940,0,0,0
64 x 2048 B,14,86,1980056,9652021,27095612,1974757,0,0,0
64 x 2048 B,15,86,1973143,9660039,27095612,1973668,0,0,0
64 x 2048 B,16,86,1972225,9654260,27095612,1972742,0,0,0
64 x 2048 B,17,86,1972382,9656017,27095612,1972911,0,0,0
64 x 2048 B,18,86,1974151,9666113,27095612,1974651,0,0,0
64 x 2048 B,19,86,1970928,9651051,27095612,1971427,0,0,0
64 x 2048 B,20,86,1972651,9659119,27095612,1973173,0,0,0
64 x 2048 B,21,86,1970395,9652989,27095611,1970885,0,0,0
64 x 2048 B,22,86,1973897,9657450,27095612,1974406,0,0,0
64 x 2048 B,23,86,1972057,9653013,27095612,1972571,0,0,0
64 x 2048 B,24,86,1974109,9661680,27095612,1974647,0,0,0
64 x 2048 B,25,86,1972288,9657118,27095612,1972800,0,0,0
64 x 2048 B,26,86,1972301,9654867,27095612,1972804,0,0,0
64 x 2048 B,27,86,2350376,9663382,27095613,2350890,0,0,0
64 x 2048 B,28,86,1972500,9658433,27095612,1973004,0,0,0
64 x 2048 B,29,86,1972352,9655110,27095612,1972855,0,0,0
64 x 2048 B,30,86,1972262,9657020,27095612,1972762,0,0,0
64 x 2048 B,31,86,1971170,9653167,27095612,1971670,0,0,0
128 x 2048 B,0,44,2019586,9889115,27716890,2020119,0,0,0
128 x 2048 B,1,44,2021309,9894724,27716890,2021800,0,0,0
128 x 2048 B,2,44,2021093,9894314,27716890,2021590,0,0,0
128 x 2048 B,3,44,2020425,9892427,27716890,2020924,0,0,0
128 x 2048 B,4,44,2019859,9889616,27716890,2020355,0,0,0
128 x 2048 B,5,44,2019840,9888109,27716890,2020342,0,0,0
128 x 2048 B,6,44,2017959,9881710,27716890,2018458,0,0,0
128 x 2048 B,7,44,2019557,9888922,27716890,2020057,0,0,0
128 x 2048 B,8,44,2020002,9891293,27716890,2020497,0,0,0
128 x 2048 B,9,44,2019653,9887093,27716890,2020156,0,0,0
128 x 2048 B,10,44,2020078,9892601,27716890,2020576,0,0,0
128 x 2048 B,11,44,2020523,9893699,27716890,2021024,0,0,0
128 x 2048 B,12,44,2021014,9896136,27716890,2021517,0,0,0
128 x 2048 B,13,44,2021302,9895817,27716890,2021825,0,0,0
128 x 2048 B,14,44,2021654,9892894,27716890,2022213,0,0,0
128 x 2048 B,15,44,2026097,9917331,27716890,2026832,0,0,0
128 x 2048 B,16,44,2028375,9913079,27716890,2029092,0,0,0
128 x 2048 B,17,44,2023796,9901117,27716890,2024573,0,0,0
128 x 2048 B,18,44,2021647,9892393,27716890,2022255,0,0,0
128 x 2048 B,19,44,2023823,9898776,27716890,2024781,0,0,0
128 x 2048 B,20,44,2022666,9894873,27716890,2023274,0,0,0
128 x 2048 B,21,44,2033562,9893303,27716890,2028616,0,0,0
128 x 2048 B,22,44,2023260,9895717,27716890,2023773,0,0,0
128 x 2048 B,23,44,2020718,9891758,27716890,2021226,0,0,0
128 x 2048 B,24,44,2023470,9891479,27716890,2023986,0,0,0
128 x 2048 B,25,44,2020814,9891988,27716890,2021328,0,0,0
128 x 2048 B,26,44,2019470,9889041,27716890,2019977,0,0,0
128 x 2048 B,27,44,2397629,9896991,27716891,2398176,0,0,0
128 x 2048 B,28,44,2019959,9890845,27716890,2020463,0,0,0
128 x 2048 B,29,44,2020194,9888849,27716890,2020693,0,0,0
128 x 2048 B,30,44,2019954,9890816,27716890,2020456,0,0,0
128 x 2048 B,31,44,2020114,9891220,27716890,2020610,0,0,0
129 x 2048 B,0,43,2038765,9982368,27709093,2039296,0,0,0
129 x 2048 B,1,43,2039002,9981948,27709093,2039513,0,0,0
129 x 2048 B,2,43,2038610,9982412,27709093,2039103,0,0,0
129 x 2048 B,3,43,2039680,9987850,27709093,2040182,0,0,0
129 x 2048 B,4,43,2038647,9981087,27709093,2039130,0,0,0
129 x 2048 B,5,43,2039516,9984836,27709093,2040002,0,0,0
129 x 2048 B,6,43,2039093,9984727,27709093,2039577,0,0,0
129 x 2048 B,7,43,2039929,9988232,27709093,2040425,0,0,0
129 x 2048 B,8,43,2040129,9987800,27709093,2040635,0,0,0
129 x 2048 B,9,43,2039577,9983629,27709093,2040072,0,0,0
129 x 2048 B,10,43,2041847,9993623,27709094,2042374,0,0,0
129 x 2048 B,11,43,2039116,9982284,27709093,2039651,0,0,0
129 x 2048 B,12,43,2038280,9977334,27709093,2038778,0,0,0
129 x 2048 B,13,43,2038425,9981544,27709093,2038919,0,0,0
129 x 2048 B,14,43,2038972,9984178,27709093,2039480,0,0,0
129 x 2048 B,15,43,2038752,9982315,27709093,2039244,0,0,0
129 x 2048 B,16,43,2038565,9978623,27709093,2039062,0,0,0
129 x 2048 B,17,43,2039055,9981878,27709093,2039552,0,0,0
129 x 2048 B,18,43,2038725,9982887,27709093,2039217,0,0,0
129 x 2048 B,19,43,2039513,9985962,27709093,2040014,0,0,0
129 x 2048 B,20,43,2039631,9982932,27709093,2040269,0,0,0
129 x 2048 B,21,43,2040845,9989918,27709093,2041550,0,0,0
129 x 2048 B,22,43,2044775,9988847,27709093,2045546,0,0,0
129 x 2048 B,23,43,2043090,9997638,27709093,2043775,0,0,0
129 x 2048 B,24,43,2039118,9981335,27709093,2039843,0,0,0
129 x 2048 B,25,43,2045827,10006974,27709093,2046742,0,0,0
129 x 2048 B,26,43,2047634,9984507,27709093,2045495,0,0,0
129 x 2048 B,27,43,2046196,9978651,27709093,2041203,0,0,0
129 x 2048 B,28,43,2039090,9978704,27709093,2039605,0,0,0
129 x 2048 B,29,43,2039593,9980252,27709093,2040105,0,0,0
129 x 2048 B,30,43,2039294,9984410,27709093,2039815,0,0,0
129 x 2048 B,31,43,2039620,9983281,27709093,2040131,0,0,0
1024 x 2048 B,0,6,2599401,10879853,30228133,2600598,0,0,0
1024 x 2048 B,1,6,2220168,10866831,30228132,2221171,0,0,0
1024 x 2048 B,2,6,2221594,10874615,30228132,2222318,0,0,0
1024 x 2048 B,3,6,2222466,10875931,30228132,2223162,0,0,0
1024 x 2048 B,4,6,2224901,10880324,30228133,2225606,0,0,0
1024 x 2048 B,5,6,2220319,10867232,30228132,2221014,0,0,0
1024 x 2048 B,6,6,2222097,10876109,30228132,2222826,0,0,0
1024 x 2048 B,7,6,2222199,10876484,30228132,2222906,0,0,0
1024 x 2048 B,8,6,2224845,10875402,30228133,2225515,0,0,0
1024 x 2048 B,9,6,2221239,10872756,30228132,2221960,0,0,0
1024 x 2048 B,10,6,2221773,10874588,30228132,2222510,0,0,0
1024 x 2048 B,11,6,2221555,10872829,30228132,2222256,0,0,0
1024 x 2048 B,12,6,2222854,10877711,30228132,2223606,0,0,0
1024 x 2048 B,13,6,2226331,10883204,30228133,2227055,0,0,0
1024 x 2048 B,14,6,2221566,10873799,30228132,2222332,0,0,0
1024 x 2048 B,15,6,2222514,10875734,30228132,2223225,0,0,0
1024 x 2048 B,16,6,2219374,10862787,30228132,2220086,0,0,0
1024 x 2048 B,17,6,2225180,10884188,30228133,2225851,0,0,0
1024 x 2048 B,18,6,2222788,10879882,30228132,2223550,0,0,0
1024 x 2048 B,19,6,2220605,10867310,30228132,2221333,0,0,0
1024 x 2048 B,20,6,2220997,10868716,30228132,2221716,0,0,0
1024 x 2048 B,21,6,2221681,10874442,30228132,2222432,0,0,0
1024 x 2048 B,22,6,2224899,10880335,30228133,2225601,0,0,0
1024 x 2048 B,23,6,2223137,10868374,30228132,2223943,0,0,0
1024 x 2048 B,24,6,2228789,10902800,30228132,2229643,0,0,0
1024 x 2048 B,25,6,2254533,10980805,30228132,2256376,0,0,0
1024 x 2048 B,26,6,2252745,10982917,30228133,2253843,0,0,0
1024 x 2048 B,27,6,2236658,10935471,30228132,2237550,0,0,0
1024 x 2048 B,28,6,2263993,11025882,30228132,2265282,0,0,0
1024 x 2048 B,29,6,2248694,10920395,30228132,2243106,0,0,0
1024 x 2048 B,30,6,2236901,10877869,30228133,2229142,0,0,0
1024 x 2048 B,31,6,2224125,10884536,30228132,2224847,0,0,0
1 x 2047 B,0,1310,1979304,9679284,20269996,1979843,0,0,0
1 x 2047 B,1,1310,1978518,9676376,20269996,1979020,0,0,0
1 x 2047 B,2,1310,1976697,9677373,20269996,1977185,0,0,0
1 x 2047 B,3,1310,1977160,9676721,20269996,1977676,0,0,0
1 x 2047 B,4,1310,1976533,9675514,20269996,1977038,0,0,0
1 x 2047 B,5,1310,1975317,9672868,20269996,1975808,0,0,0
1 x 2047 B,6,1310,1975751,9673795,20269996,1976245,0,0,0
1 x 2047 B,7,1310,1977215,9681484,20269996,1977708,0,0,0
1 x 2047 B,8,1310,1987077,9679669,20269996,1980137,0,0,0
1 x 2047 B,9,1310,1977652,9675055,20269996,1978167,0,0,0
1 x 2047 B,10,1310,1976248,9673765,20269996,1976773,0,0,0
1 x 2047 B,11,1310,1977156,9680866,20269996,1977653,0,0,0
1 x 2047 B,12,1310,1975279,9671901,20269996,1975780,0,0,0
1 x 2047 B,13,1310,1975181,9673428,20269996,1975695,0,0,0
1 x 2047 B,14,1310,1977376,9679888,20269996,1977903,0,0,0
1 x 2047 B,15,1310,1977198,9681120,20269996,1977710,0,0,0
1 x 2047 B,16,1310,1976549,9678306,20269996,1977047,0,0,0
1 x 2047 B,17,1310,1977831,9682191,20269996,1978337,0,0,0
1 x 2047 B,18,1310,1976559,9675807,20269996,1977066,0,0,0
1 x 2047 B,19,1310,1976025,9676181,20269996,1976532,0,0,0
1 x 2047 B,20,1310,1976301,9677232,20269996,1976806,0,0,0
1 x 2047 B,21,1310,1974685,9675086,20269995,1975161,0,0,0
1 x 2047 B,22,1310,1976571,9679019,20269996,1977084,0,0,0
1 x 2047 B,23,1310,1976227,9673724,20269996,1976734,0,0,0
1 x 2047 B,24,1310,1976073,9674884,20269996,1976574,0,0,0
1 x 2047 B,25,1310,1976212,9678033,20269996,1976701,0,0,0
1 x 2047 B,26,1310,2033753,9674332,20269996,2034258,0,0,0
1 x 2047 B,27,1310,1999985,9674964,20269996,2000485,0,0,0
1 x 2047 B,28,1310,1982524,9681314,20269996,1983038,0,0,0
1 x 2047 B,29,1310,2001481,9675013,20269996,2001988,0,0,0
1 x 2047 B,30,1310,1984556,9681293,20269996,1985205,0,0,0
1 x 2047 B,31,1310,1977908,9681766,20269996,1978737,0,0,0
3 x 2047 B,0,442,1992303,9743076,20364632,1993074,0,0,0
3 x 2047 B,1,442,2015077,9741895,20364632,2015699,0,0,0
3 x 2047 B,2,442,2009064,9747433,20364632,2006979,0,0,0
3 x 2047 B,3,442,2006946,9738066,20364632,2007467,0,0,0
3 x 2047 B,4,442,1992935,9736166,20364632,1993534,0,0,0
3 x 2047 B,5,442,1999502,9733355,20364632,1993179,0,0,0
3 x 2047 B,6,442,1989746,9739889,20364632,1990308,0,0,0
3 x 2047 B,7,442,1999325,9736481,20364632,1999843,0,0,0
3 x 2047 B,8,442,1990016,9737507,20364632,1990590,0,0,0
3 x 2047 B,9,442,2001246,9736211,20364632,2001817,0,0,0
3 x 2047 B,10,442,1990758,9735813,20364632,1991476,0,0,0
3 x 2047 B,11,442,1997932,9745294,20364632,1998527,0,0,0
3 x 2047 B,12,442,1992646,9740462,20364632,1993312,0,0,0
3 x 2047 B,13,442,1989711,9736055,20364632,1990245,0,0,0
3 x 2047 B,14,442,1988608,9735595,20364632,1989111,0,0,0
3 x 2047 B,15,442,1991531,9738714,20364632,1992102,0,0,0
3 x 2047 B,16,442,1994949,9741551,20364632,1995735,0,0,0
3 x 2047 B,17,442,1997813,9733381,20364632,1996001,0,0,0
3 x 2047 B,18,442,1991396,9738515,20364632,1991905,0,0,0
3 x 2047 B,19,442,1988754,9735183,20364632,1989249,0,0,0
3 x 2047 B,20,442,1989851,9736422,20364632,1990377,0,0,0
3 x 2047 B,21,442,1989374,9737829,20364632,1989865,0,0,0
3 x 2047 B,22,442,1988727,9737107,20364632,1989246,0,0,0
3 x 2047 B,23,442,2361510,9740088,20364633,2362013,0,0,0
3 x 2047 B,24,442,1990117,9737706,20364632,1990606,0,0,0
3 x 2047 B,25,442,1988836,9738301,20364632,1989328,0,0,0
3 x 2047 B,26,442,1989844,9738231,20364632,1990379,0,0,0
3 x 2047 B,27,442,1988977,9739030,20364632,1989489,0,0,0
3 x 2047 B,28,442,1988921,9733465,20364632,1989430,0,0,0
3 x 2047 B,29,442,1989355,9740855,20364632,1989860,0,0,0
3 x 2047 B,30,442,1988455,9736536,20364632,1988961,0,0,0
3 x 2047 B,31,442,1988616,9737219,20364632,1989125,0,0,0
4 x 2047 B,0,333,1996645,9776422,20438241,1997170,0,0,0
4 x 2047 B,1,333,1995613,9771829,20438241,1996116,0,0,0
4 x 2047 B,2,333,1995988,9773068,20438241,1996493,0,0,0
4 x 2047 B,3,333,1997271,9773173,20438241,1997828,0,0,0
4 x 2047 B,4,333,1998058,9776795,20438241,1998878,0,0,0
4 x 2047 B,5,333,1998186,9773274,20438241,1998699,0,0,0
4 x 2047 B,6,333,2014122,9781854,20438241,2004406,0,0,0
4 x 2047 B,7,333,1997472,9776018,20438241,1998173,0,0,0
4 x 2047 B,8,333,2002707,9777003,20438241,2003610,0,0,0
4 x 2047 B,9,333,2005685,9781829,20438241,2004420,0,0,0
4 x 2047 B,10,333,2004205,9770419,20438241,1999733,0,0,0
4 x 2047 B,11,333,1997967,9779384,20438241,1998469,0,0,0
4 x 2047 B,12,333,1997252,9776739,20438241,1997740,0,0,0
4 x 2047 B,13,333,1996499,9772781,20438241,1996994,0,0,0
4 x 2047 B,14,333,1997736,9774254,20438241,1998249,0,0,0
4 x 2047 B,15,333,2000552,9773006,20438241,2001042,0,0,0
4 x 2047 B,16,333,1997680,9778718,20438241,1998172,0,0,0
4 x 2047 B,17,333,1997212,9775733,20438241,1997705,0,0,0
4 x 2047 B,18,333,1996482,9773840,20438241,1996969,0,0,0
4 x 2047 B,19,333,1995785,9771451,20438241,1996283,0,0,0
4 x 2047 B,20,333,1996957,9774684,20438241,1997442,0,0,0
4 x 2047 B,21,333,1996477,9773117,20438241,1996968,0,0,0
4 x 2047 B,22,333,2359511,9771915,20438241,2359995,0,0,0
4 x 2047 B,23,333,1996086,9773583,20438241,1996617,0,0,0
4 x 2047 B,24,333,1997224,9776071,20438241,1997707,0,0,0
4 x 2047 B,25,333,1996266,9771935,20438241,1996795,0,0,0
4 x 2047 B,26,333,1995847,9772346,20438241,1996336,0,0,0
4 x 2047 B,27,333,1995728,9772093,20438241,1996225,0,0,0
4 x 2047 B,28,333,1997244,9775815,20438241,1997738,0,0,0
4 x 2047 B,29,333,1996707,9774418,20438241,1997190,0,0,0
4 x 2047 B,30,333,1996261,9774673,20438241,1996752,0,0,0
4 x 2047 B,31,333,1996080,9774095,20438241,1996565,0,0,0
6 x 2047 B,0,223,2003963,9810187,20510791,2004482,0,0,0
6 x 2047 B,1,223,2003286,9809090,20510791,2003784,0,0,0
6 x 2047 B,2,223,2002879,9807067,20510791,2003373,0,0,0
6 x 2047 B,3,223,2003879,9809071,20510791,2004373,0,0,0
6 x 2047 B,4,223,2004457,9811664,20510791,2004945,0,0,0
6 x 2047 B,5,223,2004250,9811038,20510791,2004749,0,0,0
6 x 2047 B,6,223,2003546,9810557,20510791,2004040,0,0,0
6 x 2047 B,7,223,2004896,9810117,20510791,2005387,0,0,0
6 x 2047 B,8,223,2004227,9811497,20510791,2004719,0,0,0
6 x 2047 B,9,223,2003659,9809075,20510791,2004165,0,0,0
6 x 2047 B,10,223,2003703,9809295,20510791,2004308,0,0,0
6 x 2047 B,11,223,2004865,9811987,20510791,2005591,0,0,0
6 x 2047 B,12,223,2005269,9808859,20510791,2005864,0,0,0
6 x 2047 B,13,223,2006556,9819568,20510791,2007268,0,0,0
6 x 2047 B,14,223,2004674,9811811,20510791,2005714,0,0,0
6 x 2047 B,15,223,2009224,9816876,20510791,2010022,0,0,0
6 x 2047 B,16,223,2014326,9814574,20510791,2013005,0,0,0
6 x 2047 B,17,223,2014811,9807618,20510791,2008620,0,0,0
6 x 2047 B,18,223,2007506,9811889,20510791,2008071,0,0,0
6 x 2047 B,19,223,2004564,9810849,20510791,2005057,0,0,0
6 x 2047 B,20,223,2004648,9811953,20510791,2005140,0,0,0
6 x 2047 B,21,223,2004062,9812456,20510791,2004554,0,0,0
6 x 2047 B,22,223,2003384,9809820,20510791,2003876,0,0,0
6 x 2047 B,23,223,2374687,9807298,20510791,2375194,0,0,0
6 x 2047 B,24,223,2004070,9812549,20510791,2004853,0,0,0
6 x 2047 B,25,223,2004078,9812881,20510791,2004567,0,0,0
6 x 2047 B,26,223,2004063,9812752,20510791,2004553,0,0,0
6 x 2047 B,27,223,2004900,9810957,20510791,2005390,0,0,0
6 x 2047 B,28,223,2002643,9805891,20510791,2003124,0,0,0
6 x 2047 B,29,223,2003678,9810708,20510791,2004171,0,0,0
6 x 2047 B,30,223,2003737,9811412,20510791,2004228,0,0,0
6 x 2047 B,31,223,2004323,9809177,20510791,2004815,0,0,0
8 x 2047 B,0,167,1999637,9791234,20470391,2000148,0,0,0
8 x 2047 B,1,167,1999463,9789192,20470391,1999956,0,0,0
8 x 2047 B,2,167,2000724,9790899,20470391,2001262,0,0,0
8 x 2047 B,3,167,2000231,9791569,20470391,2000731,0,0,0
8 x 2047 B,4,167,1999857,9792115,20470391,2000339,0,0,0
8 x 2047 B,5,167,1999660,9788751,20470391,2000145,0,0,0
8 x 2047 B,6,167,1999989,9789671,20470391,2000486,0,0,0
8 x 2047 B,7,167,1999980,9792950,20470391,2000485,0,0,0
8 x 2047 B,8,167,1999713,9791123,20470391,2000208,0,0,0
8 x 2047 B,9,167,1999749,9789642,20470391,2000238,0,0,0
8 x 2047 B,10,167,2000420,9792525,20470391,2000914,0,0,0
8 x 2047 B,11,167,2000234,9794447,20470391,2000717,0,0,0
8 x 2047 B,12,167,1999392,9790312,20470391,1999883,0,0,0
8 x 2047 B,13,167,2000400,9791882,20470391,2000893,0,0,0
8 x 2047 B,14,167,2000456,9792144,20470391,2000942,0,0,0
8 x 2047 B,15,167,2000312,9794645,20470391,2000799,0,0,0
8 x 2047 B,16,167,2000385,9792988,20470391,2000874,0,0,0
8 x 2047 B,17,167,2001079,9793570,20470391,2001580,0,0,0
8 x 2047 B,18,167,2001210,9794546,20470391,2001909,0,0,0
8 x 2047 B,19,167,2016680,9793500,20470391,2017187,0,0,0
8 x 2047 B,20,167,2023113,9795680,20470391,2023846,0,0,0
8 x 2047 B,21,167,2001339,9793907,20470391,2002044,0,0,0
8 x 2047 B,22,167,2004530,9793720,20470391,2005619,0,0,0
8 x 2047 B,23,167,2006955,9806816,20470391,2007727,0,0,0
8 x 2047 B,24,167,2012108,9790250,20470391,2005463,0,0,0
8 x 2047 B,25,167,2000264,9791767,20470391,2000778,0,0,0
8 x 2047 B,26,167,2000331,9791136,20470391,2000837,0,0,0
8 x 2047 B,27,167,2000434,9791276,20470391,2000942,0,0,0
8 x 2047 B,28,167,2000341,9790268,20470391,2000845,0,0,0
8 x 2047 B,29,167,2000370,9793422,20470391,2000866,0,0,0
8 x 2047 B,30,167,1999634,9788672,20470391,2000139,0,0,0
8 x 2047 B,31,167,2369314,9790433,20470391,2369815,0,0,0
12 x 2047 B,0,112,2010552,9844530,20583166,2011075,0,0,0
12 x 2047 B,1,112,2011633,9843289,20583166,2012132,0,0,0
12 x 2047 B,2,112,2014555,9841569,20583166,2015058,0,0,0
12 x 2047 B,3,112,2022317,9841412,20583166,2011785,0,0,0
12 x 2047 B,4,112,2010465,9844407,20583166,2010969,0,0,0
12 x 2047 B,5,112,2011108,9843768,20583166,2011612,0,0,0
12 x 2047 B,6,112,2010895,9843711,20583166,2011383,0,0,0
12 x 2047 B,7,112,2010339,9843368,20583166,2010830,0,0,0
12 x 2047 B,8,112,2010264,9843050,20583166,2010754,0,0,0
12 x 2047 B,9,112,2010897,9843438,20583166,2011400,0,0,0
12 x 2047 B,10,112,2011011,9843933,20583166,2011501,0,0,0
12 x 2047 B,11,112,2010249,9843016,20583166,2010736,0,0,0
12 x 2047 B,12,112,2010764,9846097,20583166,2011253,0,0,0
12 x 2047 B,13,112,2010805,9842809,20583166,2011300,0,0,0
12 x 2047 B,14,112,2011012,9843951,20583166,2011503,0,0,0
12 x 2047 B,15,112,2010450,9844565,20583166,2010934,0,0,0
12 x 2047 B,16,112,2010602,9844738,20583166,2011090,0,0,0
12 x 2047 B,17,112,2010748,9842823,20583166,2011238,0,0,0
12 x 2047 B,18,112,2010891,9842841,20583166,2011401,0,0,0
12 x 2047 B,19,112,2009874,9841607,20583166,2010370,0,0,0
12 x 2047 B,20,112,2010632,9845179,20583166,2011124,0,0,0
12 x 2047 B,21,112,2010882,9844172,20583166,2011367,0,0,0
12 x 2047 B,22,112,2010863,9843751,20583166,2011351,0,0,0
12 x 2047 B,23,112,2011026,9845517,20583166,2011571,0,0,0
12 x 2047 B,24,112,2012924,9855088,20583166,2013630,0,0,0
12 x 2047 B,25,112,2013276,9851868,20583166,2013910,0,0,0
12 x 2047 B,26,112,2020424,9857488,20583166,2020976,0,0,0
12 x 2047 B,27,112,2013772,9854866,20583166,2014444,0,0,0
12 x 2047 B,28,112,2014128,9847401,20583166,2014744,0,0,0
12 x 2047 B,29,112,2022054,9849579,20583166,2019932,0,0,0
12 x 2047 B,30,112,2015564,9843654,20583166,2013878,0,0,0
12 x 2047 B,31,112,2019779,9845940,20583167,2015151,0,0,0
16 x 2047 B,0,84,2011340,9848440,20578266,2011846,0,0,0
16 x 2047 B,1,84,2020598,9846139,20578266,2013713,0,0,0
16 x 2047 B,2,84,2012886,9852527,20578266,2013384,0,0,0
16 x 2047 B,3,84,2012925,9847918,20578266,2013414,0,0,0
16 x 2047 B,4,84,2012204,9851594,20578266,2012700,0,0,0
16 x 2047 B,5,84,2011526,9849533,20578266,2012027,0,0,0
16 x 2047 B,6,84,2376685,9848562,20578266,2377179,0,0,0
16 x 2047 B,7,84,2012349,9849176,20578266,2012837,0,0,0
16 x 2047 B,8,84,2011636,9849564,20578266,2012134,0,0,0
16 x 2047 B,9,84,2011356,9848460,20578266,2011842,0,0,0
16 x 2047 B,10,84,2011299,9848248,20578266,2011791,0,0,0
16 x 2047 B,11,84,2012064,9846991,20578266,2012550,0,0,0
16 x 2047 B,12,84,2011822,9850998,20578266,2012312,0,0,0
16 x 2047 B,13,84,2011547,9848979,20578266,2012037,0,0,0
16 x 2047 B,14,84,2011329,9848707,20578266,2011815,0,0,0
16 x 2047 B,15,84,2011644,9845229,20578266,2012131,0,0,0
16 x 2047 B,16,84,2011046,9847326,20578266,2011555,0,0,0
16 x 2047 B,17,84,2011067,9847208,20578266,2011605,0,0,0
16 x 2047 B,18,84,2011661,9849316,20578266,2012224,0,0,0
16 x 2047 B,19,84,2012296,9847899,20578266,2012787,0,0,0
16 x 2047 B,20,84,2011086,9847241,20578266,2011581,0,0,0
16 x 2047 B,21,84,2011597,9849844,20578266,2012082,0,0,0
16 x 2047 B,22,84,2010867,9845850,20578266,2011362,0,0,0
16 x 2047 B,23,84,2011675,9844885,20578266,2012167,0,0,0
16 x 2047 B,24,84,2010992,9846678,20578266,2011498,0,0,0
16 x 2047 B,25,84,2011498,9849375,20578266,2012012,0,0,0
16 x 2047 B,26,84,2010972,9846787,20578266,2011458,0,0,0
16 x 2047 B,27,84,2012625,9850132,20578266,2013118,0,0,0
16 x 2047 B,28,84,2012240,9852407,20578266,2012756,0,0,0
16 x 2047 B,29,84,2012521,9853088,20578266,2013388,0,0,0
16 x 2047 B,30,84,2012417,9852185,20578266,2013161,0,0,0
16 x 2047 B,31,84,2015378,9860516,20578266,2016263,0,0,0
24 x 2047 B,0,56,2020136,9850744,20573366,2020857,0,0,0
24 x 2047 B,1,56,2014236,9850338,20573366,2014923,0,0,0
24 x 2047 B,2,56,2012688,9851987,20573366,2013980,0,0,0
24 x 2047 B,3,56,2018515,9855269,20573367,2019829,0,0,0
24 x 2047 B,4,56,2014277,9849811,20573366,2015057,0,0,0
24 x 2047 B,5,56,2025110,9843371,20573366,2017249,0,0,0
24 x 2047 B,6,56,2012231,9849540,20573366,2012799,0,0,0
24 x 2047 B,7,56,2011265,9844208,20573366,2011762,0,0,0
24 x 2047 B,8,56,2011112,9845033,20573366,2011613,0,0,0
24 x 2047 B,9,56,2011064,9846236,20573366,2011572,0,0,0
24 x 2047 B,10,56,2011409,9844801,20573366,2011917,0,0,0
24 x 2047 B,11,56,2012173,9846564,20573366,2012717,0,0,0
24 x 2047 B,12,56,2011767,9846974,20573366,2012269,0,0,0
24 x 2047 B,13,56,2015068,9848364,20573369,2015553,0,0,0
24 x 2047 B,14,56,2375205,9846682,20573366,2375685,0,0,0
24 x 2047 B,15,56,2011061,9844051,20573366,2011549,0,0,0
24 x 2047 B,16,56,2011575,9847077,20573366,2012080,0,0,0
24 x 2047 B,17,56,2010552,9845093,20573366,2011049,0,0,0
24 x 2047 B,18,56,2011069,9847011,20573366,2011581,0,0,0
24 x 2047 B,19,56,2011575,9845822,20573366,2012067,0,0,0
24 x 2047 B,20,56,2011160,9845454,20573366,2011651,0,0,0
24 x 2047 B,21,56,2011205,9848177,20573366,2011694,0,0,0
24 x 2047 B,22,56,2011670,9850153,20573366,2012159,0,0,0
24 x 2047 B,23,56,2012152,9849434,20573366,2012638,0,0,0
24 x 2047 B,24,56,2011858,9848079,20573372,2012374,0,0,0
24 x 2047 B,25,56,2010872,9846609,20573372,2011374,0,0,0
24 x 2047 B,26,56,2011668,9850089,20573366,2012170,0,0,0
24 x 2047 B,27,56,2011854,9845595,20573366,2012351,0,0,0
24 x 2047 B,28,56,2011551,9847876,20573366,2012035,0,0,0
24 x 2047 B,29,56,2011286,9844789,20573366,2011779,0,0,0
24 x 2047 B,30,56,2011152,9847722,20573366,2011637,0,0,0
24 x 2047 B,31,56,2011940,9848636,20573366,2012439,0,0,0
64 x 2047 B,0,21,2009553,9839634,20567241,2010064,0,0,0
64 x 2047 B,1,21,2009847,9841294,20567241,2010338,0,0,0
64 x 2047 B,2,21,2010028,9839748,20567241,2010529,0,0,0
64 x 2047 B,3,21,2010595,9839383,20567241,2011092,0,0,0
64 x 2047 B,4,21,2010645,9843273,20567241,2011295,0,0,0
64 x 2047 B,5,21,2016779,9853311,20567241,2017300,0,0,0
64 x 2047 B,6,21,2027390,9855203,20567241,2028077,0,0,0
64 x 2047 B,7,21,2012581,9848510,20567241,2013271,0,0,0
64 x 2047 B,8,21,2013540,9838677,20567241,2014114,0,0,0
64 x 2047 B,9,21,2022706,9845715,20567241,2019786,0,0,0
64 x 2047 B,10,21,2022649,9840434,20567242,2016560,0,0,0
64 x 2047 B,11,21,2010347,9841043,20567241,2010871,0,0,0
64 x 2047 B,12,21,2014095,9841330,20567241,2014592,0,0,0
64 x 2047 B,13,21,2009919,9838454,20567241,2010408,0,0,0
64 x 2047 B,14,21,2010057,9840676,20567241,2010542,0,0,0
64 x 2047 B,15,21,2010028,9841961,20567241,2010530,0,0,0
64 x 2047 B,16,21,2010420,9841888,20567241,2010914,0,0,0
64 x 2047 B,17,21,2010644,9842632,20567241,2011132,0,0,0
64 x 2047 B,18,21,2009568,9838640,20567241,2010058,0,0,0
64 x 2047 B,19,21,2010356,9841950,20567241,2010853,0,0,0
64 x 2047 B,20,21,2011463,9842317,20567241,2011984,0,0,0
64 x 2047 B,21,21,2010094,9839468,20567241,2010593,0,0,0
64 x 2047 B,22,21,2009838,9839912,20567241,2010332,0,0,0
64 x 2047 B,23,21,2380788,9838380,20567241,2381291,0,0,0
64 x 2047 B,24,21,2010608,9838404,20567241,2011113,0,0,0
64 x 2047 B,25,21,2010304,9839433,20567241,2010865,0,0,0
64 x 2047 B,26,21,2009790,9841131,20567241,2010283,0,0,0
64 x 2047 B,27,21,2010248,9840178,20567241,2010745,0,0,0
64 x 2047 B,28,21,2009964,9839443,20567241,2010457,0,0,0
64 x 2047 B,29,21,2009808,9838084,20567241,2010309,0,0,0
64 x 2047 B,30,21,2015807,9837546,20567241,2012131,0,0,0
64 x 2047 B,31,21,2010127,9841217,20567241,2010631,0,0,0
128 x 2047 B,0,11,2105197,10305313,21544691,2105710,0,0,0
128 x 2047 B,1,11,2106585,10310520,21544692,2107078,0,0,0
128 x 2047 B,2,11,2105025,10304960,21544691,2105531,0,0,0
128 x 2047 B,3,11,2104793,10306518,21544691,2105281,0,0,0
128 x 2047 B,4,11,2104269,10302286,21544691,2104753,0,0,0
128 x 2047 B,5,11,2104419,10304809,21544691,2104916,0,0,0
128 x 2047 B,6,11,2104751,10304398,21544691,2105255,0,0,0
128 x 2047 B,7,11,2104074,10302385,21544691,2104582,0,0,0
128 x 2047 B,8,11,2105294,10305496,21544691,2105788,0,0,0
128 x 2047 B,9,11,2105055,10306048,21544691,2105559,0,0,0
128 x 2047 B,10,11,2107151,10308072,21544692,2107749,0,0,0
128 x 2047 B,11,11,2107486,10313383,21544691,2108033,0,0,0
128 x 2047 B,12,11,2108376,10319095,21544691,2108914,0,0,0
128 x 2047 B,13,11,2107550,10316458,21544691,2108239,0,0,0
128 x 2047 B,14,11,2105482,10304929,21544691,2106104,0,0,0
128 x 2047 B,15,11,2108431,10309930,21544691,2109290,0,0,0
128 x 2047 B,16,11,2105053,10304839,21544691,2105699,0,0,0
128 x 2047 B,17,11,2114648,10302617,21544691,2108925,0,0,0
128 x 2047 B,18,11,2105669,10305449,21544691,2106170,0,0,0
128 x 2047 B,19,11,2108784,10308923,21544692,2109621,0,0,0
128 x 2047 B,20,11,2104578,10302047,21544691,2105089,0,0,0
128 x 2047 B,21,11,2105429,10306370,21544691,2105924,0,0,0
128 x 2047 B,22,11,2104301,10303292,21544691,2104795,0,0,0
128 x 2047 B,23,11,2108858,10306141,21544691,2109366,0,0,0
128 x 2047 B,24,11,2104508,10302740,21544691,2105011,0,0,0
128 x 2047 B,25,11,2105044,10299686,21544691,2105575,0,0,0
128 x 2047 B,26,11,2104609,10304662,21544691,2105114,0,0,0
128 x 2047 B,27,11,2105361,10302872,21544691,2105889,0,0,0
128 x 2047 B,28,11,2167460,10305042,21544692,2108152,0,0,0
128 x 2047 B,29,11,2104964,10307435,21544691,2105472,0,0,0
128 x 2047 B,30,11,2108472,10304056,21544691,2108973,0,0,0
128 x 2047 B,31,11,2105210,10305150,21544691,2105711,0,0,0
129 x 2047 B,0,11,2120713,10384571,21712991,2121234,0,0,0
129 x 2047 B,1,11,2121025,10386398,21712991,2121531,0,0,0
129 x 2047 B,2,11,2123227,10388907,21712992,2123818,0,0,0
129 x 2047 B,3,11,2121192,10384449,21712991,2121692,0,0,0
129 x 2047 B,4,11,2120591,10384206,21712991,2121122,0,0,0
129 x 2047 B,5,11,2121573,10386521,21712991,2122080,0,0,0
129 x 2047 B,6,11,2120628,10384010,21712991,2121118,0,0,0
129 x 2047 B,7,11,2121162,10384368,21712991,2121647,0,0,0
129 x 2047 B,8,11,2121204,10387071,21712991,2121703,0,0,0
129 x 2047 B,9,11,2121269,10384757,21712991,2121757,0,0,0
129 x 2047 B,10,11,2122180,10384113,21712992,2122740,0,0,0
129 x 2047 B,11,11,2120991,10386173,21712991,2121733,0,0,0
129 x 2047 B,12,11,2120987,10385988,21712991,2121515,0,0,0
129 x 2047 B,13,11,2123268,10393504,21712991,2123776,0,0,0
129 x 2047 B,14,11,2121619,10385906,21712991,2122170,0,0,0
129 x 2047 B,15,11,2121102,10384605,21712991,2121979,0,0,0
129 x 2047 B,16,11,2121258,10385250,21712991,2121884,0,0,0
129 x 2047 B,17,11,2122872,10391135,21712991,2123612,0,0,0
129 x 2047 B,18,11,2122305,10384995,21712991,2123176,0,0,0
129 x 2047 B,19,11,2127581,10395123,21712992,2128502,0,0,0
129 x 2047 B,20,11,2121957,10384888,21712991,2122717,0,0,0
129 x 2047 B,21,11,2130953,10383425,21712991,2125252,0,0,0
129 x 2047 B,22,11,2122330,10386146,21712991,2122848,0,0,0
129 x 2047 B,23,11,2121440,10385024,21712991,2121949,0,0,0
129 x 2047 B,24,11,2122800,10386523,21712991,2123313,0,0,0
129 x 2047 B,25,11,2126475,10380335,21712991,2122082,0,0,0
129 x 2047 B,26,11,2121122,10385277,21712991,2121656,0,0,0
129 x 2047 B,27,11,2124394,10391063,21712992,2124897,0,0,0
129 x 2047 B,28,11,2491835,10382013,21712991,2492344,0,0,0
129 x 2047 B,29,11,2120741,10385008,21712991,2121234,0,0,0
129 x 2047 B,30,11,2120611,10384066,21712991,2121106,0,0,0
129 x 2047 B,31,11,2121772,10384806,21712991,2122261,0,0,0
1024 x 2047 B,0,2,3064202,14992384,31335117,3065092,0,0,0
1024 x 2047 B,1,2,3062596,14989877,31335117,3063254,0,0,0
1024 x 2047 B,2,2,3062885,14990734,31335117,3063536,0,0,0
1024 x 2047 B,3,2,3066613,15004317,31335117,3067291,0,0,0
1024 x 2047 B,4,2,3063194,14991887,31335117,3063874,0,0,0
1024 x 2047 B,5,2,3063172,14990856,31335117,3063849,0,0,0
1024 x 2047 B,6,2,3064227,14993587,31335117,3064929,0,0,0
1024 x 2047 B,7,2,3067514,15005501,31335118,3068160,0,0,0
1024 x 2047 B,8,2,3065001,14994346,31335117,3065665,0,0,0
1024 x 2047 B,9,2,3062585,14989010,31335117,3063266,0,0,0
1024 x 2047 B,10,2,3063042,14988567,31335117,3063686,0,0,0
1024 x 2047 B,11,2,3063836,14989357,31335117,3064503,0,0,0
1024 x 2047 B,12,2,3063582,14991590,31335117,3064309,0,0,0
1024 x 2047 B,13,2,3068201,15008388,31335117,3068982,0,0,0
1024 x 2047 B,14,2,3071385,15017727,31335117,3072330,0,0,0
1024 x 2047 B,15,2,3075839,15044135,31335117,3076908,0,0,0
1024 x 2047 B,16,2,3084325,15026254,31335117,3082033,0,0,0
1024 x 2047 B,17,2,3074552,14992736,31335117,3068084,0,0,0
1024 x 2047 B,18,2,3063805,14990225,31335117,3064461,0,0,0
1024 x 2047 B,19,2,3063734,14991086,31335117,3064475,0,0,0
1024 x 2047 B,20,2,3063193,14989889,31335117,3064026,0,0,0
1024 x 2047 B,21,2,3066479,14994310,31335118,3067356,0,0,0
1024 x 2047 B,22,2,3426623,14990410,31335117,3427261,0,0,0
1024 x 2047 B,23,2,3066132,15004951,31335117,3066799,0,0,0
1024 x 2047 B,24,2,3063762,14991863,31335117,3064444,0,0,0
1024 x 2047 B,25,2,3062989,14991809,31335117,3063669,0,0,0
1024 x 2047 B,26,2,3063195,14988070,31335117,3063879,0,0,0
1024 x 2047 B,27,2,3062499,14989358,31335117,3063193,0,0,0
1024 x 2047 B,28,2,3062374,14989028,31335117,3063027,0,0,0
1024 x 2047 B,29,2,3063892,14991966,31335117,3064577,0,0,0
1024 x 2047 B,30,2,3063212,14992967,31335117,3063896,0,0,0
1024 x 2047 B,31,2,3066622,14995179,31335118,3067278,0,0,0
1 x 2049 B,0,2252,1993277,9760260,20259358,1993815,0,0,0
1 x 2049 B,1,2252,1971637,9654362,20259358,1972191,0,0,0
1 x 2049 B,2,2252,1993116,9761655,20259357,1993823,0,0,0
1 x 2049 B,3,2252,2011534,9841076,20259359,2012055,0,0,0
1 x 2049 B,4,2252,2007932,9831830,20259358,2008421,0,0,0
1 x 2049 B,5,2252,1969334,9648013,20259357,1969868,0,0,0
1 x 2049 B,6,2252,2013520,9847939,20259359,2014075,0,0,0
1 x 2049 B,7,2252,2009238,9838067,20259358,2009964,0,0,0
1 x 2049 B,8,2252,1986165,9722725,20259358,1986712,0,0,0
1 x 2049 B,9,2252,1979346,9696245,20259357,1980071,0,0,0
1 x 2049 B,10,2252,1983731,9705956,20259358,1984425,0,0,0
1 x 2049 B,11,2252,1986116,9723762,20259358,1986916,0,0,0
1 x 2049 B,12,2252,1971827,9647374,20259358,1972586,0,0,0
1 x 2049 B,13,2252,1989091,9736315,20259358,1989833,0,0,0
1 x 2049 B,14,2252,1986465,9713474,20259358,1987560,0,0,0
1 x 2049 B,15,2252,2000173,9771858,20259358,2000850,0,0,0
1 x 2049 B,16,2252,2001006,9723714,20259358,1992891,0,0,0
1 x 2049 B,17,2252,1984859,9715713,20259358,1985378,0,0,0
1 x 2049 B,18,2252,1985358,9718839,20259358,1985876,0,0,0
1 x 2049 B,19,2252,1967485,9631123,20259358,1967993,0,0,0
1 x 2049 B,20,2252,2000369,9794653,20259358,2000873,0,0,0
1 x 2049 B,21,2252,1995781,9772791,20259358,1996288,0,0,0
1 x 2049 B,22,2252,1987203,9726217,20259358,1987736,0,0,0
1 x 2049 B,23,2252,2000006,9789560,20259358,2000517,0,0,0
1 x 2049 B,24,2252,1975018,9669746,20259358,1975527,0,0,0
1 x 2049 B,25,2252,1985851,9723384,20259358,1986358,0,0,0
1 x 2049 B,26,2252,1992715,9754974,20259358,1993234,0,0,0
1 x 2049 B,27,2252,1982156,9702663,20259358,1982664,0,0,0
1 x 2049 B,28,2252,2005867,9821547,20259358,2006376,0,0,0
1 x 2049 B,29,2252,1997288,9779723,20259358,1997799,0,0,0
1 x 2049 B,30,2252,1994258,9759526,20259358,1994767,0,0,0
1 x 2049 B,31,2252,1968809,9637665,20259358,1969322,0,0,0
3 x 2049 B,0,767,1999134,9789338,20434780,1999653,0,0,0
3 x 2049 B,1,767,1993412,9757617,20434780,1993910,0,0,0
3 x 2049 B,2,767,1994952,9761092,20434780,1995456,0,0,0
3 x 2049 B,3,767,2012722,9824747,20434780,2008231,0,0,0
3 x 2049 B,4,767,1992901,9758006,20434780,1993406,0,0,0
3 x 2049 B,5,767,2000182,9789292,20434780,2000682,0,0,0
3 x 2049 B,6,767,2004132,9810663,20434780,2004636,0,0,0
3 x 2049 B,7,767,1992740,9757270,20434780,1993289,0,0,0
3 x 2049 B,8,767,1993931,9763427,20434780,1994442,0,0,0
3 x 2049 B,9,767,1993147,9755210,20434780,1993650,0,0,0
3 x 2049 B,10,767,1991341,9748477,20434780,1991851,0,0,0
3 x 2049 B,11,767,1998439,9785849,20434780,1998943,0,0,0
3 x 2049 B,12,767,1994981,9768591,20434780,1995489,0,0,0
3 x 2049 B,13,767,1996960,9775634,20434780,1997465,0,0,0
3 x 2049 B,14,767,1989924,9741612,20434780,1990431,0,0,0
3 x 2049 B,15,767,1991605,9750645,20434780,1992114,0,0,0
3 x 2049 B,16,767,1991969,9752053,20434780,1992481,0,0,0
3 x 2049 B,17,767,2003172,9806441,20434780,2003868,0,0,0
3 x 2049 B,18,767,1991065,9747929,20434780,1992116,0,0,0
3 x 2049 B,19,767,1995841,9767923,20434780,1996502,0,0,0
3 x 2049 B,20,767,1999178,9783074,20434780,1999869,0,0,0
3 x 2049 B,21,767,1997695,9779072,20434780,1998712,0,0,0
3 x 2049 B,22,767,2004648,9764242,20434780,2002445,0,0,0
3 x 2049 B,23,767,2001262,9773228,20434780,2000144,0,0,0
3 x 2049 B,24,767,1991694,9750181,20434780,1992226,0,0,0
3 x 2049 B,25,767,1994133,9764674,20434780,1994636,0,0,0
3 x 2049 B,26,767,2000953,9794711,20434780,2001452,0,0,0
3 x 2049 B,27,767,2000760,9794550,20434780,2001262,0,0,0
3 x 2049 B,28,767,1991301,9748035,20434780,1991804,0,0,0
3 x 2049 B,29,767,1995270,9769885,20434780,1995768,0,0,0
3 x 2049 B,30,767,2003388,9806179,20434780,2003891,0,0,0
3 x 2049 B,31,767,1997862,9777034,20434780,1998372,0,0,0
4 x 2049 B,0,578,1996817,9776737,20500292,1997339,0,0,0
4 x 2049 B,1,578,2004676,9813782,20500292,2005180,0,0,0
4 x 2049 B,2,578,2368349,9804149,20500293,2368858,0,0,0
4 x 2049 B,3,578,2007589,9830258,20500292,2008097,0,0,0
4 x 2049 B,4,578,1993217,9757726,20500292,1993718,0,0,0
4 x 2049 B,5,578,1998169,9784500,20500292,1998680,0,0,0
4 x 2049 B,6,578,2002686,9803862,20500292,2003189,0,0,0
4 x 2049 B,7,578,2004684,9816384,20500292,2005191,0,0,0
4 x 2049 B,8,578,2001732,9799701,20500292,2002238,0,0,0
4 x 2049 B,9,578,1999758,9791750,20500292,2000259,0,0,0
4 x 2049 B,10,578,1997783,9778202,20500292,1998295,0,0,0
4 x 2049 B,11,578,1993941,9763218,20500292,1994444,0,0,0
4 x 2049 B,12,578,2000758,9796596,20500292,2001261,0,0,0
4 x 2049 B,13,578,1999749,9792292,20500292,2000253,0,0,0
4 x 2049 B,14,578,2000845,9791736,20500292,2001349,0,0,0
4 x 2049 B,15,578,2001638,9801090,20500292,2002140,0,0,0
4 x 2049 B,16,578,1997043,9778968,20500292,1997547,0,0,0
4 x 2049 B,17,578,2000198,9794349,20500292,2000699,0,0,0
4 x 2049 B,18,578,2000218,9789473,20500292,2000722,0,0,0
4 x 2049 B,19,578,1995003,9768723,20500292,1995529,0,0,0
4 x 2049 B,20,578,1995128,9768934,20500292,1995624,0,0,0
4 x 2049 B,21,578,1997189,9779844,20500292,1997679,0,0,0
4 x 2049 B,22,578,2000332,9788634,20500292,2000910,0,0,0
4 x 2049 B,23,578,2006601,9823288,20500292,2007089,0,0,0
4 x 2049 B,24,578,2000171,9787757,20500292,2000761,0,0,0
4 x 2049 B,25,578,2004445,9796660,20500292,2004949,0,0,0
4 x 2049 B,26,578,2007658,9809236,20500292,2008391,0,0,0
4 x 2049 B,27,578,1999087,9782404,20500292,1999964,0,0,0
4 x 2049 B,28,578,2004188,9802584,20500292,2005064,0,0,0
4 x 2049 B,29,578,2007469,9785140,20500292,2005887,0,0,0
4 x 2049 B,30,578,2008994,9798405,20500292,2004077,0,0,0
4 x 2049 B,31,578,2001106,9794343,20500292,2001687,0,0,0
6 x 2049 B,0,386,2003464,9774813,20501984,1999346,0,0,0
6 x 2049 B,1,386,2003010,9804936,20501984,2003526,0,0,0
6 x 2049 B,2,386,2367638,9774958,20501984,2368138,0,0,0
6 x 2049 B,3,386,2004106,9812976,20501984,2004612,0,0,0
6 x 2049 B,4,386,1999274,9786356,20501984,1999780,0,0,0
6 x 2049 B,5,386,2003459,9807768,20501984,2004001,0,0,0
6 x 2049 B,6,386,1997441,9774692,20501984,1997936,0,0,0
6 x 2049 B,7,386,2001132,9798131,20501984,2001621,0,0,0
6 x 2049 B,8,386,2000210,9790748,20501984,2000704,0,0,0
6 x 2049 B,9,386,1999372,9787346,20501984,1999858,0,0,0
6 x 2049 B,10,386,2041749,9808912,20501984,2042242,0,0,0
6 x 2049 B,11,386,1999560,9790149,20501984,2000059,0,0,0
6 x 2049 B,12,386,1999283,9783493,20501984,1999831,0,0,0
6 x 2049 B,13,386,1999213,9786485,20501984,1999703,0,0,0
6 x 2049 B,14,386,2019707,9821614,20501984,2020330,0,0,0
6 x 2049 B,15,386,2072295,9784460,20501984,2072892,0,0,0
6 x 2049 B,16,386,2016511,9792655,20501984,2012097,0,0,0
6 x 2049 B,17,386,2005336,9811444,20501984,2006278,0,0,0
6 x 2049 B,18,386,2005982,9793576,20501984,2007006,0,0,0
6 x 2049 B,19,386,2003461,9794617,20501984,2003967,0,0,0
6 x 2049 B,20,386,2004502,9775282,20501984,2000241,0,0,0
6 x 2049 B,21,386,1995545,9769921,20501984,1996054,0,0,0
6 x 2049 B,22,386,1995977,9767508,20501984,1996494,0,0,0
6 x 2049 B,23,386,1997974,9778818,20501984,1998468,0,0,0
6 x 2049 B,24,386,1995844,9772035,20501984,1996348,0,0,0
6 x 2049 B,25,386,2001623,9797072,20501984,2002167,0,0,0
6 x 2049 B,26,386,2004232,9811304,20501984,2004739,0,0,0
6 x 2049 B,27,386,2368543,9774432,20501985,2369058,0,0,0
6 x 2049 B,28,386,2000885,9796230,20501984,2001382,0,0,0
6 x 2049 B,29,386,2000598,9795064,20501984,2001247,0,0,0
6 x 2049 B,30,386,2003474,9800790,20501984,2004103,0,0,0
6 x 2049 B,31,386,1999606,9779814,20501984,2000169,0,0,0
8 x 2049 B,0,290,1999191,9784074,20520476,2000825,0,0,0
8 x 2049 B,1,290,2003983,9796907,20520476,2004619,0,0,0
8 x 2049 B,2,290,2011995,9797486,20520476,2009577,0,0,0
8 x 2049 B,3,290,2007554,9774040,20520476,2001686,0,0,0
8 x 2049 B,4,290,1998069,9781309,20520476,1998579,0,0,0
8 x 2049 B,5,290,2000885,9795076,20520476,2001389,0,0,0
8 x 2049 B,6,290,2000459,9788500,20520476,2000974,0,0,0
8 x 2049 B,7,290,2003168,9808181,20520476,2003666,0,0,0
8 x 2049 B,8,290,1997466,9779019,20520476,1997957,0,0,0
8 x 2049 B,9,290,1996688,9776473,20520476,1997240,0,0,0
8 x 2049 B,10,290,2374758,9807641,20520476,2375244,0,0,0
8 x 2049 B,11,290,2008786,9835874,20520476,2009273,0,0,0
8 x 2049 B,12,290,1996627,9776359,20520476,1997114,0,0,0
8 x 2049 B,13,290,2001435,9800033,20520476,2001924,0,0,0
8 x 2049 B,14,290,2002980,9803235,20520476,2003466,0,0,0
8 x 2049 B,15,290,1999286,9789730,20520476,1999776,0,0,0
8 x 2049 B,16,290,1997801,9782470,20520476,1998309,0,0,0
8 x 2049 B,17,290,1996985,9778487,20520476,1997478,0,0,0
8 x 2049 B,18,290,1998363,9779429,20520476,1998859,0,0,0
8 x 2049 B,19,290,1996816,9777345,20520476,1997301,0,0,0
8 x 2049 B,20,290,2000302,9794201,20520476,2000793,0,0,0
8 x 2049 B,21,290,1998621,9785729,20520476,1999106,0,0,0
8 x 2049 B,22,290,2004562,9808663,20520476,2005046,0,0,0
8 x 2049 B,23,290,1996880,9772824,20520476,1997372,0,0,0
8 x 2049 B,24,290,1998006,9782711,20520476,1998498,0,0,0
8 x 2049 B,25,290,2001787,9799044,20520476,2002284,0,0,0
8 x 2049 B,26,290,2007244,9823538,20520476,2007758,0,0,0
8 x 2049 B,27,290,1997673,9778263,20520476,1998167,0,0,0
8 x 2049 B,28,290,2002870,9786501,20520476,2003385,0,0,0
8 x 2049 B,29,290,2005128,9818547,20520476,2005620,0,0,0
8 x 2049 B,30,290,2005670,9818227,20520476,2006163,0,0,0
8 x 2049 B,31,290,2002751,9803991,20520476,2003237,0,0,0
12 x 2049 B,0,194,2004226,9812984,20574260,2004739,0,0,0
12 x 2049 B,1,194,2004841,9813466,20574260,2005339,0,0,0
12 x 2049 B,2,194,2008223,9829253,20574260,2008709,0,0,0
12 x 2049 B,3,194,2005282,9816199,20574260,2005830,0,0,0
12 x 2049 B,4,194,2006810,9823145,20574260,2007646,0,0,0
12 x 2049 B,5,194,2010200,9821063,20574260,2010699,0,0,0
12 x 2049 B,6,194,2008212,9829390,20574260,2008893,0,0,0
12 x 2049 B,7,194,2003326,9806546,20574260,2004113,0,0,0
12 x 2049 B,8,194,2007303,9811305,20574260,2008381,0,0,0
12 x 2049 B,9,194,2017137,9828727,20574260,2015671,0,0,0
12 x 2049 B,10,194,2018981,9827550,20574260,2013236,0,0,0
12 x 2049 B,11,194,2004860,9814045,20574260,2005368,0,0,0
12 x 2049 B,12,194,2006729,9823566,20574260,2007235,0,0,0
12 x 2049 B,13,194,2003077,9804610,20574260,2003568,0,0,0
12 x 2049 B,14,194,2006208,9814187,20574260,2006702,0,0,0
12 x 2049 B,15,194,2001661,9799220,20574260,2002160,0,0,0
12 x 2049 B,16,194,2006586,9822060,20574260,2007074,0,0,0
12 x 2049 B,17,194,2006754,9822738,20574260,2007242,0,0,0
12 x 2049 B,18,194,2004834,9816137,20574260,2005333,0,0,0
12 x 2049 B,19,194,2369774,9814178,20574261,2370295,0,0,0
12 x 2049 B,20,194,2008829,9829723,20574260,2009341,0,0,0
12 x 2049 B,21,194,2006427,9821236,20574260,2006942,0,0,0
12 x 2049 B,22,194,2004559,9814788,20574260,2005089,0,0,0
12 x 2049 B,23,194,2008390,9830955,20574260,2008891,0,0,0
12 x 2049 B,24,194,2005315,9816835,20574260,2005803,0,0,0
12 x 2049 B,25,194,2008999,9836064,20574260,2009492,0,0,0
12 x 2049 B,26,194,2007353,9829198,20574260,2007849,0,0,0
12 x 2049 B,27,194,2003594,9809359,20574260,2004088,0,0,0
12 x 2049 B,28,194,2006911,9824621,20574260,2007400,0,0,0
12 x 2049 B,29,194,2004922,9817185,20574260,2005419,0,0,0
12 x 2049 B,30,194,2004088,9812636,20574260,2004578,0,0,0
12 x 2049 B,31,194,2007960,9829683,20574260,2008449,0,0,0
16 x 2049 B,0,146,2010531,9844962,20636444,2011035,0,0,0
16 x 2049 B,1,146,2009948,9841610,20636444,2010440,0,0,0
16 x 2049 B,2,146,2015529,9866066,20636444,2016019,0,0,0
16 x 2049 B,3,146,2018403,9879845,20636444,2018894,0,0,0
16 x 2049 B,4,146,2014100,9861868,20636444,2014614,0,0,0
16 x 2049 B,5,146,2013157,9856861,20636444,2013652,0,0,0
16 x 2049 B,6,146,2012512,9852273,20636444,2013008,0,0,0
16 x 2049 B,7,146,2009154,9835497,20636444,2009654,0,0,0
16 x 2049 B,8,146,2010705,9844431,20636444,2011213,0,0,0
16 x 2049 B,9,146,2013481,9856335,20636444,2013974,0,0,0
16 x 2049 B,10,146,2016688,9871293,20636444,2017273,0,0,0
16 x 2049 B,11,146,2014898,9863481,20636444,2015621,0,0,0
16 x 2049 B,12,146,2011717,9837629,20636444,2012453,0,0,0
16 x 2049 B,13,146,2012842,9851126,20636444,2013547,0,0,0
16 x 2049 B,14,146,2011059,9840293,20636444,2011653,0,0,0
16 x 2049 B,15,146,2019155,9859108,20636444,2020028,0,0,0
16 x 2049 B,16,146,2020094,9857886,20636444,2018353,0,0,0
16 x 2049 B,17,146,2017980,9844537,20636444,2013966,0,0,0
16 x 2049 B,18,146,2014884,9859741,20636444,2015391,0,0,0
16 x 2049 B,19,146,2009382,9835813,20636444,2009877,0,0,0
16 x 2049 B,20,146,2008470,9832103,20636444,2008989,0,0,0
16 x 2049 B,21,146,2008676,9835591,20636444,2009207,0,0,0
16 x 2049 B,22,146,2008649,9832727,20636444,2009139,0,0,0
16 x 2049 B,23,146,2012552,9852311,20636444,2013089,0,0,0
16 x 2049 B,24,146,2010539,9841539,20636444,2011043,0,0,0
16 x 2049 B,25,146,2010630,9843545,20636444,2011115,0,0,0
16 x 2049 B,26,146,2009622,9837313,20636444,2010113,0,0,0
16 x 2049 B,27,146,2378080,9848148,20636445,2378585,0,0,0
16 x 2049 B,28,146,2022133,9853290,20636444,2014207,0,0,0
16 x 2049 B,29,146,2009714,9838082,20636444,2010213,0,0,0
16 x 2049 B,30,146,2014824,9865388,20636444,2015336,0,0,0
16 x 2049 B,31,146,2014239,9860779,20636444,2014730,0,0,0
24 x 2049 B,0,97,2004043,9810253,20557285,2004567,0,0,0
24 x 2049 B,1,97,2006364,9824575,20557285,2006859,0,0,0
24 x 2049 B,2,97,2002728,9804145,20557285,2003263,0,0,0
24 x 2049 B,3,97,2002998,9807787,20557285,2003501,0,0,0
24 x 2049 B,4,97,2007375,9827805,20557285,2007862,0,0,0
24 x 2049 B,5,97,2005332,9818850,20557285,2005862,0,0,0
24 x 2049 B,6,97,2006842,9824344,20557285,2007343,0,0,0
24 x 2049 B,7,97,2002833,9807113,20557285,2003336,0,0,0
24 x 2049 B,8,97,2006046,9820323,20557285,2006534,0,0,0
24 x 2049 B,9,97,2001820,9801634,20557285,2002314,0,0,0
24 x 2049 B,10,97,2010939,9844461,20557285,2011436,0,0,0
24 x 2049 B,11,97,2002092,9803240,20557285,2002586,0,0,0
24 x 2049 B,12,97,2004852,9814262,20557285,2005347,0,0,0
24 x 2049 B,13,97,2005698,9821070,20557285,2006199,0,0,0
24 x 2049 B,14,97,2003420,9807303,20557285,2003914,0,0,0
24 x 2049 B,15,97,2007906,9832377,20557285,2008404,0,0,0
24 x 2049 B,16,97,2006698,9822328,20557285,2007185,0,0,0
24 x 2049 B,17,97,2002011,9798117,20557285,2002611,0,0,0
24 x 2049 B,18,97,2005137,9814811,20557285,2005884,0,0,0
24 x 2049 B,19,97,2023377,9805958,20557285,2024027,0,0,0
24 x 2049 B,20,97,2010197,9834845,20557285,2011220,0,0,0
24 x 2049 B,21,97,2005218,9807015,20557285,2005738,0,0,0
24 x 2049 B,22,97,2006971,9809065,20557285,2007790,0,0,0
24 x 2049 B,23,97,2010227,9799483,20557286,2008795,0,0,0
24 x 2049 B,24,97,2008271,9809210,20557285,2007221,0,0,0
24 x 2049 B,25,97,2001644,9799015,20557285,2002144,0,0,0
24 x 2049 B,26,97,2006751,9809462,20557285,2007265,0,0,0
24 x 2049 B,27,97,2004616,9815271,20557285,2005118,0,0,0
24 x 2049 B,28,97,2003859,9809298,20557285,2004344,0,0,0
24 x 2049 B,29,97,2002411,9804934,20557285,2002905,0,0,0
24 x 2049 B,30,97,2003262,9804908,20557285,2003746,0,0,0
24 x 2049 B,31,97,2008045,9829757,20557285,2008541,0,0,0
64 x 2049 B,0,37,2034158,9958999,20899705,2034682,0,0,0
64 x 2049 B,1,37,2037553,9974506,20899705,2038048,0,0,0
64 x 2049 B,2,37,2402332,9975756,20899705,2402824,0,0,0
64 x 2049 B,3,37,2034015,9957768,20899705,2034502,0,0,0
64 x 2049 B,4,37,2040879,9985788,20899706,2041371,0,0,0
64 x 2049 B,5,37,2034493,9962019,20899705,2034989,0,0,0
64 x 2049 B,6,37,2034924,9963976,20899705,2035422,0,0,0
64 x 2049 B,7,37,2036093,9966946,20899705,2036580,0,0,0
64 x 2049 B,8,37,2037816,9976080,20899705,2038305,0,0,0
64 x 2049 B,9,37,2033147,9955419,20899705,2033628,0,0,0
64 x 2049 B,10,37,2035795,9968332,20899705,2036281,0,0,0
64 x 2049 B,11,37,2035248,9964129,20899705,2035740,0,0,0
64 x 2049 B,12,37,2034412,9958861,20899705,2034903,0,0,0
64 x 2049 B,13,37,2035277,9965498,20899705,2035771,0,0,0
64 x 2049 B,14,37,2040355,9991115,20899705,2040840,0,0,0
64 x 2049 B,15,37,2039220,9980022,20899705,2039709,0,0,0
64 x 2049 B,16,37,2039696,9984212,20899705,2040185,0,0,0
64 x 2049 B,17,37,2036648,9972925,20899705,2037145,0,0,0
64 x 2049 B,18,37,2034785,9963567,20899705,2035283,0,0,0
64 x 2049 B,19,37,2032837,9951846,20899705,2033324,0,0,0
64 x 2049 B,20,37,2036860,9971495,20899705,2037345,0,0,0
64 x 2049 B,21,37,2034389,9961660,20899705,2034928,0,0,0
64 x 2049 B,22,37,2039808,9987846,20899705,2040301,0,0,0
64 x 2049 B,23,37,2035212,9960867,20899705,2035808,0,0,0
64 x 2049 B,24,37,2038196,9976140,20899705,2038915,0,0,0
64 x 2049 B,25,37,2042341,9974791,20899705,2042964,0,0,0
64 x 2049 B,26,37,2038283,9975037,20899705,2038944,0,0,0
64 x 2049 B,27,37,2036696,9964776,20899705,2037346,0,0,0
64 x 2049 B,28,37,2045564,9988308,20899705,2046405,0,0,0
64 x 2049 B,29,37,2034411,9954655,20899705,2035025,0,0,0
64 x 2049 B,30,37,2046027,9965403,20899705,2046584,0,0,0
64 x 2049 B,31,37,2037388,9969761,20899705,2037897,0,0,0
128 x 2049 B,0,19,2089730,10232706,21461227,2090253,0,0,0
128 x 2049 B,1,19,2092478,10246634,21461227,2092989,0,0,0
128 x 2049 B,2,19,2465880,10251192,21461227,2466381,0,0,0
128 x 2049 B,3,19,2091700,10233544,21461228,2092188,0,0,0
128 x 2049 B,4,19,2090480,10236322,21461227,2090967,0,0,0
128 x 2049 B,5,19,2089379,10225252,21461227,2089886,0,0,0
128 x 2049 B,6,19,2094180,10252240,21461227,2094693,0,0,0
128 x 2049 B,7,19,2086928,10215153,21461227,2087411,0,0,0
128 x 2049 B,8,19,2088265,10224511,21461227,2088758,0,0,0
128 x 2049 B,9,19,2096370,10260712,21461227,2096866,0,0,0
128 x 2049 B,10,19,2089814,10230611,21461227,2090301,0,0,0
128 x 2049 B,11,19,2088983,10226986,21461227,2089470,0,0,0
128 x 2049 B,12,19,2091692,10242766,21461227,2092184,0,0,0
128 x 2049 B,13,19,2088256,10223238,21461227,2088753,0,0,0
128 x 2049 B,14,19,2093651,10241622,21461228,2094177,0,0,0
128 x 2049 B,15,19,2090811,10238155,21461227,2091338,0,0,0
128 x 2049 B,16,19,2093909,10253217,21461227,2094434,0,0,0
128 x 2049 B,17,19,2092281,10243069,21461227,2092770,0,0,0
128 x 2049 B,18,19,2092087,10240327,21461227,2092594,0,0,0
128 x 2049 B,19,19,2088540,10226715,21461227,2089030,0,0,0
128 x 2049 B,20,19,2091805,10242537,21461227,2092325,0,0,0
128 x 2049 B,21,19,2093527,10248624,21461227,2094032,0,0,0
128 x 2049 B,22,19,2100417,10242497,21461227,2095839,0,0,0
128 x 2049 B,23,19,2091460,10241599,21461227,2092008,0,0,0
128 x 2049 B,24,19,2089577,10227136,21461228,2090077,0,0,0
128 x 2049 B,25,19,2090255,10232794,21461227,2090748,0,0,0
128 x 2049 B,26,19,2088216,10223111,21461227,2088723,0,0,0
128 x 2049 B,27,19,2088635,10226568,21461227,2089171,0,0,0
128 x 2049 B,28,19,2089282,10228504,21461227,2089829,0,0,0
128 x 2049 B,29,19,2094310,10253696,21461227,2094904,0,0,0
128 x 2049 B,30,19,2096910,10265003,21461227,2097409,0,0,0
128 x 2049 B,31,19,2103628,10264166,21461227,2104292,0,0,0
129 x 2049 B,0,18,2000905,9775726,20490522,2001875,0,0,0
129 x 2049 B,1,18,2002209,9796161,20490522,2002863,0,0,0
129 x 2049 B,2,18,2011294,9776645,20490522,2004644,0,0,0
129 x 2049 B,3,18,1999900,9787123,20490522,2000399,0,0,0
129 x 2049 B,4,18,1995981,9772187,20490522,1996472,0,0,0
129 x 2049 B,5,18,1995248,9765084,20490522,1995752,0,0,0
129 x 2049 B,6,18,1997108,9774336,20490522,1997610,0,0,0
129 x 2049 B,7,18,1995958,9768345,20490522,1996448,0,0,0
129 x 2049 B,8,18,1997820,9781441,20490522,1998325,0,0,0
129 x 2049 B,9,18,2370958,9779929,20490523,2371467,0,0,0
129 x 2049 B,10,18,2006160,9818102,20490522,2006664,0,0,0
129 x 2049 B,11,18,1995820,9772471,20490522,1996339,0,0,0
129 x 2049 B,12,18,1999954,9790049,20490522,2000464,0,0,0
129 x 2049 B,13,18,1998047,9783017,20490522,1998535,0,0,0
129 x 2049 B,14,18,1995512,9768223,20490522,1996006,0,0,0
129 x 2049 B,15,18,1995183,9768028,20490522,1995680,0,0,0
129 x 2049 B,16,18,1998320,9782286,20490522,1998832,0,0,0
129 x 2049 B,17,18,1997243,9779214,20490522,1997730,0,0,0
129 x 2049 B,18,18,1996306,9771728,20490522,1996848,0,0,0
129 x 2049 B,19,18,1994597,9766250,20490522,1995083,0,0,0
129 x 2049 B,20,18,2015184,9785796,20490522,2003055,0,0,0
129 x 2049 B,21,18,1994122,9764893,20490522,1994627,0,0,0
129 x 2049 B,22,18,1995243,9763254,20490522,1995761,0,0,0
129 x 2049 B,23,18,1998469,9785452,20490522,1999008,0,0,0
129 x 2049 B,24,18,1993044,9759460,20490522,1993546,0,0,0
129 x 2049 B,25,18,2000795,9797473,20490522,2001327,0,0,0
129 x 2049 B,26,18,1997306,9767987,20490522,1997799,0,0,0
129 x 2049 B,27,18,1997668,9779455,20490522,1998157,0,0,0
129 x 2049 B,28,18,1992679,9758134,20490522,1993167,0,0,0
129 x 2049 B,29,18,1999514,9790978,20490522,2000006,0,0,0
129 x 2049 B,30,18,2001165,9799520,20490522,2001648,0,0,0
129 x 2049 B,31,18,1993773,9763196,20490522,1994268,0,0,0
1024 x 2049 B,0,3,2671735,13062966,27105148,2672920,0,0,0
1024 x 2049 B,1,3,2654302,12990190,27105147,2655152,0,0,0
1024 x 2049 B,2,3,2657413,12998442,27105148,2658384,0,0,0
1024 x 2049 B,3,3,2668878,13046072,27105148,2669896,0,0,0
1024 x 2049 B,4,3,2671955,13055031,27105147,2674083,0,0,0
1024 x 2049 B,5,3,2681891,13000872,27105148,2676685,0,0,0
1024 x 2049 B,6,3,2652738,12967139,27105148,2653546,0,0,0
1024 x 2049 B,7,3,2648206,12957454,27105147,2649150,0,0,0
1024 x 2049 B,8,3,2653139,12969209,27105148,2653938,0,0,0
1024 x 2049 B,9,3,2656442,12991274,27105148,2657090,0,0,0
1024 x 2049 B,10,3,2649964,12972742,27105147,2650662,0,0,0
1024 x 2049 B,11,3,2653219,12979028,27105148,2653918,0,0,0
1024 x 2049 B,12,3,2648593,12957294,27105148,2649246,0,0,0
1024 x 2049 B,13,3,2652942,12985019,27105147,2653690,0,0,0
1024 x 2049 B,14,3,2654138,12957824,27105148,2651371,0,0,0
1024 x 2049 B,15,3,2654542,12989897,27105148,2655183,0,0,0
1024 x 2049 B,16,3,2652449,12985503,27105147,2653141,0,0,0
1024 x 2049 B,17,3,2657041,12997089,27105148,2657702,0,0,0
1024 x 2049 B,18,3,2650681,12976854,27105147,2651425,0,0,0
1024 x 2049 B,19,3,2650771,12966903,27105148,2651667,0,0,0
1024 x 2049 B,20,3,2647238,12953930,27105148,2647924,0,0,0
1024 x 2049 B,21,3,2647487,12959630,27105147,2648204,0,0,0
1024 x 2049 B,22,3,2649828,12963061,27105148,2650589,0,0,0
1024 x 2049 B,23,3,2648018,12957655,27105148,2648676,0,0,0
1024 x 2049 B,24,3,2649531,12970978,27105147,2650225,0,0,0
1024 x 2049 B,25,3,2654609,12984855,27105148,2655321,0,0,0
1024 x 2049 B,26,3,2655904,12975291,27105148,2656599,0,0,0
1024 x 2049 B,27,3,2644901,12949816,27105147,2645610,0,0,0
1024 x 2049 B,28,3,2649438,12964127,27105148,2650151,0,0,0
1024 x 2049 B,29,3,2651058,12968957,27105148,2651711,0,0,0
1024 x 2049 B,30,3,2647999,12960399,27105147,2648765,0,0,0
1024 x 2049 B,31,3,2652938,12974605,27105148,2654123,0,0,0
1 x 4096 B,0,1841,1945053,9516747,30330841,1945871,0,0,0
1 x 4096 B,1,1841,1948335,9522502,30330841,1948997,0,0,0
1 x 4096 B,2,1841,1948208,9532863,30330841,1948837,0,0,0
1 x 4096 B,3,1841,1961879,9520991,30330841,1955286,0,0,0
1 x 4096 B,4,1841,1949343,9516652,30330841,1948250,0,0,0
1 x 4096 B,5,1841,1954139,9517194,30330841,1947750,0,0,0
1 x 4096 B,6,1841,1943413,9512407,30330841,1943914,0,0,0
1 x 4096 B,7,1841,2008251,9509519,30330841,1945731,0,0,0
1 x 4096 B,8,1841,1944152,9517076,30330841,1944652,0,0,0
1 x 4096 B,9,1841,1943045,9513968,30330841,1943584,0,0,0
1 x 4096 B,10,1841,1944860,9521075,30330841,1945371,0,0,0
1 x 4096 B,11,1841,1940765,9507594,30330840,1941278,0,0,0
1 x 4096 B,12,1841,1944470,9514431,30330841,1944980,0,0,0
1 x 4096 B,13,1841,1944906,9522678,30330841,1945436,0,0,0
1 x 4096 B,14,1841,1943799,9517988,30330841,1944312,0,0,0
1 x 4096 B,15,1841,2315724,9508621,30330842,2312045,0,0,0
1 x 4096 B,16,1841,1943203,9512081,30330841,1943713,0,0,0
1 x 4096 B,17,1841,1944561,9520877,30330841,1945065,0,0,0
1 x 4096 B,18,1841,1941803,9513392,30330840,1942308,0,0,0
1 x 4096 B,19,1841,1942075,9509009,30330841,1942576,0,0,0
1 x 4096 B,20,1841,1943752,9513226,30330841,1944267,0,0,0
1 x 4096 B,21,1841,1943320,9514763,30330841,1943827,0,0,0
1 x 4096 B,22,1841,1944887,9523122,30330841,1945394,0,0,0
1 x 4096 B,23,1841,1942352,9510876,30330841,1942854,0,0,0
1 x 4096 B,24,1841,1945887,9521505,30330841,1946395,0,0,0
1 x 4096 B,25,1841,1944350,9514986,30330841,1944859,0,0,0
1 x 4096 B,26,1841,1943909,9518254,30330841,1944418,0,0,0
1 x 4096 B,27,1841,1943030,9511186,30330841,1943537,0,0,0
1 x 4096 B,28,1841,1944806,9517346,30330841,1945354,0,0,0
1 x 4096 B,29,1841,1943589,9516868,30330841,1944103,0,0,0
1 x 4096 B,30,1841,1943624,9516886,30330841,1944139,0,0,0
1 x 4096 B,31,1841,1944273,9519890,30330841,1944778,0,0,0
3 x 4096 B,0,631,1986559,9726587,30969215,1987078,0,0,0
3 x 4096 B,1,631,1986843,9728522,30969215,1987339,0,0,0
3 x 4096 B,2,631,1987071,9730056,30969215,1987556,0,0,0
3 x 4096 B,3,631,1987553,9726843,30969215,1988049,0,0,0
3 x 4096 B,4,631,1987307,9730513,30969215,1987819,0,0,0
3 x 4096 B,5,631,1986072,9722961,30969215,1986562,0,0,0
3 x 4096 B,6,631,1990789,9744799,30969215,1991401,0,0,0
3 x 4096 B,7,631,1993449,9742773,30969215,1994349,0,0,0
3 x 4096 B,8,631,1993591,9753844,30969215,1994291,0,0,0
3 x 4096 B,9,631,1992339,9748929,30969215,1993114,0,0,0
3 x 4096 B,10,631,1990454,9741793,30969215,1991324,0,0,0
3 x 4096 B,11,631,1998276,9744353,30969215,1996865,0,0,0
3 x 4096 B,12,631,2020979,9734772,30969215,2019841,0,0,0
3 x 4096 B,13,631,1990316,9742084,30969215,1990865,0,0,0
3 x 4096 B,14,631,1988924,9737805,30969215,1989415,0,0,0
3 x 4096 B,15,631,1989412,9735729,30969215,1989920,0,0,0
3 x 4096 B,16,631,1988201,9733673,30969215,1988692,0,0,0
3 x 4096 B,17,631,1988264,9734235,30969215,1988755,0,0,0
3 x 4096 B,18,631,1989094,9738740,30969215,1989589,0,0,0
3 x 4096 B,19,631,1987940,9727458,30969215,1988494,0,0,0
3 x 4096 B,20,631,1986807,9726979,30969215,1987307,0,0,0
3 x 4096 B,21,631,1987330,9729002,30969215,1987826,0,0,0
3 x 4096 B,22,631,1989095,9736459,30969215,1989601,0,0,0
3 x 4096 B,23,631,1987999,9731295,30969215,1988493,0,0,0
3 x 4096 B,24,631,2353488,9736577,30969215,2353983,0,0,0
3 x 4096 B,25,631,1988464,9736440,30969215,1988958,0,0,0
3 x 4096 B,26,631,2018690,9741399,30969215,2019191,0,0,0
3 x 4096 B,27,631,1988579,9734257,30969215,1989081,0,0,0
3 x 4096 B,28,631,1988015,9734612,30969215,1988503,0,0,0
3 x 4096 B,29,631,1987498,9731609,30969215,1987993,0,0,0
3 x 4096 B,30,631,1987076,9727104,30969215,1987573,0,0,0
3 x 4096 B,31,631,2017922,9740165,30969215,2018421,0,0,0
4 x 4096 B,0,493,1992344,9753555,31595257,1992917,0,0,0
4 x 4096 B,1,493,1992996,9756302,31595257,1993492,0,0,0
4 x 4096 B,2,493,1992841,9754550,31595257,1993335,0,0,0
4 x 4096 B,3,493,1991278,9750825,31595257,1991776,0,0,0
4 x 4096 B,4,493,1991997,9753437,31595257,1992490,0,0,0
4 x 4096 B,5,493,1992852,9755501,31595257,1993344,0,0,0
4 x 4096 B,6,493,1992222,9752594,31595257,1992707,0,0,0
4 x 4096 B,7,493,1991499,9751265,31595257,1991985,0,0,0
4 x 4096 B,8,493,1991904,9753249,31595257,1992389,0,0,0
4 x 4096 B,9,493,1992174,9752400,31595257,1992682,0,0,0
4 x 4096 B,10,493,1992814,9755511,31595257,1993298,0,0,0
4 x 4096 B,11,493,1991953,9752901,31595257,1992521,0,0,0
4 x 4096 B,12,493,1993161,9757255,31595257,1993701,0,0,0
4 x 4096 B,13,493,1993264,9752773,31595257,1993882,0,0,0
4 x 4096 B,14,493,1997142,9758059,31595257,1997705,0,0,0
4 x 4096 B,15,493,1994822,9761791,31595257,1995546,0,0,0
4 x 4096 B,16,493,1993377,9757593,31595257,1994240,0,0,0
4 x 4096 B,17,493,1996206,9767522,31595257,1997288,0,0,0
4 x 4096 B,18,493,2005342,9771352,31595257,2003633,0,0,0
4 x 4096 B,19,493,2026594,9759530,31595257,2021834,0,0,0
4 x 4096 B,20,493,1995995,9756567,31595257,1996570,0,0,0
4 x 4096 B,21,493,1993308,9752806,31595257,1993814,0,0,0
4 x 4096 B,22,493,1992919,9755245,31595257,1993414,0,0,0
4 x 4096 B,23,493,1992672,9750578,31595257,1993172,0,0,0
4 x 4096 B,24,493,1991828,9749406,31595257,1992327,0,0,0
4 x 4096 B,25,493,1992267,9754207,31595257,1992759,0,0,0
4 x 4096 B,26,493,1993785,9759643,31595257,1994275,0,0,0
4 x 4096 B,27,493,1993823,9755923,31595257,1994347,0,0,0
4 x 4096 B,28,493,1992590,9756371,31595257,1993090,0,0,0
4 x 4096 B,29,493,1991851,9753224,31595257,1992343,0,0,0
4 x 4096 B,30,493,1992443,9752915,31595257,1992932,0,0,0
4 x 4096 B,31,493,1992031,9750976,31595257,1992521,0,0,0
6 x 4096 B,0,280,1974149,9665881,25959446,1974683,0,0,0
6 x 4096 B,1,280,1974940,9667811,25959446,1975436,0,0,0
6 x 4096 B,2,280,1975006,9668047,25959446,1975503,0,0,0
6 x 4096 B,3,280,2002869,9671127,25959446,2003358,0,0,0
6 x 4096 B,4,280,1974590,9667777,25959446,1975086,0,0,0
6 x 4096 B,5,280,1976174,9673898,25959446,1976664,0,0,0
6 x 4096 B,6,280,1975043,9668396,25959446,1975548,0,0,0
6 x 4096 B,7,280,2003459,9671941,25959446,2003953,0,0,0
6 x 4096 B,8,280,1974623,9668300,25959446,1975116,0,0,0
6 x 4096 B,9,280,1975352,9669951,25959446,1975856,0,0,0
6 x 4096 B,10,280,1975600,9670318,25959446,1976090,0,0,0
6 x 4096 B,11,280,1974627,9668721,25959446,1975119,0,0,0
6 x 4096 B,12,280,1974584,9667964,25959446,1975078,0,0,0
6 x 4096 B,13,280,1974953,9668078,25959446,1975446,0,0,0
6 x 4096 B,14,280,1975551,9671204,25959446,1976038,0,0,0
6 x 4096 B,15,280,1972786,9664949,25959445,1973280,0,0,0
6 x 4096 B,16,280,1975006,9670197,25959446,1975493,0,0,0
6 x 4096 B,17,280,1985356,9669654,25959446,1985875,0,0,0
6 x 4096 B,18,280,1993455,9665623,25959446,1994003,0,0,0
6 x 4096 B,19,280,1974613,9666735,25959446,1975317,0,0,0
6 x 4096 B,20,280,1976656,9677182,25959446,1977541,0,0,0
6 x 4096 B,21,280,1977773,9682034,25959446,1978350,0,0,0
6 x 4096 B,22,280,1980926,9694765,25959446,1981594,0,0,0
6 x 4096 B,23,280,1980241,9680792,25959446,1980931,0,0,0
6 x 4096 B,24,280,1975996,9671424,25959446,1976625,0,0,0
6 x 4096 B,25,280,1981256,9674528,25959446,1981940,0,0,0
6 x 4096 B,26,280,1984267,9668493,25959446,1980822,0,0,0
6 x 4096 B,27,280,1981812,9664001,25959446,1976986,0,0,0
6 x 4096 B,28,280,1976156,9675280,25959446,1976652,0,0,0
6 x 4096 B,29,280,1975747,9673709,25959446,1976243,0,0,0
6 x 4096 B,30,280,2009250,9669245,25959446,2009749,0,0,0
6 x 4096 B,31,280,1974521,9668805,25959446,1975022,0,0,0
8 x 4096 B,0,342,2363888,9757992,27707155,2364434,0,0,0
8 x 4096 B,1,342,2023811,9768528,27707154,2024331,0,0,0
8 x 4096 B,2,342,1993914,9760609,27707154,1994423,0,0,0
8 x 4096 B,3,342,1994510,9765309,27707154,1994999,0,0,0
8 x 4096 B,4,342,1993637,9759125,27707154,1994128,0,0,0
8 x 4096 B,5,342,1992271,9755962,27707154,1992773,0,0,0
8 x 4096 B,6,342,1993051,9759114,27707154,1993545,0,0,0
8 x 4096 B,7,342,1991991,9754534,27707154,1992476,0,0,0
8 x 4096 B,8,342,1994536,9766281,27707154,1995064,0,0,0
8 x 4096 B,9,342,1993831,9760486,27707154,1994323,0,0,0
8 x 4096 B,10,342,1992613,9756284,27707154,1993152,0,0,0
8 x 4096 B,11,342,1992444,9755473,27707154,1992977,0,0,0
8 x 4096 B,12,342,1992557,9756793,27707154,1993053,0,0,0
8 x 4096 B,13,342,1993396,9758411,27707154,1993880,0,0,0
8 x 4096 B,14,342,1992981,9757294,27707154,1993483,0,0,0
8 x 4096 B,15,342,1991661,9752492,27707154,1992151,0,0,0
8 x 4096 B,16,342,1993823,9762997,27707154,1994314,0,0,0
8 x 4096 B,17,342,1993681,9761200,27707154,1994170,0,0,0
8 x 4096 B,18,342,1993748,9759696,27707154,1994242,0,0,0
8 x 4096 B,19,342,1992521,9757178,27707154,1993006,0,0,0
8 x 4096 B,20,342,1992941,9758895,27707154,1993431,0,0,0
8 x 4096 B,21,342,1991966,9752510,27707154,1992445,0,0,0
8 x 4096 B,22,342,1993809,9763188,27707154,1994291,0,0,0
8 x 4096 B,23,342,1992848,9755949,27707154,1993342,0,0,0
8 x 4096 B,24,342,1989966,9749675,27707153,1990462,0,0,0
8 x 4096 B,25,342,1993377,9757496,27707154,1993866,0,0,0
8 x 4096 B,26,342,1993038,9755567,27707154,1993622,0,0,0
8 x 4096 B,27,342,1993330,9758812,27707154,1993998,0,0,0
8 x 4096 B,28,342,1993137,9756486,27707154,1993926,0,0,0
8 x 4096 B,29,342,1994946,9763743,27707154,1995605,0,0,0
8 x 4096 B,30,342,1994010,9760564,27707154,1994760,0,0,0
8 x 4096 B,31,342,1994018,9759059,27707154,1994681,0,0,0
12 x 4096 B,0,199,1960621,9574708,28570796,1959884,0,0,0
12 x 4096 B,1,199,1963632,9572942,28570796,1958555,0,0,0
12 x 4096 B,2,199,1956571,9578010,28570796,1957076,0,0,0
12 x 4096 B,3,199,1963975,9569286,28570796,1957669,0,0,0
12 x 4096 B,4,199,1956087,9575615,28570796,1956579,0,0,0
12 x 4096 B,5,199,1954983,9572191,28570796,1955484,0,0,0
12 x 4096 B,6,199,1957600,9579353,28570796,1958095,0,0,0
12 x 4096 B,7,199,1955363,9575210,28570796,1955856,0,0,0
12 x 4096 B,8,199,1955473,9575003,28570796,1955994,0,0,0
12 x 4096 B,9,199,2341829,9578395,28570796,2342326,0,0,0
12 x 4096 B,10,199,1956117,9578211,28570796,1956613,0,0,0
12 x 4096 B,11,199,1955495,9576139,28570796,1955987,0,0,0
12 x 4096 B,12,199,1955924,9577619,28570796,1956433,0,0,0
12 x 4096 B,13,199,1954107,9569627,28570796,1954596,0,0,0
12 x 4096 B,14,199,1957365,9580617,28570796,1957850,0,0,0
12 x 4096 B,15,199,1954587,9571838,28570796,1955078,0,0,0
12 x 4096 B,16,199,1955534,9574936,28570796,1956062,0,0,0
12 x 4096 B,17,199,1955789,9576350,28570796,1956279,0,0,0
12 x 4096 B,18,199,1957051,9580043,28570796,1957566,0,0,0
12 x 4096 B,19,199,1954037,9569178,28570796,1954522,0,0,0
12 x 4096 B,20,199,1956550,9576983,28570796,1957039,0,0,0
12 x 4096 B,21,199,1955797,9575702,28570796,1956286,0,0,0
12 x 4096 B,22,199,1955675,9575973,28570796,1956206,0,0,0
12 x 4096 B,23,199,1954909,9569355,28570796,1955399,0,0,0
12 x 4096 B,24,199,1956370,9575976,28570796,1956871,0,0,0
12 x 4096 B,25,199,1955842,9576766,28570796,1956342,0,0,0
12 x 4096 B,26,199,1957145,9582826,28570796,1957639,0,0,0
12 x 4096 B,27,199,1954724,9571781,28570796,1955254,0,0,0
12 x 4096 B,28,199,1956397,9575366,28570796,1956894,0,0,0
12 x 4096 B,29,199,1954631,9572274,28570796,1955164,0,0,0
12 x 4096 B,30,199,1955748,9576358,28570796,1956241,0,0,0
12 x 4096 B,31,199,1954017,9568215,28570796,1954516,0,0,0
16 x 4096 B,0,169,1971994,9653373,27121317,1972501,0,0,0
16 x 4096 B,1,169,1970965,9647459,27121317,1971547,0,0,0
16 x 4096 B,2,169,1968514,9643005,27121316,1969107,0,0,0
16 x 4096 B,3,169,1975407,9658256,27121317,1976023,0,0,0
16 x 4096 B,4,169,2060860,9780198,27121318,2061402,0,0,0
16 x 4096 B,5,169,2041399,9719578,27121317,2042005,0,0,0
16 x 4096 B,6,169,2015642,9654730,27121317,2013774,0,0,0
16 x 4096 B,7,169,1979675,9671716,27121317,1980447,0,0,0
16 x 4096 B,8,169,1981140,9652517,27121317,1975890,0,0,0
16 x 4096 B,9,169,1975373,9665615,27121317,1975958,0,0,0
16 x 4096 B,10,169,1972436,9661551,27121316,1972995,0,0,0
16 x 4096 B,11,169,1976205,9660055,27121317,1976753,0,0,0
16 x 4096 B,12,169,1973278,9655205,27121317,1973805,0,0,0
16 x 4096 B,13,169,1977083,9660694,27121317,1977596,0,0,0
16 x 4096 B,14,169,1973586,9661469,27121317,1974162,0,0,0
16 x 4096 B,15,169,1976711,9659120,27121317,1977335,0,0,0
16 x 4096 B,16,169,1977180,9663140,27121317,1977900,0,0,0
16 x 4096 B,17,169,1976178,9670006,27121317,1976817,0,0,0
16 x 4096 B,18,169,1972289,9656562,27121317,1972810,0,0,0
16 x 4096 B,19,169,1975108,9655882,27121317,1975852,0,0,0
16 x 4096 B,20,169,1982725,9676777,27121317,1983556,0,0,0
16 x 4096 B,21,169,1994949,9654484,27121317,1993337,0,0,0
16 x 4096 B,22,169,2012251,9651867,27121317,2008165,0,0,0
16 x 4096 B,23,169,1976732,9653688,27121317,1977278,0,0,0
16 x 4096 B,24,169,1973046,9655565,27121317,1973556,0,0,0
16 x 4096 B,25,169,1975189,9656033,27121317,1975701,0,0,0
16 x 4096 B,26,169,1972402,9656840,27121317,1972910,0,0,0
16 x 4096 B,27,169,1973034,9659932,27121317,1973530,0,0,0
16 x 4096 B,28,169,1972483,9654713,27121317,1972977,0,0,0
16 x 4096 B,29,169,1972213,9653989,27121317,1972702,0,0,0
16 x 4096 B,30,169,1974343,9662101,27121317,1974861,0,0,0
16 x 4096 B,31,169,1972533,9658739,27121317,1973046,0,0,0
24 x 4096 B,0,113,1982975,9707079,27265119,1983527,0,0,0
24 x 4096 B,1,113,1989449,9698265,27265119,1983205,0,0,0
24 x 4096 B,2,113,1981672,9703393,27265119,1982173,0,0,0
24 x 4096 B,3,113,1981537,9698184,27265119,1982058,0,0,0
24 x 4096 B,4,113,1981673,9700584,27265119,1982203,0,0,0
24 x 4096 B,5,113,1981203,9700260,27265119,1981713,0,0,0
24 x 4096 B,6,113,1981419,9701915,27265119,1981912,0,0,0
24 x 4096 B,7,113,1982632,9702195,27265119,1983131,0,0,0
24 x 4096 B,8,113,1981625,9697993,27265119,1982144,0,0,0
24 x 4096 B,9,113,1982141,9703635,27265119,1982770,0,0,0
24 x 4096 B,10,113,1987688,9703967,27265119,1988222,0,0,0
24 x 4096 B,11,113,2006020,9707441,27265119,2006709,0,0,0
24 x 4096 B,12,113,1990106,9705883,27265119,1990776,0,0,0
24 x 4096 B,13,113,1999884,9706066,27265119,2000511,0,0,0
24 x 4096 B,14,113,2002278,9709807,27265119,2003039,0,0,0
24 x 4096 B,15,113,1989781,9697662,27265119,1988284,0,0,0
24 x 4096 B,16,113,2000773,9699572,27265119,1999469,0,0,0
24 x 4096 B,17,113,1982996,9694720,27265119,1983521,0,0,0
24 x 4096 B,18,113,1981458,9699033,27265119,1981960,0,0,0
24 x 4096 B,19,113,1981915,9701109,27265119,1982411,0,0,0
24 x 4096 B,20,113,1980999,9698881,27265119,1981536,0,0,0
24 x 4096 B,21,113,1983059,9706109,27265119,1983577,0,0,0
24 x 4096 B,22,113,1996333,9699639,27265119,1996893,0,0,0
24 x 4096 B,23,113,1986435,9703833,27265119,1986930,0,0,0
24 x 4096 B,24,113,1985770,9696752,27265119,1986267,0,0,0
24 x 4096 B,25,113,1983929,9699627,27265119,1984419,0,0,0
24 x 4096 B,26,113,1982033,9705071,27265119,1982524,0,0,0
24 x 4096 B,27,113,2362162,9702647,27265119,2362667,0,0,0
24 x 4096 B,28,113,1981758,9703340,27265119,1982282,0,0,0
24 x 4096 B,29,113,1981223,9699301,27265119,1981731,0,0,0
24 x 4096 B,30,113,1980969,9698941,27265119,1981472,0,0,0
24 x 4096 B,31,113,1980835,9696144,27265119,1981328,0,0,0
64 x 4096 B,0,43,2005205,9816383,27575406,2005767,0,0,0
64 x 4096 B,1,43,2004801,9816798,27575406,2005295,0,0,0
64 x 4096 B,2,43,2003917,9810382,27575406,2004448,0,0,0
64 x 4096 B,3,43,2003917,9812329,27575406,2004449,0,0,0
64 x 4096 B,4,43,2003772,9808717,27575406,2004269,0,0,0
64 x 4096 B,5,43,2005130,9817402,27575406,2005635,0,0,0
64 x 4096 B,6,43,2005197,9817199,27575406,2005731,0,0,0
64 x 4096 B,7,43,2003524,9810596,27575406,2004009,0,0,0
64 x 4096 B,8,43,2005254,9815625,27575406,2005756,0,0,0
64 x 4096 B,9,43,2004559,9815495,27575406,2005057,0,0,0
64 x 4096 B,10,43,2005365,9816570,27575406,2005866,0,0,0
64 x 4096 B,11,43,2004576,9815430,27575406,2005068,0,0,0
64 x 4096 B,12,43,2006462,9810027,27575406,2006959,0,0,0
64 x 4096 B,13,43,2005302,9815826,27575406,2005807,0,0,0
64 x 4096 B,14,43,2026214,9817220,27575406,2026706,0,0,0
64 x 4096 B,15,43,2047055,9814280,27575406,2047558,0,0,0
64 x 4096 B,16,43,2049790,9824835,27575406,2050472,0,0,0
64 x 4096 B,17,43,2047160,9830317,27575407,2047766,0,0,0
64 x 4096 B,18,43,2008631,9828580,27575406,2009414,0,0,0
64 x 4096 B,19,43,2008062,9815897,27575406,2008718,0,0,0
64 x 4096 B,20,43,2022975,9817055,27575406,2020931,0,0,0
64 x 4096 B,21,43,2014575,9828086,27575406,2013698,0,0,0
64 x 4096 B,22,43,2027342,9818685,27575406,2027858,0,0,0
64 x 4096 B,23,43,2008728,9816138,27575406,2009238,0,0,0
64 x 4096 B,24,43,2009296,9808713,27575406,2009800,0,0,0
64 x 4096 B,25,43,2007999,9812608,27575406,2008495,0,0,0
64 x 4096 B,26,43,2007412,9817163,27575406,2007900,0,0,0
64 x 4096 B,27,43,2404841,9815242,27575406,2405385,0,0,0
64 x 4096 B,28,43,2006922,9809409,27575406,2007433,0,0,0
64 x 4096 B,29,43,2003332,9809861,27575406,2003849,0,0,0
64 x 4096 B,30,43,2007575,9812344,27575406,2008087,0,0,0
64 x 4096 B,31,43,2004885,9816938,27575406,2005399,0,0,0
128 x 4096 B,0,22,2062919,10091262,28212023,2063514,0,0,0
128 x 4096 B,1,22,2062184,10096585,28212022,2062789,0,0,0
128 x 4096 B,2,22,2062357,10098859,28212022,2062912,0,0,0
128 x 4096 B,3,22,2062326,10093319,28212022,2062886,0,0,0
128 x 4096 B,4,22,2061748,10092486,28212022,2062279,0,0,0
128 x 4096 B,5,22,2064832,10097463,28212022,2065367,0,0,0
128 x 4096 B,6,22,2061437,10093084,28212022,2061968,0,0,0
128 x 4096 B,7,22,2062219,10094969,28212022,2062754,0,0,0
128 x 4096 B,8,22,2061936,10093878,28212022,2062468,0,0,0
128 x 4096 B,9,22,2062021,10095955,28212022,2062559,0,0,0
128 x 4096 B,10,22,2061072,10091497,28212022,2061597,0,0,0
128 x 4096 B,11,22,2061519,10091394,28212022,2062046,0,0,0
128 x 4096 B,12,22,2061738,10091851,28212022,2062269,0,0,0
128 x 4096 B,13,22,2060934,10090466,28212022,2061483,0,0,0
128 x 4096 B,14,22,2061652,10092408,28212022,2062185,0,0,0
128 x 4096 B,15,22,2060968,10088258,28212022,2061503,0,0,0
128 x 4096 B,16,22,2063915,10097007,28212023,2064436,0,0,0
128 x 4096 B,17,22,2061861,10095786,28212022,2062404,0,0,0
128 x 4096 B,18,22,2061033,10089245,28212022,2061596,0,0,0
128 x 4096 B,19,22,2061149,10092238,28212022,2061687,0,0,0
128 x 4096 B,20,22,2073846,10089337,28212022,2074384,0,0,0
128 x 4096 B,21,22,2104266,10089495,28212022,2104815,0,0,0
128 x 4096 B,22,22,2107674,10104906,28212022,2108435,0,0,0
128 x 4096 B,23,22,2098051,10105254,28212022,2098906,0,0,0
128 x 4096 B,24,22,2065743,10103758,28212022,2066465,0,0,0
128 x 4096 B,25,22,2073876,10101795,28212022,2074528,0,0,0
128 x 4096 B,26,22,2093330,10103637,28212022,2094277,0,0,0
128 x 4096 B,27,22,2073616,10091543,28212022,2071052,0,0,0
128 x 4096 B,28,22,2069224,10084990,28212022,2063672,0,0,0
128 x 4096 B,29,22,2084223,10096881,28212023,2078794,0,0,0
128 x 4096 B,30,22,2066869,10091530,28212022,2067563,0,0,0
128 x 4096 B,31,22,2066128,10088639,28212022,2067092,0,0,0
129 x 4096 B,0,21,2031008,9944161,27548229,2031665,0,0,0
129 x 4096 B,1,21,2409934,9949268,27548229,2410549,0,0,0
129 x 4096 B,2,21,2033073,9947148,27548230,2033698,0,0,0
129 x 4096 B,3,21,2031937,9948591,27548229,2032741,0,0,0
129 x 4096 B,4,21,2032959,9949992,27548229,2033522,0,0,0
129 x 4096 B,5,21,2031393,9943481,27548229,2031957,0,0,0
129 x 4096 B,6,21,2031237,9944740,27548229,2031806,0,0,0
129 x 4096 B,7,21,2032172,9949539,27548229,2032746,0,0,0
129 x 4096 B,8,21,2033760,9944720,27548229,2034334,0,0,0
129 x 4096 B,9,21,2031697,9945268,27548229,2032229,0,0,0
129 x 4096 B,10,21,2035238,9950166,27548229,2035766,0,0,0
129 x 4096 B,11,21,2031831,9945213,27548229,2032431,0,0,0
129 x 4096 B,12,21,2032071,9945263,27548229,2032627,0,0,0
129 x 4096 B,13,21,2032827,9949977,27548229,2033355,0,0,0
129 x 4096 B,14,21,2031832,9947393,27548229,2032367,0,0,0
129 x 4096 B,15,21,2032260,9949714,27548229,2032785,0,0,0
129 x 4096 B,16,21,2032678,9949907,27548229,2033221,0,0,0
129 x 4096 B,17,21,2031545,9944510,27548229,2032068,0,0,0
129 x 4096 B,18,21,2032389,9949415,27548229,2032920,0,0,0
129 x 4096 B,19,21,2032142,9950052,27548229,2032673,0,0,0
129 x 4096 B,20,21,2032045,9945023,27548229,2032580,0,0,0
129 x 4096 B,21,21,2031737,9944440,27548229,2032265,0,0,0
129 x 4096 B,22,21,2031467,9946070,27548229,2031994,0,0,0
129 x 4096 B,23,21,2032403,9951367,27548229,2032968,0,0,0
129 x 4096 B,24,21,2031414,9943446,27548229,2031953,0,0,0
129 x 4096 B,25,21,2035263,9946353,27548229,2035791,0,0,0
129 x 4096 B,26,21,2068836,9946002,27548229,2069366,0,0,0
129 x 4096 B,27,21,2074171,9946365,27548229,2074975,0,0,0
129 x 4096 B,28,21,2087426,9946247,27548230,2080284,0,0,0
129 x 4096 B,29,21,2047867,9960086,27548229,2048765,0,0,0
129 x 4096 B,30,21,2035777,9955227,27548229,2036472,0,0,0
129 x 4096 B,31,21,2049359,9952016,27548229,2050236,0,0,0
1024 x 4096 B,0,3,2267058,11091330,30772266,2268279,0,0,0
1024 x 4096 B,1,3,2270856,11088384,30772267,2271746,0,0,0
1024 x 4096 B,2,3,2271965,11085528,30772266,2272698,0,0,0
1024 x 4096 B,3,3,2269762,11086242,30772266,2270448,0,0,0
1024 x 4096 B,4,3,2271126,11091584,30772266,2271832,0,0,0
1024 x 4096 B,5,3,2275400,11096982,30772267,2276102,0,0,0
1024 x 4096 B,6,3,2658803,11090911,30772266,2659519,0,0,0
1024 x 4096 B,7,3,2269728,11099511,30772267,2270432,0,0,0
1024 x 4096 B,8,3,2265569,11087248,30772266,2266287,0,0,0
1024 x 4096 B,9,3,2265888,11090901,30772266,2266608,0,0,0
1024 x 4096 B,10,3,2266519,11090876,30772266,2267192,0,0,0
1024 x 4096 B,11,3,2268907,11096644,30772267,2269644,0,0,0
1024 x 4096 B,12,3,2265915,11091002,30772266,2266629,0,0,0
1024 x 4096 B,13,3,2265647,11090654,30772266,2266349,0,0,0
1024 x 4096 B,14,3,2269276,11097020,30772267,2269962,0,0,0
1024 x 4096 B,15,3,2265867,11088603,30772266,2266566,0,0,0
1024 x 4096 B,16,3,2300907,11101935,30772266,2301725,0,0,0
1024 x 4096 B,17,3,2266419,11090777,30772266,2267163,0,0,0
1024 x 4096 B,18,3,2270002,11100337,30772267,2270701,0,0,0
1024 x 4096 B,19,3,2265206,11087166,30772266,2265984,0,0,0
1024 x 4096 B,20,3,2266831,11094645,30772266,2267538,0,0,0
1024 x 4096 B,21,3,2265946,11088943,30772266,2266644,0,0,0
1024 x 4096 B,22,3,2281403,11086435,30772267,2275358,0,0,0
1024 x 4096 B,23,3,2265417,11087942,30772266,2266143,0,0,0
1024 x 4096 B,24,3,2266044,11088667,30772266,2266737,0,0,0
1024 x 4096 B,25,3,2270190,11100913,30772267,2270911,0,0,0
1024 x 4096 B,26,3,2266030,11091230,30772266,2266770,0,0,0
1024 x 4096 B,27,3,2294142,11088773,30772266,2294964,0,0,0
1024 x 4096 B,28,3,2312376,11081592,30772266,2313331,0,0,0
1024 x 4096 B,29,3,2330217,11157504,30772267,2331111,0,0,0
1024 x 4096 B,30,3,2291973,11150156,30772266,2293080,0,0,0
1024 x 4096 B,31,3,2287074,11173770,30772266,2288431,0,0,0
