round,position,contender,size_bytes,iterations,wall_ns,p_cycles,p_instructions,p_time_ns,e_cycles,e_instructions,e_time_ns,use_case,duo_ns,copy0_ns,copy0_p_cycles,copy0_p_instructions,copy0_p_time_ns,copy0_e_cycles,copy0_e_instructions,copy0_e_time_ns,copy1_ns,copy1_p_cycles,copy1_p_instructions,copy1_p_time_ns,copy1_e_cycles,copy1_e_instructions,copy1_e_time_ns,scenario
0,0,sha256,64,15970,1030794,4894043,9934490,1031507,0,0,0,ContinuousMessages,1067136,1054784,4918559,9936004,1055614,0,0,0,1067136,4921903,9936005,1061511,0,0,0,solo and shared
0,1,blake3-servil-mt,64,2048,136756,551845,706209,138427,0,0,0,ContinuousMessages,417276,417276,928827,1097075,299275,0,0,0,357020,756827,1089445,321489,0,0,0,solo and shared
0,2,sha256,1024,2049,971829,4723101,6543607,973213,0,0,0,ContinuousMessages,967454,966311,4720496,6548445,967615,0,0,0,967454,4727864,6548311,968767,0,0,0,solo and shared
0,3,blake3-servil-mt,1024,3886,418744,1740743,1820619,417331,0,0,0,ContinuousMessages,1000022,1000022,2480479,2241762,955829,0,0,0,964231,2311396,2288191,943388,0,0,0,solo and shared
0,4,sha256,16384,142,994661,4857189,6030754,996194,0,0,0,ContinuousMessages,1006233,1003891,4860861,6031406,1005347,0,0,0,1006233,4876827,6031431,1007640,0,0,0,solo and shared
0,5,blake3-servil-mt,16384,250,394405,1171040,304586,392149,0,0,0,ContinuousMessages,987759,987759,2606432,347991,962262,0,0,0,981263,2712440,353563,952321,0,0,0,solo and shared
0,6,sha256,65536,33,950352,4589558,5558812,951042,0,0,0,ContinuousMessages,977441,977441,4595195,5559486,978978,0,0,0,971099,4593181,5559582,971725,0,0,0,solo and shared
0,7,blake3-servil-mt,65536,90,314075,1145751,110095,300986,0,0,0,ContinuousMessages,654656,654656,1557244,131725,648294,0,0,0,648002,1568412,131308,636120,0,0,0,solo and shared
0,8,sha256,1048576,2,951195,4574011,5379420,952107,0,0,0,ContinuousMessages,1024587,982875,4616863,5380215,984395,0,0,0,1024587,4795299,5380306,1026154,0,0,0,solo and shared
0,9,blake3-servil-mt,1048576,17,900011,3473398,295417,891365,0,0,0,ContinuousMessages,1216018,1216018,4553159,314646,1192344,0,0,0,1210294,4571036,313732,1178502,0,0,0,solo and shared
0,15,sha256,64,15608,982837,4792702,9771757,985802,0,0,0,LentMessages,985081,985081,4815567,9771757,986354,0,0,0,982110,4799325,9771757,983418,0,0,0,solo and shared
0,16,blake3-servil-st,64,21592,974526,4756881,15590573,975788,0,0,0,LentMessages,1005727,1005727,4782728,15590573,1006991,0,0,0,981760,4797637,15590573,983057,0,0,0,solo and shared
0,17,blake3-servil-mt,64,22339,1003203,4898358,16196924,1004496,0,0,0,LentMessages,1067209,1002607,4902688,16196924,1003896,0,0,0,1067209,4909213,16196925,1009678,0,0,0,solo and shared
0,18,sha256,1024,2121,981668,4882846,6781986,982976,0,0,0,LentMessages,1001018,1000154,4881216,6786228,1001458,0,0,0,1001018,4889020,6786228,1002269,0,0,0,solo and shared
0,19,blake3-servil-st,1024,1356,983946,4906612,10885761,984524,0,0,0,LentMessages,1006092,1004643,4897752,10888473,1005937,0,0,0,1006092,4903151,10888473,1007375,0,0,0,solo and shared
0,20,blake3-servil-mt,1024,1346,996717,4872800,10809529,997325,0,0,0,LentMessages,1026960,997732,4858491,10812221,999046,0,0,0,1026960,4867898,10812221,1028245,0,0,0,solo and shared
0,21,sha256,16384,143,1002474,4898224,6073787,1003154,0,0,0,LentMessages,1002818,1002818,4899840,6073787,1003463,0,0,0,1002785,4889393,6073799,1004046,0,0,0,solo and shared
0,22,blake3-servil-st,16384,324,1012831,4921882,13636041,1013464,0,0,0,LentMessages,1026906,1026906,4917044,13636041,1028243,0,0,0,1011667,4933632,13636053,1012995,0,0,0,solo and shared
0,23,blake3-servil-mt,16384,318,986663,4820636,13384497,988018,0,0,0,LentMessages,995345,989842,4823334,13384497,991197,0,0,0,995345,4850954,13384509,996653,0,0,0,solo and shared
0,24,sha256,65536,35,994963,4861482,5895779,996374,0,0,0,LentMessages,999128,999128,4863945,5895779,1000576,0,0,0,998166,4862448,5895779,999577,0,0,0,solo and shared
0,25,blake3-servil-st,65536,76,981192,4762983,12563417,981845,0,0,0,LentMessages,983595,979271,4757567,12563418,980655,0,0,0,983595,4776371,12563418,985020,0,0,0,solo and shared
0,26,blake3-servil-mt,65536,78,999397,4886063,12894237,1000792,0,0,0,LentMessages,1135137,999947,4879732,12894237,1001317,0,0,0,1135137,5234126,12894238,1083374,0,0,0,solo and shared
0,27,sha256,1048576,2,1039249,5077012,5376065,1040876,0,0,0,LentMessages,1321315,1321315,4983873,5376964,1320085,0,0,0,1258610,5030519,5376964,1254076,0,0,0,solo and shared
0,28,blake3-servil-st,1048576,4,913315,4331804,10519121,914919,0,0,0,LentMessages,914794,902366,4370608,10519123,903993,0,0,0,914794,4436343,10519123,916427,0,0,0,solo and shared
0,29,blake3-servil-mt,1048576,9,830225,3888807,4570239,831087,0,0,0,LentMessages,930838,930838,4302822,4269191,932771,0,0,0,929137,4325412,4373245,931229,0,0,0,solo and shared
1,0,blake3-servil-mt,1024,3886,457272,1886235,1772651,451062,0,0,0,ContinuousMessages,615965,615965,2444674,1790774,601536,0,0,0,613948,2556951,1773886,597002,0,0,0,solo and shared
1,1,sha256,1024,2049,990562,4730933,6543607,991819,0,0,0,ContinuousMessages,990403,989325,4723374,6547705,991582,0,0,0,990403,4730513,6547705,992409,0,0,0,solo and shared
1,2,blake3-servil-mt,16384,250,412043,1154799,298591,409896,0,0,0,ContinuousMessages,816699,798988,2829906,314162,788976,0,0,0,816699,3005209,314595,815056,0,0,0,solo and shared
1,3,sha256,16384,142,1032610,4926095,6030754,1034869,0,0,0,ContinuousMessages,1050909,1050909,4994780,6030754,1052910,0,0,0,1024351,4864896,6030766,1026350,0,0,0,solo and shared
1,4,blake3-servil-mt,65536,90,378171,1350867,110047,370822,0,0,0,ContinuousMessages,498144,496144,1830635,114973,478126,0,0,0,498144,1839077,114474,480372,0,0,0,solo and shared
1,5,sha256,65536,33,946686,4616384,5558812,947615,0,0,0,ContinuousMessages,946756,946756,4605921,5558812,948235,0,0,0,942891,4602648,5558812,944274,0,0,0,solo and shared
1,6,blake3-servil-mt,1048576,17,1017784,3928695,289353,1007068,0,0,0,ContinuousMessages,1021427,1010011,4286568,291208,967493,0,0,0,1021427,4375133,289892,986800,0,0,0,solo and shared
1,7,sha256,1048576,2,926538,4516047,5379420,928060,0,0,0,ContinuousMessages,953530,953530,4515886,5379420,955048,0,0,0,919930,4492077,5379420,921376,0,0,0,solo and shared
1,12,blake3-servil-st,64,21592,977569,4773525,15590573,978933,0,0,0,LentMessages,982822,974920,4767885,15590573,976233,0,0,0,982822,4801983,15590573,984137,0,0,0,solo and shared
1,13,blake3-servil-mt,64,22339,1003664,4902797,16196924,1004977,0,0,0,LentMessages,1008623,1008623,4929961,16196924,1010009,0,0,0,1003432,4904251,16196924,1004752,0,0,0,solo and shared
1,14,sha256,64,15608,981366,4793627,9771757,982790,0,0,0,LentMessages,984492,984492,4809228,9771757,985879,0,0,0,982090,4796613,9771757,983401,0,0,0,solo and shared
1,15,blake3-servil-st,1024,1356,1041152,5028902,10885761,1042637,0,0,0,LentMessages,1005293,1001284,4899846,10888473,1001890,0,0,0,1005293,4908896,10888473,1006640,0,0,0,solo and shared
1,16,blake3-servil-mt,1024,1346,998708,4876399,10809529,1000034,0,0,0,LentMessages,1006998,1006998,4866527,10812221,1008452,0,0,0,995321,4861123,10812221,996646,0,0,0,solo and shared
1,17,sha256,1024,2121,999641,4884535,6781986,1000973,0,0,0,LentMessages,1070978,1021243,4981133,6786229,1022628,0,0,0,1070978,4892287,6786230,1008930,0,0,0,solo and shared
1,18,blake3-servil-st,16384,324,1006294,4914212,13636041,1007786,0,0,0,LentMessages,1011631,1008538,4929017,13636041,1009987,0,0,0,1011631,4943307,13636053,1012932,0,0,0,solo and shared
1,19,blake3-servil-mt,16384,318,1008720,4820483,13384497,1009337,0,0,0,LentMessages,1014383,1014383,4830887,13384497,1015020,0,0,0,992437,4851719,13384509,993764,0,0,0,solo and shared
1,20,sha256,16384,143,999734,4886038,6073787,1001065,0,0,0,LentMessages,1002345,1002345,4893721,6073787,1003842,0,0,0,1000056,4887800,6073799,1001381,0,0,0,solo and shared
1,21,blake3-servil-st,65536,76,975990,4766073,12563417,977429,0,0,0,LentMessages,973484,972415,4758720,12563417,973079,0,0,0,973484,4759128,12563417,974818,0,0,0,solo and shared
1,22,blake3-servil-mt,65536,78,1050062,4911038,12894238,1011751,0,0,0,LentMessages,1005455,1005455,4892549,12894237,1006874,0,0,0,1005053,4892944,12894237,1006452,0,0,0,solo and shared
1,23,sha256,65536,35,977179,4852964,5895779,978520,0,0,0,LentMessages,994162,994162,4854873,5895779,995648,0,0,0,993883,4849889,5895779,995234,0,0,0,solo and shared
1,24,blake3-servil-st,1048576,4,919890,4543949,10519121,921386,0,0,0,LentMessages,1021922,1021922,4986657,10519121,1023515,0,0,0,1010543,4925818,10519121,1012155,0,0,0,solo and shared
1,25,blake3-servil-mt,1048576,9,799287,3724286,4361720,800932,0,0,0,LentMessages,836191,836132,3812097,3852186,832645,0,0,0,836191,3902487,3893920,837941,0,0,0,solo and shared
1,26,sha256,1048576,2,983067,4608583,5376065,984696,0,0,0,LentMessages,984593,979113,4593465,5376065,979914,0,0,0,984593,4617917,5376065,985506,0,0,0,solo and shared
1,18,blake3-servil-mt,64,2048,111203,518802,706343,111836,0,0,0,ContinuousMessages,217346,215710,763670,865996,200221,0,0,0,217346,646340,847510,185328,0,0,0,solo and shared
1,19,sha256,64,15970,1011036,4913471,9934490,1011639,0,0,0,ContinuousMessages,1009563,1007495,4899223,9934490,1008763,0,0,0,1009563,4905889,9934490,1010156,0,0,0,solo and shared
2,0,sha256,16384,142,1042592,4872832,6030755,1003370,0,0,0,ContinuousMessages,997290,997290,4866653,6030754,998586,0,0,0,995524,4866057,6030766,996910,0,0,0,solo and shared
2,1,blake3-servil-mt,16384,250,286327,1149065,302818,284218,0,0,0,ContinuousMessages,462021,462021,2020338,307583,452808,0,0,0,459649,2096541,301438,457962,0,0,0,solo and shared
2,2,sha256,65536,33,958602,4578003,5558812,959964,0,0,0,ContinuousMessages,957377,955581,4573787,5558812,956933,0,0,0,957377,4578980,5558812,958001,0,0,0,solo and shared
2,3,blake3-servil-mt,65536,90,272976,1164929,109867,264032,0,0,0,ContinuousMessages,387429,387429,1159090,117686,324139,0,0,0,382912,1240759,116690,305564,0,0,0,solo and shared
2,4,sha256,1048576,2,934282,4500207,5379420,935196,0,0,0,ContinuousMessages,951899,919838,4485407,5379420,921228,0,0,0,951899,4521770,5379420,953391,0,0,0,solo and shared
2,5,blake3-servil-mt,1048576,17,789357,3456150,289405,770595,0,0,0,ContinuousMessages,1002474,1002474,4069926,293077,925982,0,0,0,1001322,4230189,289492,946808,0,0,0,solo and shared
2,9,blake3-servil-mt,64,22339,1004520,4898567,16196924,1006016,0,0,0,LentMessages,1009462,1004673,4904477,16196924,1005945,0,0,0,1009462,4929606,16196924,1010868,0,0,0,solo and shared
2,10,sha256,64,15608,981669,4796410,9771757,982993,0,0,0,LentMessages,984179,983781,4806052,9771757,985034,0,0,0,984179,4811049,9771757,985513,0,0,0,solo and shared
2,11,blake3-servil-st,64,21592,978958,4783123,15590573,980254,0,0,0,LentMessages,981894,977229,4774401,15590573,978473,0,0,0,981894,4798337,15590573,983297,0,0,0,solo and shared
2,12,blake3-servil-mt,1024,1346,997433,4875716,10809529,998738,0,0,0,LentMessages,998175,993146,4852421,10812221,994414,0,0,0,998175,4875575,10812221,999596,0,0,0,solo and shared
2,13,sha256,1024,2121,1011343,4884687,6781986,1012621,0,0,0,LentMessages,1026802,998613,4879855,6786228,999860,0,0,0,1026802,4892263,6786228,1018908,0,0,0,solo and shared
2,14,blake3-servil-st,1024,1356,1036477,4914662,10885762,999667,0,0,0,LentMessages,1005204,1002437,4896661,10888473,1003689,0,0,0,1005204,4911064,10888473,1006650,0,0,0,solo and shared
2,15,blake3-servil-mt,16384,318,986893,4822105,13384497,988254,0,0,0,LentMessages,997416,997416,4824915,13384497,998012,0,0,0,996001,4865210,13384509,997433,0,0,0,solo and shared
2,16,sha256,16384,143,984648,4889497,6073787,986037,0,0,0,LentMessages,1002756,1002756,4898199,6073787,1004169,0,0,0,1002144,4898163,6073799,1003609,0,0,0,solo and shared
2,17,blake3-servil-st,16384,324,1017793,4929553,13636041,1019232,0,0,0,LentMessages,1153228,1153228,5633336,13636041,1154500,0,0,0,1038439,4965365,13636053,1039912,0,0,0,solo and shared
2,18,blake3-servil-mt,65536,78,1002103,4899600,12894237,1003498,0,0,0,LentMessages,1004893,1001746,4889128,12894237,1003160,0,0,0,1004893,4904990,12894237,1006386,0,0,0,solo and shared
2,19,sha256,65536,35,993987,4856881,5895779,995415,0,0,0,LentMessages,994331,992925,4848998,5895779,994329,0,0,0,994331,4858221,5895779,995786,0,0,0,solo and shared
2,20,blake3-servil-st,65536,76,976974,4775170,12563417,978436,0,0,0,LentMessages,981701,978054,4763794,12563417,979535,0,0,0,981701,4779895,12563417,983190,0,0,0,solo and shared
2,21,blake3-servil-mt,1048576,9,1003940,4668250,4537059,1006016,0,0,0,LentMessages,987044,911186,4240862,3788070,913323,0,0,0,987044,4477772,3723466,982201,0,0,0,solo and shared
2,22,sha256,1048576,2,990018,4640522,5376065,991955,0,0,0,LentMessages,990104,987787,4632716,5376065,988954,0,0,0,990104,4638949,5376065,992154,0,0,0,solo and shared
2,23,blake3-servil-st,1048576,4,960986,4525983,10519121,962050,0,0,0,LentMessages,986356,986356,4460564,10519122,967399,0,0,0,941811,4526098,10519121,943814,0,0,0,solo and shared
2,16,sha256,64,15970,1003855,4901495,9934490,1005368,0,0,0,ContinuousMessages,1047923,1033720,4914312,9934490,1057720,0,0,0,1047923,4909868,9934490,1074946,0,0,0,solo and shared
2,17,blake3-servil-mt,64,2048,354645,627944,904990,356261,0,0,0,ContinuousMessages,189889,189889,578705,708484,145968,0,0,0,174662,667407,717200,161486,0,0,0,solo and shared
2,18,sha256,1024,2049,989091,4722913,6543607,990443,0,0,0,ContinuousMessages,987114,985870,4718627,6547705,986485,0,0,0,987114,4728818,6547705,987691,0,0,0,solo and shared
2,19,blake3-servil-mt,1024,3886,359274,1670366,1771860,352708,0,0,0,ContinuousMessages,511121,448752,2057001,1774705,443584,0,0,0,511121,1843121,1773763,401898,0,0,0,solo and shared
3,0,blake3-servil-mt,65536,90,289562,1249961,110036,278694,0,0,0,ContinuousMessages,364512,364512,1336064,110463,324435,0,0,0,360760,1364902,110401,324037,0,0,0,solo and shared
3,1,sha256,65536,33,947712,4583715,5558812,948352,0,0,0,ContinuousMessages,956893,956752,4581033,5558812,958092,0,0,0,956893,4584241,5558812,957497,0,0,0,solo and shared
3,2,blake3-servil-mt,1048576,17,818501,3622283,289269,810293,0,0,0,ContinuousMessages,1027391,1014810,4196219,292240,962056,0,0,0,1027391,4399324,291006,982741,0,0,0,solo and shared
3,3,sha256,1048576,2,981102,4522518,5379421,934654,0,0,0,ContinuousMessages,919131,916011,4477686,5379420,917467,0,0,0,919131,4491679,5379420,920634,0,0,0,solo and shared
3,6,blake3-servil-mt,64,22339,1005721,4906130,16196924,1006458,0,0,0,LentMessages,1006622,1005332,4905460,16196924,1006216,0,0,0,1006622,4916491,16196924,1007208,0,0,0,solo and shared
3,7,blake3-servil-st,64,21592,975381,4769075,15590573,975987,0,0,0,LentMessages,982771,976907,4777649,15590573,977766,0,0,0,982771,4801871,15590573,984090,0,0,0,solo and shared
3,8,sha256,64,15608,989244,4805823,9771758,989942,0,0,0,LentMessages,981652,981652,4801285,9771757,982547,0,0,0,981349,4797357,9771757,982691,0,0,0,solo and shared
3,9,blake3-servil-mt,1024,1346,995598,4874445,10809529,996190,0,0,0,LentMessages,1010535,992997,4858310,10812221,993904,0,0,0,1010535,4875059,10812222,1005674,0,0,0,solo and shared
3,10,blake3-servil-st,1024,1356,1004154,4909765,10885761,1005457,0,0,0,LentMessages,1002941,1002941,4897723,10888473,1004361,0,0,0,1002146,4901622,10888473,1002728,0,0,0,solo and shared
3,11,sha256,1024,2121,998980,4885980,6781986,999849,0,0,0,LentMessages,998663,997302,4879045,6786228,998190,0,0,0,998663,4885267,6786228,999262,0,0,0,solo and shared
3,12,blake3-servil-mt,16384,318,993357,4828257,13384497,994001,0,0,0,LentMessages,1012433,985691,4824948,13384497,986543,0,0,0,1012433,4853785,13384509,1013020,0,0,0,solo and shared
3,13,blake3-servil-st,16384,324,1015883,4971763,13636041,1016537,0,0,0,LentMessages,1006732,1001909,4903918,13636041,1002746,0,0,0,1006732,4927690,13636053,1007378,0,0,0,solo and shared
3,14,sha256,16384,143,1000114,4894780,6073787,1000733,0,0,0,LentMessages,1001960,1001960,4900010,6073787,1002916,0,0,0,999873,4893274,6073799,1000499,0,0,0,solo and shared
3,15,blake3-servil-mt,65536,78,1009162,4897079,12894237,1010431,0,0,0,LentMessages,1015849,995561,4872406,12894237,996409,0,0,0,1015849,4885278,12894237,1016457,0,0,0,solo and shared
3,16,blake3-servil-st,65536,76,970084,4749458,12563417,970686,0,0,0,LentMessages,969928,969928,4746472,12563417,970840,0,0,0,969629,4744495,12563417,970182,0,0,0,solo and shared
3,17,sha256,65536,35,990713,4851421,5895779,991342,0,0,0,LentMessages,989869,989869,4843856,5895779,990859,0,0,0,989297,4842348,5895779,989889,0,0,0,solo and shared
3,18,blake3-servil-mt,1048576,9,911898,4190973,4805359,912805,0,0,0,LentMessages,842150,841724,3883205,3852699,838298,0,0,0,842150,3934708,3940983,843927,0,0,0,solo and shared
3,19,blake3-servil-st,1048576,4,913745,4283656,10519121,914764,0,0,0,LentMessages,941786,915109,4286649,10519121,915986,0,0,0,941786,4366083,10519122,937595,0,0,0,solo and shared
3,20,sha256,1048576,2,974630,4570312,5376065,975392,0,0,0,LentMessages,974479,968775,4576859,5376065,969550,0,0,0,974479,4601297,5376065,975294,0,0,0,solo and shared
3,14,blake3-servil-mt,64,2048,146958,441056,721875,144345,0,0,0,ContinuousMessages,292753,292059,586473,802348,216768,0,0,0,292753,825492,824468,249712,0,0,0,solo and shared
3,15,sha256,64,15970,1025628,4891347,9934491,1027009,0,0,0,ContinuousMessages,1032718,1032155,4916875,9934490,1032780,0,0,0,1032718,4918871,9934490,1034024,0,0,0,solo and shared
3,16,blake3-servil-mt,1024,3886,387754,1731882,1816724,380707,0,0,0,ContinuousMessages,493215,448417,1816326,1852443,435209,0,0,0,493215,1747826,1825527,420861,0,0,0,solo and shared
3,17,sha256,1024,2049,986121,4722238,6543607,987481,0,0,0,ContinuousMessages,988654,986091,4718265,6547705,986710,0,0,0,988654,4725017,6547705,989956,0,0,0,solo and shared
3,18,blake3-servil-mt,16384,250,430455,1218219,298532,428379,0,0,0,ContinuousMessages,786769,786769,3073235,314491,785145,0,0,0,782865,2907456,313417,780444,0,0,0,solo and shared
3,19,sha256,16384,142,994261,4853852,6030754,995673,0,0,0,ContinuousMessages,996212,993331,4853551,6030754,994645,0,0,0,996212,4868291,6030766,997511,0,0,0,solo and shared
4,0,sha256,1048576,2,927120,4527644,5379420,928571,0,0,0,ContinuousMessages,933649,917130,4481386,5379420,918518,0,0,0,933649,4534621,5379420,935096,0,0,0,solo and shared
4,1,blake3-servil-mt,1048576,17,1057663,3637401,290722,1035911,0,0,0,ContinuousMessages,1215261,1208104,4631880,300284,1168496,0,0,0,1215261,4739863,301163,1205067,0,0,0,solo and shared
4,3,sha256,64,15608,983849,4809517,9771757,985156,0,0,0,LentMessages,983017,980479,4796034,9771757,981702,0,0,0,983017,4804514,9771757,984325,0,0,0,solo and shared
4,4,blake3-servil-mt,64,22339,987305,4901159,16196924,988654,0,0,0,LentMessages,1032569,1003337,4903043,16196924,1004584,0,0,0,1032569,4909305,16196924,1033866,0,0,0,solo and shared
4,5,blake3-servil-st,64,21592,962112,4776280,15590573,963419,0,0,0,LentMessages,983902,976484,4766680,15590573,977738,0,0,0,983902,4803099,15590573,985185,0,0,0,solo and shared
4,6,sha256,1024,2121,981712,4883941,6781986,983065,0,0,0,LentMessages,1005378,1005378,4881166,6786228,1006624,0,0,0,1000698,4888471,6786228,1002055,0,0,0,solo and shared
4,7,blake3-servil-mt,1024,1346,989669,4874386,10809529,991017,0,0,0,LentMessages,996408,994177,4859205,10812221,995419,0,0,0,996408,4868015,10812221,997682,0,0,0,solo and shared
4,8,blake3-servil-st,1024,1356,1004245,4905967,10885761,1005541,0,0,0,LentMessages,1004338,1000988,4888667,10888473,1002253,0,0,0,1004338,4904765,10888473,1005653,0,0,0,solo and shared
4,9,sha256,16384,143,1002837,4901840,6073787,1004153,0,0,0,LentMessages,1007741,1006914,4912871,6073787,1007701,0,0,0,1007741,4915792,6073799,1008451,0,0,0,solo and shared
4,10,blake3-servil-mt,16384,318,996374,4828231,13384497,997180,0,0,0,LentMessages,1012780,1012780,4823787,13384497,1014201,0,0,0,1000251,4852123,13384509,1001650,0,0,0,solo and shared
4,11,blake3-servil-st,16384,324,1315750,6512650,13636041,1318258,0,0,0,LentMessages,1019938,1012381,4941314,13636041,1014056,0,0,0,1019938,4978559,13636053,1021447,0,0,0,solo and shared
4,12,sha256,65536,35,1054532,5183987,5895779,1055939,0,0,0,LentMessages,998280,997470,4865178,5895779,998898,0,0,0,998280,4870203,5895779,999796,0,0,0,solo and shared
4,13,blake3-servil-mt,65536,78,1010419,4935661,12894237,1012112,0,0,0,LentMessages,1128370,1128370,4918800,12894239,1015657,0,0,0,1072621,5221675,12894238,1074737,0,0,0,solo and shared
4,14,blake3-servil-st,65536,76,1009723,4782952,12563417,1011308,0,0,0,LentMessages,974859,972835,4756205,12563417,974539,0,0,0,974859,4763878,12563417,976314,0,0,0,solo and shared
4,15,sha256,1048576,2,988486,4895543,5376065,989337,0,0,0,LentMessages,1031005,1023380,5001576,5376065,1024816,0,0,0,1031005,5038647,5376065,1032476,0,0,0,solo and shared
4,16,blake3-servil-mt,1048576,9,866089,4019323,4450853,867010,0,0,0,LentMessages,833659,830188,3821653,3922326,831896,0,0,0,833659,3812804,3809999,830239,0,0,0,solo and shared
4,17,blake3-servil-st,1048576,4,922349,4322236,10519121,923268,0,0,0,LentMessages,930464,930464,4332635,10519121,931390,0,0,0,929748,4350841,10519121,930996,0,0,0,solo and shared
4,12,sha256,64,15970,1043858,4893544,9934490,1044550,0,0,0,ContinuousMessages,1028255,1027715,4902188,9934490,1028398,0,0,0,1028255,4903704,9934490,1029175,0,0,0,solo and shared
4,13,blake3-servil-mt,64,2048,107986,438690,705058,108646,0,0,0,ContinuousMessages,192368,190706,656834,710909,172849,0,0,0,192368,689491,708313,184380,0,0,0,solo and shared
4,14,sha256,1024,2049,972123,4726592,6543607,973548,0,0,0,ContinuousMessages,970508,968369,4716284,6547705,969619,0,0,0,970508,4724301,6547705,971778,0,0,0,solo and shared
4,15,blake3-servil-mt,1024,3886,407982,1629985,1801205,403846,0,0,0,ContinuousMessages,551096,551096,1936698,1773976,462239,0,0,0,485114,1991114,1778606,471932,0,0,0,solo and shared
4,16,sha256,16384,142,995400,4854323,6030754,996731,0,0,0,ContinuousMessages,1371593,994334,4858624,6030754,994946,0,0,0,1371593,4858748,6030766,1372171,0,0,0,solo and shared
4,17,blake3-servil-mt,16384,250,445008,1165497,299041,443179,0,0,0,ContinuousMessages,755609,752450,2772054,311921,750088,0,0,0,755609,2949200,313992,753906,0,0,0,solo and shared
4,18,sha256,65536,33,936983,4581691,5558811,937772,0,0,0,ContinuousMessages,935864,935864,4578716,5558811,937207,0,0,0,935629,4577880,5558811,936987,0,0,0,solo and shared
4,19,blake3-servil-mt,65536,90,349426,1250630,109900,337457,0,0,0,ContinuousMessages,555928,555928,1727503,115392,429185,0,0,0,555027,1570599,111923,445900,0,0,0,solo and shared
5,0,blake3-servil-st,64,21592,999687,4776874,15590573,1000965,0,0,0,LentMessages,1025298,1022532,4785555,15590574,1023826,0,0,0,1025298,4794494,15590574,1026643,0,0,0,solo and shared
5,1,sha256,64,15608,1001773,4792084,9771757,1002376,0,0,0,LentMessages,1026377,1026377,4809544,9771757,1027698,0,0,0,1023284,4793405,9771757,1024604,0,0,0,solo and shared
5,2,blake3-servil-mt,64,22339,1026675,4905448,16196924,1028010,0,0,0,LentMessages,1062631,1062631,4903918,16196924,1064110,0,0,0,1046769,4903661,16196924,1048132,0,0,0,solo and shared
5,3,blake3-servil-st,1024,1356,1025538,4902997,10885761,1026952,0,0,0,LentMessages,1029377,1029377,4895228,10888473,1030684,0,0,0,1029231,4905564,10888473,1030586,0,0,0,solo and shared
5,4,sha256,1024,2121,1047796,4884172,6781986,1049160,0,0,0,LentMessages,1031844,1030970,4880619,6786228,1032255,0,0,0,1031844,4888669,6786228,1033179,0,0,0,solo and shared
5,5,blake3-servil-mt,1024,1346,1021509,4875262,10809529,1022895,0,0,0,LentMessages,1049218,1017641,4852069,10812221,1018909,0,0,0,1049218,4868475,10812221,1050580,0,0,0,solo and shared
5,6,blake3-servil-st,16384,324,1048081,4921962,13636042,1042917,0,0,0,LentMessages,1074486,1074486,4917189,13636041,1075857,0,0,0,1052044,4935817,13636053,1052665,0,0,0,solo and shared
5,7,sha256,16384,143,1023881,4884138,6073788,1024515,0,0,0,LentMessages,1042432,1041993,4886531,6073787,1043306,0,0,0,1042432,4890155,6073799,1043790,0,0,0,solo and shared
5,8,blake3-servil-mt,16384,318,1006029,4815615,13384497,1006653,0,0,0,LentMessages,1025738,1010963,4818407,13384497,1012279,0,0,0,1025738,4853070,13384509,1027082,0,0,0,solo and shared
5,9,blake3-servil-st,65536,76,993957,4756389,12563417,994573,0,0,0,LentMessages,1010495,1010495,4758849,12563417,1011114,0,0,0,995127,4751207,12563417,996503,0,0,0,solo and shared
5,10,sha256,65536,35,1011864,4852911,5895779,1012466,0,0,0,LentMessages,1030419,1029198,4847970,5895779,1030546,0,0,0,1030419,4850038,5895779,1031837,0,0,0,solo and shared
5,11,blake3-servil-mt,65536,78,1010467,4881681,12894237,1011083,0,0,0,LentMessages,1023045,1022189,4875654,12894237,1023569,0,0,0,1023045,4877800,12894237,1024461,0,0,0,solo and shared
5,12,blake3-servil-st,1048576,4,930227,4482762,10519121,931090,0,0,0,LentMessages,980374,980374,4500905,10519121,981881,0,0,0,964669,4577256,10519121,966245,0,0,0,solo and shared
5,13,sha256,1048576,2,953730,4590468,5376065,954528,0,0,0,LentMessages,965849,964652,4600146,5376065,966120,0,0,0,965849,4605568,5376065,967345,0,0,0,solo and shared
5,14,blake3-servil-mt,1048576,9,798431,3716677,4389530,799327,0,0,0,LentMessages,812993,811616,3775818,3936562,813229,0,0,0,812993,3764153,3706520,810072,0,0,0,solo and shared
5,10,blake3-servil-mt,64,2048,160811,668245,705059,163740,0,0,0,ContinuousMessages,147177,138357,591375,707358,139063,0,0,0,147177,494272,706642,130907,0,0,0,solo and shared
5,11,sha256,64,15970,1047425,4914106,9934490,1048164,0,0,0,ContinuousMessages,1040669,1040669,4916198,9934490,1042285,0,0,0,1038091,4902577,9934490,1038732,0,0,0,solo and shared
5,12,blake3-servil-mt,1024,3886,386030,1626695,1772989,384321,0,0,0,ContinuousMessages,514294,455985,1827857,1774801,430460,0,0,0,514294,1777879,1780131,448076,0,0,0,solo and shared
5,13,sha256,1024,2049,977148,4719681,6543607,977786,0,0,0,ContinuousMessages,981371,979611,4716300,6547705,980882,0,0,0,981371,4724154,6547705,982688,0,0,0,solo and shared
5,14,blake3-servil-mt,16384,250,394951,1206004,298599,393503,0,0,0,ContinuousMessages,817287,811482,2891113,310352,804643,0,0,0,817287,3184491,316855,815539,0,0,0,solo and shared
5,15,sha256,16384,142,996628,4860698,6030754,997996,0,0,0,ContinuousMessages,994040,993573,4854015,6030754,994878,0,0,0,994040,4854466,6030766,995338,0,0,0,solo and shared
5,16,blake3-servil-mt,65536,90,344734,1117576,110421,336818,0,0,0,ContinuousMessages,397812,397812,1360829,113157,346747,0,0,0,396627,1314604,112595,345426,0,0,0,solo and shared
5,17,sha256,65536,33,943022,4585207,5558812,944356,0,0,0,ContinuousMessages,948371,948371,4587432,5558813,944605,0,0,0,938207,4577227,5558812,939532,0,0,0,solo and shared
5,18,blake3-servil-mt,1048576,17,817951,3630966,289384,803930,0,0,0,ContinuousMessages,1029783,1029342,4021635,292341,932385,0,0,0,1029783,4125408,292278,958826,0,0,0,solo and shared
5,19,sha256,1048576,2,923172,4493486,5379420,924092,0,0,0,ContinuousMessages,937857,937857,4500474,5379420,939288,0,0,0,931357,4501981,5379420,932805,0,0,0,solo and shared
6,0,sha256,1024,2121,1002005,4886943,6781986,1003279,0,0,0,LentMessages,1018324,1001734,4881194,6786228,1003011,0,0,0,1018324,4888223,6786228,1019852,0,0,0,solo and shared
6,1,blake3-servil-st,1024,1356,1004694,4908991,10885761,1006008,0,0,0,LentMessages,1004301,1000872,4887452,10888473,1002141,0,0,0,1004301,4903449,10888473,1005590,0,0,0,solo and shared
6,2,blake3-servil-mt,1024,1346,997054,4871530,10809529,998409,0,0,0,LentMessages,999745,995771,4857539,10812221,997140,0,0,0,999745,4872929,10812221,1001096,0,0,0,solo and shared
6,3,sha256,16384,143,1004097,4905184,6073787,1005554,0,0,0,LentMessages,1540184,1540184,7262702,6073789,1496967,0,0,0,1486425,7247412,6073800,1488083,0,0,0,solo and shared
6,4,blake3-servil-st,16384,324,1014799,4930113,13636041,1016309,0,0,0,LentMessages,1014600,1006509,4907538,13636041,1007831,0,0,0,1014600,4943645,13636053,1015962,0,0,0,solo and shared
6,5,blake3-servil-mt,16384,318,1026232,4881070,13384498,1021944,0,0,0,LentMessages,1056001,994005,4847090,13384497,995455,0,0,0,1056001,5151746,13384509,1058020,0,0,0,solo and shared
6,6,sha256,65536,35,1021904,4986000,5895779,1023777,0,0,0,LentMessages,1029537,1029537,4985204,5895780,1024113,0,0,0,998546,4883457,5895779,999384,0,0,0,solo and shared
6,7,blake3-servil-st,65536,76,979160,4775025,12563417,980614,0,0,0,LentMessages,1007072,1007072,4757001,12563417,1008407,0,0,0,973516,4754177,12563417,974930,0,0,0,solo and shared
6,8,blake3-servil-mt,65536,78,1001622,4891489,12894237,1002988,0,0,0,LentMessages,1000907,994203,4866224,12894237,994842,0,0,0,1000907,4889452,12894237,1002254,0,0,0,solo and shared
6,9,sha256,1048576,2,1032030,5043619,5376065,1033571,0,0,0,LentMessages,1058412,1055285,5149719,5376065,1056810,0,0,0,1058412,5164623,5376065,1059960,0,0,0,solo and shared
6,10,blake3-servil-st,1048576,4,931289,4438085,10519121,932110,0,0,0,LentMessages,893873,893873,4309760,10519121,894674,0,0,0,886361,4316869,10519121,887915,0,0,0,solo and shared
6,11,blake3-servil-mt,1048576,9,1079592,5063004,7925079,1081202,0,0,0,LentMessages,837016,837016,3893746,4230419,838729,0,0,0,836750,3856411,3891142,833651,0,0,0,solo and shared
6,8,sha256,64,15970,1044126,4901897,9934490,1045518,0,0,0,ContinuousMessages,1049412,1049412,4920859,9934490,1050042,0,0,0,1044336,4896857,9934490,1044965,0,0,0,solo and shared
6,9,blake3-servil-mt,64,2048,120117,550980,705000,120897,0,0,0,ContinuousMessages,124430,124430,579933,704866,125469,0,0,0,122588,510247,710911,115745,0,0,0,solo and shared
6,10,sha256,1024,2049,1082898,4731600,6543608,992554,0,0,0,ContinuousMessages,981495,979719,4715094,6547705,981019,0,0,0,981495,4724366,6547705,982811,0,0,0,solo and shared
6,11,blake3-servil-mt,1024,3886,394634,1771202,1773577,383322,0,0,0,ContinuousMessages,464228,464228,1999625,1775576,442987,0,0,0,459366,2037900,1772770,449313,0,0,0,solo and shared
6,12,sha256,16384,142,1017685,4865982,6030754,1018418,0,0,0,ContinuousMessages,1013928,1012695,4851513,6030754,1013346,0,0,0,1013928,4853734,6030766,1015263,0,0,0,solo and shared
6,13,blake3-servil-mt,16384,250,269389,1059288,298045,266952,0,0,0,ContinuousMessages,443964,443964,2007245,302589,442673,0,0,0,437857,1856932,302802,409925,0,0,0,solo and shared
6,14,sha256,65536,33,943168,4595654,5558812,944604,0,0,0,ContinuousMessages,939204,939204,4579144,5558812,940569,0,0,0,939090,4580115,5558812,940459,0,0,0,solo and shared
6,15,blake3-servil-mt,65536,90,302398,1218242,110327,295386,0,0,0,ContinuousMessages,400863,395225,1418254,111386,344014,0,0,0,400863,1449687,111411,353273,0,0,0,solo and shared
6,16,sha256,1048576,2,935473,4552101,5379420,937028,0,0,0,ContinuousMessages,940289,939992,4519497,5379420,941442,0,0,0,940289,4551854,5379420,941745,0,0,0,solo and shared
6,17,blake3-servil-mt,1048576,17,822578,3508119,289792,780960,0,0,0,ContinuousMessages,1006862,1002959,4002779,292182,931017,0,0,0,1006862,4120955,290355,933994,0,0,0,solo and shared
6,27,sha256,64,15608,993786,4822292,9771757,994646,0,0,0,LentMessages,984744,984744,4815614,9771757,985990,0,0,0,980817,4796902,9771757,982091,0,0,0,solo and shared
6,28,blake3-servil-st,64,21592,975504,4766239,15590573,976911,0,0,0,LentMessages,980435,975678,4769738,15590573,976934,0,0,0,980435,4790428,15590573,981732,0,0,0,solo and shared
6,29,blake3-servil-mt,64,22339,1008127,4925389,16196924,1009613,0,0,0,LentMessages,1003492,1003036,4904045,16196924,1004289,0,0,0,1003492,4904498,16196924,1004805,0,0,0,solo and shared
7,0,blake3-servil-st,16384,324,1029029,4936265,13636041,1030420,0,0,0,LentMessages,1015107,1006569,4921492,13636041,1007871,0,0,0,1015107,4943377,13636053,1016430,0,0,0,solo and shared
7,1,blake3-servil-mt,16384,318,1019211,4837763,13384498,979154,0,0,0,LentMessages,992409,985962,4822179,13384497,987416,0,0,0,992409,4848111,13384509,993753,0,0,0,solo and shared
7,2,sha256,16384,143,979775,4884564,6073787,980507,0,0,0,LentMessages,1000861,998880,4885896,6073787,999748,0,0,0,1000861,4887781,6073799,1002178,0,0,0,solo and shared
7,3,blake3-servil-st,65536,76,973262,4761225,12563417,973907,0,0,0,LentMessages,971201,970021,4746919,12563417,970849,0,0,0,971201,4752911,12563417,971858,0,0,0,solo and shared
7,4,blake3-servil-mt,65536,78,997579,4879782,12894237,998215,0,0,0,LentMessages,998771,994798,4868202,12894237,995668,0,0,0,998771,4878766,12894237,1000129,0,0,0,solo and shared
7,5,sha256,65536,35,973325,4850164,5895779,974011,0,0,0,LentMessages,993201,991359,4846323,5895779,992247,0,0,0,993201,4849677,5895779,994582,0,0,0,solo and shared
7,6,blake3-servil-st,1048576,4,877365,4381318,10519120,878113,0,0,0,LentMessages,905085,904541,4434301,10519120,905661,0,0,0,905085,4437253,10519120,906619,0,0,0,solo and shared
7,7,blake3-servil-mt,1048576,9,768802,3611314,4197302,769828,0,0,0,LentMessages,880654,880654,4052577,3915417,874090,0,0,0,880410,4103248,3975543,882329,0,0,0,solo and shared
7,8,sha256,1048576,2,1006512,4590960,5376065,1008256,0,0,0,LentMessages,982866,980112,4600021,5376065,980927,0,0,0,982866,4612810,5376065,983713,0,0,0,solo and shared
7,6,blake3-servil-mt,64,2048,92204,425929,707069,92883,0,0,0,ContinuousMessages,122036,114927,529946,706301,115642,0,0,0,122036,517448,706062,123678,0,0,0,solo and shared
7,7,sha256,64,15970,1025610,4906142,9934490,1026942,0,0,0,ContinuousMessages,1034000,1034000,4923556,9934491,1035294,0,0,0,1033041,4919465,9934491,1034368,0,0,0,solo and shared
7,8,blake3-servil-mt,1024,3886,367492,1666393,1772816,355384,0,0,0,ContinuousMessages,418332,415991,1721768,1806652,408856,0,0,0,418332,1719977,1792338,410988,0,0,0,solo and shared
7,9,sha256,1024,2049,970629,4728402,6543607,971924,0,0,0,ContinuousMessages,986545,985849,4716705,6547705,987135,0,0,0,986545,4723859,6547705,987862,0,0,0,solo and shared
7,10,blake3-servil-mt,16384,250,301765,1348459,298165,297040,0,0,0,ContinuousMessages,416658,416658,1804649,306329,414570,0,0,0,413463,1782701,311501,411730,0,0,0,solo and shared
7,11,sha256,16384,142,996084,4853621,6030754,997465,0,0,0,ContinuousMessages,995096,993269,4852940,6030754,994531,0,0,0,995096,4859607,6030766,996409,0,0,0,solo and shared
7,12,blake3-servil-mt,65536,90,329968,1334221,115405,312534,0,0,0,ContinuousMessages,400055,400055,1192969,111639,313062,0,0,0,397262,1205281,111407,300249,0,0,0,solo and shared
7,13,sha256,65536,33,941539,4581504,5558812,942876,0,0,0,ContinuousMessages,938667,938241,4580026,5558812,939572,0,0,0,938667,4579601,5558812,940042,0,0,0,solo and shared
7,14,blake3-servil-mt,1048576,17,814034,3645118,289639,796978,0,0,0,ContinuousMessages,1021950,1015452,4022675,291196,937648,0,0,0,1021950,4211643,291203,954784,0,0,0,solo and shared
7,15,sha256,1048576,2,919681,4499393,5379420,921161,0,0,0,ContinuousMessages,930901,918815,4490632,5379420,920203,0,0,0,930901,4490631,5379420,932648,0,0,0,solo and shared
7,24,blake3-servil-st,64,21592,966631,4790379,15590573,967400,0,0,0,LentMessages,981043,981043,4791868,15590573,982289,0,0,0,980459,4799113,15590573,981288,0,0,0,solo and shared
7,25,blake3-servil-mt,64,22339,1005069,4904630,16196924,1005767,0,0,0,LentMessages,1003089,1003089,4902492,16196924,1004359,0,0,0,1002962,4909367,16196924,1003823,0,0,0,solo and shared
7,26,sha256,64,15608,979578,4797225,9771757,980178,0,0,0,LentMessages,984672,984348,4808811,9771757,985734,0,0,0,984672,4815153,9771757,985762,0,0,0,solo and shared
7,27,blake3-servil-st,1024,1356,1003339,4910386,10885761,1004567,0,0,0,LentMessages,1003417,1002003,4899273,10888473,1003315,0,0,0,1003417,4910286,10888473,1004456,0,0,0,solo and shared
7,28,blake3-servil-mt,1024,1346,995045,4871973,10809529,995889,0,0,0,LentMessages,996435,994069,4855097,10812221,995338,0,0,0,996435,4872045,10812221,997737,0,0,0,solo and shared
7,29,sha256,1024,2121,1001665,4895462,6781986,1002601,0,0,0,LentMessages,998740,997396,4878829,6786228,998290,0,0,0,998740,4887650,6786228,999667,0,0,0,solo and shared
8,0,blake3-servil-mt,65536,78,1026888,4964347,12894237,1028036,0,0,0,LentMessages,1043245,1033165,5050631,12894237,1035169,0,0,0,1043245,5103508,12894237,1044124,0,0,0,solo and shared
8,1,sha256,65536,35,1008176,4928653,5895779,1009171,0,0,0,LentMessages,1017482,995242,4855638,5895779,996677,0,0,0,1017482,4969710,5895779,1018349,0,0,0,solo and shared
8,2,blake3-servil-st,65536,76,977385,4770096,12563417,978026,0,0,0,LentMessages,997759,997759,4759094,12563417,999063,0,0,0,968684,4740758,12563417,969580,0,0,0,solo and shared
8,3,blake3-servil-mt,1048576,9,1022519,4783316,6052380,1024078,0,0,0,LentMessages,900598,900598,4201164,3808823,902221,0,0,0,900346,4205613,3874076,901988,0,0,0,solo and shared
8,4,sha256,1048576,2,985320,4624608,5376065,986889,0,0,0,LentMessages,983309,981185,4601089,5376065,981999,0,0,0,983309,4609208,5376065,984194,0,0,0,solo and shared
8,5,blake3-servil-st,1048576,4,933211,4293021,10519121,934034,0,0,0,LentMessages,908222,903361,4303729,10519121,904225,0,0,0,908222,4339215,10519121,909150,0,0,0,solo and shared
8,4,sha256,64,15970,1011886,4900760,9934490,1013238,0,0,0,ContinuousMessages,1005507,1005507,4915046,9934490,1006764,0,0,0,1002395,4896207,9934490,1003705,0,0,0,solo and shared
8,5,blake3-servil-mt,64,2048,121044,524178,705901,119513,0,0,0,ContinuousMessages,246341,246341,603886,712309,155891,0,0,0,182108,596380,711303,152453,0,0,0,solo and shared
8,6,sha256,1024,2049,987598,4723825,6543607,988967,0,0,0,ContinuousMessages,1010016,1007560,4715876,6547705,1008840,0,0,0,1010016,4724529,6547705,1011351,0,0,0,solo and shared
8,7,blake3-servil-mt,1024,3886,395119,1692176,1772604,386612,0,0,0,ContinuousMessages,476245,469507,1994181,1774076,457553,0,0,0,476245,2106203,1773788,461064,0,0,0,solo and shared
8,8,sha256,16384,142,996381,4853413,6030754,997528,0,0,0,ContinuousMessages,996039,991723,4854326,6030754,992594,0,0,0,996039,4868868,6030766,997363,0,0,0,solo and shared
8,9,blake3-servil-mt,16384,250,272445,1242052,298243,269546,0,0,0,ContinuousMessages,435672,435672,1976103,300804,434598,0,0,0,426542,1825966,300323,424656,0,0,0,solo and shared
8,10,sha256,65536,33,937580,4579257,5558812,938409,0,0,0,ContinuousMessages,953458,953458,4654188,5558812,954868,0,0,0,941730,4598232,5558812,943104,0,0,0,solo and shared
8,11,blake3-servil-mt,65536,90,327384,1371276,109886,318756,0,0,0,ContinuousMessages,397892,397892,1453260,110871,351301,0,0,0,395768,1423234,111278,339036,0,0,0,solo and shared
8,12,sha256,1048576,2,949485,4600762,5379420,950977,0,0,0,ContinuousMessages,966735,950195,4547649,5379420,951656,0,0,0,966735,4623790,5379420,968233,0,0,0,solo and shared
8,13,blake3-servil-mt,1048576,17,783477,3531527,289060,768610,0,0,0,ContinuousMessages,1003393,995464,4069023,291556,932530,0,0,0,1003393,4174540,292386,952436,0,0,0,solo and shared
8,21,blake3-servil-mt,64,22339,1007337,4899543,16196924,1008278,0,0,0,LentMessages,1063192,1002909,4892137,16196924,1004130,0,0,0,1063192,4911072,16196925,1011650,0,0,0,solo and shared
8,22,sha256,64,15608,984745,4811821,9771757,986095,0,0,0,LentMessages,981045,980371,4793312,9771757,981593,0,0,0,981045,4797624,9771757,982306,0,0,0,solo and shared
8,23,blake3-servil-st,64,21592,973770,4760826,15590574,974363,0,0,0,LentMessages,984828,972884,4741007,15590573,974171,0,0,0,984828,4796678,15590573,986093,0,0,0,solo and shared
8,24,blake3-servil-mt,1024,1346,997605,4876243,10809529,998993,0,0,0,LentMessages,996950,992535,4848944,10812221,993752,0,0,0,996950,4870857,10812221,998209,0,0,0,solo and shared
8,25,sha256,1024,2121,999367,4883147,6781986,1000697,0,0,0,LentMessages,1025516,1001271,4880506,6786228,1002523,0,0,0,1025516,4888222,6786228,1026826,0,0,0,solo and shared
8,26,blake3-servil-st,1024,1356,1003892,4905414,10885761,1005232,0,0,0,LentMessages,1005221,1003343,4897722,10888473,1004572,0,0,0,1005221,4904933,10888473,1006475,0,0,0,solo and shared
8,27,blake3-servil-mt,16384,318,1015685,4826559,13384497,1017041,0,0,0,LentMessages,1008478,1008478,4824937,13384497,1009086,0,0,0,992256,4846512,13384509,993561,0,0,0,solo and shared
8,28,sha256,16384,143,999901,4885726,6073787,1001290,0,0,0,LentMessages,1001385,1000285,4886388,6073787,1001576,0,0,0,1001385,4898279,6073799,1001958,0,0,0,solo and shared
8,29,blake3-servil-st,16384,324,1062493,4919550,13636042,1013064,0,0,0,LentMessages,1029760,1007339,4923610,13636041,1008851,0,0,0,1029760,4941670,13636053,1031059,0,0,0,solo and shared
9,0,blake3-servil-mt,1048576,9,919540,4229535,4884936,921216,0,0,0,LentMessages,834477,834477,3843143,3808590,830586,0,0,0,833355,3896709,3871449,835081,0,0,0,solo and shared
9,1,blake3-servil-st,1048576,4,937523,4350639,10519122,934013,0,0,0,LentMessages,931689,914473,4286488,10519121,915301,0,0,0,931689,4366307,10519121,932777,0,0,0,solo and shared
9,2,sha256,1048576,2,977259,4593729,5376065,978217,0,0,0,LentMessages,983200,983200,4582799,5376065,984667,0,0,0,967731,4606154,5376065,968882,0,0,0,solo and shared
9,2,blake3-servil-mt,64,2048,122918,460639,705894,104930,0,0,0,ContinuousMessages,169076,167435,655409,709304,152316,0,0,0,169076,585076,716630,142330,0,0,0,solo and shared
9,3,sha256,64,15970,1049878,5016975,9934490,1050662,0,0,0,ContinuousMessages,1026786,1024357,4899376,9934490,1025617,0,0,0,1026786,4914541,9934490,1027646,0,0,0,solo and shared
9,4,blake3-servil-mt,1024,3886,357405,1658185,1772049,355700,0,0,0,ContinuousMessages,410823,410823,1787721,1773700,395853,0,0,0,409512,1747020,1773940,391718,0,0,0,solo and shared
9,5,sha256,1024,2049,969088,4722252,6543607,970421,0,0,0,ContinuousMessages,966742,964777,4716677,6547705,966037,0,0,0,966742,4724932,6547705,968045,0,0,0,solo and shared
9,6,blake3-servil-mt,16384,250,266847,1165902,297111,265040,0,0,0,ContinuousMessages,448941,448941,2029421,301470,447321,0,0,0,448482,2034627,302389,447338,0,0,0,solo and shared
9,7,sha256,16384,142,993912,4852752,6030754,995358,0,0,0,ContinuousMessages,995674,995674,4862286,6030754,996926,0,0,0,993775,4855389,6030766,995088,0,0,0,solo and shared
9,8,blake3-servil-mt,65536,90,309694,1104024,110481,262848,0,0,0,ContinuousMessages,386775,384454,1195273,110968,291938,0,0,0,386775,1207485,111155,296657,0,0,0,solo and shared
9,9,sha256,65536,33,943892,4582459,5558812,945338,0,0,0,ContinuousMessages,940158,937752,4573807,5558812,938402,0,0,0,940158,4583381,5558812,941530,0,0,0,solo and shared
9,10,blake3-servil-mt,1048576,17,793436,3613210,289291,784759,0,0,0,ContinuousMessages,969375,950788,3950561,291816,894105,0,0,0,969375,4041446,289545,926609,0,0,0,solo and shared
9,11,sha256,1048576,2,983717,4491780,5379421,925900,0,0,0,ContinuousMessages,944961,944961,4481045,5379419,946408,0,0,0,914275,4471782,5379419,914975,0,0,0,solo and shared
9,18,blake3-servil-mt,64,22339,1004601,4905043,16196924,1005887,0,0,0,LentMessages,1078090,1078090,4913826,16196925,1013932,0,0,0,1004451,4903286,16196924,1005734,0,0,0,solo and shared
9,19,blake3-servil-st,64,21592,976334,4747481,15590573,977822,0,0,0,LentMessages,1001884,1001884,4817083,15590573,1003189,0,0,0,1000091,4804782,15590573,1001511,0,0,0,solo and shared
9,20,sha256,64,15608,980421,4791570,9771757,981740,0,0,0,LentMessages,985734,985734,4801338,9771757,987001,0,0,0,984510,4799011,9771757,986250,0,0,0,solo and shared
9,21,blake3-servil-mt,1024,1346,998534,4874312,10809529,1000046,0,0,0,LentMessages,998299,995784,4858463,10812221,997169,0,0,0,998299,4870673,10812221,999832,0,0,0,solo and shared
9,22,blake3-servil-st,1024,1356,1002977,4902309,10885761,1004329,0,0,0,LentMessages,1007840,1007840,4894920,10888473,1009135,0,0,0,1002708,4899164,10888473,1004049,0,0,0,solo and shared
9,23,sha256,1024,2121,985058,4899034,6781986,986529,0,0,0,LentMessages,1002767,1002062,4882408,6786228,1003584,0,0,0,1002767,4890524,6786228,1004182,0,0,0,solo and shared
9,24,blake3-servil-mt,16384,318,1015852,4832462,13384497,1017448,0,0,0,LentMessages,1001386,987927,4823960,13384497,989361,0,0,0,1001386,4860701,13384509,1002039,0,0,0,solo and shared
9,25,blake3-servil-st,16384,324,1012592,4950334,13636041,1014155,0,0,0,LentMessages,1020069,1015827,4967295,13636041,1016581,0,0,0,1020069,4989539,13636053,1021088,0,0,0,solo and shared
9,26,sha256,16384,143,1039844,5053730,6073788,1041548,0,0,0,LentMessages,1020753,1008634,4928053,6073787,1009633,0,0,0,1020753,4931204,6073800,1015062,0,0,0,solo and shared
9,27,blake3-servil-mt,65536,78,1008468,4930133,12894237,1010145,0,0,0,LentMessages,1033901,1007710,4899137,12894237,1009125,0,0,0,1033901,4910637,12894237,1035250,0,0,0,solo and shared
9,28,blake3-servil-st,65536,76,970350,4757030,12563416,971796,0,0,0,LentMessages,990651,990651,4754525,12563417,992167,0,0,0,976923,4741696,12563421,977569,0,0,0,solo and shared
9,29,sha256,65536,35,1005847,4859853,5895780,1000154,0,0,0,LentMessages,1352235,1288352,6296359,5895779,1290067,0,0,0,1352235,6312655,5895781,1301723,0,0,0,solo and shared
10,0,sha256,64,15970,996426,4913286,9934490,997715,0,0,0,ContinuousMessages,1005029,1005029,4911274,9934490,1006319,0,0,0,1002284,4900787,9934490,1003621,0,0,0,solo and shared
10,1,blake3-servil-mt,64,2048,137629,530807,711470,126931,0,0,0,ContinuousMessages,251419,247860,587116,714790,186970,0,0,0,251419,738471,729854,207669,0,0,0,solo and shared
10,2,sha256,1024,2049,967010,4725608,6543607,968449,0,0,0,ContinuousMessages,968341,965289,4718096,6547705,965852,0,0,0,968341,4725170,6547705,969661,0,0,0,solo and shared
10,3,blake3-servil-mt,1024,3886,390521,1733394,1772184,374364,0,0,0,ContinuousMessages,497415,491291,2157682,1772846,475518,0,0,0,497415,2184402,1778165,482108,0,0,0,solo and shared
10,4,sha256,16384,142,978087,4853480,6030754,979335,0,0,0,ContinuousMessages,993178,993121,4854456,6030754,994413,0,0,0,993178,4854605,6030766,994492,0,0,0,solo and shared
10,5,blake3-servil-mt,16384,250,272627,1212301,297114,270610,0,0,0,ContinuousMessages,429002,423563,1934995,301807,422204,0,0,0,429002,1943680,301255,427487,0,0,0,solo and shared
10,6,sha256,65536,33,943673,4587537,5558812,945676,0,0,0,ContinuousMessages,940164,938352,4573985,5558812,939734,0,0,0,940164,4580433,5558812,941544,0,0,0,solo and shared
10,7,blake3-servil-mt,65536,90,336156,1439765,109127,329971,0,0,0,ContinuousMessages,394348,392525,1450757,111270,346087,0,0,0,394348,1455884,111349,348455,0,0,0,solo and shared
10,8,sha256,1048576,2,977079,4750666,5379420,978547,0,0,0,ContinuousMessages,965545,943526,4611858,5379420,944931,0,0,0,965545,4713815,5379420,967050,0,0,0,solo and shared
10,9,blake3-servil-mt,1048576,17,875245,3780574,290488,853504,0,0,0,ContinuousMessages,1020295,1020295,3975139,290992,913447,0,0,0,1017028,4098472,291815,934543,0,0,0,solo and shared
10,15,sha256,64,15608,982232,4794105,9771757,983601,0,0,0,LentMessages,1058774,978446,4785457,9771757,979040,0,0,0,1058774,4797201,9771758,988407,0,0,0,solo and shared
10,16,blake3-servil-mt,64,22339,1002442,4901957,16196924,1003758,0,0,0,LentMessages,1006484,1004098,4900604,16196924,1004660,0,0,0,1006484,4904950,16196924,1007739,0,0,0,solo and shared
10,17,blake3-servil-st,64,21592,997335,4781429,15590574,993028,0,0,0,LentMessages,1431998,1387714,6751319,15590574,1389347,0,0,0,1431998,6738485,15590575,1391142,0,0,0,solo and shared
10,18,sha256,1024,2121,997184,4879992,6781986,997775,0,0,0,LentMessages,1020728,1020420,4880690,6786228,1021677,0,0,0,1020728,4888320,6786228,1022010,0,0,0,solo and shared
10,19,blake3-servil-mt,1024,1346,995675,4864720,10809529,996263,0,0,0,LentMessages,998767,995868,4852492,10812221,997111,0,0,0,998767,4869174,10812221,1000037,0,0,0,solo and shared
10,20,blake3-servil-st,1024,1356,1001757,4905841,10885761,1002318,0,0,0,LentMessages,1016189,1004706,4892926,10888473,1005973,0,0,0,1016189,4905811,10888473,1017475,0,0,0,solo and shared
10,21,sha256,16384,143,999985,4897436,6073787,1000571,0,0,0,LentMessages,1006437,1006437,4900689,6073787,1007735,0,0,0,1003139,4888725,6073799,1004464,0,0,0,solo and shared
10,22,blake3-servil-mt,16384,318,996992,4823881,13384497,997577,0,0,0,LentMessages,1015011,1015011,4830323,13384497,1016356,0,0,0,1012999,4844832,13384509,1014360,0,0,0,solo and shared
10,23,blake3-servil-st,16384,324,1004205,4909115,13636041,1004814,0,0,0,LentMessages,1010151,1007231,4907831,13636041,1008527,0,0,0,1010151,4933810,13636053,1010768,0,0,0,solo and shared
10,24,sha256,65536,35,991975,4858919,5895779,992595,0,0,0,LentMessages,992847,992847,4847365,5895779,993466,0,0,0,992348,4846665,5895779,992929,0,0,0,solo and shared
10,25,blake3-servil-mt,65536,78,1009953,4885681,12894237,1010608,0,0,0,LentMessages,1027104,1027104,4879901,12894237,1027686,0,0,0,1001499,4881802,12894237,1002865,0,0,0,solo and shared
10,26,blake3-servil-st,65536,76,971070,4755452,12563417,971661,0,0,0,LentMessages,984981,976637,4754533,12563417,977980,0,0,0,984981,4760694,12563418,980463,0,0,0,solo and shared
10,27,sha256,1048576,2,984366,4805152,5376065,986002,0,0,0,LentMessages,1019664,1019664,4965591,5376065,1021159,0,0,0,1007764,4919636,5376065,1008607,0,0,0,solo and shared
10,28,blake3-servil-mt,1048576,9,798785,3719643,4013105,800392,0,0,0,LentMessages,843098,842117,3928604,3977505,843905,0,0,0,843098,3933241,3853181,844679,0,0,0,solo and shared
10,29,blake3-servil-st,1048576,4,920651,4317914,10519121,922263,0,0,0,LentMessages,925814,918644,4306006,10519121,919480,0,0,0,925814,4339288,10519121,926730,0,0,0,solo and shared
11,0,blake3-servil-mt,1024,3886,356864,1578169,1773083,340893,0,0,0,ContinuousMessages,382262,362357,1555000,1772755,338415,0,0,0,382262,1706443,1774170,373434,0,0,0,solo and shared
11,1,sha256,1024,2049,968828,4719315,6543607,969542,0,0,0,ContinuousMessages,984761,982403,4715469,6547705,983677,0,0,0,984761,4725126,6547705,986063,0,0,0,solo and shared
11,2,blake3-servil-mt,16384,250,271778,1197123,300747,266992,0,0,0,ContinuousMessages,427070,408878,1852093,301726,407510,0,0,0,427070,1865239,300426,411955,0,0,0,solo and shared
11,3,sha256,16384,142,994905,4849365,6030754,996173,0,0,0,ContinuousMessages,992847,990702,4856575,6030753,991980,0,0,0,992847,4867001,6030765,993699,0,0,0,solo and shared
11,4,blake3-servil-mt,65536,90,296698,1173765,110358,278572,0,0,0,ContinuousMessages,389748,389748,1296349,111500,320382,0,0,0,386919,1301025,111669,321111,0,0,0,solo and shared
11,5,sha256,65536,33,960986,4593414,5558812,961940,0,0,0,ContinuousMessages,965044,964247,4577629,5558812,965615,0,0,0,965044,4580820,5558812,965899,0,0,0,solo and shared
11,6,blake3-servil-mt,1048576,17,894677,4075042,289393,882088,0,0,0,ContinuousMessages,1016367,1002960,4309411,290024,957758,0,0,0,1016367,4470265,288374,980244,0,0,0,solo and shared
11,7,sha256,1048576,2,925093,4505625,5379420,926348,0,0,0,ContinuousMessages,944938,944938,4560622,5379420,946490,0,0,0,944380,4551559,5379420,945952,0,0,0,solo and shared
11,12,blake3-servil-st,64,21592,980748,4786334,15590573,982174,0,0,0,LentMessages,1031141,981538,4782815,15590573,982852,0,0,0,1031141,4793982,15590574,990224,0,0,0,solo and shared
11,13,sha256,64,15608,980931,4795660,9771757,982351,0,0,0,LentMessages,986058,986058,4812130,9771757,987381,0,0,0,983720,4800682,9771757,985189,0,0,0,solo and shared
11,14,blake3-servil-mt,64,22339,1003029,4904251,16196924,1004470,0,0,0,LentMessages,1023962,1023962,4909989,16196924,1025217,0,0,0,1004756,4902500,16196924,1006027,0,0,0,solo and shared
11,15,blake3-servil-st,1024,1356,1007125,4910919,10885761,1008700,0,0,0,LentMessages,1011499,1009427,4923620,10888473,1011157,0,0,0,1011499,4932712,10888473,1013109,0,0,0,solo and shared
11,16,sha256,1024,2121,1000611,4888443,6781986,1002167,0,0,0,LentMessages,1001636,998043,4878802,6786228,999024,0,0,0,1001636,4890162,6786228,1003162,0,0,0,solo and shared
11,17,blake3-servil-mt,1024,1346,1013862,4873639,10809529,1015251,0,0,0,LentMessages,996325,991867,4856763,10812221,992490,0,0,0,996325,4871197,10812221,997684,0,0,0,solo and shared
11,18,blake3-servil-st,16384,324,1015603,4958705,13636041,1016768,0,0,0,LentMessages,1039980,1039980,4937303,13636041,1041789,0,0,0,1028823,4968687,13636053,1029630,0,0,0,solo and shared
11,19,sha256,16384,143,1007267,4892472,6073787,1008883,0,0,0,LentMessages,1001636,1001636,4887155,6073787,1002896,0,0,0,1000942,4886681,6073799,1001534,0,0,0,solo and shared
11,20,blake3-servil-mt,16384,318,1018523,4835770,13384497,1019869,0,0,0,LentMessages,1058604,1058604,4841144,13384498,1021198,0,0,0,994098,4857306,13384509,995500,0,0,0,solo and shared
11,21,blake3-servil-st,65536,76,978718,4784907,12563417,980101,0,0,0,LentMessages,977427,976971,4763122,12563417,977640,0,0,0,977427,4768653,12563417,978865,0,0,0,solo and shared
11,22,sha256,65536,35,1063024,4857221,5895780,998134,0,0,0,LentMessages,1419066,1419066,6774522,5895781,1377284,0,0,0,1372012,6779057,5895780,1373862,0,0,0,solo and shared
11,23,blake3-servil-mt,65536,78,984538,4888800,12894237,985944,0,0,0,LentMessages,1000984,999491,4885103,12894237,1000844,0,0,0,1000984,4878786,12894237,1002531,0,0,0,solo and shared
11,24,blake3-servil-st,1048576,4,936980,4605372,10519121,938556,0,0,0,LentMessages,991275,991275,4840785,10519121,992770,0,0,0,972310,4747692,10519121,973853,0,0,0,solo and shared
11,25,sha256,1048576,2,943721,4606921,5376065,945264,0,0,0,LentMessages,940557,939565,4589050,5376065,941019,0,0,0,940557,4589893,5376065,942028,0,0,0,solo and shared
11,26,blake3-servil-mt,1048576,9,804780,3731751,4058186,806416,0,0,0,LentMessages,858489,858489,3950650,3979422,854711,0,0,0,857830,4011067,3870496,859547,0,0,0,solo and shared
11,18,blake3-servil-mt,64,2048,91766,423825,707147,92544,0,0,0,ContinuousMessages,122196,122196,539150,706437,119298,0,0,0,114303,530416,706241,114969,0,0,0,solo and shared
11,19,sha256,64,15970,1047050,4913264,9934490,1047684,0,0,0,ContinuousMessages,1048547,1048547,4920277,9934490,1049183,0,0,0,1043472,4896957,9934490,1044195,0,0,0,solo and shared
12,0,sha256,16384,142,1027702,4862796,6030754,1028340,0,0,0,ContinuousMessages,1011782,1011782,4867627,6030754,1012426,0,0,0,1010562,4862442,6030766,1011925,0,0,0,solo and shared
12,1,blake3-servil-mt,16384,250,287428,1162508,296836,285359,0,0,0,ContinuousMessages,462890,462890,2102200,302366,461707,0,0,0,450206,2040171,302238,448806,0,0,0,solo and shared
12,2,sha256,65536,33,938994,4578093,5558812,939734,0,0,0,ContinuousMessages,990410,990410,4583929,5558813,986142,0,0,0,952571,4576002,5558812,953935,0,0,0,solo and shared
12,3,blake3-servil-mt,65536,90,289115,1265672,109262,282444,0,0,0,ContinuousMessages,542073,542073,2315831,109805,531629,0,0,0,539973,2380643,109333,528721,0,0,0,solo and shared
12,4,sha256,1048576,2,930217,4523425,5379420,931721,0,0,0,ContinuousMessages,1576671,1206021,5874064,5379420,1207760,0,0,0,1576671,5912756,5379421,1227859,0,0,0,solo and shared
12,5,blake3-servil-mt,1048576,17,809372,3686917,289520,804081,0,0,0,ContinuousMessages,1017489,1017489,4005594,291964,917046,0,0,0,1016406,4129294,290815,931597,0,0,0,solo and shared
12,9,sha256,64,15608,989241,4811808,9771757,990633,0,0,0,LentMessages,982331,982331,4810035,9771757,982930,0,0,0,978571,4792975,9771757,979115,0,0,0,solo and shared
12,10,blake3-servil-st,64,21592,978610,4780429,15590573,979936,0,0,0,LentMessages,981857,981857,4800169,15590573,983154,0,0,0,973381,4758788,15590573,974667,0,0,0,solo and shared
12,11,blake3-servil-mt,64,22339,1006236,4914408,16196924,1007604,0,0,0,LentMessages,1003709,1003497,4903986,16196924,1004763,0,0,0,1003709,4897428,16196924,1004263,0,0,0,solo and shared
12,12,sha256,1024,2121,999988,4886019,6781986,1001333,0,0,0,LentMessages,1000021,998776,4880665,6786228,1000039,0,0,0,1000021,4888377,6786228,1001291,0,0,0,solo and shared
12,13,blake3-servil-st,1024,1356,1005202,4911259,10885761,1006529,0,0,0,LentMessages,1004446,1000290,4884780,10888473,1001553,0,0,0,1004446,4906795,10888473,1005730,0,0,0,solo and shared
12,14,blake3-servil-mt,1024,1346,1027663,4875062,10809529,1029013,0,0,0,LentMessages,1009719,1009719,4859246,10812221,1010983,0,0,0,996652,4870478,10812221,997906,0,0,0,solo and shared
12,15,sha256,16384,143,1000897,4886013,6073787,1002320,0,0,0,LentMessages,1038155,1001306,4887239,6073787,1002622,0,0,0,1038155,4944494,6073799,1039552,0,0,0,solo and shared
12,16,blake3-servil-st,16384,324,1005928,4915901,13636041,1007325,0,0,0,LentMessages,1010618,1004112,4912165,13636041,1004716,0,0,0,1010618,4938659,13636053,1011913,0,0,0,solo and shared
12,17,blake3-servil-mt,16384,318,988472,4826412,13384498,984761,0,0,0,LentMessages,1015456,1015456,4823446,13384497,1016793,0,0,0,994227,4851681,13384509,995614,0,0,0,solo and shared
12,18,sha256,65536,35,995911,4861630,5895779,997358,0,0,0,LentMessages,993247,990974,4846918,5895779,991597,0,0,0,993247,4852047,5895779,994622,0,0,0,solo and shared
12,19,blake3-servil-st,65536,76,991763,4769870,12563417,993163,0,0,0,LentMessages,974746,974746,4761007,12563417,976114,0,0,0,974140,4760445,12563417,975517,0,0,0,solo and shared
12,20,blake3-servil-mt,65536,78,988404,4888991,12894237,989792,0,0,0,LentMessages,1002475,1002475,4874721,12894237,1003848,0,0,0,999592,4879733,12894237,1000974,0,0,0,solo and shared
12,21,sha256,1048576,2,942321,4666731,5376065,943885,0,0,0,LentMessages,959192,954529,4659240,5376065,955976,0,0,0,959192,4681920,5376065,960750,0,0,0,solo and shared
12,22,blake3-servil-st,1048576,4,860489,4278103,10519121,863123,0,0,0,LentMessages,888572,876884,4275667,10519121,878352,0,0,0,888572,4334324,10519121,890127,0,0,0,solo and shared
12,23,blake3-servil-mt,1048576,9,791827,3689456,4323230,793497,0,0,0,LentMessages,814032,813470,3779654,4059488,815049,0,0,0,814032,3811778,3832507,815919,0,0,0,solo and shared
12,16,sha256,64,15970,1044572,4901874,9934490,1045948,0,0,0,ContinuousMessages,1044651,1044651,4897397,9934490,1045326,0,0,0,1044322,4899929,9934490,1044967,0,0,0,solo and shared
12,17,blake3-servil-mt,64,2048,106153,485051,705017,106806,0,0,0,ContinuousMessages,188408,186288,474739,708141,124163,0,0,0,188408,720342,732953,169768,0,0,0,solo and shared
12,18,sha256,1024,2049,986303,4718460,6543607,986896,0,0,0,ContinuousMessages,987575,986135,4719211,6547705,986705,0,0,0,987575,4725307,6547705,988924,0,0,0,solo and shared
12,19,blake3-servil-mt,1024,3886,394518,1727481,1774450,378103,0,0,0,ContinuousMessages,488890,460002,2115202,1777200,457931,0,0,0,488890,2042166,1774408,472894,0,0,0,solo and shared
13,0,blake3-servil-mt,65536,90,279123,1172322,109930,267701,0,0,0,ContinuousMessages,440942,440942,1233865,110619,292989,0,0,0,433331,1193955,110364,300191,0,0,0,solo and shared
13,1,sha256,65536,33,1022866,4598069,5558813,959769,0,0,0,ContinuousMessages,957018,957018,4580899,5558812,958436,0,0,0,954485,4573007,5558812,955136,0,0,0,solo and shared
13,2,blake3-servil-mt,1048576,17,816012,3691435,289356,803230,0,0,0,ContinuousMessages,1086539,1078730,4077941,295198,965867,0,0,0,1086539,4452656,291250,1017375,0,0,0,solo and shared
13,3,sha256,1048576,2,939721,4505425,5379420,941352,0,0,0,ContinuousMessages,948940,948940,4492201,5379420,950374,0,0,0,926274,4520446,5379420,927813,0,0,0,solo and shared
13,6,blake3-servil-st,64,21592,982023,4799110,15590573,983432,0,0,0,LentMessages,981288,979044,4781665,15590573,980306,0,0,0,981288,4788266,15590573,982598,0,0,0,solo and shared
13,7,blake3-servil-mt,64,22339,1003887,4903109,16196924,1005336,0,0,0,LentMessages,1007986,1007574,4916438,16196924,1009106,0,0,0,1007986,4919290,16196924,1009545,0,0,0,solo and shared
13,8,sha256,64,15608,982921,4800725,9771757,984382,0,0,0,LentMessages,1332600,1332600,6504739,9771758,1335236,0,0,0,983786,4806449,9771757,985378,0,0,0,solo and shared
13,9,blake3-servil-st,1024,1356,1009972,4927397,10885761,1011975,0,0,0,LentMessages,1047092,1047092,4895664,10888479,1048791,0,0,0,1004388,4909200,10888473,1006566,0,0,0,solo and shared
13,10,blake3-servil-mt,1024,1346,1006533,4871827,10809529,1004489,0,0,0,LentMessages,1011646,1006741,4870700,10812222,1008165,0,0,0,1011646,4870154,10812221,1012930,0,0,0,solo and shared
13,11,sha256,1024,2121,999512,4883531,6781986,1000860,0,0,0,LentMessages,1000693,999638,4881576,6786228,1000866,0,0,0,1000693,4888871,6786228,1001993,0,0,0,solo and shared
13,12,blake3-servil-st,16384,324,1017213,4920862,13636041,1018647,0,0,0,LentMessages,1019091,1006746,4921272,13636041,1008040,0,0,0,1019091,4952373,13636053,1019769,0,0,0,solo and shared
13,13,blake3-servil-mt,16384,318,1036426,4828359,13384498,979695,0,0,0,LentMessages,990393,985461,4818159,13384497,986733,0,0,0,990393,4842128,13384509,991733,0,0,0,solo and shared
13,14,sha256,16384,143,985001,4899306,6073787,986364,0,0,0,LentMessages,998327,997977,4885864,6073787,999223,0,0,0,998327,4887438,6073799,999626,0,0,0,solo and shared
13,15,blake3-servil-st,65536,76,991232,4804921,12563417,992674,0,0,0,LentMessages,982301,981564,4791604,12563417,982958,0,0,0,982301,4795724,12563417,983728,0,0,0,solo and shared
13,16,blake3-servil-mt,65536,78,1001350,4891643,12894237,1002783,0,0,0,LentMessages,1012227,998486,4877954,12894237,999800,0,0,0,1012227,4886800,12894237,1013604,0,0,0,solo and shared
13,17,sha256,65536,35,984353,4852688,5895779,985720,0,0,0,LentMessages,992413,992161,4849088,5895779,993500,0,0,0,992413,4850343,5895779,993791,0,0,0,solo and shared
13,18,blake3-servil-st,1048576,4,944288,4607890,10519121,945828,0,0,0,LentMessages,1045336,1045336,4978459,10519121,1046165,0,0,0,1023175,4985422,10519121,1024746,0,0,0,solo and shared
13,19,blake3-servil-mt,1048576,9,805225,3756739,3762974,806778,0,0,0,LentMessages,819605,819605,3773749,3895057,816184,0,0,0,816028,3758884,3830447,812422,0,0,0,solo and shared
13,20,sha256,1048576,2,980867,4596648,5376065,981861,0,0,0,LentMessages,983641,983641,4609207,5376065,985171,0,0,0,983067,4608859,5376065,983939,0,0,0,solo and shared
13,14,blake3-servil-mt,64,2048,90938,421159,704644,91553,0,0,0,ContinuousMessages,148397,142135,582672,715920,133462,0,0,0,148397,541645,706671,136643,0,0,0,solo and shared
13,15,sha256,64,15970,1032587,4913085,9934490,1034020,0,0,0,ContinuousMessages,1029834,1029834,4903862,9934490,1031143,0,0,0,1027717,4901408,9934490,1029041,0,0,0,solo and shared
13,16,blake3-servil-mt,1024,3886,401494,1736488,1772364,388123,0,0,0,ContinuousMessages,423413,393855,1759314,1777224,385668,0,0,0,423413,1868173,1773694,409270,0,0,0,solo and shared
13,17,sha256,1024,2049,1027229,4727635,6543608,987382,0,0,0,ContinuousMessages,980016,976593,4713477,6547705,977135,0,0,0,980016,4724644,6547705,981320,0,0,0,solo and shared
13,18,blake3-servil-mt,16384,250,270286,1209085,298331,268186,0,0,0,ContinuousMessages,464188,464188,2084542,301287,459422,0,0,0,461364,2083592,301158,459824,0,0,0,solo and shared
13,19,sha256,16384,142,1014865,4858127,6030754,1015678,0,0,0,ContinuousMessages,1016219,1015301,4866431,6030754,1016160,0,0,0,1016219,4864056,6030766,1017558,0,0,0,solo and shared
14,0,sha256,1048576,2,940181,4508270,5379420,940973,0,0,0,ContinuousMessages,961670,936135,4486100,5379420,937157,0,0,0,961670,4519561,5379420,963198,0,0,0,solo and shared
14,1,blake3-servil-mt,1048576,17,825204,3735263,289362,816620,0,0,0,ContinuousMessages,1070088,1062315,4442241,292229,1002288,0,0,0,1070088,4562535,291069,1028288,0,0,0,solo and shared
14,3,blake3-servil-mt,64,22339,1016323,4954375,16196924,1017113,0,0,0,LentMessages,1006475,1001988,4903685,16196924,1002832,0,0,0,1006475,4921961,16196924,1007749,0,0,0,solo and shared
14,4,sha256,64,15608,979157,4793398,9771757,979848,0,0,0,LentMessages,987122,982263,4809185,9771757,983147,0,0,0,987122,4801964,9771757,988443,0,0,0,solo and shared
14,5,blake3-servil-st,64,21592,976772,4782340,15590573,977447,0,0,0,LentMessages,978270,977159,4784477,15590573,978009,0,0,0,978270,4782897,15590573,979546,0,0,0,solo and shared
14,6,blake3-servil-mt,1024,1346,995018,4872499,10809529,995601,0,0,0,LentMessages,1037541,1037541,4863666,10812222,999435,0,0,0,995716,4864170,10812221,997006,0,0,0,solo and shared
14,7,sha256,1024,2121,999002,4883787,6781986,1000299,0,0,0,LentMessages,1000480,999737,4879755,6786228,1000955,0,0,0,1000480,4888069,6786228,1001795,0,0,0,solo and shared
14,8,blake3-servil-st,1024,1356,1004512,4909969,10885761,1005803,0,0,0,LentMessages,1050154,1003009,4895847,10888473,1004253,0,0,0,1050154,4910976,10888474,1010941,0,0,0,solo and shared
14,9,blake3-servil-mt,16384,318,1006049,4824910,13384497,1007412,0,0,0,LentMessages,1025074,988570,4829309,13384497,989827,0,0,0,1025074,4855794,13384509,1026386,0,0,0,solo and shared
14,10,sha256,16384,143,999856,4885818,6073787,1001193,0,0,0,LentMessages,1007204,1007204,4888332,6073789,1008508,0,0,0,1000091,4887551,6073799,1001411,0,0,0,solo and shared
14,11,blake3-servil-st,16384,324,1006645,4914357,13636041,1008062,0,0,0,LentMessages,1010872,1004956,4909697,13636041,1006262,0,0,0,1010872,4935114,13636053,1012200,0,0,0,solo and shared
14,12,blake3-servil-mt,65536,78,1014239,4898309,12894237,1015646,0,0,0,LentMessages,1001278,999808,4884947,12894237,1001169,0,0,0,1001278,4889894,12894237,1002653,0,0,0,solo and shared
14,13,sha256,65536,35,993051,4852980,5895779,994430,0,0,0,LentMessages,992158,989129,4842326,5895779,989721,0,0,0,992158,4849104,5895779,993515,0,0,0,solo and shared
14,14,blake3-servil-st,65536,76,975316,4762003,12563417,976722,0,0,0,LentMessages,998458,998458,4760161,12563417,999795,0,0,0,973857,4756120,12563417,975225,0,0,0,solo and shared
14,15,blake3-servil-mt,1048576,9,762223,3561589,3572551,763869,0,0,0,LentMessages,839022,839022,3775980,3871214,840912,0,0,0,837462,3905001,3998939,839131,0,0,0,solo and shared
14,16,sha256,1048576,2,995154,4623844,5376066,991614,0,0,0,LentMessages,984458,981107,4599932,5376065,981967,0,0,0,984458,4617066,5376065,985601,0,0,0,solo and shared
14,17,blake3-servil-st,1048576,4,925280,4313543,10519120,926346,0,0,0,LentMessages,925276,913458,4284827,10519121,914329,0,0,0,925276,4343547,10519121,926391,0,0,0,solo and shared
14,12,sha256,64,15970,1029960,4918292,9934490,1030693,0,0,0,ContinuousMessages,1094874,1094874,4907230,9934492,1013706,0,0,0,1007637,4903823,9934490,1008636,0,0,0,solo and shared
14,13,blake3-servil-mt,64,2048,168750,746389,736532,165248,0,0,0,ContinuousMessages,184867,184867,623147,706485,163081,0,0,0,181753,622841,717624,151431,0,0,0,solo and shared
14,14,sha256,1024,2049,989608,4733979,6543608,990474,0,0,0,ContinuousMessages,987599,985345,4716411,6547705,986653,0,0,0,987599,4727541,6547705,988431,0,0,0,solo and shared
14,15,blake3-servil-mt,1024,3886,412279,1601007,1773449,349263,0,0,0,ContinuousMessages,535472,465777,2011220,1772687,453152,0,0,0,535472,1962505,1777593,431784,0,0,0,solo and shared
14,16,sha256,16384,142,1010389,4859562,6030754,1011882,0,0,0,ContinuousMessages,1030740,1030740,4878714,6030754,1027820,0,0,0,1020043,4877511,6030766,1020907,0,0,0,solo and shared
14,17,blake3-servil-mt,16384,250,293632,1320829,297902,291894,0,0,0,ContinuousMessages,470107,470107,2131611,302316,468937,0,0,0,469871,2143322,301994,468963,0,0,0,solo and shared
14,18,sha256,65536,33,946789,4610693,5558812,948321,0,0,0,ContinuousMessages,941431,939673,4587841,5558812,941344,0,0,0,941431,4591593,5558812,942351,0,0,0,solo and shared
14,19,blake3-servil-mt,65536,90,304656,1247611,110042,292660,0,0,0,ContinuousMessages,375638,369469,1395100,110199,335420,0,0,0,375638,1442728,110815,342543,0,0,0,solo and shared
15,0,blake3-servil-mt,64,22339,1018562,4972077,16196924,1019654,0,0,0,LentMessages,1013200,1013200,4920324,16196924,1014523,0,0,0,1010598,4921532,16196924,1012125,0,0,0,solo and shared
15,1,blake3-servil-st,64,21592,989321,4793569,15590574,990817,0,0,0,LentMessages,980983,980983,4791194,15590573,982408,0,0,0,978371,4778249,15590573,979960,0,0,0,solo and shared
15,2,sha256,64,15608,1025420,4801783,9771762,1026858,0,0,0,LentMessages,982010,982010,4802695,9771757,983303,0,0,0,980965,4795627,9771757,982240,0,0,0,solo and shared
15,3,blake3-servil-mt,1024,1346,998485,4873760,10809529,999801,0,0,0,LentMessages,1046445,1046445,4981678,10812221,1047829,0,0,0,998452,4870991,10812221,999718,0,0,0,solo and shared
15,4,blake3-servil-st,1024,1356,1028090,4905701,10885765,1018147,0,0,0,LentMessages,1066283,1003267,4892506,10888473,1004541,0,0,0,1066283,4911784,10888474,1022201,0,0,0,solo and shared
15,5,sha256,1024,2121,1000534,4884416,6781986,1001846,0,0,0,LentMessages,1004443,1003036,4881084,6786228,1004312,0,0,0,1004443,4888141,6786228,1005721,0,0,0,solo and shared
15,6,blake3-servil-mt,16384,318,1008052,4822301,13384497,1009468,0,0,0,LentMessages,997043,990341,4826684,13384497,991705,0,0,0,997043,4853923,13384509,998386,0,0,0,solo and shared
15,7,blake3-servil-st,16384,324,1006055,4914868,13636041,1007476,0,0,0,LentMessages,1012000,1006646,4916432,13636041,1007973,0,0,0,1012000,4943709,13636053,1013297,0,0,0,solo and shared
15,8,sha256,16384,143,999919,4886131,6073787,1001215,0,0,0,LentMessages,1386981,1000473,4886476,6073787,1001782,0,0,0,1386981,4888042,6073799,1388277,0,0,0,solo and shared
15,9,blake3-servil-mt,65536,78,1019208,4913310,12894237,1020620,0,0,0,LentMessages,1005160,1004283,4896208,12894237,1005628,0,0,0,1005160,4899373,12894237,1006456,0,0,0,solo and shared
15,10,blake3-servil-st,65536,76,974937,4764390,12563417,976342,0,0,0,LentMessages,974266,974096,4754685,12563417,975428,0,0,0,974266,4753117,12563417,975612,0,0,0,solo and shared
15,11,sha256,65536,35,992642,4853035,5895779,994019,0,0,0,LentMessages,995105,993576,4848046,5895779,994915,0,0,0,995105,4850477,5895779,996450,0,0,0,solo and shared
15,12,blake3-servil-mt,1048576,9,903357,4068950,4016659,904992,0,0,0,LentMessages,891303,890698,4149969,3960490,892234,0,0,0,891303,4174430,3475036,892945,0,0,0,solo and shared
15,13,blake3-servil-st,1048576,4,921382,4322910,10519121,923046,0,0,0,LentMessages,926509,926509,4306392,10519121,927332,0,0,0,921640,4321078,10519121,922541,0,0,0,solo and shared
15,14,sha256,1048576,2,976805,4582767,5376065,977721,0,0,0,LentMessages,981192,976988,4582853,5376065,977833,0,0,0,981192,4597923,5376065,982078,0,0,0,solo and shared
15,10,blake3-servil-mt,64,2048,150530,630783,707016,151238,0,0,0,ContinuousMessages,125769,116269,531160,706413,117791,0,0,0,125769,544071,706860,127254,0,0,0,solo and shared
15,11,sha256,64,15970,1008057,4912849,9934490,1008784,0,0,0,ContinuousMessages,1010319,1010319,4925024,9934491,1011580,0,0,0,1005367,4908687,9934490,1005907,0,0,0,solo and shared
15,12,blake3-servil-mt,1024,3886,411434,1852045,1772625,400673,0,0,0,ContinuousMessages,425233,425233,1898660,1773348,414195,0,0,0,411128,1889482,1773171,409100,0,0,0,solo and shared
15,13,sha256,1024,2049,969203,4723238,6543607,970533,0,0,0,ContinuousMessages,966843,965276,4717398,6547705,966515,0,0,0,966843,4724120,6547705,968115,0,0,0,solo and shared
15,14,blake3-servil-mt,16384,250,345367,1477992,298539,343580,0,0,0,ContinuousMessages,415931,415931,1885435,301232,414703,0,0,0,413806,1885389,302404,412455,0,0,0,solo and shared
15,15,sha256,16384,142,996144,4851350,6030754,997263,0,0,0,ContinuousMessages,995156,995156,4863332,6030754,996015,0,0,0,994291,4854193,6030766,995617,0,0,0,solo and shared
15,16,blake3-servil-mt,65536,90,310405,1150072,109979,278587,0,0,0,ContinuousMessages,446463,433126,1388843,111157,331025,0,0,0,446463,1426296,111592,349168,0,0,0,solo and shared
15,17,sha256,65536,33,950875,4583322,5558812,951698,0,0,0,ContinuousMessages,962070,959769,4580136,5558812,961136,0,0,0,962070,4586875,5558812,963576,0,0,0,solo and shared
15,18,blake3-servil-mt,1048576,17,793683,3595662,289123,781440,0,0,0,ContinuousMessages,1057370,1021727,4034470,292038,924179,0,0,0,1057370,4087196,289588,920833,0,0,0,solo and shared
15,19,sha256,1048576,2,920097,4489046,5379420,921599,0,0,0,ContinuousMessages,920494,920494,4497285,5379420,921952,0,0,0,916857,4482239,5379420,917586,0,0,0,solo and shared
16,0,sha256,1024,2121,999235,4884919,6781986,1000505,0,0,0,LentMessages,1002450,999444,4881018,6786228,1000732,0,0,0,1002450,4899654,6786228,1003857,0,0,0,solo and shared
16,1,blake3-servil-mt,1024,1346,997354,4872035,10809529,998722,0,0,0,LentMessages,1062915,1062915,4862168,10812222,1007927,0,0,0,996823,4873731,10812221,998203,0,0,0,solo and shared
16,2,blake3-servil-st,1024,1356,1004409,4909069,10885761,1005740,0,0,0,LentMessages,1006134,1001901,4892930,10888473,1003125,0,0,0,1006134,4910960,10888473,1007560,0,0,0,solo and shared
16,3,sha256,16384,143,1003175,4899835,6073787,1004618,0,0,0,LentMessages,1047708,1000399,4887212,6073787,1001710,0,0,0,1047708,4901141,6073800,1009404,0,0,0,solo and shared
16,4,blake3-servil-mt,16384,318,1058650,5170866,13384497,1060070,0,0,0,LentMessages,997419,987747,4826187,13384497,989024,0,0,0,997419,4854514,13384509,998728,0,0,0,solo and shared
16,5,blake3-servil-st,16384,324,1030048,4911088,13636041,1031485,0,0,0,LentMessages,1010769,1008776,4911509,13636042,1010095,0,0,0,1010769,4940492,13636053,1012079,0,0,0,solo and shared
16,6,sha256,65536,35,1003078,4854333,5895779,1000286,0,0,0,LentMessages,1001003,999988,4852196,5895779,997613,0,0,0,1001003,4851068,5895779,998434,0,0,0,solo and shared
16,7,blake3-servil-mt,65536,78,1000452,4886759,12894237,1001845,0,0,0,LentMessages,999306,997782,4879225,12894237,999096,0,0,0,999306,4884015,12894237,1000631,0,0,0,solo and shared
16,8,blake3-servil-st,65536,76,974188,4760369,12563417,975597,0,0,0,LentMessages,993977,993977,4752093,12563417,994585,0,0,0,972426,4753496,12563417,973775,0,0,0,solo and shared
16,9,sha256,1048576,2,963505,4700540,5376065,965053,0,0,0,LentMessages,982444,979940,4727851,5376065,980665,0,0,0,982444,4733974,5376065,983957,0,0,0,solo and shared
16,10,blake3-servil-mt,1048576,9,885998,4085610,4417741,887674,0,0,0,LentMessages,834405,834405,3847491,3996453,831589,0,0,0,833516,3893257,4080261,835222,0,0,0,solo and shared
16,11,blake3-servil-st,1048576,4,1040516,4875971,10519121,1042874,0,0,0,LentMessages,1088591,1088591,5107949,10519121,1089926,0,0,0,944761,4333005,10519121,945550,0,0,0,solo and shared
16,8,sha256,64,15970,1040792,4910682,9934490,1042402,0,0,0,ContinuousMessages,1194835,1194835,5737598,9934490,1196286,0,0,0,1024126,4909076,9934490,1025553,0,0,0,solo and shared
16,9,blake3-servil-mt,64,2048,139523,482789,709212,124381,0,0,0,ContinuousMessages,276403,194284,715088,714901,173906,0,0,0,276403,705508,713013,172847,0,0,0,solo and shared
16,10,sha256,1024,2049,996234,4724830,6543608,991761,0,0,0,ContinuousMessages,1072562,1072562,5138788,6547705,1073926,0,0,0,987023,4731985,6547705,988366,0,0,0,solo and shared
16,11,blake3-servil-mt,1024,3886,388184,1673991,1772437,389117,0,0,0,ContinuousMessages,440033,440033,1947701,1775585,429007,0,0,0,431296,1868934,1774018,412536,0,0,0,solo and shared
16,12,sha256,16384,142,1003349,4875284,6030754,1005177,0,0,0,ContinuousMessages,998957,997266,4878647,6030754,998231,0,0,0,998957,4874703,6030766,1000605,0,0,0,solo and shared
16,13,blake3-servil-mt,16384,250,288247,1260564,297120,286077,0,0,0,ContinuousMessages,439676,434658,1973604,301378,432535,0,0,0,439676,2014821,300509,438238,0,0,0,solo and shared
16,14,sha256,65536,33,940276,4591349,5558811,940972,0,0,0,ContinuousMessages,956833,956517,4593069,5558811,957543,0,0,0,956833,4594892,5558811,958366,0,0,0,solo and shared
16,15,blake3-servil-mt,65536,90,349044,1457057,109295,325206,0,0,0,ContinuousMessages,745787,745787,3296760,108785,736362,0,0,0,409872,1758346,110301,397417,0,0,0,solo and shared
16,16,sha256,1048576,2,976498,4758501,5379420,978524,0,0,0,ContinuousMessages,1008491,960021,4632215,5379420,961845,0,0,0,1008491,4917135,5379420,1011393,0,0,0,solo and shared
16,17,blake3-servil-mt,1048576,17,889512,4057534,289217,882371,0,0,0,ContinuousMessages,1123134,1123134,4565115,290422,1058151,0,0,0,1113867,4722836,290420,1064760,0,0,0,solo and shared
16,27,sha256,64,15608,997481,4858452,9771757,999462,0,0,0,LentMessages,1014289,1014289,4806336,9771761,1002076,0,0,0,987344,4803523,9771757,988698,0,0,0,solo and shared
16,28,blake3-servil-mt,64,22339,1003291,4901546,16196924,1004589,0,0,0,LentMessages,1004688,1004688,4906500,16196924,1005960,0,0,0,1003580,4903770,16196924,1004954,0,0,0,solo and shared
16,29,blake3-servil-st,64,21592,983493,4802005,15590573,984931,0,0,0,LentMessages,978459,978459,4777770,15590573,979728,0,0,0,977497,4775364,15590573,978784,0,0,0,solo and shared
17,0,blake3-servil-st,16384,324,1006309,4914860,13636041,1007655,0,0,0,LentMessages,1092391,1037321,4922780,13636041,1038597,0,0,0,1092391,4952958,13636054,1031743,0,0,0,solo and shared
17,1,sha256,16384,143,1002354,4899778,6073787,1003736,0,0,0,LentMessages,1000826,1000554,4886858,6073787,1001877,0,0,0,1000826,4887841,6073799,1002168,0,0,0,solo and shared
17,2,blake3-servil-mt,16384,318,997289,4833784,13384497,998678,0,0,0,LentMessages,991087,986443,4820136,13384497,987738,0,0,0,991087,4842535,13384509,992410,0,0,0,solo and shared
17,3,blake3-servil-st,65536,76,977180,4777585,12563417,978627,0,0,0,LentMessages,1003189,1003189,4767958,12563417,1003869,0,0,0,975216,4767429,12563417,976548,0,0,0,solo and shared
17,4,sha256,65536,35,992354,4856042,5895779,993777,0,0,0,LentMessages,1020759,1020759,4987004,5895779,1022137,0,0,0,1019794,4982376,5895779,1021252,0,0,0,solo and shared
17,5,blake3-servil-mt,65536,78,1002367,4893403,12894237,1003809,0,0,0,LentMessages,1561550,1561550,7646168,12894237,1563315,0,0,0,1019474,4907142,12894237,1021163,0,0,0,solo and shared
17,6,blake3-servil-st,1048576,4,954372,4663470,10519121,956230,0,0,0,LentMessages,1006985,1006985,4884323,10519122,1008488,0,0,0,988595,4819884,10519121,990261,0,0,0,solo and shared
17,7,sha256,1048576,2,942019,4601661,5376065,943533,0,0,0,LentMessages,942417,942417,4598556,5376065,943858,0,0,0,940992,4592539,5376065,942456,0,0,0,solo and shared
17,8,blake3-servil-mt,1048576,9,840133,3840705,4553824,841738,0,0,0,LentMessages,1151373,1151373,5369011,3708088,1153098,0,0,0,1151360,5377110,3727178,1153247,0,0,0,solo and shared
17,6,blake3-servil-mt,64,2048,125259,580630,705183,126657,0,0,0,ContinuousMessages,138202,138202,634439,706875,139146,0,0,0,135306,617064,706729,136248,0,0,0,solo and shared
17,7,sha256,64,15970,1054749,4911295,9934491,1050621,0,0,0,ContinuousMessages,1046991,1044364,4897580,9934490,1045280,0,0,0,1046991,4908722,9934490,1048382,0,0,0,solo and shared
17,8,blake3-servil-mt,1024,3886,389679,1724220,1771943,374494,0,0,0,ContinuousMessages,461352,461352,1775342,1773396,387995,0,0,0,431202,1882835,1773249,413891,0,0,0,solo and shared
17,9,sha256,1024,2049,969636,4722815,6543607,970893,0,0,0,ContinuousMessages,967071,965256,4716429,6547705,966128,0,0,0,967071,4725088,6547705,968337,0,0,0,solo and shared
17,10,blake3-servil-mt,16384,250,282433,1179504,299297,277831,0,0,0,ContinuousMessages,440132,425452,1943204,300624,423565,0,0,0,440132,2016579,301033,438133,0,0,0,solo and shared
17,11,sha256,16384,142,1014670,4852741,6030754,1015349,0,0,0,ContinuousMessages,1016480,1013488,4854691,6030755,1014436,0,0,0,1016480,4869315,6030766,1017802,0,0,0,solo and shared
17,12,blake3-servil-mt,65536,90,700122,1307742,109514,291408,0,0,0,ContinuousMessages,503087,387028,1660413,109016,377845,0,0,0,503087,1550211,109496,350985,0,0,0,solo and shared
17,13,sha256,65536,33,963149,4693042,5558812,965344,0,0,0,ContinuousMessages,994113,994113,4711322,5558812,995247,0,0,0,967566,4724439,5558812,969153,0,0,0,solo and shared
17,14,blake3-servil-mt,1048576,17,891833,4027258,289360,885653,0,0,0,ContinuousMessages,1043248,1031359,4209140,292637,954010,0,0,0,1043248,4435680,290093,996475,0,0,0,solo and shared
17,15,sha256,1048576,2,938952,4560361,5379420,939804,0,0,0,ContinuousMessages,922370,920331,4484129,5379420,921571,0,0,0,922370,4489831,5379420,923841,0,0,0,solo and shared
17,24,blake3-servil-st,64,21592,979663,4794221,15590573,980298,0,0,0,LentMessages,984157,984157,4816436,15590573,985039,0,0,0,980080,4789182,15590573,981383,0,0,0,solo and shared
17,25,sha256,64,15608,978823,4790466,9771757,979458,0,0,0,LentMessages,980384,979620,4794716,9771757,980471,0,0,0,980384,4792412,9771757,981687,0,0,0,solo and shared
17,26,blake3-servil-mt,64,22339,1000979,4899712,16196924,1001566,0,0,0,LentMessages,1004188,1002910,4906484,16196924,1003743,0,0,0,1004188,4903745,16196924,1005466,0,0,0,solo and shared
17,27,blake3-servil-st,1024,1356,1002093,4905123,10885761,1002674,0,0,0,LentMessages,1387305,1387305,4892999,10888473,1388114,0,0,0,1009830,4905929,10888473,1011111,0,0,0,solo and shared
17,28,sha256,1024,2121,997211,4881488,6781986,997775,0,0,0,LentMessages,1000877,996823,4878931,6786228,997690,0,0,0,1000877,4889076,6786228,1002171,0,0,0,solo and shared
17,29,blake3-servil-mt,1024,1346,996065,4875828,10809529,996671,0,0,0,LentMessages,996130,992366,4857414,10812221,993166,0,0,0,996130,4864750,10812221,997437,0,0,0,solo and shared
18,0,sha256,65536,35,994965,4867156,5895779,995614,0,0,0,LentMessages,1000420,1000420,4857589,5895779,1001320,0,0,0,992465,4851833,5895779,993848,0,0,0,solo and shared
18,1,blake3-servil-st,65536,76,972267,4753392,12563417,972891,0,0,0,LentMessages,972369,969855,4745791,12563417,970689,0,0,0,972369,4750385,12563417,973745,0,0,0,solo and shared
18,2,blake3-servil-mt,65536,78,995706,4876227,12894237,996354,0,0,0,LentMessages,997582,997582,4875970,12894237,998483,0,0,0,995300,4866588,12894237,995901,0,0,0,solo and shared
18,3,sha256,1048576,2,965075,4699464,5376065,965921,0,0,0,LentMessages,1020405,983380,4782739,5376065,984646,0,0,0,1020405,4962247,5376065,1021944,0,0,0,solo and shared
18,4,blake3-servil-st,1048576,4,888698,4338120,10519121,890307,0,0,0,LentMessages,910397,889547,4336868,10519121,891228,0,0,0,910397,4293772,10519121,911965,0,0,0,solo and shared
18,5,blake3-servil-mt,1048576,9,817965,3802428,4270073,819562,0,0,0,LentMessages,868824,868236,4050346,4083893,870215,0,0,0,868824,4059654,4123243,870516,0,0,0,solo and shared
18,4,sha256,64,15970,1046183,4908752,9934490,1047588,0,0,0,ContinuousMessages,1046783,1045247,4905265,9934490,1045934,0,0,0,1046783,4910764,9934490,1047453,0,0,0,solo and shared
18,5,blake3-servil-mt,64,2048,95443,440821,706881,96116,0,0,0,ContinuousMessages,136478,136478,564056,704689,137187,0,0,0,114992,454507,704146,115931,0,0,0,solo and shared
18,6,sha256,1024,2049,978949,4730584,6543607,980561,0,0,0,ContinuousMessages,988569,983528,4723339,6547704,988609,0,0,0,988569,4732705,6547705,989984,0,0,0,solo and shared
18,7,blake3-servil-mt,1024,3886,425841,1890878,1774009,413941,0,0,0,ContinuousMessages,459965,459965,2025829,1775121,444414,0,0,0,458849,2001323,1772312,439185,0,0,0,solo and shared
18,8,sha256,16384,142,1014430,4855500,6030754,1015867,0,0,0,ContinuousMessages,1029921,1029921,4910017,6030754,1031420,0,0,0,1028004,4903938,6030766,1030186,0,0,0,solo and shared
18,9,blake3-servil-mt,16384,250,311619,1403020,297879,309501,0,0,0,ContinuousMessages,511314,511314,2314637,303239,509925,0,0,0,507802,2277118,302607,506359,0,0,0,solo and shared
18,10,sha256,65536,33,985393,4707381,5558812,987109,0,0,0,ContinuousMessages,972601,969508,4612853,5558812,971239,0,0,0,972601,4637699,5558812,974038,0,0,0,solo and shared
18,11,blake3-servil-mt,65536,90,305980,1334578,109200,298950,0,0,0,ContinuousMessages,391902,388810,1503164,110373,356606,0,0,0,391902,1502668,110257,357764,0,0,0,solo and shared
18,12,sha256,1048576,2,976382,4745061,5379420,977966,0,0,0,ContinuousMessages,946824,946824,4492319,5379420,947619,0,0,0,942536,4609429,5379420,943304,0,0,0,solo and shared
18,13,blake3-servil-mt,1048576,17,796202,3558683,289329,789817,0,0,0,ContinuousMessages,1017873,1017873,3873709,291185,883471,0,0,0,986798,4163380,290535,938541,0,0,0,solo and shared
18,21,sha256,64,15608,983941,4795807,9771757,984617,0,0,0,LentMessages,982621,982621,4801343,9771757,983860,0,0,0,982476,4799282,9771757,983851,0,0,0,solo and shared
18,22,blake3-servil-st,64,21592,973423,4755523,15590573,974754,0,0,0,LentMessages,981826,981826,4797260,15590573,983058,0,0,0,981319,4794647,15590573,982629,0,0,0,solo and shared
18,23,blake3-servil-mt,64,22339,1002988,4900151,16196924,1004322,0,0,0,LentMessages,1003625,1003325,4903833,16196924,1004579,0,0,0,1003625,4905067,16196924,1004921,0,0,0,solo and shared
18,24,sha256,1024,2121,999403,4884232,6781986,1000798,0,0,0,LentMessages,1029331,999345,4881032,6786228,1000588,0,0,0,1029331,5018894,6786229,1030758,0,0,0,solo and shared
18,25,blake3-servil-st,1024,1356,1006592,4898050,10885761,1033300,0,0,0,LentMessages,1054459,1026587,4894817,10888473,1027894,0,0,0,1054459,4914534,10888474,1012738,0,0,0,solo and shared
18,26,blake3-servil-mt,1024,1346,997427,4874426,10809529,998753,0,0,0,LentMessages,1043007,1043007,4864113,10812222,1001918,0,0,0,996958,4868665,10812221,998221,0,0,0,solo and shared
18,27,sha256,16384,143,999645,4887472,6073787,1001021,0,0,0,LentMessages,1004176,1003099,4888777,6073787,1004363,0,0,0,1004176,4890144,6073799,1005463,0,0,0,solo and shared
18,28,blake3-servil-st,16384,324,1006280,4919106,13636041,1007688,0,0,0,LentMessages,1041375,1005571,4914058,13636041,1006867,0,0,0,1041375,4944783,13636053,1042676,0,0,0,solo and shared
18,29,blake3-servil-mt,16384,318,986204,4818713,13384497,987616,0,0,0,LentMessages,991289,985734,4818495,13384497,987042,0,0,0,991289,4846813,13384509,992596,0,0,0,solo and shared
19,0,blake3-servil-st,1048576,4,921202,4493432,10519121,922773,0,0,0,LentMessages,993287,966909,4725238,10519121,968347,0,0,0,993287,4853748,10519121,994780,0,0,0,solo and shared
19,1,blake3-servil-mt,1048576,9,804738,3748388,4363301,806348,0,0,0,LentMessages,830028,830028,3820346,3974621,826391,0,0,0,829044,3867051,3916419,830691,0,0,0,solo and shared
19,2,sha256,1048576,2,981734,4599293,5376065,982944,0,0,0,LentMessages,986458,983209,4613389,5376065,984039,0,0,0,986458,4626860,5376065,987327,0,0,0,solo and shared
19,2,blake3-servil-mt,64,2048,91570,422688,704824,92220,0,0,0,ContinuousMessages,122133,119773,474417,708515,108727,0,0,0,122133,545498,707694,120049,0,0,0,solo and shared
19,3,sha256,64,15970,1010118,4911433,9934490,1010763,0,0,0,ContinuousMessages,1016147,1016147,4911743,9934490,1016748,0,0,0,1015258,4906461,9934490,1016542,0,0,0,solo and shared
19,4,blake3-servil-mt,1024,3886,417978,1779249,1775796,407232,0,0,0,ContinuousMessages,434740,431042,1905793,1778799,413548,0,0,0,434740,1911446,1772216,419161,0,0,0,solo and shared
19,5,sha256,1024,2049,980419,4721886,6543607,981784,0,0,0,ContinuousMessages,982959,966601,4716753,6547705,967157,0,0,0,982959,4724511,6547705,984395,0,0,0,solo and shared
19,6,blake3-servil-mt,16384,250,282887,1245892,296611,281228,0,0,0,ContinuousMessages,505114,465104,2098996,301934,461171,0,0,0,505114,2209224,301278,484750,0,0,0,solo and shared
19,7,sha256,16384,142,995519,4854088,6030754,996859,0,0,0,ContinuousMessages,1039298,1039298,4859036,6030755,1001152,0,0,0,995699,4862708,6030766,997138,0,0,0,solo and shared
19,8,blake3-servil-mt,65536,90,305571,1135324,110096,263740,0,0,0,ContinuousMessages,429262,429262,1363160,112491,344433,0,0,0,429169,1389238,112160,350614,0,0,0,solo and shared
19,9,sha256,65536,33,962434,4658110,5558812,963763,0,0,0,ContinuousMessages,943145,940126,4580700,5558812,940963,0,0,0,943145,4591108,5558812,944557,0,0,0,solo and shared
19,10,blake3-servil-mt,1048576,17,792751,3613876,289332,784278,0,0,0,ContinuousMessages,997102,986201,3899154,291752,894129,0,0,0,997102,4171893,290092,942163,0,0,0,solo and shared
19,11,sha256,1048576,2,922822,4495941,5379420,923811,0,0,0,ContinuousMessages,921562,915964,4481058,5379420,916657,0,0,0,921562,4502507,5379420,923112,0,0,0,solo and shared
19,18,blake3-servil-st,64,21592,975340,4765136,15590573,976702,0,0,0,LentMessages,986163,986163,4819026,15590573,987443,0,0,0,980243,4787505,15590573,981642,0,0,0,solo and shared
19,19,blake3-servil-mt,64,22339,1003303,4901899,16196924,1004643,0,0,0,LentMessages,1007439,1004658,4904503,16196924,1006003,0,0,0,1007439,4920214,16196924,1009900,0,0,0,solo and shared
19,20,sha256,64,15608,980541,4789288,9771757,981891,0,0,0,LentMessages,985163,980331,4790807,9771757,981600,0,0,0,985163,4812651,9771757,986559,0,0,0,solo and shared
19,21,blake3-servil-st,1024,1356,1003497,4903918,10885761,1004831,0,0,0,LentMessages,1002248,999126,4884897,10888473,1000381,0,0,0,1002248,4904768,10888473,1002921,0,0,0,solo and shared
19,22,blake3-servil-mt,1024,1346,995838,4868045,10809529,997166,0,0,0,LentMessages,995828,995411,4860616,10812221,996695,0,0,0,995828,4867970,10812221,997252,0,0,0,solo and shared
19,23,sha256,1024,2121,999826,4884195,6781986,1001171,0,0,0,LentMessages,1006114,1006114,4880407,6786228,1007358,0,0,0,999767,4890619,6786228,1000410,0,0,0,solo and shared
19,24,blake3-servil-st,16384,324,1058020,4925758,13636042,1018192,0,0,0,LentMessages,1020932,1003969,4912274,13636041,1004597,0,0,0,1020932,4961105,13636053,1022307,0,0,0,solo and shared
19,25,blake3-servil-mt,16384,318,986764,4819036,13384497,988133,0,0,0,LentMessages,990981,985479,4824155,13384497,986021,0,0,0,990981,4851372,13384509,991594,0,0,0,solo and shared
19,26,sha256,16384,143,990103,4885967,6073787,991484,0,0,0,LentMessages,1001579,1000063,4886631,6073787,1001355,0,0,0,1001579,4893959,6073799,1003017,0,0,0,solo and shared
19,27,blake3-servil-st,65536,76,977437,4774393,12563417,978850,0,0,0,LentMessages,991520,974119,4761533,12563417,975471,0,0,0,991520,4770733,12563417,992159,0,0,0,solo and shared
19,28,blake3-servil-mt,65536,78,1000673,4889780,12894237,1002131,0,0,0,LentMessages,1028295,1028295,4889333,12894237,1029657,0,0,0,1002221,4894032,12894237,1003704,0,0,0,solo and shared
19,29,sha256,65536,35,994509,4860692,5895779,995882,0,0,0,LentMessages,994901,993783,4858147,5895779,995334,0,0,0,994901,4862749,5895779,996498,0,0,0,solo and shared
20,0,sha256,64,15970,1005918,4915492,9934490,1007402,0,0,0,ContinuousMessages,1004883,1003352,4900307,9934490,1004633,0,0,0,1004883,4908925,9934490,1006295,0,0,0,solo and shared
20,1,blake3-servil-mt,64,2048,138562,515220,706759,133861,0,0,0,ContinuousMessages,329059,329059,667705,706443,163972,0,0,0,254640,598608,706736,146207,0,0,0,solo and shared
20,2,sha256,1024,2049,1006768,4739577,6543607,1008568,0,0,0,ContinuousMessages,989038,987055,4723304,6547705,987856,0,0,0,989038,4731893,6547705,989739,0,0,0,solo and shared
20,3,blake3-servil-mt,1024,3886,499260,1878216,1772165,408655,0,0,0,ContinuousMessages,487997,487997,2172901,1773446,473328,0,0,0,477411,2179207,1778308,475570,0,0,0,solo and shared
20,4,sha256,16384,142,1005967,4859129,6030754,1007509,0,0,0,ContinuousMessages,1002246,999803,4871066,6030754,1000761,0,0,0,1002246,4881540,6030766,1003738,0,0,0,solo and shared
20,5,blake3-servil-mt,16384,250,330724,1376061,298568,331818,0,0,0,ContinuousMessages,495926,488346,2223229,300939,487262,0,0,0,495926,2261390,301263,493964,0,0,0,solo and shared
20,6,sha256,65536,33,976872,4737023,5558812,978356,0,0,0,ContinuousMessages,996942,953823,4617908,5558813,955346,0,0,0,996942,4643112,5558813,958009,0,0,0,solo and shared
20,7,blake3-servil-mt,65536,90,320619,1301970,109325,317861,0,0,0,ContinuousMessages,411780,411780,1546424,110964,373122,0,0,0,409884,1520803,110729,368338,0,0,0,solo and shared
20,8,sha256,1048576,2,968795,4711715,5379420,970288,0,0,0,ContinuousMessages,955817,931933,4492399,5379420,932602,0,0,0,955817,4668345,5379420,957393,0,0,0,solo and shared
20,9,blake3-servil-mt,1048576,17,807172,3452770,289800,780122,0,0,0,ContinuousMessages,1014248,1010415,4020881,293708,928162,0,0,0,1014248,4252835,290286,958255,0,0,0,solo and shared
20,15,blake3-servil-mt,64,22339,1004064,4902422,16196924,1005489,0,0,0,LentMessages,1019069,1003176,4903908,16196924,1004417,0,0,0,1019069,4983232,16196924,1019720,0,0,0,solo and shared
20,16,sha256,64,15608,962928,4796359,9771757,964225,0,0,0,LentMessages,984295,982599,4798818,9771757,983828,0,0,0,984295,4806741,9771757,985677,0,0,0,solo and shared
20,17,blake3-servil-st,64,21592,970839,4772900,15590573,972161,0,0,0,LentMessages,986179,982952,4803671,15590573,984206,0,0,0,986179,4817337,15590573,987654,0,0,0,solo and shared
20,18,blake3-servil-mt,1024,1346,990378,4876993,10809529,991747,0,0,0,LentMessages,1020441,993761,4858047,10812221,994985,0,0,0,1020441,4873199,10812221,1021759,0,0,0,solo and shared
20,19,sha256,1024,2121,1000660,4885503,6781986,1001981,0,0,0,LentMessages,1000615,1000024,4880803,6786228,1001253,0,0,0,1000615,4893073,6786228,1001305,0,0,0,solo and shared
20,20,blake3-servil-st,1024,1356,994481,4899991,10885761,995797,0,0,0,LentMessages,1002650,1001105,4893419,10888473,1002387,0,0,0,1002650,4901007,10888473,1003982,0,0,0,solo and shared
20,21,blake3-servil-mt,16384,318,998549,4832375,13384497,999933,0,0,0,LentMessages,1089648,1089648,4842818,13384498,1035560,0,0,0,1015129,4872525,13384509,1015784,0,0,0,solo and shared
20,22,sha256,16384,143,1000924,4885982,6073787,1002329,0,0,0,LentMessages,1080889,1002070,4890362,6073787,1002723,0,0,0,1080889,4898581,6073801,1012716,0,0,0,solo and shared
20,23,blake3-servil-st,16384,324,1005197,4911068,13636041,1006588,0,0,0,LentMessages,1026073,1006689,4915500,13636041,1008031,0,0,0,1026073,4947828,13636053,1027398,0,0,0,solo and shared
20,24,blake3-servil-mt,65536,78,1025241,4909982,12894237,1026657,0,0,0,LentMessages,1000450,1000450,4886417,12894237,1001760,0,0,0,999280,4880910,12894237,1000653,0,0,0,solo and shared
20,25,sha256,65536,35,992765,4853058,5895779,994161,0,0,0,LentMessages,994120,992774,4848925,5895779,994109,0,0,0,994120,4850819,5895779,995460,0,0,0,solo and shared
20,26,blake3-servil-st,65536,76,974086,4761451,12563417,975447,0,0,0,LentMessages,974089,973475,4754360,12563417,974837,0,0,0,974089,4756047,12563417,975411,0,0,0,solo and shared
20,27,blake3-servil-mt,1048576,9,959752,4443034,5691915,961363,0,0,0,LentMessages,848572,848478,3948549,4121606,850066,0,0,0,848572,3970880,3682559,850221,0,0,0,solo and shared
20,28,sha256,1048576,2,978514,4588650,5376065,979442,0,0,0,LentMessages,984873,980464,4597537,5376065,981245,0,0,0,984873,4616574,5376065,985726,0,0,0,solo and shared
20,29,blake3-servil-st,1048576,4,909498,4264576,10519121,910300,0,0,0,LentMessages,946785,910539,4278669,10519121,911414,0,0,0,946785,4309477,10519121,948332,0,0,0,solo and shared
21,0,blake3-servil-mt,1024,3886,458264,1753583,1771729,383255,0,0,0,ContinuousMessages,422708,422271,1850982,1772657,406005,0,0,0,422708,1890074,1772953,413688,0,0,0,solo and shared
21,1,sha256,1024,2049,987165,4721101,6543607,988512,0,0,0,ContinuousMessages,978283,978283,4720367,6547705,978847,0,0,0,977786,4721693,6547705,978436,0,0,0,solo and shared
21,2,blake3-servil-mt,16384,250,273620,1243889,298073,271522,0,0,0,ContinuousMessages,430377,428145,1958281,301416,425960,0,0,0,430377,1974190,301316,428575,0,0,0,solo and shared
21,3,sha256,16384,142,1062843,4870078,6030755,1025658,0,0,0,ContinuousMessages,1019544,1014591,4855204,6030755,1015323,0,0,0,1019544,4868442,6030767,1020881,0,0,0,solo and shared
21,4,blake3-servil-mt,65536,90,278911,1148611,108914,273115,0,0,0,ContinuousMessages,384128,375984,1179767,111502,294528,0,0,0,384128,1160486,112291,303506,0,0,0,solo and shared
21,5,sha256,65536,33,945469,4580367,5558812,946924,0,0,0,ContinuousMessages,936707,936707,4575550,5558812,938024,0,0,0,935706,4571186,5558812,936289,0,0,0,solo and shared
21,6,blake3-servil-mt,1048576,17,814545,3556127,289739,791867,0,0,0,ContinuousMessages,1018088,1003318,4043193,291588,945221,0,0,0,1018088,4236966,291941,955727,0,0,0,solo and shared
21,7,sha256,1048576,2,912867,4489939,5379420,913717,0,0,0,ContinuousMessages,920227,918431,4486963,5379420,919848,0,0,0,920227,4490848,5379420,921642,0,0,0,solo and shared
21,12,blake3-servil-mt,64,22339,991711,4899976,16196924,992794,0,0,0,LentMessages,1005853,1005853,4911511,16196924,1007079,0,0,0,1004205,4903539,16196924,1005479,0,0,0,solo and shared
21,13,blake3-servil-st,64,21592,970279,4796177,15590573,971600,0,0,0,LentMessages,980417,980417,4792185,15590573,981662,0,0,0,978138,4780405,15590573,979440,0,0,0,solo and shared
21,14,sha256,64,15608,977689,4805396,9771757,979005,0,0,0,LentMessages,983736,981359,4797005,9771757,982610,0,0,0,983736,4804511,9771757,985056,0,0,0,solo and shared
21,15,blake3-servil-mt,1024,1346,982636,4872336,10809529,983938,0,0,0,LentMessages,994710,993508,4855111,10812221,994744,0,0,0,994710,4861363,10812221,996002,0,0,0,solo and shared
21,16,blake3-servil-st,1024,1356,987134,4908958,10885761,988423,0,0,0,LentMessages,1007528,1007528,4893562,10888473,1008787,0,0,0,1001814,4896264,10888473,1003115,0,0,0,solo and shared
21,17,sha256,1024,2121,981477,4883061,6781986,983919,0,0,0,LentMessages,1058348,1058348,4885987,6786235,1008931,0,0,0,1001321,4889714,6786234,1002622,0,0,0,solo and shared
21,18,blake3-servil-mt,16384,318,1015749,4824281,13384497,1016396,0,0,0,LentMessages,1084359,1007131,4829360,13384497,1008412,0,0,0,1084359,4862607,13384510,1028252,0,0,0,solo and shared
21,19,blake3-servil-st,16384,324,1005546,4912569,13636042,1008023,0,0,0,LentMessages,1012056,1004076,4909682,13636041,1004752,0,0,0,1012056,4942523,13636053,1013353,0,0,0,solo and shared
21,20,sha256,16384,143,1003410,4901098,6073787,1004805,0,0,0,LentMessages,1001558,1001558,4887180,6073787,1002828,0,0,0,1001275,4887936,6073799,1002557,0,0,0,solo and shared
21,21,blake3-servil-mt,65536,78,1024127,4899488,12894237,1025526,0,0,0,LentMessages,1027372,1027372,4911247,12894237,1029014,0,0,0,1003584,4905014,12894237,1005326,0,0,0,solo and shared
21,22,blake3-servil-st,65536,76,976880,4767601,12563417,978355,0,0,0,LentMessages,975215,975215,4755068,12563417,976574,0,0,0,974624,4752598,12563417,976009,0,0,0,solo and shared
21,23,sha256,65536,35,993618,4853884,5895779,995000,0,0,0,LentMessages,993793,993320,4852274,5895779,994868,0,0,0,993793,4853352,5895779,995245,0,0,0,solo and shared
21,24,blake3-servil-mt,1048576,9,896323,4197700,3644136,898133,0,0,0,LentMessages,891566,891566,4148773,4049220,893557,0,0,0,891072,4169877,3598210,892980,0,0,0,solo and shared
21,25,blake3-servil-st,1048576,4,926150,4339089,10519121,927933,0,0,0,LentMessages,947980,925367,4335331,10519121,926361,0,0,0,947980,4377801,10519121,949118,0,0,0,solo and shared
21,26,sha256,1048576,2,1006556,4792310,5376065,1007892,0,0,0,LentMessages,1018384,1014271,4826319,5376065,1016124,0,0,0,1018384,4841104,5376065,1020475,0,0,0,solo and shared
21,18,blake3-servil-mt,64,2048,112325,496692,705579,113966,0,0,0,ContinuousMessages,308522,229476,737962,716918,190557,0,0,0,308522,796183,718610,203737,0,0,0,solo and shared
21,19,sha256,64,15970,1044478,4908103,9934490,1045818,0,0,0,ContinuousMessages,1048720,1044847,4906289,9934490,1045564,0,0,0,1048720,4917893,9934490,1050062,0,0,0,solo and shared
22,0,sha256,16384,142,1025925,4869693,6030755,1021332,0,0,0,ContinuousMessages,1028537,1026588,4857761,6030754,1027272,0,0,0,1028537,4859283,6030766,1029906,0,0,0,solo and shared
22,1,blake3-servil-mt,16384,250,275883,1180126,298132,274131,0,0,0,ContinuousMessages,459411,443074,1995481,300323,441454,0,0,0,459411,2075513,302848,457932,0,0,0,solo and shared
22,2,sha256,65536,33,942689,4589605,5558812,944072,0,0,0,ContinuousMessages,942910,941878,4588791,5558812,943262,0,0,0,942910,4592509,5558812,944308,0,0,0,solo and shared
22,3,blake3-servil-mt,65536,90,292224,1267963,110023,286564,0,0,0,ContinuousMessages,389877,389877,1416240,110797,342482,0,0,0,388725,1368874,111360,328524,0,0,0,solo and shared
22,4,sha256,1048576,2,957201,4665275,5379420,958637,0,0,0,ContinuousMessages,940790,924883,4519265,5379420,926383,0,0,0,940790,4595085,5379420,942291,0,0,0,solo and shared
22,5,blake3-servil-mt,1048576,17,818676,3643094,289785,804497,0,0,0,ContinuousMessages,1015039,1015039,4104465,291958,938941,0,0,0,1009254,4193494,289598,952521,0,0,0,solo and shared
22,9,sha256,64,15608,985547,4802018,9771757,986415,0,0,0,LentMessages,982710,982710,4803666,9771757,983952,0,0,0,982083,4795777,9771757,983448,0,0,0,solo and shared
22,10,blake3-servil-mt,64,22339,1002371,4901316,16196924,1003699,0,0,0,LentMessages,1016197,1016197,4904061,16196924,1017465,0,0,0,1003448,4903296,16196924,1004805,0,0,0,solo and shared
22,11,blake3-servil-st,64,21592,1001479,4756887,15590573,1002793,0,0,0,LentMessages,979183,977824,4779939,15590573,979088,0,0,0,979183,4784768,15590573,980500,0,0,0,solo and shared
22,12,sha256,1024,2121,999425,4883977,6781986,1000736,0,0,0,LentMessages,1001132,999036,4881814,6786228,1000291,0,0,0,1001132,4887975,6786228,1002474,0,0,0,solo and shared
22,13,blake3-servil-mt,1024,1346,998531,4875102,10809529,999868,0,0,0,LentMessages,995754,994020,4856419,10812221,995286,0,0,0,995754,4869252,10812221,997073,0,0,0,solo and shared
22,14,blake3-servil-st,1024,1356,1061797,4911966,10885762,1009734,0,0,0,LentMessages,1003582,1000605,4887553,10888473,1001843,0,0,0,1003582,4905448,10888473,1004893,0,0,0,solo and shared
22,15,sha256,16384,143,986045,4900742,6073787,987436,0,0,0,LentMessages,1004230,1003532,4900717,6073787,1004826,0,0,0,1004230,4903101,6073799,1005579,0,0,0,solo and shared
22,16,blake3-servil-mt,16384,318,999662,4830129,13384497,1001018,0,0,0,LentMessages,1006190,1006190,4828366,13384497,1007509,0,0,0,1002383,4864048,13384509,1003714,0,0,0,solo and shared
22,17,blake3-servil-st,16384,324,1005020,4912983,13636041,1006428,0,0,0,LentMessages,1007332,1004880,4912207,13636041,1006212,0,0,0,1007332,4928797,13636053,1007949,0,0,0,solo and shared
22,18,sha256,65536,35,994201,4854666,5895779,995618,0,0,0,LentMessages,991996,991996,4850189,5895779,993316,0,0,0,990399,4848262,5895779,990982,0,0,0,solo and shared
22,19,blake3-servil-mt,65536,78,991127,4895703,12894237,992547,0,0,0,LentMessages,1014557,998458,4878143,12894237,999827,0,0,0,1014557,4884510,12894237,1015922,0,0,0,solo and shared
22,20,blake3-servil-st,65536,76,970556,4763334,12563417,972004,0,0,0,LentMessages,975067,975067,4760713,12563417,976389,0,0,0,972553,4748951,12563417,973908,0,0,0,solo and shared
22,21,sha256,1048576,2,963803,4775880,5376065,964593,0,0,0,LentMessages,977802,973340,4752902,5376065,974829,0,0,0,977802,4776038,5376065,979336,0,0,0,solo and shared
22,22,blake3-servil-mt,1048576,9,915663,4146453,5237342,916535,0,0,0,LentMessages,834498,833978,3882250,4084358,835673,0,0,0,834498,3856072,3747912,830961,0,0,0,solo and shared
22,23,blake3-servil-st,1048576,4,928509,4320151,10519122,926332,0,0,0,LentMessages,944885,944885,4300548,10519121,945754,0,0,0,923074,4323602,10519121,924271,0,0,0,solo and shared
22,16,sha256,64,15970,1045938,4907475,9934490,1046655,0,0,0,ContinuousMessages,1038252,1038252,4913719,9934490,1039005,0,0,0,1037100,4911280,9934490,1038008,0,0,0,solo and shared
22,17,blake3-servil-mt,64,2048,94069,442596,704500,94738,0,0,0,ContinuousMessages,277280,274266,625598,711113,157990,0,0,0,277280,596616,706973,144825,0,0,0,solo and shared
22,18,sha256,1024,2049,989503,4720831,6543607,990654,0,0,0,ContinuousMessages,988091,986327,4719675,6547705,986928,0,0,0,988091,4730673,6547705,988979,0,0,0,solo and shared
22,19,blake3-servil-mt,1024,3886,377872,1727236,1771481,375701,0,0,0,ContinuousMessages,451878,451878,1896953,1772846,426340,0,0,0,445366,1991904,1777436,434137,0,0,0,solo and shared
23,0,blake3-servil-mt,65536,90,295296,1174975,109835,275386,0,0,0,ContinuousMessages,378755,378755,1224191,111506,304908,0,0,0,377657,1221843,111373,304531,0,0,0,solo and shared
23,1,sha256,65536,33,966635,4604924,5558812,967988,0,0,0,ContinuousMessages,955709,955201,4572824,5558812,956027,0,0,0,955709,4574857,5558812,957112,0,0,0,solo and shared
23,2,blake3-servil-mt,1048576,17,789722,3475159,289101,781409,0,0,0,ContinuousMessages,1017579,1016363,4010056,292767,930722,0,0,0,1017579,4206987,290470,955395,0,0,0,solo and shared
23,3,sha256,1048576,2,919857,4486376,5379420,922624,0,0,0,ContinuousMessages,919571,912421,4461228,5379420,913395,0,0,0,919571,4492212,5379420,921067,0,0,0,solo and shared
23,6,blake3-servil-st,64,21592,976595,4780819,15590573,977306,0,0,0,LentMessages,977251,974275,4768978,15590573,975110,0,0,0,977251,4773519,15590573,978566,0,0,0,solo and shared
23,7,sha256,64,15608,978806,4793304,9771757,979435,0,0,0,LentMessages,984160,979460,4795250,9771757,980318,0,0,0,984160,4809509,9771757,985459,0,0,0,solo and shared
23,8,blake3-servil-mt,64,22339,1000709,4899699,16196924,1001401,0,0,0,LentMessages,1007649,1001569,4904031,16196924,1002431,0,0,0,1007649,4926889,16196924,1008981,0,0,0,solo and shared
23,9,blake3-servil-st,1024,1356,1047855,4911547,10885762,1008614,0,0,0,LentMessages,1001437,1001177,4892930,10888473,1002392,0,0,0,1001437,4895568,10888473,1002725,0,0,0,solo and shared
23,10,sha256,1024,2121,1000416,4883516,6781986,1001730,0,0,0,LentMessages,1001016,999131,4880352,6786228,1000369,0,0,0,1001016,4887939,6786228,1002326,0,0,0,solo and shared
23,11,blake3-servil-mt,1024,1346,982285,4866163,10809529,982881,0,0,0,LentMessages,996749,994318,4853445,10812221,995644,0,0,0,996749,4866717,10812221,998099,0,0,0,solo and shared
23,12,blake3-servil-st,16384,324,1025846,4921081,13636041,1027179,0,0,0,LentMessages,1027917,1027917,4921224,13636041,1029502,0,0,0,1022934,4948517,13636053,1023540,0,0,0,solo and shared
23,13,sha256,16384,143,1003292,4886946,6073788,1004720,0,0,0,LentMessages,1002616,1002551,4887195,6073787,1003992,0,0,0,1002616,4897805,6073799,1003416,0,0,0,solo and shared
23,14,blake3-servil-mt,16384,318,986787,4819590,13384497,988294,0,0,0,LentMessages,1027574,990615,4823965,13384497,992013,0,0,0,1027574,4861507,13384509,1029073,0,0,0,solo and shared
23,15,blake3-servil-st,65536,76,979467,4784813,12563417,980840,0,0,0,LentMessages,987680,987291,4805380,12563417,988964,0,0,0,987680,4812799,12563417,989345,0,0,0,solo and shared
23,16,sha256,65536,35,1010895,4944751,5895779,1011672,0,0,0,LentMessages,996096,996096,4860139,5895779,997683,0,0,0,995787,4853569,5895779,997676,0,0,0,solo and shared
23,17,blake3-servil-mt,65536,78,1050904,4992617,12894238,1052390,0,0,0,LentMessages,1092674,1092674,5321869,12894237,1093649,0,0,0,1052255,5123700,12894237,1054526,0,0,0,solo and shared
23,18,blake3-servil-st,1048576,4,1070780,5238032,10519121,1072148,0,0,0,LentMessages,1097740,1097740,5054933,10519122,1040858,0,0,0,1085478,5250093,10519121,1087201,0,0,0,solo and shared
23,19,sha256,1048576,2,944530,4620261,5376065,945489,0,0,0,LentMessages,993690,945898,4594127,5376065,947346,0,0,0,993690,4596786,5376066,950627,0,0,0,solo and shared
23,20,blake3-servil-mt,1048576,9,839968,3797971,4160166,836472,0,0,0,LentMessages,830627,829296,3860335,4125687,830908,0,0,0,830627,3886547,3812631,832267,0,0,0,solo and shared
23,14,blake3-servil-mt,64,2048,94606,437452,706948,96074,0,0,0,ContinuousMessages,150706,148572,478660,708272,124271,0,0,0,150706,492742,711111,127819,0,0,0,solo and shared
23,15,sha256,64,15970,1045838,4908542,9934490,1046475,0,0,0,ContinuousMessages,1056707,1056707,4915146,9934491,1057335,0,0,0,1044570,4901248,9934490,1045271,0,0,0,solo and shared
23,16,blake3-servil-mt,1024,3886,388640,1658815,1772926,378382,0,0,0,ContinuousMessages,444576,426528,1793044,1773133,417222,0,0,0,444576,1689551,1773104,370244,0,0,0,solo and shared
23,17,sha256,1024,2049,967635,4723168,6543607,968282,0,0,0,ContinuousMessages,967333,966289,4716236,6547705,967529,0,0,0,967333,4724018,6547705,967957,0,0,0,solo and shared
23,18,blake3-servil-mt,16384,250,267251,1209907,298330,264971,0,0,0,ContinuousMessages,427810,427810,1937942,302710,426900,0,0,0,419139,1889790,302417,417310,0,0,0,solo and shared
23,19,sha256,16384,142,1013855,4852879,6030754,1015265,0,0,0,ContinuousMessages,1014317,1012698,4857593,6030754,1013283,0,0,0,1014317,4858239,6030766,1015615,0,0,0,solo and shared
